RefArbor,C4.4,WcD08D61710310000_01.ce,55,0.24138186844678725,"{2, 6, 7, 8, 9, 10, 20, 21, 23, 31, 32, 33, 34, 35, 55, 56, 58, 59, 60, 61, 67, 68, 69, 70, 71, 81, 82, 85, 86, 87, 101, 106, 113, 124, 125, 126, 127, 129, 138, 140, 142, 143, 144, 145, 146, 148, 151, 156, 157, 174, 175, 179, 180, 188, 192}"
RefArbor,C4.4,WcD08D61710310015_01.ce,57,0.24585950730371212,"{6, 7, 17, 18, 26, 29, 33, 39, 40, 50, 51, 52, 53, 54, 60, 61, 62, 64, 75, 77, 78, 79, 80, 81, 82, 96, 100, 101, 102, 113, 122, 128, 145, 148, 149, 152, 153, 154, 155, 156, 157, 158, 159, 160, 161, 162, 163, 164, 165, 166, 167, 168, 169, 175, 189, 190, 194}"
RefArbor,C4.4,WcD08D61710310030_01.ce,37,0.2323623443948797,"{11, 13, 16, 17, 21, 35, 37, 72, 86, 96, 97, 104, 105, 106, 111, 113, 114, 116, 121, 129, 130, 135, 140, 141, 148, 149, 150, 151, 153, 154, 166, 168, 170, 171, 172, 179, 197}"
RefArbor,C4.4,WcD08D61710310045_01.ce,70,0.2361466048442642,"{1, 6, 14, 16, 20, 21, 22, 23, 29, 30, 31, 32, 33, 34, 35, 36, 37, 38, 41, 42, 43, 44, 45, 46, 47, 50, 51, 57, 58, 59, 63, 65, 66, 67, 68, 69, 70, 71, 81, 82, 83, 84, 92, 93, 94, 95, 96, 110, 115, 117, 119, 120, 121, 127, 128, 129, 130, 131, 132, 141, 142, 145, 146, 147, 167, 178, 184, 185, 186, 187}"
RefArbor,C4.5,WcD0F391710310000_08.ce,48,0.24215732742320403,"{2, 3, 4, 5, 6, 16, 17, 19, 27, 28, 29, 30, 31, 45, 51, 52, 54, 55, 56, 57, 63, 64, 65, 66, 81, 82, 102, 120, 121, 122, 123, 125, 130, 134, 136, 138, 139, 140, 141, 142, 147, 150, 152, 153, 170, 171, 176, 184}"
RefArbor,C4.5,WcD0F391710310015_08.ce,62,0.2448585117699035,"{2, 3, 13, 14, 22, 25, 35, 36, 46, 47, 48, 49, 50, 56, 57, 58, 60, 62, 63, 68, 71, 72, 73, 74, 75, 77, 78, 92, 96, 97, 98, 100, 109, 118, 124, 128, 141, 144, 145, 147, 148, 149, 150, 151, 152, 153, 154, 155, 156, 157, 158, 159, 160, 161, 162, 163, 164, 171, 173, 185, 186, 188}"
RefArbor,C4.5,WcD0F391710310030_08.ce,36,0.23187173748321527,"{5, 8, 10, 13, 14, 83, 93, 94, 100, 101, 102, 103, 110, 111, 113, 118, 119, 124, 126, 133, 137, 138, 144, 145, 146, 147, 151, 152, 157, 163, 165, 168, 169, 176, 178, 194}"
RefArbor,C4.5,WcD0F391710310045_08.ce,72,0.2391694304491625,"{6, 14, 19, 21, 22, 23, 29, 30, 32, 33, 34, 35, 36, 37, 38, 41, 43, 44, 45, 46, 47, 49, 50, 51, 57, 58, 59, 63, 65, 66, 67, 68, 69, 70, 71, 72, 81, 83, 85, 92, 93, 94, 95, 115, 117, 119, 120, 121, 126, 127, 128, 129, 130, 131, 135, 139, 140, 141, 143, 145, 146, 147, 152, 167, 173, 178, 182, 184, 185, 186, 187, 189}"
RefArbor,C4.4,WcD08D61710310100_01.ce,39,0.2515309597669296,"{4, 10, 12, 13, 15, 16, 21, 24, 26, 44, 45, 70, 72, 79, 80, 91, 101, 102, 112, 114, 115, 116, 117, 122, 123, 127, 134, 138, 141, 142, 143, 144, 145, 159, 163, 165, 167, 186, 191}"
RefArbor,C4.4,WcD08D61710310115_01.ce,45,0.22238591363878,"{16, 17, 20, 23, 24, 25, 26, 27, 28, 29, 30, 31, 32, 33, 34, 35, 36, 37, 38, 39, 40, 46, 47, 49, 52, 61, 62, 73, 74, 76, 78, 82, 98, 113, 151, 162, 163, 166, 169, 170, 171, 172, 180, 186, 187}"
RefArbor,C4.4,WcD08D61710310130_01.ce,71,0.2518558240631787,"{3, 7, 12, 13, 14, 15, 18, 19, 21, 22, 23, 24, 41, 43, 44, 45, 54, 56, 64, 70, 86, 90, 91, 92, 93, 94, 100, 101, 102, 103, 105, 106, 107, 108, 109, 111, 112, 113, 114, 115, 116, 117, 120, 121, 122, 127, 128, 129, 137, 138, 139, 140, 141, 151, 152, 154, 155, 162, 163, 164, 165, 166, 180, 181, 186, 187, 189, 190, 191, 192, 195}"
RefArbor,C4.4,WcD08D61710310145_01.ce,49,0.25072908986282966,"{1, 2, 3, 4, 5, 6, 9, 14, 15, 16, 17, 20, 21, 22, 31, 41, 47, 48, 55, 59, 60, 61, 62, 64, 69, 77, 78, 79, 80, 81, 86, 91, 92, 109, 110, 115, 123, 135, 146, 154, 157, 167, 168, 179, 180, 181, 182, 188, 192}"
RefArbor,C4.5,WcD0F391710310100_08.ce,44,0.2472618346350838,"{2, 6, 8, 10, 11, 13, 17, 18, 19, 22, 23, 24, 42, 43, 47, 55, 68, 77, 78, 89, 99, 100, 110, 112, 113, 114, 115, 120, 125, 132, 137, 138, 139, 140, 141, 142, 143, 155, 156, 161, 163, 172, 189, 190}"
RefArbor,C4.5,WcD0F391710310115_08.ce,48,0.2247073217512472,"{6, 12, 13, 14, 16, 19, 20, 21, 22, 23, 24, 25, 26, 27, 28, 29, 30, 31, 32, 33, 34, 35, 36, 42, 43, 45, 48, 57, 58, 62, 69, 72, 74, 78, 82, 88, 94, 109, 111, 147, 158, 159, 165, 173, 182, 185, 191, 193}"
RefArbor,C4.5,WcD0F391710310130_08.ce,77,0.24564092086887057,"{2, 3, 6, 7, 8, 9, 10, 13, 15, 16, 17, 18, 21, 23, 35, 37, 38, 39, 46, 48, 64, 65, 70, 80, 86, 87, 88, 94, 95, 96, 97, 98, 99, 100, 101, 102, 103, 105, 106, 107, 108, 109, 110, 111, 114, 115, 116, 121, 122, 123, 127, 130, 131, 132, 133, 134, 135, 145, 146, 148, 149, 156, 157, 158, 159, 160, 174, 179, 180, 181, 183, 184, 185, 186, 191, 192, 193}"
RefArbor,C4.5,WcD0F391710310145_08.ce,45,0.25018940455698657,"{1, 2, 6, 7, 11, 12, 17, 18, 38, 45, 52, 56, 57, 58, 59, 60, 66, 70, 72, 74, 75, 76, 78, 83, 86, 88, 89, 106, 107, 112, 120, 132, 141, 142, 151, 154, 164, 165, 176, 177, 178, 179, 182, 185, 189}"
RefArbor,C4.4,WcD08D61710310200_01.ce,45,0.23292573598614114,"{3, 6, 8, 11, 13, 14, 15, 16, 17, 18, 32, 36, 37, 49, 64, 81, 84, 85, 87, 88, 89, 90, 91, 92, 93, 94, 95, 96, 97, 98, 99, 100, 101, 102, 103, 104, 105, 111, 113, 125, 126, 141, 143, 146, 147}"
RefArbor,C4.4,WcD08D61710310215_01.ce,56,0.2497744673331751,"{23, 33, 34, 41, 43, 46, 51, 58, 61, 62, 66, 72, 74, 77, 78, 85, 86, 87, 90, 91, 92, 103, 105, 107, 108, 109, 134, 135, 140, 148, 156, 157, 163, 164, 165, 166, 167, 168, 169, 170, 171, 172, 175, 176, 177, 178, 179, 180, 181, 184, 185, 189, 190, 191, 192, 193}"
RefArbor,C4.4,WcD08D61710310230_01.ce,68,0.2365342480170619,"{2, 4, 5, 6, 7, 8, 9, 10, 11, 20, 21, 22, 23, 24, 31, 32, 33, 34, 35, 46, 49, 54, 56, 58, 59, 60, 66, 67, 68, 69, 70, 71, 79, 80, 81, 82, 84, 85, 86, 112, 117, 121, 123, 124, 125, 126, 128, 129, 132, 134, 138, 140, 142, 143, 144, 145, 146, 150, 151, 154, 155, 156, 174, 175, 176, 182, 187, 191}"
RefArbor,C4.4,WcD08D61710310245_01.ce,46,0.2481274690230457,"{7, 25, 28, 32, 38, 39, 51, 52, 53, 54, 59, 60, 64, 66, 71, 78, 79, 80, 81, 82, 128, 145, 148, 151, 152, 153, 154, 155, 156, 157, 158, 159, 160, 161, 162, 163, 164, 165, 166, 167, 168, 174, 175, 177, 189, 190}"
RefArbor,C4.5,WcD0F391710310200_08.ce,44,0.22996588744155283,"{4, 7, 10, 11, 13, 14, 28, 33, 45, 54, 60, 77, 80, 81, 83, 84, 85, 86, 87, 88, 89, 90, 91, 92, 93, 94, 95, 96, 97, 98, 99, 100, 106, 107, 109, 112, 117, 121, 122, 124, 137, 139, 142, 143}"
RefArbor,C4.5,WcD0F391710310215_08.ce,60,0.24874441748008488,"{18, 28, 29, 35, 37, 44, 46, 48, 53, 56, 57, 61, 69, 72, 73, 79, 80, 81, 82, 85, 86, 92, 98, 100, 101, 102, 103, 104, 111, 113, 129, 130, 135, 143, 148, 150, 151, 152, 158, 159, 161, 162, 163, 164, 165, 166, 167, 170, 172, 173, 174, 175, 176, 178, 179, 180, 186, 187, 188, 192}"
RefArbor,C4.5,WcD0F391710310230_08.ce,68,0.23991256622252144,"{1, 2, 3, 4, 5, 6, 8, 17, 18, 19, 21, 28, 29, 30, 31, 44, 51, 52, 55, 56, 57, 62, 63, 64, 65, 66, 67, 71, 72, 75, 76, 77, 78, 79, 81, 82, 83, 92, 97, 114, 118, 120, 121, 122, 123, 131, 132, 134, 135, 137, 138, 139, 140, 142, 143, 147, 148, 151, 152, 153, 154, 160, 163, 171, 172, 173, 176, 184}"
RefArbor,C4.5,WcD0F391710310245_08.ce,57,0.2472286223598389,"{3, 5, 12, 13, 21, 24, 32, 34, 35, 45, 47, 48, 49, 50, 55, 60, 62, 67, 72, 74, 75, 76, 77, 78, 90, 91, 96, 97, 98, 100, 124, 140, 141, 144, 147, 148, 149, 150, 151, 152, 153, 154, 155, 156, 157, 158, 159, 160, 161, 162, 163, 164, 170, 171, 173, 185, 186}"
RefArbor,C4.4,WcD08D61710310300_01.ce,34,0.22378538401124187,"{8, 9, 11, 13, 17, 50, 86, 97, 98, 104, 105, 106, 120, 121, 122, 137, 139, 140, 141, 142, 143, 146, 148, 149, 150, 151, 155, 156, 168, 170, 171, 172, 179, 180}"
RefArbor,C4.4,WcD08D61710310315_01.ce,69,0.23796584143685723,"{6, 11, 12, 22, 28, 29, 30, 36, 37, 38, 39, 41, 42, 43, 44, 45, 47, 48, 49, 50, 51, 52, 53, 56, 57, 58, 59, 62, 63, 64, 65, 69, 72, 73, 74, 75, 76, 77, 87, 88, 90, 91, 98, 99, 100, 101, 102, 116, 123, 125, 126, 127, 128, 131, 133, 134, 136, 137, 138, 147, 148, 149, 152, 153, 170, 173, 191, 192, 193}"
RefArbor,C4.4,WcD08D61710310330_01.ce,41,0.24497884799586603,"{1, 3, 10, 14, 16, 17, 18, 19, 20, 25, 28, 31, 48, 49, 54, 62, 74, 81, 93, 96, 106, 107, 117, 118, 119, 120, 121, 127, 131, 137, 145, 146, 147, 148, 149, 163, 168, 169, 180, 189, 195}"
RefArbor,C4.4,WcD08D61710310345_01.ce,36,0.2177124650883973,"{13, 16, 20, 21, 22, 23, 24, 25, 26, 27, 28, 29, 30, 31, 32, 33, 34, 35, 36, 37, 43, 45, 57, 58, 62, 73, 75, 78, 79, 148, 158, 159, 167, 168, 178, 183}"
RefArbor,C4.5,WcD0F391710310300_08.ce,31,0.2227426107743358,"{7, 9, 13, 68, 82, 93, 94, 100, 112, 116, 117, 126, 128, 132, 133, 136, 137, 138, 142, 144, 145, 146, 147, 163, 164, 166, 167, 168, 175, 177, 193}"
RefArbor,C4.5,WcD0F391710310315_08.ce,76,0.23412929689038378,"{1, 5, 6, 16, 20, 22, 23, 24, 29, 30, 31, 32, 33, 34, 35, 36, 37, 38, 39, 41, 42, 44, 45, 46, 47, 50, 51, 52, 53, 55, 56, 57, 58, 59, 63, 65, 66, 67, 68, 69, 70, 71, 81, 82, 84, 85, 92, 93, 94, 95, 96, 110, 115, 117, 119, 120, 121, 122, 126, 127, 128, 130, 140, 141, 142, 143, 145, 146, 147, 167, 185, 186, 187, 188, 189, 190}"
RefArbor,C4.5,WcD0F391710310330_08.ce,50,0.2420855828350087,"{1, 5, 7, 9, 10, 11, 12, 13, 15, 18, 21, 22, 41, 42, 47, 55, 57, 59, 62, 67, 73, 74, 77, 86, 89, 99, 100, 110, 111, 112, 113, 114, 120, 124, 127, 135, 136, 138, 139, 140, 141, 142, 156, 160, 161, 164, 173, 182, 188, 191}"
RefArbor,C4.5,WcD0F391710310345_08.ce,45,0.21324630889652763,"{5, 12, 15, 16, 18, 19, 20, 21, 22, 23, 24, 25, 26, 27, 28, 29, 30, 31, 32, 33, 34, 35, 41, 42, 44, 47, 52, 56, 57, 59, 68, 72, 73, 77, 78, 147, 157, 158, 164, 166, 167, 173, 177, 182, 190}"
RefArbor,C4.4,WcD08D61710310400_01.ce,68,0.2559797242131442,"{1, 5, 7, 12, 13, 15, 20, 21, 22, 26, 27, 32, 38, 43, 44, 51, 83, 88, 91, 92, 98, 99, 100, 101, 102, 103, 104, 105, 106, 107, 110, 111, 112, 113, 114, 115, 116, 119, 120, 126, 127, 128, 132, 134, 136, 137, 138, 139, 140, 150, 151, 152, 153, 154, 161, 162, 163, 164, 179, 184, 186, 188, 189, 190, 192, 193, 194, 196}"
RefArbor,C4.4,WcD08D61710310415_01.ce,45,0.24397341789600802,"{2, 3, 4, 12, 13, 14, 15, 17, 18, 19, 24, 50, 54, 56, 57, 58, 59, 61, 67, 73, 75, 76, 78, 84, 87, 89, 91, 99, 107, 108, 120, 133, 139, 154, 160, 161, 165, 175, 177, 178, 179, 180, 185, 190, 192}"
RefArbor,C4.4,WcD08D61710310430_01.ce,47,0.23010551992443906,"{5, 10, 12, 13, 14, 15, 16, 28, 29, 34, 35, 40, 46, 62, 72, 73, 79, 82, 85, 86, 87, 88, 89, 90, 91, 92, 93, 94, 95, 96, 97, 98, 99, 100, 101, 102, 108, 109, 111, 123, 124, 135, 138, 140, 144, 160, 175}"
RefArbor,C4.4,WcD08D61710310445_01.ce,56,0.24718171568036498,"{22, 33, 34, 40, 41, 42, 48, 57, 60, 68, 71, 75, 76, 77, 78, 81, 82, 84, 85, 86, 87, 91, 104, 106, 107, 108, 115, 133, 134, 139, 149, 155, 156, 157, 163, 164, 165, 166, 167, 168, 170, 171, 172, 174, 175, 176, 177, 178, 179, 180, 183, 184, 185, 190, 191, 192}"
RefArbor,C4.5,WcD0F391710310400_08.ce,59,0.25779628346844924,"{1, 5, 8, 9, 16, 17, 18, 28, 34, 36, 39, 40, 47, 79, 87, 88, 94, 95, 97, 99, 100, 101, 102, 103, 106, 108, 109, 110, 111, 112, 114, 115, 116, 121, 122, 123, 124, 128, 130, 132, 133, 134, 135, 146, 148, 149, 150, 157, 158, 159, 160, 180, 182, 184, 185, 186, 189, 191, 192}"
RefArbor,C4.5,WcD0F391710310415_08.ce,49,0.24265308235895836,"{1, 3, 8, 10, 11, 12, 16, 17, 18, 23, 32, 44, 49, 53, 55, 56, 57, 58, 66, 72, 74, 75, 77, 86, 88, 98, 106, 107, 111, 114, 119, 123, 132, 142, 153, 156, 159, 160, 161, 163, 164, 174, 176, 177, 178, 179, 184, 189, 191}"
RefArbor,C4.5,WcD0F391710310430_08.ce,49,0.2281350653725056,"{3, 8, 10, 11, 12, 13, 14, 26, 27, 32, 33, 36, 43, 44, 60, 69, 70, 76, 80, 83, 84, 85, 86, 87, 88, 89, 90, 91, 92, 93, 94, 95, 96, 97, 98, 99, 100, 106, 109, 112, 121, 122, 133, 136, 138, 142, 146, 158, 173}"
RefArbor,C4.5,WcD0F391710310445_08.ce,56,0.24677220389843338,"{29, 30, 36, 37, 38, 44, 48, 53, 56, 64, 67, 69, 72, 73, 74, 75, 78, 80, 81, 82, 83, 100, 102, 103, 104, 111, 112, 113, 130, 135, 145, 151, 152, 153, 158, 159, 160, 162, 164, 165, 166, 167, 168, 170, 171, 173, 174, 175, 176, 179, 180, 181, 186, 187, 188, 192}"
RefArbor,C4.4,WcD08D61710310500_01.ce,59,0.2418739750617918,"{1, 2, 3, 4, 5, 6, 7, 8, 9, 10, 11, 21, 22, 24, 32, 33, 34, 35, 36, 55, 57, 59, 60, 61, 62, 67, 70, 72, 75, 78, 79, 80, 82, 86, 87, 100, 107, 114, 125, 126, 127, 128, 129, 130, 135, 137, 141, 144, 145, 146, 147, 149, 155, 175, 176, 181, 189, 191, 193}"
RefArbor,C4.4,WcD08D61710310515_01.ce,57,0.24062228145921855,"{3, 12, 13, 22, 25, 29, 35, 36, 46, 47, 48, 49, 50, 53, 56, 60, 72, 74, 75, 77, 78, 92, 96, 97, 98, 109, 118, 124, 141, 144, 145, 148, 149, 150, 151, 152, 153, 154, 155, 156, 157, 158, 159, 160, 161, 162, 163, 164, 165, 170, 171, 173, 176, 185, 186, 188, 190}"
RefArbor,C4.4,WcD08D61710310530_01.ce,34,0.23007639623546766,"{10, 12, 15, 16, 20, 21, 85, 95, 96, 102, 103, 104, 105, 108, 110, 115, 120, 123, 124, 125, 128, 132, 139, 140, 146, 147, 148, 149, 153, 159, 165, 170, 171, 178}"
RefArbor,C4.4,WcD08D61710310545_01.ce,59,0.22966509977273394,"{8, 9, 35, 41, 45, 46, 47, 48, 49, 50, 51, 52, 53, 54, 55, 67, 69, 70, 73, 74, 78, 91, 118, 121, 122, 123, 124, 130, 135, 136, 141, 146, 147, 148, 149, 150, 155, 157, 158, 159, 162, 163, 166, 167, 168, 169, 170, 171, 172, 173, 174, 175, 176, 188, 189, 190, 191, 192, 193}"
RefArbor,C4.5,WcD0F391710310500_08.ce,59,0.23767327798134874,"{1, 2, 3, 4, 5, 6, 16, 17, 19, 20, 27, 28, 29, 30, 31, 45, 50, 52, 54, 55, 56, 57, 61, 62, 67, 72, 73, 76, 78, 80, 81, 82, 95, 102, 104, 108, 109, 120, 121, 122, 123, 124, 125, 130, 132, 134, 138, 139, 140, 141, 142, 147, 150, 151, 170, 171, 176, 184, 188}"
RefArbor,C4.5,WcD0F391710310515_08.ce,59,0.23879087168256893,"{3, 9, 10, 12, 13, 22, 25, 35, 36, 46, 47, 48, 49, 50, 53, 56, 60, 71, 72, 74, 75, 77, 78, 92, 96, 97, 98, 100, 108, 109, 118, 124, 141, 144, 145, 147, 148, 149, 150, 151, 152, 153, 154, 155, 156, 157, 158, 159, 160, 161, 162, 163, 164, 170, 173, 176, 185, 186, 188}"
RefArbor,C4.5,WcD0F391710310530_08.ce,39,0.231615577003791,"{3, 7, 8, 12, 13, 17, 18, 47, 86, 92, 93, 99, 101, 102, 112, 113, 117, 120, 121, 125, 136, 137, 143, 144, 145, 146, 149, 150, 151, 156, 162, 163, 164, 165, 166, 167, 168, 175, 178}"
RefArbor,C4.5,WcD0F391710310545_08.ce,67,0.2250764746791777,"{2, 3, 28, 29, 35, 39, 40, 41, 42, 43, 44, 45, 46, 47, 48, 61, 64, 66, 67, 68, 72, 85, 112, 114, 115, 116, 117, 118, 120, 124, 129, 130, 135, 140, 141, 142, 143, 144, 146, 149, 151, 152, 153, 156, 157, 160, 161, 162, 163, 164, 165, 167, 169, 170, 181, 182, 183, 184, 185, 186, 187, 188, 189, 190, 191, 192, 193}"
RefArbor,C4.4,WcD08D61710310600_01.ce,194,0.337207,"{1, 2, 3, 4, 5, 6, 7, 8, 9, 10, 11, 12, 13, 14, 15, 16, 17, 18, 19, 20, 21, 22, 23, 24, 25, 26, 27, 28, 29, 30, 31, 32, 33, 34, 35, 36, 37, 38, 39, 40, 41, 42, 43, 44, 45, 46, 47, 48, 49, 50, 51, 52, 53, 54, 55, 56, 57, 58, 59, 60, 61, 62, 63, 64, 65, 66, 67, 68, 69, 70, 71, 72, 73, 74, 75, 76, 77, 78, 79, 80, 81, 82, 83, 84, 85, 86, 87, 88, 89, 90, 92, 93, 94, 95, 96, 97, 98, 99, 100, 101, 102, 103, 104, 105, 106, 107, 108, 109, 110, 111, 112, 113, 114, 115, 116, 117, 118, 119, 120, 121, 122, 123, 124, 125, 126, 127, 128, 129, 130, 131, 133, 134, 135, 136, 137, 138, 139, 140, 141, 142, 143, 144, 145, 146, 147, 148, 149, 150, 151, 152, 153, 154, 155, 156, 157, 158, 159, 160, 161, 162, 163, 165, 166, 167, 168, 169, 171, 172, 173, 174, 175, 176, 177, 178, 179, 180, 181, 182, 183, 184, 185, 186, 187, 189, 190, 191, 192, 193, 194, 195, 196, 197, 198, 199}"
RefArbor,C4.4,WcD08D61710310615_01.ce,177,0.31508100000000006,"{1, 2, 3, 4, 5, 6, 7, 8, 9, 11, 12, 13, 14, 15, 16, 17, 18, 19, 20, 21, 22, 23, 26, 27, 28, 29, 30, 31, 32, 33, 34, 35, 36, 37, 38, 39, 40, 41, 42, 43, 44, 45, 46, 48, 49, 50, 51, 52, 53, 55, 57, 58, 59, 60, 61, 62, 63, 64, 65, 66, 67, 68, 69, 70, 71, 72, 73, 74, 75, 76, 77, 78, 79, 80, 81, 82, 83, 84, 85, 86, 87, 88, 89, 90, 91, 92, 93, 94, 95, 96, 97, 98, 99, 100, 101, 102, 103, 104, 105, 106, 107, 108, 109, 110, 111, 112, 113, 116, 117, 118, 119, 120, 121, 122, 123, 124, 125, 126, 127, 128, 129, 130, 131, 132, 133, 134, 135, 136, 137, 138, 139, 140, 141, 142, 143, 144, 145, 148, 149, 150, 151, 153, 154, 155, 156, 157, 158, 159, 160, 161, 162, 163, 166, 167, 168, 169, 170, 172, 173, 174, 175, 176, 177, 178, 179, 180, 181, 182, 183, 184, 185, 186, 187, 188, 189, 190, 191}"
RefArbor,C4.4,WcD08D61710310630_01.ce,176,0.30325609591397845,"{1, 2, 3, 4, 6, 8, 9, 10, 11, 12, 13, 14, 15, 16, 20, 21, 22, 23, 25, 26, 27, 28, 29, 30, 31, 32, 33, 34, 35, 36, 37, 38, 39, 40, 41, 42, 43, 44, 45, 46, 47, 48, 49, 50, 51, 52, 53, 54, 55, 56, 57, 58, 59, 60, 61, 62, 63, 64, 65, 66, 67, 68, 69, 70, 71, 72, 73, 74, 75, 76, 77, 78, 79, 80, 81, 83, 84, 85, 86, 87, 88, 89, 90, 91, 92, 93, 94, 95, 96, 97, 98, 99, 100, 101, 102, 103, 104, 105, 106, 109, 110, 111, 112, 113, 114, 115, 116, 117, 118, 119, 120, 121, 122, 123, 124, 125, 127, 128, 129, 130, 131, 132, 133, 135, 136, 137, 138, 139, 140, 141, 143, 144, 145, 146, 147, 149, 150, 151, 152, 153, 154, 155, 156, 157, 158, 159, 160, 161, 162, 163, 164, 165, 166, 167, 168, 169, 170, 171, 173, 174, 175, 176, 177, 178, 180, 181, 182, 183, 184, 185, 186, 187, 188, 189, 190, 191}"
RefArbor,C4.4,WcD08D61710310645_01.ce,157,0.3052598822790912,"{1, 2, 3, 4, 5, 6, 7, 8, 9, 10, 11, 12, 13, 14, 15, 16, 17, 18, 19, 20, 21, 22, 23, 25, 26, 27, 28, 29, 30, 31, 32, 34, 35, 36, 37, 38, 39, 40, 42, 43, 44, 45, 46, 47, 48, 49, 50, 51, 52, 54, 56, 57, 58, 59, 60, 61, 63, 64, 65, 66, 69, 70, 71, 72, 73, 74, 75, 76, 77, 78, 79, 80, 82, 85, 86, 87, 88, 89, 90, 91, 92, 93, 94, 95, 98, 99, 100, 101, 103, 106, 107, 108, 109, 110, 111, 112, 113, 114, 115, 116, 117, 118, 119, 120, 121, 122, 123, 124, 126, 127, 128, 129, 130, 134, 135, 136, 137, 141, 143, 144, 145, 147, 149, 151, 152, 153, 155, 156, 157, 159, 162, 163, 165, 166, 167, 168, 169, 170, 172, 173, 174, 175, 177, 178, 179, 181, 182, 183, 184, 185, 186, 187, 188, 189, 190, 191, 192}"
RefArbor,C4.5,WcD0F391710310600_08.ce,173,0.30219968997831154,"{1, 2, 3, 4, 5, 6, 7, 8, 9, 10, 11, 12, 15, 16, 17, 19, 20, 22, 24, 25, 26, 28, 32, 33, 34, 35, 36, 37, 38, 39, 41, 42, 43, 44, 45, 46, 47, 48, 49, 50, 51, 52, 53, 54, 55, 56, 57, 58, 59, 60, 61, 62, 63, 64, 65, 66, 67, 68, 70, 71, 72, 73, 74, 75, 76, 77, 78, 79, 81, 82, 83, 85, 86, 87, 88, 89, 90, 91, 92, 93, 94, 95, 96, 97, 98, 99, 100, 102, 103, 104, 105, 106, 107, 108, 109, 110, 111, 112, 113, 114, 115, 116, 117, 118, 119, 120, 121, 122, 123, 124, 125, 128, 129, 130, 131, 132, 133, 134, 135, 136, 137, 138, 139, 140, 141, 142, 143, 144, 145, 146, 147, 148, 149, 150, 151, 152, 153, 154, 155, 156, 157, 159, 160, 161, 162, 164, 167, 168, 169, 170, 171, 172, 173, 174, 175, 176, 177, 178, 179, 180, 181, 183, 184, 185, 186, 187, 188, 189, 190, 191, 192, 193, 194}"
RefArbor,C4.5,WcD0F391710310615_08.ce,155,0.2947291956689673,"{1, 2, 3, 4, 7, 8, 10, 12, 13, 14, 16, 18, 19, 21, 25, 27, 29, 33, 38, 39, 40, 41, 42, 43, 46, 47, 48, 49, 52, 54, 55, 56, 57, 58, 59, 60, 61, 62, 63, 64, 65, 66, 67, 68, 69, 70, 71, 72, 73, 74, 75, 76, 77, 78, 79, 80, 81, 82, 83, 84, 85, 86, 87, 88, 89, 90, 91, 92, 93, 94, 95, 96, 97, 98, 99, 100, 101, 102, 103, 104, 105, 106, 107, 108, 109, 110, 111, 112, 113, 116, 117, 118, 119, 120, 121, 122, 123, 124, 125, 126, 127, 128, 129, 131, 132, 133, 134, 135, 136, 137, 138, 139, 140, 141, 142, 145, 147, 148, 149, 150, 152, 153, 155, 156, 157, 158, 159, 161, 164, 165, 166, 167, 171, 172, 173, 174, 175, 176, 177, 178, 179, 180, 181, 182, 183, 184, 185, 186, 187, 188, 189, 190, 191, 192, 193}"
RefArbor,C4.5,WcD0F391710310630_08.ce,118,0.2899349033272906,"{1, 3, 4, 5, 6, 7, 8, 10, 11, 16, 17, 18, 19, 20, 21, 22, 23, 25, 28, 30, 31, 32, 33, 35, 36, 38, 39, 43, 44, 45, 46, 47, 49, 50, 51, 52, 53, 54, 55, 57, 59, 60, 61, 62, 65, 66, 67, 70, 71, 72, 73, 74, 75, 76, 77, 79, 80, 88, 89, 90, 91, 93, 94, 95, 96, 97, 98, 99, 100, 101, 113, 116, 118, 120, 121, 129, 130, 132, 133, 135, 136, 138, 140, 142, 143, 145, 146, 148, 151, 152, 153, 154, 155, 156, 162, 163, 166, 168, 170, 171, 172, 173, 174, 175, 176, 177, 178, 180, 181, 182, 183, 184, 185, 186, 188, 191, 192, 193}"
RefArbor,C4.5,WcD0F391710310645_08.ce,130,0.2930833358061657,"{1, 2, 3, 5, 6, 7, 8, 9, 10, 11, 12, 14, 15, 16, 17, 18, 19, 21, 23, 26, 27, 28, 29, 30, 31, 33, 34, 35, 36, 37, 38, 41, 42, 43, 44, 47, 49, 52, 53, 54, 55, 56, 57, 58, 61, 64, 67, 69, 71, 72, 73, 74, 77, 78, 79, 80, 81, 82, 83, 84, 85, 86, 87, 88, 89, 90, 92, 93, 94, 95, 96, 101, 102, 107, 108, 109, 110, 112, 113, 114, 115, 116, 118, 120, 122, 123, 124, 125, 126, 129, 130, 131, 132, 135, 136, 139, 140, 142, 143, 146, 149, 150, 155, 158, 159, 162, 165, 168, 169, 170, 171, 176, 177, 178, 179, 180, 181, 182, 183, 184, 185, 186, 187, 188, 189, 190, 191, 192, 193, 194}"
RefArbor,C4.4,WcD08D61710310700_01.ce,84,0.23552706032741816,"{1, 2, 3, 4, 5, 6, 7, 8, 9, 10, 11, 12, 13, 14, 15, 16, 18, 19, 24, 29, 30, 31, 32, 33, 34, 35, 36, 37, 38, 51, 53, 54, 56, 57, 58, 62, 77, 80, 81, 88, 89, 90, 91, 110, 115, 116, 121, 126, 127, 128, 129, 130, 132, 135, 137, 138, 139, 142, 143, 146, 148, 149, 150, 151, 152, 153, 154, 155, 160, 161, 168, 172, 174, 175, 176, 179, 181, 182, 185, 191, 192, 193, 194, 195}"
RefArbor,C4.4,WcD08D61710310715_01.ce,43,0.24592950007635445,"{3, 4, 5, 7, 8, 23, 25, 30, 47, 48, 49, 50, 51, 52, 53, 54, 55, 56, 61, 66, 68, 70, 72, 75, 76, 77, 78, 114, 116, 118, 119, 122, 130, 133, 137, 141, 142, 162, 163, 168, 175, 182, 183}"
RefArbor,C4.4,WcD08D61710310730_01.ce,35,0.25683303012053105,"{3, 4, 6, 7, 10, 11, 12, 23, 25, 27, 42, 50, 56, 67, 69, 80, 81, 82, 87, 93, 98, 111, 112, 119, 127, 154, 159, 164, 165, 166, 167, 168, 169, 179, 180}"
RefArbor,C4.4,WcD08D61710310745_01.ce,79,0.2614253547946512,"{5, 30, 31, 42, 43, 45, 48, 56, 57, 61, 63, 64, 67, 72, 73, 74, 77, 80, 81, 82, 84, 85, 90, 91, 92, 93, 94, 95, 97, 98, 99, 100, 102, 104, 105, 106, 111, 112, 116, 117, 118, 119, 121, 122, 124, 127, 129, 132, 133, 135, 142, 144, 145, 150, 152, 153, 154, 156, 157, 159, 160, 163, 165, 176, 179, 180, 181, 182, 183, 185, 186, 189, 190, 191, 192, 193, 194, 195, 199}"
RefArbor,C4.5,WcD0F391710310700_08.ce,75,0.23773664666426336,"{1, 2, 3, 4, 5, 6, 7, 8, 9, 10, 11, 12, 17, 23, 24, 25, 26, 27, 28, 29, 30, 31, 36, 44, 46, 47, 48, 50, 55, 70, 73, 74, 81, 82, 103, 108, 109, 114, 119, 120, 121, 122, 123, 128, 130, 131, 132, 135, 136, 141, 142, 143, 144, 145, 146, 147, 148, 153, 154, 161, 165, 167, 168, 172, 173, 174, 178, 181, 183, 184, 186, 187, 188, 191, 193}"
RefArbor,C4.5,WcD0F391710310715_08.ce,45,0.25015099226338855,"{2, 3, 18, 20, 25, 42, 43, 44, 45, 47, 48, 49, 50, 51, 61, 63, 65, 67, 70, 71, 72, 73, 98, 108, 109, 110, 111, 113, 114, 116, 125, 127, 128, 132, 133, 136, 137, 157, 158, 163, 172, 177, 187, 192, 193}"
RefArbor,C4.5,WcD0F391710310730_08.ce,37,0.26280904043354963,"{2, 3, 7, 8, 11, 18, 19, 23, 29, 38, 40, 46, 52, 62, 63, 76, 77, 83, 89, 94, 107, 108, 112, 116, 121, 123, 150, 155, 159, 160, 161, 162, 163, 164, 172, 175, 191}"
RefArbor,C4.5,WcD0F391710310745_08.ce,85,0.26119880769550097,"{23, 24, 25, 26, 27, 34, 35, 36, 38, 41, 46, 49, 50, 53, 54, 55, 56, 59, 60, 65, 66, 67, 70, 72, 73, 74, 75, 78, 83, 84, 85, 86, 87, 88, 90, 91, 92, 93, 95, 97, 98, 99, 105, 106, 108, 109, 111, 112, 113, 114, 115, 117, 120, 122, 129, 135, 137, 143, 145, 146, 147, 149, 150, 151, 152, 153, 156, 158, 173, 174, 175, 176, 178, 179, 181, 182, 183, 184, 185, 186, 187, 188, 190, 192, 193}"
RefArbor,C4.4,WcD08D61710310800_01.ce,101,0.2568470610605745,"{1, 2, 3, 4, 5, 7, 8, 12, 13, 14, 16, 18, 19, 20, 24, 31, 33, 34, 35, 36, 37, 38, 39, 40, 41, 44, 45, 53, 55, 57, 58, 59, 60, 61, 62, 74, 89, 93, 94, 95, 97, 99, 106, 108, 113, 114, 117, 118, 121, 139, 141, 142, 143, 144, 145, 146, 147, 148, 149, 150, 151, 152, 153, 154, 155, 156, 157, 158, 159, 160, 161, 162, 163, 164, 165, 166, 167, 168, 169, 170, 171, 172, 173, 174, 175, 176, 177, 178, 179, 180, 181, 182, 183, 184, 185, 186, 187, 188, 189, 190, 191}"
RefArbor,C4.4,WcD08D61710310815_01.ce,156,0.23240602048238,"{1, 2, 3, 4, 5, 6, 7, 8, 9, 10, 11, 12, 13, 14, 15, 16, 17, 18, 20, 21, 22, 24, 25, 26, 27, 28, 29, 30, 31, 32, 33, 34, 35, 36, 37, 38, 39, 40, 41, 42, 43, 44, 45, 46, 47, 48, 49, 50, 51, 52, 53, 54, 55, 56, 57, 58, 59, 60, 61, 62, 63, 64, 65, 66, 67, 68, 69, 70, 71, 72, 73, 74, 77, 78, 79, 80, 81, 82, 83, 84, 85, 86, 87, 88, 89, 90, 92, 94, 95, 96, 97, 98, 99, 100, 101, 102, 103, 104, 105, 106, 107, 108, 109, 111, 112, 113, 114, 115, 116, 117, 118, 119, 120, 121, 122, 123, 124, 125, 126, 127, 128, 129, 130, 131, 132, 133, 134, 135, 136, 137, 138, 139, 140, 141, 142, 143, 144, 145, 147, 148, 149, 150, 151, 152, 153, 154, 155, 156, 157, 158, 159, 164, 168, 171, 172, 182}"
RefArbor,C4.4,WcD08D61710310830_01.ce,20,0.2405062799312053,"{3, 8, 37, 59, 86, 87, 89, 90, 91, 93, 94, 98, 103, 112, 122, 138, 152, 153, 178, 179}"
RefArbor,C4.4,WcD08D61710310845_01.ce,24,0.23954506261502484,"{11, 76, 82, 93, 110, 118, 120, 121, 122, 123, 147, 148, 150, 154, 165, 166, 170, 173, 175, 176, 178, 184, 192, 193}"
RefArbor,C4.5,WcD0F391710310800_08.ce,108,0.2572272496476532,"{1, 2, 3, 4, 6, 7, 11, 13, 14, 16, 17, 18, 19, 20, 33, 34, 36, 37, 38, 39, 40, 44, 46, 52, 53, 54, 55, 56, 57, 58, 59, 60, 61, 62, 65, 70, 73, 88, 91, 92, 94, 96, 98, 100, 102, 103, 105, 106, 112, 113, 116, 117, 120, 138, 140, 141, 142, 143, 144, 145, 146, 147, 148, 149, 150, 151, 152, 153, 154, 155, 156, 157, 158, 159, 160, 161, 162, 163, 164, 165, 166, 167, 168, 169, 170, 171, 172, 173, 174, 175, 176, 177, 178, 179, 180, 181, 182, 183, 184, 185, 186, 187, 188, 189, 190, 191, 192, 193}"
RefArbor,C4.5,WcD0F391710310815_08.ce,155,0.2315325307598376,"{1, 2, 3, 4, 5, 6, 7, 9, 10, 11, 12, 13, 14, 15, 16, 17, 18, 21, 22, 23, 24, 25, 26, 27, 28, 29, 30, 31, 32, 33, 34, 35, 36, 37, 38, 39, 40, 41, 42, 43, 44, 45, 46, 47, 48, 49, 50, 51, 52, 53, 54, 55, 56, 57, 58, 59, 60, 61, 62, 63, 64, 65, 66, 67, 68, 69, 70, 71, 72, 73, 74, 75, 76, 77, 78, 79, 80, 81, 82, 83, 84, 85, 86, 87, 89, 91, 92, 93, 94, 95, 96, 98, 99, 100, 101, 102, 103, 104, 105, 106, 107, 108, 109, 110, 111, 112, 113, 114, 115, 116, 117, 118, 119, 120, 121, 122, 123, 124, 125, 126, 127, 128, 129, 130, 131, 132, 133, 134, 135, 136, 137, 138, 139, 140, 141, 142, 144, 145, 146, 147, 148, 149, 150, 151, 152, 153, 154, 155, 156, 161, 165, 168, 169, 179, 192}"
RefArbor,C4.5,WcD0F391710310830_08.ce,25,0.24059477137953694,"{3, 5, 32, 48, 54, 81, 82, 84, 85, 86, 89, 92, 93, 94, 95, 98, 106, 107, 117, 119, 133, 166, 173, 174, 185}"
RefArbor,C4.5,WcD0F391710310845_08.ce,33,0.24376546294188287,"{5, 27, 72, 87, 104, 112, 114, 115, 116, 117, 119, 121, 127, 141, 142, 144, 146, 147, 148, 157, 159, 160, 164, 166, 167, 169, 170, 172, 174, 178, 185, 186, 187}"
RefArbor,C4.4,WcD08D61710310900_01.ce,57,0.23701562635501575,"{1, 2, 3, 4, 5, 6, 7, 11, 15, 24, 26, 28, 29, 30, 32, 36, 41, 42, 44, 46, 47, 48, 49, 50, 51, 52, 53, 65, 67, 69, 70, 71, 74, 78, 80, 82, 84, 95, 102, 103, 105, 108, 113, 116, 119, 121, 136, 137, 138, 139, 140, 141, 156, 163, 166, 167, 174}"
RefArbor,C4.4,WcD08D61710310915_01.ce,31,0.24429848774395183,"{4, 8, 35, 37, 38, 61, 62, 63, 67, 68, 98, 100, 101, 105, 107, 108, 109, 121, 124, 125, 130, 134, 140, 141, 144, 145, 151, 159, 182, 183, 185}"
RefArbor,C4.4,WcD08D61710310930_01.ce,54,0.2569690029534108,"{2, 3, 9, 15, 18, 24, 25, 27, 28, 32, 33, 35, 36, 37, 39, 43, 44, 47, 51, 52, 53, 54, 56, 59, 100, 106, 107, 114, 118, 119, 120, 121, 122, 125, 128, 129, 130, 135, 138, 141, 142, 144, 147, 161, 167, 181, 182, 183, 184, 185, 188, 189, 193, 196}"
RefArbor,C4.4,WcD08D61710310945_01.ce,34,0.23479932093630246,"{12, 18, 19, 21, 22, 27, 34, 36, 64, 72, 99, 101, 103, 104, 105, 106, 108, 113, 122, 123, 132, 133, 141, 143, 144, 145, 146, 147, 148, 149, 150, 153, 157, 177}"
RefArbor,C4.5,WcD0F391710310900_08.ce,56,0.23853052906555228,"{1, 2, 3, 6, 21, 23, 25, 26, 27, 29, 37, 38, 39, 41, 43, 44, 45, 46, 47, 48, 49, 50, 55, 62, 64, 65, 66, 67, 68, 70, 71, 75, 77, 79, 81, 93, 99, 100, 102, 107, 110, 113, 116, 118, 133, 134, 135, 136, 137, 138, 160, 163, 164, 171, 192, 193}"
RefArbor,C4.5,WcD0F391710310915_08.ce,35,0.24731146850826108,"{4, 9, 12, 21, 27, 31, 33, 57, 58, 59, 60, 63, 64, 94, 95, 96, 97, 103, 104, 105, 116, 117, 120, 130, 136, 137, 140, 141, 148, 155, 178, 181, 188, 189, 190}"
RefArbor,C4.5,WcD0F391710310930_08.ce,55,0.25656905117239975,"{2, 3, 6, 11, 12, 18, 19, 21, 22, 25, 26, 27, 28, 29, 30, 31, 33, 37, 40, 41, 44, 45, 46, 47, 48, 50, 53, 56, 100, 101, 112, 113, 114, 115, 116, 119, 121, 122, 123, 124, 127, 128, 132, 135, 136, 141, 175, 176, 177, 178, 180, 181, 182, 183, 187}"
RefArbor,C4.5,WcD0F391710310945_08.ce,43,0.23567576113179292,"{10, 11, 17, 18, 20, 21, 26, 35, 66, 67, 71, 72, 93, 97, 98, 100, 102, 103, 104, 105, 107, 112, 120, 121, 127, 128, 131, 132, 138, 140, 142, 143, 144, 145, 146, 147, 148, 149, 152, 156, 176, 180, 193}"
RefArbor,C4.4,WcD08D61710311000_01.ce,48,0.2424495009053631,"{1, 2, 3, 4, 5, 6, 7, 8, 10, 16, 21, 22, 23, 26, 28, 30, 32, 37, 45, 57, 62, 69, 70, 71, 75, 76, 77, 79, 98, 99, 105, 106, 107, 117, 140, 141, 142, 143, 144, 146, 163, 165, 175, 176, 177, 178, 184, 189}"
RefArbor,C4.4,WcD08D61710311015_01.ce,23,0.2543870685746673,"{4, 30, 39, 62, 63, 64, 68, 79, 82, 96, 110, 111, 113, 149, 150, 151, 152, 163, 165, 166, 173, 181, 189}"
RefArbor,C4.4,WcD08D61710311030_01.ce,31,0.23844692772220638,"{19, 20, 22, 24, 33, 40, 41, 42, 63, 64, 76, 77, 78, 82, 91, 97, 118, 129, 130, 135, 136, 137, 138, 139, 140, 141, 147, 154, 155, 164, 180}"
RefArbor,C4.4,WcD08D61710311045_01.ce,15,0.19496877166086996,"{4, 44, 59, 61, 89, 90, 96, 129, 130, 134, 135, 176, 184, 188, 189}"
RefArbor,C4.5,WcD0F391710311000_08.ce,54,0.24329156848803704,"{1, 2, 3, 4, 5, 6, 11, 17, 18, 19, 22, 24, 26, 28, 32, 33, 41, 53, 66, 67, 71, 72, 73, 78, 81, 94, 95, 101, 102, 103, 104, 113, 125, 132, 137, 138, 139, 140, 159, 160, 161, 162, 166, 170, 171, 172, 173, 174, 185, 187, 188, 190, 191, 192}"
RefArbor,C4.5,WcD0F391710311015_08.ce,29,0.2562055264533993,"{4, 12, 14, 24, 34, 56, 57, 58, 73, 76, 77, 79, 81, 82, 90, 100, 104, 105, 108, 109, 130, 132, 135, 143, 145, 158, 160, 175, 183}"
RefArbor,C4.5,WcD0F391710311030_08.ce,33,0.25148280819508295,"{12, 13, 15, 17, 26, 32, 33, 34, 35, 39, 56, 64, 69, 70, 71, 83, 84, 85, 86, 90, 110, 111, 122, 128, 129, 130, 131, 132, 133, 135, 147, 148, 173}"
RefArbor,C4.5,WcD0F391710311045_08.ce,13,0.19536852041508285,"{2, 42, 57, 87, 93, 94, 127, 128, 134, 174, 185, 186, 187}"
RefArbor,C4.4,WcD08D61710311100_01.ce,27,0.2111865627863712,"{1, 2, 3, 4, 5, 6, 7, 17, 18, 29, 54, 55, 62, 66, 74, 126, 132, 137, 138, 139, 145, 146, 147, 148, 154, 182, 184}"
RefArbor,C4.4,WcD08D61710311115_01.ce,10,0.2003704009419224,"{10, 11, 12, 19, 22, 27, 154, 155, 160, 180}"
RefArbor,C4.4,WcD08D61710311130_01.ce,24,0.2157254102803375,"{2, 55, 78, 81, 107, 122, 128, 141, 143, 145, 146, 149, 152, 153, 154, 156, 157, 160, 161, 167, 169, 174, 176, 186}"
RefArbor,C4.4,WcD08D61710311145_01.ce,74,0.25644744681074766,"{1, 2, 7, 8, 11, 15, 16, 17, 18, 25, 29, 32, 34, 35, 47, 52, 55, 56, 60, 61, 62, 63, 64, 65, 66, 67, 68, 76, 77, 78, 79, 80, 81, 83, 88, 90, 91, 99, 100, 101, 102, 103, 104, 105, 108, 109, 110, 112, 113, 132, 140, 141, 144, 151, 152, 153, 155, 156, 157, 158, 160, 166, 168, 169, 170, 171, 175, 178, 179, 181, 184, 185, 188, 192}"
RefArbor,C4.5,WcD0F391710311100_08.ce,26,0.2105314471001208,"{1, 2, 3, 4, 14, 26, 51, 59, 63, 70, 71, 95, 123, 129, 134, 135, 136, 142, 143, 144, 145, 146, 151, 170, 179, 181}"
RefArbor,C4.5,WcD0F391710311115_08.ce,13,0.2017432989756056,"{4, 5, 6, 13, 16, 21, 110, 143, 148, 149, 154, 174, 188}"
RefArbor,C4.5,WcD0F391710311130_08.ce,25,0.21586562887148616,"{48, 71, 82, 115, 121, 129, 133, 134, 138, 139, 142, 144, 145, 146, 147, 149, 150, 153, 154, 160, 162, 167, 179, 189, 194}"
RefArbor,C4.5,WcD0F391710311145_08.ce,74,0.2549977898052213,"{1, 2, 5, 9, 10, 11, 12, 15, 19, 23, 26, 27, 28, 29, 41, 44, 46, 48, 49, 50, 54, 55, 56, 57, 58, 59, 60, 61, 69, 70, 71, 73, 74, 75, 81, 82, 84, 85, 93, 94, 95, 96, 97, 98, 99, 102, 103, 104, 106, 107, 123, 133, 134, 138, 145, 146, 147, 148, 150, 154, 156, 158, 159, 160, 161, 162, 163, 164, 173, 178, 179, 182, 186, 189}"
RefArbor,C4.4,WcD08D61710311200_01.ce,74,0.25029176576958617,"{1, 2, 3, 4, 5, 21, 22, 23, 24, 26, 38, 39, 45, 52, 60, 61, 62, 65, 67, 68, 69, 70, 71, 73, 78, 79, 80, 81, 82, 83, 84, 86, 94, 103, 105, 106, 107, 108, 109, 110, 112, 113, 114, 116, 117, 119, 149, 150, 153, 154, 156, 158, 159, 160, 161, 163, 164, 165, 166, 167, 168, 169, 171, 172, 173, 174, 175, 177, 178, 179, 187, 188, 189, 193}"
RefArbor,C4.4,WcD08D61710311215_01.ce,80,0.23394144851474488,"{1, 8, 9, 11, 15, 16, 17, 26, 30, 31, 32, 35, 36, 37, 38, 41, 43, 45, 46, 47, 50, 51, 52, 65, 70, 73, 74, 75, 76, 77, 78, 79, 80, 81, 82, 83, 84, 85, 86, 87, 88, 89, 90, 91, 92, 93, 94, 95, 96, 97, 98, 99, 100, 101, 102, 103, 114, 118, 134, 137, 139, 140, 141, 142, 150, 155, 160, 161, 165, 171, 178, 179, 180, 181, 182, 184, 185, 186, 187, 188}"
RefArbor,C4.4,WcD08D61710311230_01.ce,21,0.21470065320062096,"{12, 13, 14, 18, 19, 20, 21, 22, 23, 33, 54, 55, 59, 80, 85, 111, 116, 117, 132, 175, 177}"
RefArbor,C4.4,WcD08D61710311245_01.ce,32,0.21858047875638256,"{6, 7, 15, 38, 84, 107, 115, 116, 117, 118, 119, 120, 132, 134, 135, 138, 139, 140, 141, 142, 144, 145, 146, 153, 157, 161, 162, 180, 184, 185, 190, 191}"
RefArbor,C4.5,WcD0F391710311200_08.ce,74,0.25419382014993097,"{1, 2, 3, 4, 20, 21, 22, 44, 51, 58, 59, 60, 61, 62, 66, 69, 70, 77, 78, 79, 81, 82, 83, 84, 85, 93, 98, 103, 105, 106, 107, 108, 109, 111, 113, 115, 116, 117, 118, 127, 142, 148, 152, 153, 154, 155, 157, 158, 159, 160, 161, 162, 163, 164, 165, 166, 167, 168, 169, 170, 171, 172, 173, 176, 177, 178, 179, 186, 187, 188, 189, 191, 192, 193}"
RefArbor,C4.5,WcD0F391710311215_08.ce,81,0.23288489936007656,"{1, 6, 7, 8, 14, 15, 16, 25, 29, 30, 31, 32, 34, 35, 36, 37, 40, 42, 43, 44, 45, 46, 49, 50, 51, 64, 69, 72, 73, 75, 76, 77, 78, 79, 80, 81, 82, 83, 84, 85, 86, 87, 88, 89, 90, 91, 92, 93, 94, 95, 96, 97, 98, 99, 100, 101, 102, 113, 121, 124, 133, 136, 138, 139, 140, 141, 149, 154, 160, 164, 170, 177, 178, 179, 180, 181, 183, 184, 185, 186, 187}"
RefArbor,C4.5,WcD0F391710311230_08.ce,28,0.21717882690556922,"{8, 9, 10, 15, 16, 17, 18, 19, 29, 50, 51, 55, 60, 69, 76, 81, 90, 103, 107, 112, 113, 127, 147, 148, 172, 173, 178, 193}"
RefArbor,C4.5,WcD0F391710311245_08.ce,35,0.2246398990347209,"{1, 2, 3, 33, 65, 79, 106, 109, 110, 111, 112, 113, 114, 115, 129, 130, 133, 134, 135, 136, 139, 140, 141, 148, 157, 165, 177, 179, 180, 183, 185, 186, 189, 191, 192}"
RefArbor,C4.4,WcD08D61710311300_01.ce,59,0.21564141525810468,"{1, 2, 3, 4, 5, 6, 7, 8, 9, 10, 22, 23, 24, 25, 26, 27, 28, 29, 30, 31, 32, 33, 36, 37, 38, 40, 41, 42, 43, 44, 45, 46, 47, 48, 49, 50, 52, 58, 65, 70, 71, 72, 74, 75, 76, 101, 109, 112, 134, 135, 136, 137, 138, 148, 151, 152, 159, 168, 187}"
RefArbor,C4.4,WcD08D61710311315_01.ce,35,0.22479816592797522,"{8, 9, 17, 24, 25, 34, 35, 36, 37, 49, 50, 51, 52, 53, 62, 73, 75, 76, 78, 80, 81, 82, 83, 97, 98, 99, 100, 116, 128, 129, 159, 189, 190, 199, 200}"
RefArbor,C4.4,WcD08D61710311330_01.ce,11,0.18523260986817025,"{6, 43, 50, 65, 96, 128, 129, 130, 136, 137, 187}"
RefArbor,C4.4,WcD08D61710311345_01.ce,40,0.19247177435813081,"{81, 97, 98, 99, 100, 101, 104, 105, 122, 123, 124, 125, 126, 127, 128, 129, 131, 132, 133, 134, 136, 137, 138, 139, 140, 141, 143, 145, 146, 147, 148, 149, 150, 151, 152, 153, 155, 156, 157, 166}"
RefArbor,C4.5,WcD0F391710311300_08.ce,58,0.21902288878393872,"{1, 2, 3, 4, 5, 17, 18, 19, 20, 21, 22, 23, 24, 25, 26, 27, 28, 30, 31, 32, 33, 35, 36, 37, 38, 39, 40, 41, 42, 43, 44, 47, 53, 65, 66, 67, 69, 70, 71, 80, 102, 104, 107, 129, 130, 131, 132, 133, 143, 146, 147, 154, 157, 163, 165, 171, 182, 194}"
RefArbor,C4.5,WcD0F391710311315_08.ce,34,0.23124826899640372,"{1, 9, 16, 21, 25, 26, 27, 28, 34, 41, 42, 43, 44, 45, 54, 67, 68, 70, 72, 73, 74, 75, 76, 89, 91, 92, 93, 98, 108, 120, 151, 182, 191, 192}"
RefArbor,C4.5,WcD0F391710311330_08.ce,12,0.1895902953880025,"{5, 25, 38, 42, 53, 64, 95, 113, 127, 128, 135, 136}"
RefArbor,C4.5,WcD0F391710311345_08.ce,28,0.19016760518676945,"{31, 77, 93, 94, 95, 96, 97, 101, 102, 118, 119, 120, 121, 122, 124, 125, 136, 137, 140, 144, 145, 147, 148, 149, 151, 152, 161, 162}"
RefArbor,C4.4,WcD08D61710311400_01.ce,45,0.227967601047276,"{1, 2, 3, 4, 5, 6, 7, 8, 9, 10, 11, 32, 59, 64, 67, 69, 70, 71, 72, 73, 74, 75, 76, 82, 86, 88, 90, 91, 92, 93, 95, 100, 101, 105, 106, 116, 134, 142, 143, 149, 150, 154, 164, 165, 178}"
RefArbor,C4.4,WcD08D61710311415_01.ce,32,0.2560818073398893,"{10, 29, 44, 45, 46, 47, 48, 50, 55, 65, 71, 72, 81, 83, 108, 112, 123, 129, 139, 142, 147, 148, 149, 150, 159, 180, 184, 186, 187, 188, 189, 190}"
RefArbor,C4.4,WcD08D61710311430_01.ce,53,0.24122036896925483,"{6, 7, 18, 38, 39, 45, 46, 54, 56, 66, 71, 72, 84, 91, 93, 94, 102, 104, 105, 106, 107, 108, 111, 114, 117, 128, 129, 130, 131, 135, 141, 142, 145, 147, 148, 153, 155, 156, 158, 160, 162, 163, 169, 170, 171, 175, 176, 177, 178, 179, 182, 183, 192}"
RefArbor,C4.4,WcD08D61710311445_01.ce,56,0.24713527406671135,"{3, 8, 13, 15, 16, 17, 18, 23, 24, 26, 35, 37, 38, 39, 40, 45, 50, 53, 71, 73, 74, 78, 79, 81, 85, 87, 88, 89, 90, 91, 92, 108, 110, 116, 117, 121, 122, 125, 127, 133, 136, 143, 145, 147, 156, 158, 160, 161, 163, 165, 174, 176, 177, 178, 188, 189}"
RefArbor,C4.5,WcD0F391710311400_08.ce,38,0.2259897347817035,"{1, 2, 3, 4, 25, 52, 57, 59, 62, 63, 64, 65, 66, 67, 68, 69, 75, 79, 81, 83, 84, 88, 93, 94, 98, 99, 109, 121, 127, 135, 136, 142, 143, 147, 152, 157, 158, 171}"
RefArbor,C4.5,WcD0F391710311415_08.ce,45,0.25463579514489487,"{9, 14, 20, 23, 27, 29, 34, 44, 45, 46, 47, 55, 57, 58, 59, 63, 65, 71, 72, 93, 98, 108, 112, 114, 116, 123, 125, 129, 132, 134, 137, 139, 142, 147, 148, 149, 150, 151, 184, 185, 186, 187, 188, 189, 190}"
RefArbor,C4.5,WcD0F391710311430_08.ce,41,0.24822527235945488,"{15, 36, 37, 43, 44, 64, 69, 70, 82, 89, 92, 100, 102, 103, 104, 113, 125, 126, 127, 128, 133, 143, 145, 151, 152, 153, 154, 156, 158, 160, 161, 167, 168, 174, 175, 176, 177, 180, 181, 190, 193}"
RefArbor,C4.5,WcD0F391710311445_08.ce,60,0.24964701163877168,"{3, 8, 9, 15, 16, 17, 18, 20, 21, 22, 23, 26, 35, 37, 38, 39, 40, 41, 42, 45, 50, 61, 73, 74, 75, 78, 79, 80, 81, 87, 88, 89, 90, 91, 92, 108, 110, 117, 118, 121, 122, 124, 125, 127, 132, 136, 140, 143, 147, 152, 160, 161, 165, 174, 176, 177, 178, 187, 188, 189}"
RefArbor,C4.4,WcD08D61710311500_01.ce,34,0.2588631756709301,"{2, 4, 5, 7, 34, 38, 59, 67, 81, 97, 115, 116, 117, 121, 122, 123, 124, 127, 136, 139, 144, 145, 147, 151, 152, 153, 154, 158, 161, 162, 163, 164, 165, 166}"
RefArbor,C4.4,WcD08D61710311515_01.ce,38,0.259309605693478,"{5, 16, 21, 31, 33, 41, 42, 50, 52, 56, 68, 70, 77, 82, 85, 88, 90, 91, 92, 93, 115, 116, 117, 123, 124, 137, 151, 152, 153, 155, 156, 157, 179, 184, 185, 186, 188, 189}"
RefArbor,C4.4,WcD08D61710311530_01.ce,32,0.24029304883455804,"{2, 3, 4, 13, 20, 30, 32, 37, 46, 50, 67, 71, 90, 95, 102, 124, 126, 127, 130, 143, 148, 149, 150, 151, 152, 153, 158, 166, 173, 175, 179, 185}"
RefArbor,C4.4,WcD08D61710311545_01.ce,17,0.23717727628065785,"{2, 8, 9, 19, 57, 70, 72, 83, 92, 116, 135, 141, 142, 186, 187, 192, 198}"
RefArbor,C4.5,WcD0F391710311500_08.ce,44,0.2600389060128789,"{1, 2, 3, 4, 6, 14, 23, 32, 37, 51, 52, 58, 68, 80, 85, 96, 104, 114, 115, 116, 118, 120, 121, 122, 123, 132, 135, 138, 139, 140, 144, 145, 146, 150, 151, 152, 153, 157, 160, 161, 162, 163, 164, 165}"
RefArbor,C4.5,WcD0F391710311515_08.ce,50,0.2650102271276126,"{3, 5, 13, 18, 19, 22, 28, 30, 38, 39, 40, 47, 49, 52, 53, 65, 74, 79, 82, 85, 86, 87, 88, 89, 90, 91, 94, 112, 113, 114, 120, 126, 130, 148, 149, 150, 152, 153, 154, 157, 173, 176, 178, 181, 182, 183, 186, 190, 191, 192}"
RefArbor,C4.5,WcD0F391710311530_08.ce,35,0.24629454751995264,"{8, 15, 25, 26, 27, 45, 46, 53, 62, 66, 85, 94, 97, 108, 110, 113, 114, 121, 122, 125, 136, 139, 143, 145, 146, 147, 148, 150, 153, 161, 168, 170, 179, 180, 188}"
RefArbor,C4.5,WcD0F391710311545_08.ce,19,0.23979083846559718,"{1, 2, 50, 57, 76, 85, 86, 124, 126, 128, 134, 135, 148, 151, 179, 180, 185, 186, 191}"
RefArbor,C4.4,WcD08D61710311600_01.ce,36,0.21169717574758143,"{1, 2, 3, 4, 6, 21, 25, 45, 48, 50, 54, 55, 57, 70, 71, 75, 79, 80, 81, 82, 86, 87, 90, 99, 101, 102, 108, 109, 114, 115, 134, 140, 143, 144, 151, 186}"
RefArbor,C4.4,WcD08D61710311615_01.ce,11,0.19755925928864806,"{24, 25, 26, 60, 68, 69, 134, 163, 164, 170, 183}"
RefArbor,C4.4,WcD08D61710311630_01.ce,12,0.21839702217804724,"{36, 43, 91, 104, 106, 115, 121, 158, 163, 165, 177, 178}"
RefArbor,C4.4,WcD08D61710311645_01.ce,52,0.23492590537779898,"{1, 3, 4, 14, 15, 17, 29, 51, 53, 54, 55, 60, 64, 73, 88, 94, 95, 97, 99, 100, 101, 103, 106, 107, 108, 109, 110, 111, 112, 113, 120, 121, 126, 131, 132, 133, 135, 136, 138, 139, 140, 141, 142, 160, 171, 177, 178, 179, 182, 184, 186, 196}"
RefArbor,C4.5,WcD0F391710311600_08.ce,30,0.21417540840463506,"{1, 2, 3, 5, 21, 23, 24, 43, 44, 53, 58, 69, 70, 72, 74, 78, 79, 80, 81, 89, 98, 101, 108, 113, 114, 133, 139, 142, 150, 187}"
RefArbor,C4.5,WcD0F391710311615_08.ce,13,0.20216233040039944,"{21, 23, 56, 57, 62, 65, 66, 131, 158, 160, 161, 169, 180}"
RefArbor,C4.5,WcD0F391710311630_08.ce,17,0.2258886632076031,"{36, 39, 52, 87, 100, 102, 105, 117, 125, 159, 160, 161, 173, 174, 188, 190, 191}"
RefArbor,C4.5,WcD0F391710311645_08.ce,52,0.2381318617075875,"{7, 8, 10, 44, 45, 46, 47, 53, 57, 66, 72, 75, 81, 86, 87, 89, 92, 93, 94, 95, 98, 99, 100, 101, 102, 103, 104, 105, 106, 111, 113, 114, 119, 124, 125, 126, 128, 129, 132, 133, 134, 135, 140, 153, 158, 164, 170, 171, 172, 173, 177, 189}"
RefArbor,C4.4,WcD08D61710311700_01.ce,43,0.25698619308038667,"{1, 2, 3, 4, 5, 17, 18, 23, 41, 42, 46, 47, 48, 50, 55, 56, 71, 73, 77, 78, 84, 85, 88, 89, 97, 98, 109, 110, 113, 118, 120, 121, 132, 139, 144, 147, 148, 170, 171, 172, 179, 180, 186}"
RefArbor,C4.4,WcD08D61710311715_01.ce,26,0.25885411779635087,"{5, 21, 22, 46, 59, 65, 83, 87, 93, 94, 99, 107, 111, 112, 113, 131, 140, 141, 148, 156, 161, 163, 172, 173, 182, 188}"
RefArbor,C4.4,WcD08D61710311730_01.ce,112,0.27428768268506665,"{9, 11, 12, 13, 16, 19, 20, 21, 23, 24, 26, 27, 28, 30, 31, 35, 36, 37, 38, 39, 41, 42, 43, 49, 50, 53, 54, 56, 58, 59, 61, 63, 64, 65, 69, 70, 71, 72, 73, 74, 75, 78, 79, 81, 82, 83, 84, 85, 86, 87, 89, 90, 91, 92, 97, 98, 99, 100, 101, 102, 103, 104, 107, 108, 109, 111, 112, 113, 114, 121, 122, 127, 128, 129, 130, 131, 133, 135, 136, 137, 138, 139, 141, 142, 143, 146, 153, 156, 157, 158, 159, 160, 161, 162, 163, 164, 166, 167, 168, 169, 170, 171, 172, 173, 174, 180, 183, 184, 185, 186, 188, 190}"
RefArbor,C4.4,WcD08D61710311745_01.ce,89,0.2617259706851139,"{1, 2, 3, 4, 5, 8, 11, 12, 13, 19, 20, 22, 25, 27, 29, 30, 31, 32, 33, 34, 35, 36, 38, 39, 40, 41, 42, 43, 44, 46, 51, 52, 53, 54, 57, 58, 60, 61, 64, 65, 67, 72, 80, 81, 82, 83, 84, 86, 87, 88, 90, 93, 97, 99, 100, 117, 118, 120, 121, 124, 125, 126, 144, 145, 156, 158, 161, 162, 163, 164, 165, 166, 167, 168, 169, 170, 171, 172, 173, 174, 175, 176, 179, 188, 189, 190, 197, 198, 199}"
RefArbor,C4.5,WcD0F391710311700_08.ce,48,0.2605771147538055,"{1, 2, 3, 4, 16, 17, 23, 39, 40, 41, 44, 45, 46, 47, 48, 54, 55, 66, 70, 72, 73, 76, 77, 83, 84, 88, 96, 97, 108, 109, 112, 116, 117, 120, 125, 126, 133, 134, 138, 142, 143, 146, 147, 169, 170, 178, 179, 185}"
RefArbor,C4.5,WcD0F391710311715_08.ce,29,0.25880956704427166,"{2, 13, 14, 18, 19, 43, 56, 57, 61, 62, 63, 80, 90, 91, 96, 98, 107, 108, 109, 128, 137, 138, 145, 152, 153, 158, 160, 169, 187}"
RefArbor,C4.5,WcD0F391710311730_08.ce,122,0.27500537897476685,"{4, 5, 7, 8, 11, 14, 15, 16, 18, 19, 21, 22, 23, 25, 26, 30, 32, 33, 35, 36, 44, 45, 47, 48, 49, 51, 53, 56, 58, 59, 60, 64, 65, 66, 67, 68, 69, 70, 72, 73, 74, 75, 76, 77, 78, 79, 80, 81, 82, 84, 85, 86, 87, 92, 93, 94, 95, 96, 97, 98, 99, 102, 103, 104, 106, 107, 108, 109, 110, 115, 116, 117, 122, 123, 124, 125, 126, 127, 128, 130, 131, 132, 133, 134, 135, 136, 137, 138, 140, 141, 148, 151, 152, 154, 156, 157, 158, 159, 161, 162, 163, 164, 165, 166, 167, 168, 169, 175, 178, 179, 180, 181, 183, 185, 186, 187, 188, 189, 190, 191, 192, 193}"
RefArbor,C4.5,WcD0F391710311745_08.ce,90,0.2571749014158635,"{3, 4, 5, 11, 13, 14, 16, 17, 19, 21, 22, 23, 24, 25, 26, 27, 28, 29, 30, 31, 32, 33, 34, 35, 38, 43, 44, 45, 46, 49, 50, 52, 55, 56, 57, 59, 71, 72, 73, 74, 75, 76, 78, 79, 80, 82, 85, 87, 88, 89, 91, 92, 96, 109, 112, 113, 116, 117, 118, 128, 135, 136, 137, 142, 143, 148, 150, 153, 154, 155, 156, 157, 158, 159, 160, 161, 162, 163, 164, 165, 166, 167, 171, 180, 181, 182, 189, 190, 191, 193}"
RefArbor,C4.4,WcD08D61710311800_01.ce,39,0.23869436056315438,"{1, 2, 3, 4, 5, 6, 7, 14, 15, 16, 19, 20, 21, 23, 26, 31, 41, 42, 50, 62, 70, 75, 82, 90, 92, 108, 118, 149, 150, 166, 168, 170, 171, 172, 175, 176, 179, 180, 181}"
RefArbor,C4.4,WcD08D61710311815_01.ce,59,0.234487284261706,"{4, 5, 7, 8, 9, 10, 20, 21, 22, 23, 30, 32, 39, 49, 51, 52, 58, 71, 77, 78, 81, 85, 90, 95, 102, 103, 106, 107, 127, 128, 129, 130, 131, 132, 133, 134, 135, 136, 137, 138, 139, 140, 141, 142, 143, 144, 145, 154, 155, 156, 157, 161, 165, 171, 172, 173, 175, 176, 183}"
RefArbor,C4.4,WcD08D61710311830_01.ce,68,0.24747037063880536,"{1, 5, 7, 8, 9, 12, 19, 20, 23, 25, 30, 31, 32, 36, 40, 42, 51, 54, 60, 61, 62, 69, 76, 85, 87, 88, 89, 99, 101, 102, 103, 105, 106, 109, 110, 115, 117, 122, 127, 133, 137, 141, 143, 145, 146, 147, 153, 154, 160, 169, 170, 171, 173, 174, 175, 178, 183, 185, 186, 187, 188, 189, 190, 191, 192, 193, 194, 195}"
RefArbor,C4.4,WcD08D61710311845_01.ce,47,0.23184448870417398,"{1, 2, 3, 4, 5, 6, 7, 8, 9, 10, 21, 24, 26, 28, 33, 34, 45, 69, 72, 74, 76, 77, 78, 79, 80, 81, 82, 84, 85, 96, 97, 103, 105, 107, 129, 146, 151, 152, 153, 180, 182, 189, 192, 193, 194, 195, 196}"
RefArbor,C4.5,WcD0F391710311800_08.ce,48,0.23281100466128984,"{1, 2, 3, 4, 12, 13, 14, 16, 17, 18, 19, 21, 24, 25, 26, 28, 29, 30, 32, 39, 40, 48, 59, 73, 77, 80, 90, 98, 100, 102, 114, 116, 147, 148, 151, 164, 166, 168, 169, 170, 173, 175, 176, 177, 178, 179, 193, 194}"
RefArbor,C4.5,WcD0F391710311815_08.ce,62,0.23348583324827588,"{2, 3, 4, 5, 15, 16, 17, 18, 22, 23, 25, 30, 33, 34, 44, 46, 47, 53, 55, 66, 71, 72, 73, 76, 80, 90, 98, 101, 102, 121, 122, 123, 124, 125, 126, 127, 128, 129, 130, 131, 132, 133, 134, 135, 136, 137, 138, 139, 140, 149, 150, 151, 156, 160, 166, 167, 168, 171, 178, 188, 192, 193}"
RefArbor,C4.5,WcD0F391710311830_08.ce,70,0.2485161991815309,"{1, 2, 3, 6, 13, 14, 17, 18, 19, 24, 25, 26, 30, 34, 44, 48, 54, 55, 56, 63, 66, 70, 73, 75, 79, 81, 82, 84, 93, 94, 95, 96, 100, 103, 104, 116, 117, 121, 124, 127, 131, 135, 138, 139, 140, 141, 147, 148, 154, 160, 163, 164, 166, 167, 168, 169, 179, 180, 182, 183, 184, 185, 186, 187, 188, 189, 190, 191, 192, 194}"
RefArbor,C4.5,WcD0F391710311845_08.ce,47,0.2315498916471378,"{1, 2, 3, 4, 5, 10, 14, 16, 19, 21, 22, 23, 27, 28, 29, 64, 67, 71, 72, 73, 74, 75, 76, 77, 79, 80, 92, 98, 100, 101, 102, 117, 124, 135, 141, 146, 147, 149, 175, 176, 184, 187, 188, 189, 190, 191, 192}"
RefArbor,C4.4,WcD08D61710311900_01.ce,73,0.2449059880827872,"{1, 2, 3, 4, 5, 6, 7, 8, 14, 15, 25, 29, 31, 35, 36, 40, 47, 51, 52, 54, 55, 56, 57, 58, 59, 60, 61, 62, 63, 64, 65, 66, 67, 68, 69, 70, 71, 72, 73, 74, 75, 76, 77, 78, 79, 80, 81, 82, 83, 84, 85, 86, 87, 88, 89, 90, 101, 113, 114, 117, 121, 122, 132, 137, 156, 158, 160, 161, 163, 177, 182, 183, 187}"
RefArbor,C4.4,WcD08D61710311915_01.ce,58,0.2245178896824424,"{2, 4, 5, 9, 10, 11, 15, 19, 20, 21, 22, 24, 25, 26, 28, 29, 30, 31, 32, 39, 40, 43, 47, 49, 51, 57, 60, 61, 65, 72, 73, 74, 76, 86, 87, 96, 97, 98, 99, 109, 114, 116, 120, 152, 157, 160, 164, 165, 173, 174, 175, 176, 177, 178, 179, 185, 188, 189}"
RefArbor,C4.4,WcD08D61710311930_01.ce,52,0.23395511463018856,"{12, 16, 17, 19, 21, 22, 24, 25, 28, 29, 30, 35, 36, 43, 44, 47, 50, 63, 68, 69, 70, 71, 74, 85, 86, 88, 89, 90, 91, 92, 93, 94, 95, 96, 97, 98, 99, 100, 101, 102, 103, 104, 105, 116, 140, 143, 152, 153, 154, 155, 158, 181}"
RefArbor,C4.4,WcD08D61710311945_01.ce,34,0.23202696550534038,"{9, 28, 50, 76, 86, 87, 89, 90, 108, 109, 110, 111, 120, 132, 134, 135, 136, 140, 141, 150, 154, 155, 156, 163, 164, 165, 166, 168, 185, 187, 189, 193, 194, 195}"
RefArbor,C4.5,WcD0F391710311900_08.ce,73,0.24639576150261408,"{1, 2, 3, 4, 12, 13, 22, 23, 27, 28, 29, 33, 34, 38, 45, 49, 50, 52, 53, 54, 55, 56, 57, 58, 59, 60, 61, 62, 63, 64, 65, 66, 67, 68, 69, 70, 71, 72, 73, 74, 75, 76, 77, 78, 79, 80, 81, 82, 83, 84, 85, 86, 87, 99, 111, 114, 115, 119, 120, 130, 135, 136, 154, 158, 159, 161, 175, 180, 181, 185, 190, 192, 193}"
RefArbor,C4.5,WcD0F391710311915_08.ce,54,0.22867958643561656,"{2, 4, 5, 6, 10, 14, 15, 16, 19, 20, 21, 23, 24, 25, 26, 27, 35, 37, 38, 42, 44, 46, 52, 55, 56, 60, 67, 68, 69, 70, 78, 81, 82, 91, 92, 93, 94, 104, 109, 115, 152, 155, 159, 160, 162, 168, 169, 170, 171, 172, 173, 174, 183, 184}"
RefArbor,C4.5,WcD0F391710311930_08.ce,57,0.23283291605294093,"{8, 12, 13, 14, 15, 16, 17, 18, 19, 20, 21, 24, 25, 27, 30, 38, 39, 40, 43, 46, 59, 64, 65, 66, 67, 70, 84, 85, 86, 87, 88, 89, 90, 91, 92, 93, 94, 95, 96, 97, 98, 99, 100, 101, 102, 104, 112, 116, 131, 132, 136, 139, 148, 149, 150, 151, 183}"
RefArbor,C4.5,WcD0F391710311945_08.ce,39,0.22792150658921861,"{4, 20, 23, 40, 45, 47, 75, 81, 84, 85, 88, 103, 104, 105, 106, 115, 127, 129, 130, 131, 135, 136, 144, 145, 149, 150, 153, 158, 159, 160, 161, 162, 163, 164, 180, 182, 188, 189, 193}"
RefArbor,C4.4,WcD08D61710312000_01.ce,51,0.26642031657789134,"{1, 2, 3, 4, 5, 6, 7, 17, 26, 29, 38, 66, 67, 68, 70, 79, 80, 84, 90, 91, 93, 96, 97, 104, 107, 108, 111, 112, 121, 122, 123, 126, 135, 138, 139, 140, 141, 142, 149, 150, 156, 157, 159, 162, 166, 167, 172, 173, 181, 182, 183}"
RefArbor,C4.4,WcD08D61710312015_01.ce,74,0.26215635047425456,"{7, 8, 9, 10, 11, 12, 16, 19, 30, 38, 39, 45, 46, 47, 52, 59, 60, 61, 64, 65, 66, 67, 76, 77, 78, 80, 81, 83, 84, 85, 87, 88, 89, 93, 94, 95, 96, 97, 98, 100, 102, 113, 116, 120, 122, 125, 126, 127, 128, 131, 138, 141, 143, 145, 148, 150, 151, 152, 157, 160, 164, 165, 167, 168, 169, 171, 173, 174, 175, 176, 184, 185, 187, 196}"
RefArbor,C4.4,WcD08D61710312030_01.ce,70,0.26549534773237304,"{1, 2, 3, 4, 5, 6, 7, 8, 9, 10, 15, 16, 19, 20, 30, 33, 39, 46, 47, 49, 57, 63, 66, 67, 68, 72, 78, 82, 83, 84, 85, 91, 93, 94, 95, 98, 99, 100, 101, 102, 117, 119, 122, 128, 129, 132, 133, 134, 136, 141, 142, 143, 144, 145, 153, 158, 167, 168, 169, 170, 174, 175, 180, 181, 183, 187, 188, 189, 190, 191}"
RefArbor,C4.4,WcD08D61710312045_01.ce,53,0.2485808847126122,"{4, 7, 19, 27, 28, 30, 33, 34, 36, 37, 38, 42, 45, 50, 57, 58, 64, 66, 67, 69, 79, 82, 85, 94, 97, 100, 102, 105, 107, 108, 109, 110, 112, 113, 123, 133, 134, 136, 138, 139, 140, 141, 142, 143, 148, 149, 150, 161, 162, 173, 178, 182, 186}"
RefArbor,C4.5,WcD0F391710312000_08.ce,46,0.263384732297837,"{1, 2, 3, 4, 8, 11, 15, 24, 56, 64, 65, 66, 77, 78, 88, 91, 94, 105, 109, 119, 120, 121, 122, 124, 126, 136, 137, 138, 139, 140, 147, 148, 150, 152, 155, 157, 165, 172, 176, 177, 178, 180, 182, 192, 193, 194}"
RefArbor,C4.5,WcD0F391710312015_08.ce,70,0.2553828643771081,"{1, 2, 3, 4, 10, 14, 15, 30, 31, 33, 37, 38, 43, 44, 49, 51, 55, 56, 57, 58, 59, 67, 68, 70, 72, 73, 75, 76, 77, 78, 80, 81, 85, 86, 87, 88, 89, 92, 93, 94, 105, 106, 108, 109, 114, 117, 118, 119, 120, 121, 135, 136, 140, 141, 142, 144, 152, 155, 156, 159, 160, 161, 166, 167, 168, 176, 177, 188, 192, 193}"
RefArbor,C4.5,WcD0F391710312030_08.ce,79,0.2587977796976586,"{1, 2, 3, 4, 5, 6, 7, 8, 10, 12, 13, 14, 16, 17, 18, 28, 31, 36, 37, 44, 47, 55, 57, 60, 62, 65, 68, 70, 71, 72, 76, 78, 79, 81, 82, 83, 84, 86, 89, 91, 92, 93, 96, 97, 98, 99, 100, 106, 113, 120, 122, 126, 127, 130, 131, 132, 133, 134, 139, 140, 141, 142, 144, 146, 151, 165, 166, 167, 168, 172, 173, 178, 181, 182, 185, 186, 187, 188, 193}"
RefArbor,C4.5,WcD0F391710312045_08.ce,47,0.23938696006338822,"{2, 3, 15, 23, 26, 29, 32, 33, 34, 38, 41, 46, 47, 52, 54, 60, 81, 86, 96, 103, 105, 106, 107, 114, 123, 126, 128, 129, 131, 132, 134, 135, 136, 137, 138, 143, 144, 145, 146, 174, 178, 182, 188, 189, 191, 193, 194}"
RefArbor,C4.4,WcD08D61710312100_01.ce,102,0.25262646435903335,"{1, 2, 3, 4, 5, 6, 7, 8, 9, 10, 11, 12, 13, 34, 37, 38, 39, 40, 41, 42, 43, 44, 45, 47, 52, 53, 55, 56, 57, 59, 68, 69, 70, 71, 73, 74, 79, 82, 83, 86, 88, 90, 91, 92, 93, 94, 97, 98, 102, 107, 108, 109, 116, 117, 118, 120, 122, 123, 125, 126, 127, 128, 129, 130, 131, 132, 135, 138, 139, 141, 142, 147, 148, 149, 150, 152, 153, 154, 155, 156, 157, 158, 160, 163, 164, 165, 166, 169, 170, 174, 176, 181, 183, 186, 190, 191, 194, 195, 196, 197, 198, 199}"
RefArbor,C4.4,WcD08D61710312115_01.ce,112,0.2807875074835485,"{1, 2, 3, 4, 5, 8, 9, 10, 11, 13, 14, 15, 16, 17, 21, 27, 29, 30, 31, 33, 34, 35, 36, 37, 40, 41, 42, 44, 46, 50, 53, 54, 55, 56, 57, 59, 62, 63, 64, 65, 66, 67, 68, 69, 70, 71, 72, 73, 74, 75, 76, 79, 81, 82, 84, 88, 89, 94, 97, 98, 99, 100, 101, 102, 103, 105, 106, 107, 108, 109, 110, 111, 116, 118, 121, 123, 126, 128, 129, 133, 140, 141, 142, 143, 144, 145, 146, 151, 153, 156, 157, 158, 159, 160, 161, 162, 163, 165, 166, 167, 172, 173, 174, 176, 177, 178, 180, 181, 182, 183, 185, 189}"
RefArbor,C4.4,WcD08D61710312130_01.ce,57,0.21337617241890258,"{3, 4, 5, 6, 7, 9, 10, 11, 12, 14, 15, 16, 17, 18, 19, 20, 21, 23, 24, 25, 26, 27, 28, 29, 30, 31, 32, 33, 34, 35, 36, 37, 38, 39, 40, 41, 42, 55, 62, 66, 70, 71, 82, 85, 86, 94, 97, 102, 127, 131, 153, 191, 192, 193, 194, 195, 196}"
RefArbor,C4.4,WcD08D61710312145_01.ce,14,0.19184559494528147,"{17, 19, 34, 96, 97, 98, 99, 100, 101, 102, 107, 113, 137, 138}"
RefArbor,C4.5,WcD0F391710312100_08.ce,72,0.25418849288740075,"{1, 2, 3, 4, 27, 30, 31, 32, 33, 34, 36, 37, 40, 45, 48, 49, 50, 52, 61, 62, 63, 64, 66, 67, 72, 75, 80, 83, 85, 86, 87, 90, 95, 100, 101, 102, 110, 111, 115, 116, 118, 119, 121, 122, 123, 124, 127, 128, 130, 131, 132, 143, 145, 146, 147, 148, 149, 151, 153, 157, 162, 167, 169, 174, 177, 178, 183, 188, 190, 191, 192, 193}"
RefArbor,C4.5,WcD0F391710312115_08.ce,102,0.2669358812409834,"{1, 2, 7, 8, 9, 10, 11, 12, 13, 14, 16, 28, 29, 30, 32, 33, 34, 36, 41, 45, 46, 52, 53, 54, 55, 56, 61, 62, 63, 64, 65, 66, 67, 68, 69, 70, 71, 72, 73, 74, 75, 78, 80, 81, 83, 87, 90, 94, 96, 97, 98, 99, 100, 101, 102, 104, 106, 107, 108, 109, 112, 115, 116, 120, 127, 128, 132, 137, 139, 140, 141, 142, 143, 144, 145, 150, 152, 156, 157, 158, 159, 160, 161, 164, 165, 166, 169, 171, 172, 173, 175, 176, 177, 179, 180, 181, 183, 185, 191, 192, 193, 194}"
RefArbor,C4.5,WcD0F391710312130_08.ce,53,0.2072156819840131,"{1, 3, 4, 5, 8, 9, 10, 11, 12, 13, 14, 15, 17, 19, 20, 21, 22, 23, 24, 25, 26, 27, 28, 29, 30, 31, 32, 33, 34, 35, 36, 44, 49, 55, 56, 60, 64, 74, 78, 79, 80, 82, 88, 91, 96, 121, 125, 147, 185, 186, 188, 189, 190}"
RefArbor,C4.5,WcD0F391710312145_08.ce,11,0.19235870031360378,"{16, 31, 93, 94, 95, 96, 99, 110, 117, 134, 135}"
RefArbor,C4.4,WcD08D61710312200_01.ce,30,0.19313359266001756,"{1, 2, 3, 4, 5, 6, 12, 13, 14, 15, 16, 17, 18, 19, 21, 24, 25, 26, 39, 61, 66, 71, 73, 74, 75, 95, 99, 101, 177, 185}"
RefArbor,C4.4,WcD08D61710312215_01.ce,51,0.2096993475390947,"{3, 5, 6, 7, 8, 9, 10, 11, 12, 14, 17, 18, 19, 20, 21, 22, 30, 39, 42, 59, 110, 127, 139, 153, 154, 155, 156, 157, 158, 160, 161, 163, 164, 165, 166, 167, 168, 169, 171, 172, 173, 174, 175, 176, 177, 178, 181, 182, 183, 184, 188}"
RefArbor,C4.4,WcD08D61710312230_01.ce,14,0.19495348481715244,"{5, 6, 11, 12, 20, 21, 25, 65, 74, 75, 112, 119, 122, 127}"
RefArbor,C4.4,WcD08D61710312245_01.ce,16,0.18887193984649542,"{51, 89, 124, 125, 126, 127, 128, 129, 130, 134, 139, 140, 152, 157, 159, 164}"
RefArbor,C4.5,WcD0F391710312200_08.ce,29,0.19481246611760264,"{1, 2, 3, 4, 10, 11, 12, 13, 14, 15, 16, 17, 22, 23, 36, 37, 59, 62, 64, 70, 71, 72, 73, 88, 92, 93, 97, 175, 183}"
RefArbor,C4.5,WcD0F391710312215_08.ce,50,0.20148889081190796,"{1, 2, 3, 4, 5, 6, 7, 8, 9, 10, 15, 16, 17, 18, 19, 20, 28, 37, 56, 57, 125, 132, 137, 151, 152, 153, 154, 155, 156, 158, 159, 161, 163, 164, 165, 166, 167, 169, 170, 171, 172, 173, 174, 175, 176, 179, 180, 181, 182, 186}"
RefArbor,C4.5,WcD0F391710312230_08.ce,16,0.19589605887018405,"{1, 2, 7, 8, 17, 21, 37, 39, 69, 70, 71, 72, 108, 115, 118, 123}"
RefArbor,C4.5,WcD0F391710312245_08.ce,16,0.18889899060481644,"{45, 83, 117, 118, 119, 120, 121, 122, 123, 124, 133, 134, 146, 151, 153, 190}"
RefArbor,C4.4,WcD08D61710312300_01.ce,55,0.20956424912961885,"{1, 2, 3, 4, 5, 29, 47, 48, 63, 64, 65, 66, 67, 68, 69, 70, 71, 72, 73, 74, 75, 76, 77, 78, 79, 80, 81, 96, 97, 100, 101, 102, 107, 108, 109, 110, 111, 112, 113, 114, 116, 117, 154, 159, 160, 161, 167, 168, 169, 170, 173, 174, 177, 180, 183}"
RefArbor,C4.4,WcD08D61710312315_01.ce,59,0.21612407273413856,"{15, 18, 20, 21, 22, 23, 24, 25, 26, 27, 28, 29, 30, 31, 32, 33, 34, 35, 36, 37, 38, 48, 52, 57, 62, 63, 64, 66, 67, 81, 82, 83, 108, 111, 127, 128, 129, 130, 131, 133, 134, 135, 137, 148, 149, 150, 151, 153, 154, 155, 156, 157, 158, 160, 161, 162, 163, 164, 189}"
RefArbor,C4.4,WcD08D61710312330_01.ce,41,0.23267945640442075,"{5, 7, 10, 11, 12, 13, 14, 17, 25, 33, 43, 45, 46, 47, 56, 57, 58, 59, 77, 87, 88, 89, 90, 93, 97, 99, 105, 109, 115, 120, 138, 139, 140, 141, 142, 143, 155, 175, 176, 178, 190}"
RefArbor,C4.4,WcD08D61710312345_01.ce,50,0.22770702727597625,"{7, 8, 11, 14, 15, 18, 19, 23, 24, 25, 26, 27, 29, 30, 31, 35, 36, 37, 38, 40, 43, 44, 45, 46, 49, 51, 52, 56, 62, 64, 65, 73, 74, 77, 83, 84, 86, 87, 98, 102, 108, 136, 137, 167, 168, 169, 170, 171, 194, 195}"
RefArbor,C4.5,WcD0F391710312300_08.ce,55,0.20440591922954757,"{1, 2, 3, 28, 45, 46, 47, 62, 63, 64, 65, 66, 67, 68, 69, 70, 71, 72, 73, 74, 75, 76, 77, 78, 79, 80, 95, 99, 100, 101, 105, 106, 107, 108, 109, 110, 111, 112, 113, 114, 115, 116, 118, 147, 153, 159, 165, 166, 167, 168, 169, 173, 175, 177, 180}"
RefArbor,C4.5,WcD0F391710312315_08.ce,51,0.22078911410301807,"{13, 16, 17, 18, 19, 20, 21, 22, 23, 24, 25, 26, 31, 32, 33, 35, 50, 61, 62, 64, 65, 79, 80, 81, 108, 109, 124, 125, 126, 127, 128, 129, 131, 132, 133, 135, 146, 147, 148, 149, 151, 152, 153, 154, 155, 156, 158, 159, 160, 161, 166}"
RefArbor,C4.5,WcD0F391710312330_08.ce,39,0.2276366288124709,"{1, 2, 3, 4, 7, 8, 9, 10, 11, 14, 30, 40, 42, 44, 53, 54, 55, 56, 57, 74, 84, 85, 86, 87, 102, 117, 135, 136, 137, 138, 139, 140, 152, 153, 172, 173, 181, 187, 194}"
RefArbor,C4.5,WcD0F391710312345_08.ce,58,0.2157434965750633,"{2, 8, 9, 10, 11, 12, 13, 15, 17, 18, 19, 20, 21, 23, 24, 25, 27, 29, 30, 31, 32, 34, 35, 37, 38, 39, 40, 45, 46, 50, 56, 58, 59, 67, 71, 76, 77, 78, 79, 80, 86, 92, 93, 97, 98, 101, 102, 130, 131, 161, 162, 163, 164, 165, 173, 185, 187, 189}"
