RefArbor,C4.4,WcD0C131710310000_07.ce,108,0.25609320865609264,"{1, 2, 3, 4, 6, 9, 10, 14, 16, 17, 22, 25, 27, 28, 29, 30, 31, 36, 39, 40, 41, 42, 45, 64, 68, 69, 71, 72, 74, 75, 76, 77, 79, 80, 90, 115, 116, 117, 118, 119, 120, 121, 122, 123, 124, 125, 126, 127, 128, 129, 130, 131, 132, 133, 135, 136, 137, 138, 139, 140, 141, 142, 143, 144, 145, 146, 147, 148, 149, 150, 151, 152, 153, 154, 155, 156, 157, 158, 159, 160, 162, 163, 166, 167, 168, 169, 170, 172, 173, 174, 175, 176, 177, 178, 180, 181, 182, 183, 184, 185, 186, 187, 188, 189, 190, 191, 192, 193}"
RefArbor,C4.4,WcD0C131710310015_07.ce,66,0.23756240246661042,"{1, 2, 3, 4, 5, 7, 8, 9, 10, 11, 12, 13, 14, 15, 16, 17, 18, 19, 20, 21, 22, 24, 25, 27, 29, 33, 36, 37, 39, 45, 48, 49, 77, 79, 80, 81, 82, 83, 87, 91, 92, 98, 101, 104, 107, 108, 109, 113, 114, 115, 117, 118, 120, 122, 123, 124, 149, 150, 154, 155, 161, 167, 169, 172, 192, 194}"
RefArbor,C4.4,WcD0C131710310030_07.ce,71,0.2514721314009216,"{6, 9, 13, 27, 36, 37, 38, 39, 40, 41, 43, 44, 45, 46, 47, 48, 49, 50, 51, 52, 53, 54, 55, 56, 57, 58, 59, 60, 61, 62, 63, 64, 65, 67, 68, 69, 71, 72, 73, 74, 75, 76, 77, 78, 79, 80, 81, 82, 83, 85, 86, 89, 90, 92, 104, 112, 113, 114, 116, 138, 139, 146, 150, 154, 159, 162, 167, 169, 170, 176, 190}"
RefArbor,C4.4,WcD0C131710310045_07.ce,88,0.23712194049702393,"{4, 5, 6, 7, 8, 17, 21, 22, 23, 24, 37, 38, 39, 40, 48, 49, 50, 51, 53, 56, 57, 72, 84, 87, 99, 100, 106, 110, 111, 118, 125, 126, 127, 128, 129, 131, 132, 133, 134, 135, 136, 137, 139, 140, 141, 142, 143, 145, 146, 147, 148, 149, 150, 151, 152, 153, 154, 155, 156, 157, 158, 159, 160, 161, 162, 163, 164, 165, 166, 167, 168, 169, 170, 171, 172, 173, 174, 179, 180, 182, 183, 184, 185, 186, 187, 188, 190, 191}"
RefArbor,C4.5,WcD0C191710310000_01.ce,112,0.2485013498745907,"{1, 2, 3, 4, 5, 6, 9, 11, 14, 17, 22, 24, 25, 26, 28, 29, 30, 31, 33, 36, 37, 39, 40, 41, 42, 45, 60, 64, 68, 69, 71, 72, 74, 76, 77, 79, 80, 83, 90, 115, 116, 117, 118, 119, 120, 121, 122, 123, 124, 125, 126, 127, 128, 129, 130, 131, 132, 133, 135, 136, 137, 138, 139, 140, 141, 142, 143, 144, 145, 146, 148, 149, 150, 151, 152, 153, 154, 155, 156, 157, 158, 159, 160, 162, 163, 165, 166, 167, 168, 169, 170, 172, 173, 174, 175, 176, 177, 178, 180, 181, 182, 183, 184, 185, 186, 187, 188, 189, 190, 191, 192, 193}"
RefArbor,C4.5,WcD0C191710310015_01.ce,60,0.24244841409173695,"{1, 2, 3, 4, 5, 7, 8, 9, 10, 11, 12, 13, 14, 15, 16, 17, 18, 19, 20, 21, 22, 24, 25, 26, 27, 33, 36, 39, 43, 45, 48, 49, 74, 77, 78, 80, 82, 83, 91, 92, 101, 107, 108, 109, 113, 115, 117, 118, 122, 124, 134, 150, 151, 154, 155, 161, 167, 168, 169, 194}"
RefArbor,C4.5,WcD0C191710310030_01.ce,75,0.2489023517211306,"{8, 9, 10, 13, 17, 27, 36, 37, 38, 39, 40, 41, 43, 44, 45, 46, 47, 48, 49, 50, 51, 52, 53, 54, 55, 56, 58, 59, 60, 61, 62, 63, 64, 65, 66, 67, 68, 69, 71, 72, 73, 74, 75, 76, 77, 78, 79, 80, 81, 82, 83, 85, 86, 92, 112, 113, 114, 116, 126, 135, 138, 139, 147, 150, 154, 159, 162, 167, 169, 170, 175, 176, 189, 190, 192}"
RefArbor,C4.5,WcD0C191710310045_01.ce,91,0.23366654662863381,"{4, 5, 6, 7, 8, 15, 16, 17, 21, 22, 23, 24, 37, 38, 39, 40, 48, 49, 50, 51, 53, 56, 57, 59, 72, 84, 86, 99, 100, 106, 110, 111, 118, 125, 126, 127, 128, 129, 131, 132, 133, 134, 135, 136, 137, 139, 140, 141, 142, 143, 144, 145, 146, 147, 148, 149, 150, 152, 153, 154, 155, 156, 157, 158, 159, 160, 161, 162, 163, 164, 165, 166, 167, 168, 169, 170, 171, 172, 173, 174, 179, 180, 182, 183, 184, 185, 186, 187, 188, 190, 191}"
RefArbor,C4.4,WcD0C131710310100_07.ce,121,0.23707942566597798,"{15, 17, 18, 19, 23, 32, 33, 35, 37, 38, 39, 40, 41, 48, 52, 53, 57, 58, 62, 63, 68, 71, 81, 83, 84, 85, 86, 88, 90, 91, 92, 93, 94, 95, 96, 97, 98, 99, 100, 101, 102, 103, 105, 106, 107, 108, 109, 110, 111, 112, 113, 114, 115, 116, 117, 118, 119, 120, 121, 122, 123, 124, 125, 126, 127, 128, 129, 130, 132, 133, 135, 136, 137, 138, 139, 141, 142, 143, 144, 145, 146, 147, 149, 150, 151, 152, 153, 154, 155, 156, 157, 158, 159, 160, 161, 162, 163, 164, 165, 166, 167, 168, 170, 171, 172, 173, 174, 175, 176, 177, 178, 179, 180, 181, 182, 183, 184, 185, 186, 188, 189}"
RefArbor,C4.4,WcD0C131710310115_07.ce,47,0.21875328349914339,"{5, 8, 10, 21, 23, 24, 25, 26, 27, 35, 36, 44, 46, 47, 48, 52, 56, 58, 59, 63, 64, 65, 66, 67, 68, 69, 80, 81, 93, 99, 100, 101, 107, 114, 115, 128, 129, 131, 135, 136, 137, 138, 165, 166, 174, 178, 180}"
RefArbor,C4.4,WcD0C131710310130_07.ce,90,0.24562566093381744,"{21, 22, 23, 24, 25, 26, 29, 30, 31, 32, 33, 34, 35, 36, 37, 38, 39, 40, 41, 42, 43, 44, 45, 47, 48, 49, 50, 52, 53, 54, 55, 56, 57, 58, 59, 61, 62, 63, 64, 65, 66, 67, 68, 70, 71, 74, 75, 79, 80, 81, 82, 85, 86, 93, 94, 100, 101, 110, 111, 113, 120, 122, 124, 125, 129, 130, 131, 137, 142, 150, 151, 155, 156, 157, 158, 159, 160, 162, 163, 172, 173, 174, 175, 178, 179, 181, 184, 189, 192, 194}"
RefArbor,C4.4,WcD0C131710310145_07.ce,88,0.23631011851756906,"{2, 11, 19, 27, 28, 36, 37, 39, 40, 41, 46, 47, 48, 49, 51, 53, 62, 88, 96, 97, 98, 99, 100, 102, 103, 104, 105, 106, 107, 108, 109, 110, 111, 112, 113, 114, 115, 116, 117, 118, 119, 120, 121, 122, 123, 124, 125, 126, 127, 128, 130, 131, 132, 133, 134, 135, 136, 137, 138, 139, 140, 141, 142, 143, 144, 145, 149, 150, 158, 159, 171, 172, 174, 175, 176, 177, 178, 179, 180, 182, 183, 187, 188, 189, 190, 191, 192, 193}"
RefArbor,C4.5,WcD0C191710310100_01.ce,119,0.2394828009767893,"{17, 19, 32, 33, 35, 37, 38, 39, 41, 48, 52, 53, 57, 58, 62, 68, 71, 78, 81, 82, 83, 84, 85, 86, 87, 88, 90, 91, 92, 93, 94, 95, 96, 97, 98, 99, 100, 101, 102, 103, 105, 106, 107, 108, 109, 110, 111, 112, 113, 114, 115, 116, 117, 118, 119, 120, 121, 122, 123, 124, 125, 126, 127, 128, 129, 130, 132, 133, 135, 136, 137, 138, 139, 141, 142, 143, 144, 145, 146, 147, 149, 150, 151, 152, 153, 154, 155, 156, 157, 158, 159, 160, 161, 162, 163, 164, 165, 166, 167, 168, 170, 171, 172, 173, 174, 175, 176, 177, 178, 179, 180, 181, 182, 183, 184, 185, 186, 187, 188}"
RefArbor,C4.5,WcD0C191710310115_01.ce,38,0.22329943530079407,"{5, 8, 9, 10, 14, 21, 22, 24, 26, 27, 35, 36, 43, 45, 47, 48, 52, 55, 56, 58, 63, 65, 69, 81, 100, 101, 103, 107, 115, 128, 129, 131, 136, 137, 162, 165, 174, 178}"
RefArbor,C4.5,WcD0C191710310130_01.ce,91,0.24685894848309708,"{21, 22, 24, 25, 26, 28, 29, 30, 31, 32, 33, 34, 35, 36, 37, 38, 39, 40, 41, 42, 43, 44, 45, 47, 48, 49, 50, 52, 53, 54, 55, 56, 57, 58, 59, 60, 61, 62, 63, 64, 65, 66, 67, 68, 70, 71, 73, 79, 80, 82, 85, 86, 89, 93, 94, 96, 100, 101, 110, 113, 114, 120, 122, 123, 124, 126, 129, 130, 136, 137, 138, 141, 143, 144, 150, 154, 156, 158, 159, 160, 161, 173, 174, 175, 176, 179, 181, 184, 188, 189, 192}"
RefArbor,C4.5,WcD0C191710310145_01.ce,90,0.23851671686803194,"{1, 3, 19, 20, 21, 25, 29, 30, 37, 38, 39, 40, 41, 42, 47, 48, 49, 50, 52, 55, 63, 96, 97, 98, 99, 100, 101, 103, 104, 105, 106, 107, 108, 109, 111, 112, 113, 114, 115, 116, 117, 118, 119, 120, 121, 122, 123, 124, 125, 126, 127, 128, 129, 131, 132, 133, 134, 135, 136, 137, 138, 139, 140, 141, 142, 143, 144, 145, 146, 150, 151, 159, 160, 172, 173, 175, 176, 177, 178, 179, 180, 181, 183, 184, 188, 189, 190, 191, 192, 193}"
RefArbor,C4.4,WcD0C131710310200_07.ce,87,0.23640889770317408,"{2, 3, 4, 14, 15, 16, 17, 30, 31, 33, 34, 36, 37, 39, 40, 52, 53, 58, 62, 63, 65, 66, 67, 68, 69, 70, 71, 72, 73, 74, 75, 76, 77, 78, 79, 80, 81, 82, 83, 84, 85, 86, 87, 88, 89, 90, 91, 93, 94, 95, 96, 97, 101, 104, 105, 107, 113, 114, 115, 118, 120, 121, 122, 126, 130, 137, 141, 142, 143, 145, 148, 149, 154, 160, 175, 176, 180, 181, 185, 186, 187, 188, 189, 190, 191, 192, 193}"
RefArbor,C4.4,WcD0C131710310215_07.ce,126,0.2968676185151415,"{1, 2, 3, 4, 5, 6, 7, 8, 9, 10, 11, 12, 13, 15, 16, 17, 19, 20, 21, 23, 25, 30, 34, 35, 38, 39, 40, 41, 42, 43, 44, 45, 46, 48, 49, 56, 59, 60, 61, 63, 64, 65, 67, 68, 70, 71, 72, 73, 77, 79, 80, 83, 84, 87, 88, 89, 91, 92, 97, 98, 100, 101, 103, 105, 106, 107, 108, 109, 110, 111, 115, 116, 119, 120, 121, 122, 124, 125, 126, 127, 131, 132, 133, 134, 136, 137, 138, 139, 140, 141, 142, 143, 146, 147, 149, 151, 154, 155, 159, 160, 161, 162, 163, 164, 165, 166, 167, 168, 169, 170, 171, 172, 173, 174, 175, 177, 179, 183, 184, 185, 186, 187, 189, 190, 192, 193}"
RefArbor,C4.4,WcD0C131710310230_07.ce,75,0.24569226814955122,"{1, 13, 20, 21, 29, 37, 40, 41, 42, 43, 44, 45, 46, 50, 51, 52, 53, 56, 57, 58, 59, 62, 63, 64, 66, 67, 68, 72, 93, 96, 97, 98, 100, 101, 102, 103, 105, 106, 107, 109, 112, 113, 114, 115, 119, 120, 121, 122, 123, 124, 125, 129, 130, 136, 157, 158, 159, 160, 161, 165, 167, 168, 170, 171, 172, 173, 178, 183, 184, 185, 186, 188, 189, 190, 191}"
RefArbor,C4.4,WcD0C131710310245_07.ce,40,0.19862380529299123,"{1, 2, 3, 4, 6, 7, 9, 10, 12, 13, 14, 15, 16, 18, 19, 20, 21, 31, 46, 53, 54, 55, 56, 57, 58, 60, 65, 87, 129, 170, 171, 173, 174, 175, 176, 177, 178, 179, 181, 182}"
RefArbor,C4.5,WcD0C191710310200_01.ce,88,0.23785640743577527,"{2, 3, 4, 14, 15, 17, 30, 31, 33, 34, 37, 38, 39, 52, 53, 58, 62, 64, 65, 66, 67, 68, 69, 70, 71, 72, 73, 74, 75, 76, 77, 78, 79, 80, 81, 82, 83, 84, 85, 86, 87, 88, 89, 90, 91, 93, 94, 95, 96, 97, 101, 104, 107, 113, 114, 115, 116, 117, 118, 119, 120, 121, 130, 138, 141, 142, 143, 145, 148, 154, 156, 157, 160, 163, 175, 177, 180, 181, 182, 185, 186, 187, 188, 189, 190, 191, 192, 193}"
RefArbor,C4.5,WcD0C191710310215_01.ce,118,0.29865449775989356,"{2, 3, 4, 5, 6, 7, 8, 9, 10, 12, 13, 15, 16, 17, 18, 19, 20, 21, 23, 24, 25, 26, 28, 30, 34, 35, 38, 40, 41, 42, 43, 45, 46, 49, 50, 57, 59, 61, 63, 64, 65, 67, 68, 70, 71, 72, 73, 79, 80, 83, 84, 86, 87, 88, 89, 91, 92, 94, 97, 98, 100, 101, 103, 105, 106, 107, 108, 110, 111, 115, 116, 119, 120, 121, 122, 124, 125, 126, 127, 131, 132, 133, 137, 138, 139, 141, 143, 146, 147, 149, 150, 152, 154, 155, 159, 160, 161, 162, 164, 165, 166, 167, 168, 169, 170, 171, 172, 173, 174, 175, 177, 183, 184, 185, 189, 190, 191, 192}"
RefArbor,C4.5,WcD0C191710310230_01.ce,78,0.2458307787314142,"{1, 15, 18, 20, 21, 29, 31, 33, 40, 41, 42, 43, 44, 45, 46, 50, 51, 53, 54, 56, 57, 58, 62, 63, 65, 66, 67, 76, 92, 93, 95, 96, 97, 100, 101, 102, 103, 105, 107, 108, 109, 110, 112, 113, 114, 115, 118, 119, 120, 121, 122, 123, 124, 127, 130, 135, 136, 158, 159, 160, 161, 162, 166, 167, 168, 170, 171, 172, 173, 176, 183, 184, 185, 186, 188, 189, 190, 191}"
RefArbor,C4.5,WcD0C191710310245_01.ce,40,0.19556865141689755,"{1, 2, 3, 4, 5, 6, 9, 10, 11, 13, 14, 15, 17, 19, 20, 21, 24, 45, 46, 53, 54, 55, 56, 58, 60, 65, 106, 125, 129, 170, 171, 173, 174, 175, 176, 177, 178, 179, 181, 182}"
RefArbor,C4.4,WcD0C131710310300_07.ce,81,0.22767693033300995,"{1, 2, 3, 4, 16, 17, 18, 19, 20, 21, 23, 46, 47, 48, 49, 50, 51, 58, 62, 63, 67, 68, 72, 74, 75, 76, 77, 78, 79, 80, 81, 82, 83, 84, 85, 86, 87, 88, 89, 90, 91, 92, 93, 94, 95, 96, 97, 98, 99, 100, 101, 102, 103, 104, 105, 106, 107, 112, 113, 115, 127, 128, 129, 130, 131, 132, 133, 134, 138, 141, 144, 150, 151, 153, 154, 155, 181, 185, 192, 193, 194}"
RefArbor,C4.4,WcD0C131710310315_07.ce,95,0.24072719814764543,"{1, 5, 9, 10, 14, 17, 18, 22, 23, 24, 31, 32, 33, 35, 41, 45, 46, 47, 51, 64, 65, 66, 67, 68, 69, 70, 74, 75, 76, 77, 78, 79, 80, 81, 82, 83, 84, 85, 86, 87, 88, 89, 91, 92, 93, 94, 95, 96, 97, 98, 99, 100, 101, 102, 103, 104, 105, 106, 107, 108, 109, 110, 111, 112, 113, 114, 115, 116, 117, 118, 119, 120, 121, 122, 123, 124, 125, 128, 130, 131, 132, 138, 144, 145, 147, 160, 161, 162, 163, 171, 172, 173, 174, 176, 179}"
RefArbor,C4.4,WcD0C131710310330_07.ce,93,0.24638990370873745,"{2, 14, 17, 29, 30, 36, 40, 41, 45, 48, 57, 59, 61, 63, 65, 66, 67, 68, 69, 70, 71, 72, 74, 76, 78, 79, 80, 81, 82, 83, 84, 85, 86, 87, 88, 89, 90, 91, 92, 95, 96, 100, 101, 103, 104, 105, 106, 107, 108, 109, 112, 113, 115, 116, 117, 118, 121, 123, 126, 131, 133, 135, 137, 142, 143, 145, 146, 148, 158, 160, 161, 162, 163, 165, 166, 167, 168, 169, 170, 171, 173, 175, 176, 177, 178, 185, 186, 187, 188, 189, 191, 192, 193}"
RefArbor,C4.4,WcD0C131710310345_07.ce,89,0.261279024514598,"{1, 3, 6, 7, 8, 10, 11, 12, 15, 17, 19, 20, 21, 22, 23, 24, 25, 31, 36, 38, 44, 51, 56, 59, 61, 67, 70, 71, 74, 81, 82, 83, 84, 87, 93, 96, 97, 98, 101, 103, 105, 106, 108, 109, 110, 111, 112, 115, 116, 117, 118, 119, 121, 122, 124, 125, 126, 128, 132, 133, 137, 139, 140, 143, 146, 147, 148, 151, 157, 158, 159, 162, 163, 164, 165, 169, 171, 172, 174, 175, 176, 177, 180, 184, 185, 186, 187, 188, 189}"
RefArbor,C4.5,WcD0C191710310300_01.ce,81,0.22850270871949205,"{1, 2, 3, 4, 16, 17, 18, 19, 20, 23, 33, 46, 47, 48, 49, 50, 51, 58, 62, 63, 67, 68, 72, 73, 74, 75, 77, 78, 79, 80, 81, 82, 83, 84, 85, 86, 87, 88, 89, 90, 91, 92, 93, 94, 95, 96, 97, 98, 99, 100, 101, 102, 103, 104, 105, 106, 107, 112, 113, 115, 126, 128, 131, 132, 133, 134, 138, 141, 144, 150, 151, 152, 153, 154, 155, 167, 178, 181, 192, 193, 194}"
RefArbor,C4.5,WcD0C191710310315_01.ce,94,0.24268516867405326,"{1, 9, 10, 14, 17, 18, 22, 23, 24, 29, 33, 45, 46, 47, 51, 64, 65, 66, 67, 68, 69, 70, 72, 73, 74, 75, 76, 77, 78, 79, 80, 81, 82, 83, 84, 85, 86, 87, 88, 89, 91, 92, 93, 94, 95, 96, 97, 98, 99, 100, 101, 102, 103, 104, 105, 106, 107, 108, 109, 110, 111, 112, 113, 114, 115, 116, 117, 118, 119, 120, 121, 122, 123, 124, 125, 128, 129, 130, 131, 132, 144, 147, 160, 161, 162, 163, 171, 172, 173, 174, 176, 179, 180, 182}"
RefArbor,C4.5,WcD0C191710310330_01.ce,91,0.2489752586022564,"{2, 14, 16, 17, 29, 30, 36, 40, 41, 44, 45, 57, 58, 59, 61, 63, 65, 66, 67, 68, 69, 70, 71, 72, 74, 75, 76, 77, 78, 79, 80, 83, 84, 85, 87, 88, 89, 90, 91, 92, 94, 95, 96, 99, 100, 101, 102, 103, 104, 105, 106, 107, 108, 109, 112, 114, 115, 116, 117, 118, 120, 121, 123, 135, 142, 143, 145, 146, 147, 158, 160, 161, 163, 165, 166, 167, 168, 169, 171, 173, 175, 176, 177, 178, 185, 186, 187, 188, 189, 191, 192}"
RefArbor,C4.5,WcD0C191710310345_01.ce,91,0.26169684056561127,"{1, 3, 6, 7, 8, 10, 11, 12, 16, 17, 18, 19, 21, 22, 24, 25, 31, 36, 38, 44, 51, 52, 55, 56, 59, 61, 62, 67, 70, 71, 73, 75, 81, 82, 83, 84, 87, 93, 95, 96, 97, 98, 103, 105, 106, 108, 109, 110, 111, 112, 116, 117, 119, 121, 122, 124, 125, 126, 127, 128, 131, 132, 137, 139, 143, 146, 147, 148, 151, 157, 159, 162, 163, 164, 165, 168, 169, 171, 172, 174, 175, 176, 177, 179, 180, 184, 185, 186, 187, 188, 189}"
RefArbor,C4.4,WcD0C131710310400_07.ce,128,0.26319759387661273,"{1, 2, 3, 4, 5, 10, 11, 12, 13, 14, 15, 16, 17, 18, 19, 22, 23, 24, 25, 26, 27, 28, 29, 30, 31, 32, 33, 34, 35, 36, 37, 38, 39, 40, 42, 43, 46, 47, 50, 51, 52, 54, 55, 57, 58, 59, 61, 62, 63, 64, 65, 66, 67, 68, 69, 70, 71, 72, 77, 84, 85, 86, 87, 88, 89, 90, 91, 92, 93, 94, 95, 96, 97, 98, 99, 100, 101, 102, 103, 104, 105, 106, 107, 108, 109, 110, 111, 112, 114, 115, 117, 118, 119, 120, 121, 137, 138, 139, 140, 141, 142, 143, 144, 145, 146, 147, 148, 149, 162, 165, 166, 167, 168, 169, 171, 172, 173, 174, 178, 179, 181, 186, 187, 188, 189, 190, 192, 193}"
RefArbor,C4.4,WcD0C131710310415_07.ce,81,0.22969347416075017,"{19, 20, 21, 22, 23, 24, 25, 38, 39, 43, 44, 47, 49, 50, 51, 52, 54, 56, 57, 58, 60, 61, 63, 64, 65, 68, 69, 70, 71, 72, 74, 75, 76, 78, 79, 80, 81, 82, 83, 84, 85, 86, 87, 88, 89, 116, 117, 130, 131, 144, 146, 147, 148, 149, 153, 154, 155, 156, 157, 158, 159, 161, 162, 163, 164, 165, 167, 168, 169, 170, 171, 172, 173, 174, 176, 178, 179, 181, 185, 188, 191}"
RefArbor,C4.4,WcD0C131710310430_07.ce,105,0.23514390887992992,"{2, 4, 7, 18, 22, 25, 26, 27, 28, 29, 30, 32, 34, 35, 36, 37, 38, 39, 40, 41, 42, 43, 44, 45, 46, 47, 48, 49, 50, 51, 52, 53, 55, 57, 58, 60, 61, 62, 63, 64, 65, 68, 69, 70, 71, 73, 99, 100, 101, 102, 103, 104, 105, 106, 107, 108, 109, 110, 111, 112, 113, 114, 115, 116, 117, 119, 120, 121, 122, 123, 124, 127, 128, 136, 138, 139, 140, 152, 154, 155, 156, 158, 159, 160, 161, 162, 163, 164, 165, 166, 169, 170, 172, 173, 176, 177, 178, 179, 180, 181, 182, 184, 185, 186, 194}"
RefArbor,C4.4,WcD0C131710310445_07.ce,57,0.21606687930811327,"{1, 2, 21, 22, 23, 24, 25, 26, 43, 44, 45, 48, 49, 55, 60, 62, 80, 81, 82, 83, 103, 104, 105, 107, 108, 109, 110, 111, 113, 114, 115, 116, 117, 118, 119, 120, 121, 127, 137, 138, 158, 160, 166, 169, 171, 172, 179, 180, 183, 184, 185, 187, 188, 189, 191, 192, 193}"
RefArbor,C4.5,WcD0C191710310400_01.ce,127,0.2620217158480019,"{1, 2, 3, 4, 5, 10, 11, 12, 13, 14, 15, 16, 17, 18, 19, 22, 23, 24, 25, 26, 28, 29, 30, 31, 32, 33, 34, 35, 36, 37, 38, 40, 41, 43, 46, 47, 50, 51, 52, 54, 55, 57, 58, 59, 61, 63, 64, 65, 66, 67, 68, 69, 70, 72, 74, 77, 81, 84, 85, 86, 87, 88, 90, 91, 92, 93, 94, 95, 96, 97, 98, 99, 100, 101, 102, 103, 104, 105, 106, 107, 108, 109, 110, 111, 112, 114, 115, 116, 117, 118, 120, 121, 122, 137, 138, 139, 140, 141, 142, 143, 144, 145, 146, 147, 148, 149, 152, 153, 165, 166, 167, 168, 169, 171, 172, 173, 174, 177, 178, 179, 186, 187, 188, 189, 190, 192, 193}"
RefArbor,C4.5,WcD0C191710310415_01.ce,77,0.23487731390326091,"{6, 19, 20, 21, 22, 23, 24, 25, 38, 39, 43, 44, 47, 49, 52, 53, 54, 56, 57, 58, 60, 61, 63, 64, 65, 66, 68, 69, 70, 71, 72, 74, 75, 76, 78, 79, 80, 81, 82, 84, 86, 87, 91, 95, 116, 117, 118, 130, 144, 146, 147, 149, 153, 154, 155, 156, 157, 158, 159, 161, 162, 163, 164, 165, 167, 168, 169, 170, 171, 172, 173, 174, 178, 179, 181, 188, 191}"
RefArbor,C4.5,WcD0C191710310430_01.ce,105,0.24083164079321687,"{2, 4, 6, 7, 18, 22, 25, 26, 27, 28, 29, 30, 34, 35, 36, 37, 38, 39, 40, 41, 42, 43, 44, 45, 46, 47, 48, 49, 50, 51, 52, 53, 55, 57, 58, 60, 61, 62, 63, 64, 65, 66, 67, 68, 69, 70, 71, 73, 99, 100, 101, 102, 103, 104, 105, 106, 107, 108, 109, 110, 111, 112, 113, 114, 115, 116, 117, 119, 120, 121, 122, 123, 124, 125, 127, 136, 138, 139, 140, 151, 152, 154, 155, 156, 158, 159, 160, 161, 162, 163, 164, 165, 169, 170, 173, 176, 177, 178, 179, 180, 181, 182, 185, 186, 194}"
RefArbor,C4.5,WcD0C191710310445_01.ce,52,0.2208465878773742,"{21, 22, 23, 24, 25, 43, 44, 45, 48, 49, 55, 62, 63, 72, 80, 81, 82, 83, 103, 104, 107, 108, 109, 110, 111, 113, 114, 115, 116, 117, 118, 119, 120, 124, 137, 158, 166, 169, 171, 172, 178, 179, 180, 183, 184, 185, 187, 188, 189, 191, 192, 193}"
RefArbor,C4.4,WcD0C131710310500_07.ce,88,0.23599181166500194,"{1, 2, 3, 4, 5, 6, 19, 20, 21, 22, 24, 27, 28, 40, 51, 53, 56, 57, 59, 61, 62, 63, 65, 66, 67, 69, 70, 71, 72, 73, 74, 75, 76, 77, 78, 80, 82, 83, 84, 85, 86, 87, 88, 89, 90, 91, 92, 93, 94, 95, 96, 97, 98, 99, 100, 102, 103, 104, 105, 107, 108, 109, 110, 111, 112, 113, 115, 116, 123, 124, 125, 126, 138, 139, 144, 147, 148, 150, 165, 172, 174, 175, 176, 177, 186, 188, 189, 193}"
RefArbor,C4.4,WcD0C131710310515_07.ce,81,0.2142932366199581,"{2, 5, 6, 8, 10, 11, 12, 13, 14, 15, 16, 17, 18, 19, 21, 22, 23, 24, 25, 26, 27, 28, 29, 30, 31, 32, 33, 34, 37, 38, 39, 40, 41, 42, 44, 46, 47, 55, 57, 58, 62, 71, 72, 73, 75, 76, 77, 78, 79, 80, 81, 82, 100, 101, 102, 103, 110, 124, 125, 128, 141, 142, 167, 168, 169, 170, 171, 172, 173, 174, 176, 177, 179, 180, 181, 182, 183, 184, 185, 186, 188}"
RefArbor,C4.4,WcD0C131710310530_07.ce,43,0.22017880299222942,"{11, 13, 14, 15, 16, 17, 18, 19, 42, 43, 44, 45, 46, 47, 59, 60, 65, 67, 72, 76, 77, 78, 86, 87, 99, 113, 114, 115, 141, 142, 143, 144, 150, 153, 156, 162, 163, 164, 165, 172, 185, 186, 187}"
RefArbor,C4.4,WcD0C131710310545_07.ce,61,0.22160202139741214,"{11, 20, 21, 23, 24, 25, 30, 36, 37, 38, 46, 47, 48, 49, 50, 51, 52, 53, 58, 68, 70, 73, 74, 80, 90, 110, 114, 115, 116, 117, 119, 120, 123, 125, 127, 129, 137, 138, 142, 143, 147, 148, 152, 153, 154, 155, 156, 160, 162, 163, 164, 165, 166, 168, 171, 173, 177, 179, 180, 181, 182}"
RefArbor,C4.5,WcD0C191710310500_01.ce,94,0.2355914935443967,"{1, 2, 3, 4, 5, 6, 20, 21, 22, 23, 24, 26, 27, 28, 40, 51, 53, 54, 55, 56, 57, 59, 61, 62, 65, 66, 67, 69, 70, 71, 72, 73, 74, 75, 76, 77, 78, 80, 82, 83, 84, 85, 86, 87, 88, 89, 90, 91, 92, 93, 94, 95, 96, 97, 98, 99, 100, 102, 103, 104, 105, 107, 108, 109, 110, 111, 112, 113, 114, 115, 116, 123, 124, 125, 126, 138, 139, 143, 144, 147, 148, 149, 150, 164, 165, 172, 174, 175, 176, 177, 186, 188, 189, 193}"
RefArbor,C4.5,WcD0C191710310515_01.ce,84,0.21278213968946025,"{1, 4, 5, 6, 9, 10, 11, 12, 13, 14, 15, 16, 17, 18, 20, 21, 22, 23, 24, 25, 27, 28, 29, 30, 31, 32, 33, 36, 37, 38, 39, 40, 41, 42, 43, 45, 46, 54, 56, 57, 61, 70, 71, 72, 74, 75, 76, 77, 78, 79, 80, 81, 99, 100, 101, 102, 109, 122, 123, 124, 127, 140, 163, 166, 167, 168, 169, 170, 171, 172, 173, 175, 176, 177, 178, 179, 181, 182, 183, 184, 185, 186, 187, 191}"
RefArbor,C4.5,WcD0C191710310530_01.ce,42,0.22149387407886595,"{11, 13, 14, 15, 16, 17, 18, 19, 42, 43, 44, 45, 46, 47, 59, 60, 65, 67, 72, 76, 77, 78, 85, 86, 87, 99, 113, 114, 138, 141, 142, 143, 144, 146, 153, 156, 162, 163, 164, 165, 185, 187}"
RefArbor,C4.5,WcD0C191710310545_01.ce,60,0.22422054998528293,"{11, 15, 20, 21, 23, 24, 25, 30, 36, 37, 38, 46, 47, 48, 49, 50, 51, 52, 53, 58, 68, 70, 73, 74, 80, 90, 110, 114, 115, 117, 120, 122, 124, 127, 129, 136, 137, 147, 148, 152, 153, 154, 155, 156, 157, 160, 161, 162, 163, 164, 165, 166, 170, 171, 173, 177, 179, 180, 181, 182}"
RefArbor,C4.4,WcD0C131710310600_07.ce,69,0.24523603106242212,"{1, 2, 3, 6, 10, 11, 12, 13, 15, 16, 17, 18, 21, 22, 23, 24, 25, 26, 28, 30, 31, 32, 33, 34, 35, 39, 41, 49, 50, 51, 52, 53, 54, 55, 56, 57, 68, 69, 72, 73, 74, 94, 98, 113, 115, 116, 117, 118, 119, 120, 122, 123, 133, 141, 142, 143, 144, 147, 148, 149, 161, 167, 169, 170, 180, 181, 182, 183, 188}"
RefArbor,C4.4,WcD0C131710310615_07.ce,75,0.24322488071612247,"{5, 6, 10, 14, 17, 18, 19, 24, 25, 27, 28, 30, 31, 38, 41, 42, 43, 44, 45, 46, 47, 49, 50, 51, 54, 55, 56, 58, 59, 60, 61, 63, 64, 65, 66, 67, 77, 85, 86, 106, 110, 116, 121, 123, 139, 140, 141, 142, 143, 144, 145, 146, 147, 148, 149, 150, 151, 153, 154, 156, 157, 158, 159, 160, 161, 164, 165, 166, 170, 176, 177, 178, 179, 180, 181}"
RefArbor,C4.4,WcD0C131710310630_07.ce,20,0.23911316433846183,"{20, 21, 27, 28, 29, 30, 31, 46, 65, 71, 88, 105, 111, 112, 125, 140, 141, 144, 145, 156}"
RefArbor,C4.4,WcD0C131710310645_07.ce,54,0.23596048840614678,"{22, 23, 24, 25, 27, 28, 29, 30, 33, 34, 35, 36, 38, 39, 40, 41, 44, 45, 46, 48, 49, 53, 54, 57, 58, 59, 63, 64, 65, 68, 69, 70, 73, 74, 75, 78, 79, 82, 83, 84, 125, 143, 145, 146, 147, 148, 149, 150, 151, 152, 154, 155, 156, 157}"
RefArbor,C4.5,WcD0C191710310600_01.ce,75,0.2437817425795009,"{1, 2, 10, 11, 12, 13, 16, 17, 18, 20, 21, 22, 23, 24, 25, 26, 28, 30, 31, 32, 33, 34, 35, 39, 41, 44, 48, 49, 50, 51, 52, 53, 54, 55, 56, 57, 65, 68, 69, 71, 72, 73, 74, 85, 97, 98, 113, 115, 116, 117, 118, 120, 121, 133, 141, 142, 143, 144, 147, 148, 149, 150, 161, 167, 168, 169, 170, 179, 180, 181, 182, 183, 187, 188, 193}"
RefArbor,C4.5,WcD0C191710310615_01.ce,73,0.247677017457931,"{5, 6, 10, 14, 17, 18, 19, 24, 25, 27, 28, 31, 32, 38, 41, 42, 43, 44, 45, 46, 47, 49, 50, 51, 54, 55, 56, 57, 58, 59, 60, 61, 63, 64, 65, 66, 67, 69, 77, 86, 106, 110, 121, 123, 139, 140, 143, 144, 145, 146, 147, 148, 149, 150, 151, 153, 154, 156, 157, 159, 160, 161, 163, 164, 165, 166, 170, 176, 177, 178, 179, 180, 181}"
RefArbor,C4.5,WcD0C191710310630_01.ce,26,0.23512321727824115,"{20, 21, 25, 27, 28, 29, 30, 31, 32, 35, 37, 38, 48, 71, 86, 87, 88, 100, 105, 111, 112, 140, 142, 143, 144, 145}"
RefArbor,C4.5,WcD0C191710310645_01.ce,60,0.23821750220401264,"{2, 22, 23, 24, 25, 27, 28, 29, 30, 33, 34, 35, 36, 39, 40, 41, 44, 45, 46, 48, 49, 53, 54, 56, 57, 58, 59, 61, 62, 63, 64, 65, 67, 68, 69, 70, 73, 74, 75, 78, 79, 82, 83, 84, 101, 125, 144, 145, 146, 147, 148, 149, 150, 151, 152, 154, 155, 156, 157, 158}"
RefArbor,C4.4,WcD0C131710310700_07.ce,39,0.23606758076687323,"{1, 2, 3, 4, 8, 13, 14, 16, 17, 18, 19, 20, 21, 22, 28, 34, 35, 36, 39, 43, 46, 81, 83, 84, 85, 86, 91, 93, 101, 119, 120, 123, 136, 138, 165, 173, 175, 178, 180}"
RefArbor,C4.4,WcD0C131710310715_07.ce,30,0.24883340524787897,"{9, 13, 24, 36, 41, 42, 47, 74, 90, 100, 101, 110, 113, 116, 117, 126, 127, 128, 129, 130, 141, 144, 145, 150, 161, 164, 170, 173, 174, 192}"
RefArbor,C4.4,WcD0C131710310730_07.ce,34,0.22801812139642305,"{1, 2, 3, 4, 11, 14, 17, 18, 21, 22, 28, 67, 71, 90, 93, 97, 98, 101, 112, 113, 114, 119, 124, 125, 126, 132, 139, 158, 167, 173, 177, 178, 181, 189}"
RefArbor,C4.4,WcD0C131710310745_07.ce,39,0.2260743165708373,"{9, 25, 31, 33, 34, 47, 49, 50, 51, 52, 53, 54, 61, 63, 64, 65, 66, 67, 68, 69, 74, 75, 76, 79, 80, 81, 82, 84, 85, 86, 88, 92, 93, 94, 95, 98, 111, 130, 153}"
RefArbor,C4.5,WcD0C191710310700_01.ce,36,0.23516303456514048,"{1, 2, 3, 4, 8, 13, 14, 16, 17, 18, 19, 20, 21, 28, 34, 35, 36, 39, 43, 46, 83, 84, 85, 86, 92, 93, 101, 119, 120, 122, 130, 136, 138, 168, 175, 176}"
RefArbor,C4.5,WcD0C191710310715_01.ce,31,0.24746210508443986,"{3, 10, 11, 13, 24, 34, 41, 42, 99, 100, 101, 116, 117, 126, 127, 128, 129, 130, 141, 142, 144, 145, 150, 151, 152, 164, 170, 173, 174, 179, 192}"
RefArbor,C4.5,WcD0C191710310730_01.ce,33,0.2272451636835571,"{1, 2, 3, 4, 11, 14, 17, 19, 20, 21, 28, 37, 71, 90, 93, 97, 98, 112, 113, 119, 124, 125, 126, 127, 132, 138, 158, 167, 171, 173, 177, 178, 181}"
RefArbor,C4.5,WcD0C191710310745_01.ce,37,0.2275232444840634,"{25, 31, 33, 34, 37, 40, 51, 52, 53, 54, 57, 61, 63, 64, 65, 66, 67, 69, 75, 76, 77, 79, 80, 81, 82, 86, 87, 88, 92, 93, 94, 95, 98, 111, 130, 153, 172}"
RefArbor,C4.4,WcD0C131710310800_07.ce,9,0.19992825950281928,"{1, 2, 3, 4, 64, 103, 104, 172, 175}"
RefArbor,C4.4,WcD0C131710310815_07.ce,17,0.18187653298885262,"{16, 17, 30, 35, 38, 48, 58, 89, 96, 98, 102, 103, 104, 105, 165, 169, 193}"
RefArbor,C4.4,WcD0C131710310830_07.ce,11,0.20082718771640987,"{28, 67, 110, 115, 144, 147, 159, 175, 178, 179, 184}"
RefArbor,C4.4,WcD0C131710310845_07.ce,20,0.21968768650152506,"{1, 19, 21, 22, 24, 25, 28, 48, 53, 55, 74, 78, 96, 98, 100, 105, 110, 111, 140, 155}"
RefArbor,C4.5,WcD0C191710310800_01.ce,11,0.19761030866439705,"{1, 2, 3, 4, 14, 64, 90, 104, 141, 172, 175}"
RefArbor,C4.5,WcD0C191710310815_01.ce,13,0.18552700769333721,"{16, 17, 30, 35, 58, 87, 89, 96, 103, 104, 105, 107, 165}"
RefArbor,C4.5,WcD0C191710310830_01.ce,16,0.20173071638298937,"{28, 47, 66, 113, 115, 146, 147, 150, 156, 168, 175, 178, 179, 184, 188, 194}"
RefArbor,C4.5,WcD0C191710310845_01.ce,22,0.21705351225396186,"{16, 20, 21, 23, 24, 25, 27, 39, 52, 73, 76, 77, 80, 81, 95, 97, 104, 109, 110, 128, 129, 154}"
RefArbor,C4.4,WcD0C131710310900_07.ce,66,0.24443961358499908,"{1, 2, 3, 4, 13, 24, 25, 32, 35, 36, 37, 38, 41, 42, 43, 44, 45, 46, 47, 48, 49, 55, 57, 60, 63, 76, 77, 78, 88, 89, 90, 98, 99, 102, 103, 105, 108, 109, 111, 112, 113, 114, 115, 116, 117, 132, 135, 137, 138, 145, 150, 154, 155, 156, 158, 159, 160, 161, 163, 166, 183, 184, 185, 186, 187, 191}"
RefArbor,C4.4,WcD0C131710310915_07.ce,67,0.250704015593742,"{3, 12, 17, 18, 19, 22, 23, 29, 30, 31, 32, 35, 38, 39, 40, 43, 44, 46, 47, 50, 51, 52, 53, 54, 55, 56, 61, 63, 66, 67, 76, 79, 85, 86, 87, 91, 93, 94, 101, 102, 103, 108, 116, 117, 118, 119, 123, 125, 126, 131, 138, 139, 148, 150, 158, 159, 160, 165, 166, 167, 168, 169, 175, 177, 178, 181, 194}"
RefArbor,C4.4,WcD0C131710310930_07.ce,52,0.23765639190015359,"{9, 10, 29, 30, 31, 32, 40, 42, 45, 54, 57, 59, 60, 65, 66, 68, 73, 75, 79, 80, 81, 82, 84, 88, 92, 98, 99, 100, 101, 102, 103, 116, 117, 119, 120, 129, 130, 132, 133, 135, 136, 137, 158, 163, 170, 171, 173, 174, 175, 176, 177, 180}"
RefArbor,C4.4,WcD0C131710310945_07.ce,70,0.26116740106227676,"{5, 9, 15, 16, 17, 28, 42, 43, 49, 50, 54, 55, 56, 57, 62, 63, 67, 68, 75, 76, 77, 84, 86, 87, 91, 92, 97, 105, 106, 107, 108, 114, 118, 119, 120, 121, 135, 137, 138, 139, 142, 148, 149, 151, 152, 155, 156, 159, 160, 161, 162, 163, 164, 167, 168, 174, 175, 177, 178, 180, 181, 182, 183, 184, 185, 188, 190, 191, 192, 193}"
RefArbor,C4.5,WcD0C191710310900_01.ce,66,0.24868527761679798,"{1, 2, 3, 4, 13, 24, 25, 32, 35, 36, 37, 42, 43, 44, 45, 46, 47, 48, 49, 51, 57, 59, 60, 63, 76, 77, 78, 82, 88, 89, 90, 97, 98, 99, 102, 105, 106, 108, 109, 111, 112, 113, 114, 115, 116, 117, 126, 129, 132, 135, 137, 138, 150, 154, 155, 156, 158, 159, 160, 180, 183, 184, 185, 186, 187, 191}"
RefArbor,C4.5,WcD0C191710310915_01.ce,64,0.25223478025041096,"{3, 12, 17, 18, 19, 22, 23, 27, 30, 31, 32, 35, 38, 39, 40, 43, 46, 47, 50, 51, 52, 53, 54, 55, 58, 61, 63, 66, 67, 76, 79, 85, 86, 87, 93, 94, 101, 102, 103, 110, 116, 117, 118, 119, 122, 123, 125, 126, 138, 139, 148, 150, 158, 159, 160, 165, 166, 167, 168, 169, 175, 176, 177, 178}"
RefArbor,C4.5,WcD0C191710310930_01.ce,50,0.23877967460430158,"{9, 10, 29, 30, 31, 32, 40, 42, 54, 57, 58, 59, 60, 65, 66, 73, 80, 81, 82, 84, 88, 96, 98, 99, 100, 101, 102, 103, 109, 115, 116, 117, 119, 129, 130, 132, 133, 135, 136, 137, 158, 163, 170, 171, 173, 174, 175, 176, 177, 180}"
RefArbor,C4.5,WcD0C191710310945_01.ce,72,0.2599918605540319,"{5, 8, 9, 15, 16, 28, 42, 43, 49, 50, 53, 54, 55, 56, 57, 62, 63, 67, 68, 76, 84, 86, 87, 91, 92, 93, 97, 99, 106, 107, 108, 111, 114, 118, 119, 120, 121, 135, 137, 138, 139, 141, 142, 148, 149, 152, 155, 156, 159, 160, 161, 162, 163, 164, 167, 168, 174, 175, 177, 178, 180, 181, 182, 183, 184, 185, 188, 189, 190, 191, 192, 193}"
RefArbor,C4.4,WcD0C131710311000_07.ce,86,0.29208192935821475,"{1, 2, 3, 4, 5, 9, 10, 11, 12, 13, 14, 15, 16, 17, 19, 20, 22, 23, 24, 25, 26, 27, 30, 31, 33, 34, 35, 36, 40, 41, 45, 49, 55, 62, 63, 64, 66, 69, 78, 79, 80, 86, 88, 98, 99, 102, 104, 105, 106, 108, 111, 112, 115, 118, 119, 120, 121, 124, 126, 129, 132, 134, 136, 143, 145, 147, 148, 149, 151, 152, 159, 160, 161, 163, 164, 165, 169, 175, 176, 177, 178, 179, 180, 184, 185, 194}"
RefArbor,C4.4,WcD0C131710311015_07.ce,66,0.2751433993043236,"{1, 4, 5, 9, 13, 14, 15, 16, 19, 20, 21, 24, 26, 30, 32, 33, 34, 35, 36, 37, 40, 42, 43, 44, 45, 46, 48, 51, 52, 53, 54, 55, 56, 57, 58, 66, 68, 69, 70, 71, 72, 73, 80, 85, 95, 99, 102, 109, 119, 120, 122, 134, 140, 149, 150, 161, 169, 175, 176, 185, 186, 187, 188, 189, 192, 193}"
RefArbor,C4.4,WcD0C131710311030_07.ce,74,0.24736286611447358,"{2, 17, 24, 34, 35, 36, 37, 38, 45, 46, 58, 59, 60, 62, 63, 64, 65, 68, 73, 74, 82, 84, 85, 86, 87, 94, 95, 96, 97, 102, 103, 106, 112, 113, 126, 127, 128, 129, 130, 131, 132, 134, 135, 138, 139, 140, 144, 145, 146, 147, 148, 149, 150, 151, 152, 153, 154, 155, 156, 157, 158, 159, 160, 161, 162, 164, 167, 174, 175, 184, 185, 186, 189, 193}"
RefArbor,C4.4,WcD0C131710311045_07.ce,94,0.2804374071585208,"{7, 14, 15, 17, 18, 28, 29, 30, 32, 33, 36, 37, 38, 39, 41, 42, 43, 44, 48, 49, 51, 52, 59, 68, 69, 74, 75, 78, 79, 80, 81, 84, 86, 87, 88, 89, 90, 95, 100, 101, 102, 103, 104, 105, 107, 108, 109, 110, 111, 112, 113, 114, 120, 123, 124, 129, 130, 131, 132, 134, 136, 137, 138, 139, 140, 141, 143, 145, 151, 152, 153, 154, 156, 157, 162, 167, 168, 169, 170, 171, 172, 176, 177, 179, 180, 182, 184, 185, 186, 187, 188, 189, 190, 191}"
RefArbor,C4.5,WcD0C191710311000_01.ce,99,0.2910767556102563,"{1, 2, 3, 4, 5, 6, 8, 9, 10, 11, 12, 13, 14, 15, 16, 17, 19, 20, 22, 23, 24, 25, 26, 27, 28, 29, 30, 31, 33, 34, 35, 36, 39, 40, 41, 45, 46, 49, 55, 57, 62, 63, 64, 66, 68, 69, 73, 78, 79, 80, 86, 87, 88, 97, 98, 99, 102, 104, 105, 106, 108, 110, 111, 115, 118, 119, 120, 121, 124, 129, 134, 136, 141, 143, 145, 147, 148, 149, 152, 156, 159, 160, 161, 163, 164, 165, 169, 174, 175, 176, 177, 178, 179, 180, 184, 185, 192, 193, 194}"
RefArbor,C4.5,WcD0C191710311015_01.ce,68,0.2755648305373106,"{1, 9, 11, 13, 14, 15, 18, 19, 20, 21, 24, 26, 27, 30, 32, 34, 35, 36, 37, 40, 42, 43, 44, 45, 46, 51, 52, 53, 54, 55, 56, 57, 58, 63, 66, 67, 68, 69, 70, 71, 72, 73, 74, 80, 81, 84, 85, 95, 99, 102, 109, 119, 120, 134, 140, 150, 161, 169, 175, 176, 181, 185, 186, 187, 188, 189, 192, 193}"
RefArbor,C4.5,WcD0C191710311030_01.ce,80,0.24569517090850768,"{2, 4, 17, 25, 30, 32, 33, 34, 35, 37, 41, 45, 46, 53, 54, 58, 59, 60, 62, 63, 64, 65, 68, 69, 73, 74, 78, 82, 84, 85, 87, 94, 95, 96, 97, 102, 103, 106, 113, 126, 127, 128, 129, 130, 131, 132, 134, 135, 138, 139, 140, 144, 145, 146, 147, 148, 149, 150, 151, 152, 153, 154, 155, 156, 157, 158, 159, 160, 161, 162, 166, 174, 175, 179, 183, 184, 185, 186, 189, 193}"
RefArbor,C4.5,WcD0C191710311045_01.ce,102,0.27759697695068664,"{7, 10, 11, 12, 14, 15, 17, 18, 23, 28, 29, 30, 33, 36, 37, 38, 39, 40, 41, 43, 44, 48, 49, 50, 51, 52, 59, 68, 69, 74, 76, 78, 79, 80, 81, 84, 85, 86, 87, 88, 89, 90, 95, 100, 101, 102, 103, 104, 105, 107, 108, 109, 110, 111, 112, 113, 114, 116, 120, 122, 123, 129, 130, 131, 132, 133, 134, 136, 137, 138, 139, 140, 141, 143, 144, 145, 151, 152, 153, 154, 155, 157, 164, 167, 168, 169, 170, 171, 172, 176, 177, 179, 180, 182, 184, 185, 186, 187, 188, 189, 190, 191}"
RefArbor,C4.4,WcD0C131710311100_07.ce,74,0.23972438567613746,"{1, 2, 3, 4, 16, 17, 18, 19, 22, 24, 30, 34, 37, 44, 45, 52, 54, 56, 59, 60, 62, 64, 65, 67, 70, 71, 72, 73, 74, 76, 77, 78, 81, 87, 95, 96, 97, 98, 99, 100, 101, 103, 104, 118, 119, 123, 124, 126, 127, 128, 132, 133, 134, 135, 136, 137, 138, 142, 146, 147, 148, 149, 150, 152, 153, 160, 176, 182, 183, 184, 185, 186, 187, 188}"
RefArbor,C4.4,WcD0C131710311115_07.ce,48,0.21858401366416824,"{14, 16, 17, 18, 19, 20, 34, 35, 36, 40, 41, 42, 43, 50, 51, 52, 53, 54, 58, 63, 64, 65, 75, 82, 94, 95, 96, 102, 104, 113, 114, 115, 116, 123, 125, 128, 134, 136, 137, 138, 139, 144, 145, 156, 165, 169, 170, 174}"
RefArbor,C4.4,WcD0C131710311130_07.ce,47,0.25206280994653,"{13, 15, 19, 29, 30, 31, 37, 41, 42, 43, 48, 50, 55, 58, 59, 60, 61, 64, 65, 73, 78, 90, 93, 94, 95, 96, 97, 98, 101, 107, 111, 112, 113, 114, 121, 122, 124, 126, 127, 128, 130, 133, 139, 140, 145, 186, 188}"
RefArbor,C4.4,WcD0C131710311145_07.ce,61,0.2510133959327695,"{1, 3, 8, 9, 10, 16, 17, 19, 21, 26, 31, 33, 36, 40, 41, 42, 43, 47, 51, 52, 55, 61, 62, 66, 67, 68, 75, 76, 81, 91, 92, 93, 99, 100, 101, 103, 104, 107, 113, 114, 115, 119, 120, 121, 126, 129, 132, 133, 135, 137, 138, 139, 140, 155, 156, 158, 165, 170, 171, 172, 193}"
RefArbor,C4.5,WcD0C191710311100_01.ce,70,0.2438381848679275,"{1, 2, 3, 4, 16, 17, 18, 19, 20, 22, 23, 24, 30, 34, 37, 38, 40, 51, 54, 56, 60, 62, 64, 65, 70, 71, 72, 73, 74, 76, 78, 95, 96, 97, 99, 100, 101, 103, 104, 105, 118, 119, 123, 124, 127, 129, 132, 133, 134, 135, 136, 137, 142, 146, 147, 148, 149, 150, 152, 153, 158, 161, 176, 182, 183, 184, 185, 186, 187, 188}"
RefArbor,C4.5,WcD0C191710311115_01.ce,48,0.22006588355846138,"{13, 15, 16, 17, 18, 19, 20, 36, 40, 41, 42, 43, 50, 51, 52, 53, 54, 58, 59, 63, 64, 65, 72, 75, 82, 83, 94, 95, 96, 113, 114, 115, 116, 125, 134, 135, 136, 137, 138, 139, 143, 145, 155, 156, 165, 170, 174, 175}"
RefArbor,C4.5,WcD0C191710311130_01.ce,52,0.2520871190961986,"{13, 19, 29, 30, 31, 37, 39, 41, 42, 43, 45, 48, 53, 55, 58, 59, 60, 61, 64, 65, 66, 73, 76, 77, 78, 90, 93, 94, 95, 96, 97, 99, 100, 107, 111, 112, 113, 114, 121, 122, 125, 126, 127, 128, 130, 133, 136, 139, 140, 145, 186, 188}"
RefArbor,C4.5,WcD0C191710311145_01.ce,59,0.24994890072986867,"{1, 3, 8, 9, 10, 12, 16, 17, 20, 26, 30, 31, 33, 40, 41, 42, 43, 51, 52, 57, 59, 61, 62, 66, 67, 68, 75, 91, 92, 93, 98, 99, 100, 101, 103, 104, 107, 113, 114, 115, 120, 121, 132, 133, 135, 136, 137, 139, 140, 147, 155, 156, 158, 165, 166, 170, 171, 172, 175}"
RefArbor,C4.4,WcD0C131710311200_07.ce,51,0.2247779908971495,"{1, 2, 3, 4, 5, 6, 23, 29, 30, 31, 33, 38, 39, 41, 45, 57, 58, 82, 84, 92, 93, 100, 102, 103, 109, 110, 111, 114, 115, 123, 128, 144, 145, 147, 150, 151, 156, 161, 174, 175, 176, 177, 179, 180, 181, 182, 184, 185, 186, 191, 193}"
RefArbor,C4.4,WcD0C131710311215_07.ce,82,0.2040192994762875,"{3, 16, 22, 28, 29, 30, 32, 33, 34, 35, 38, 39, 42, 43, 46, 47, 48, 49, 50, 51, 52, 55, 56, 57, 58, 59, 60, 61, 62, 63, 79, 80, 94, 96, 97, 112, 114, 116, 118, 119, 120, 121, 122, 124, 125, 126, 127, 129, 130, 131, 132, 133, 134, 135, 136, 138, 140, 141, 143, 144, 145, 146, 147, 150, 151, 153, 160, 161, 168, 170, 178, 179, 180, 184, 185, 186, 187, 188, 190, 191, 192, 193}"
RefArbor,C4.4,WcD0C131710311230_07.ce,117,0.24487938124645997,"{1, 2, 3, 4, 6, 7, 8, 9, 12, 13, 14, 16, 17, 21, 24, 25, 26, 27, 28, 30, 31, 32, 33, 34, 35, 36, 37, 39, 41, 42, 44, 45, 46, 48, 49, 51, 53, 56, 57, 58, 59, 60, 64, 78, 79, 80, 81, 82, 85, 86, 87, 88, 89, 90, 91, 92, 93, 94, 95, 96, 97, 98, 99, 100, 101, 102, 103, 104, 105, 107, 108, 110, 113, 114, 115, 116, 117, 122, 123, 127, 130, 136, 137, 139, 140, 141, 142, 146, 147, 148, 149, 150, 151, 152, 153, 158, 159, 160, 161, 162, 164, 165, 166, 167, 168, 169, 171, 172, 173, 174, 175, 179, 180, 182, 183, 186, 192}"
RefArbor,C4.4,WcD0C131710311245_07.ce,100,0.2469497621168081,"{2, 7, 16, 20, 21, 22, 23, 24, 25, 26, 27, 28, 29, 30, 31, 32, 33, 34, 35, 36, 37, 39, 40, 42, 43, 44, 45, 46, 47, 48, 49, 50, 54, 55, 58, 59, 60, 63, 65, 68, 69, 70, 71, 72, 73, 74, 75, 76, 77, 78, 79, 80, 81, 82, 83, 84, 85, 86, 87, 88, 92, 93, 94, 97, 99, 100, 102, 103, 104, 112, 113, 115, 116, 118, 119, 120, 121, 122, 123, 124, 125, 127, 128, 129, 130, 131, 132, 135, 136, 140, 143, 146, 147, 148, 149, 165, 187, 189, 191, 193}"
RefArbor,C4.5,WcD0C191710311200_01.ce,51,0.22657586480909456,"{1, 2, 3, 4, 5, 6, 9, 22, 23, 29, 30, 31, 34, 38, 39, 41, 45, 57, 58, 80, 81, 82, 92, 93, 97, 102, 103, 109, 110, 111, 114, 115, 118, 128, 132, 145, 147, 148, 150, 151, 156, 161, 175, 176, 177, 180, 182, 184, 185, 186, 191}"
RefArbor,C4.5,WcD0C191710311215_01.ce,85,0.21010133893833596,"{2, 15, 21, 23, 27, 28, 29, 31, 32, 33, 34, 37, 38, 42, 44, 45, 46, 47, 48, 49, 50, 51, 54, 55, 56, 57, 58, 59, 60, 61, 62, 78, 79, 80, 83, 93, 95, 96, 108, 111, 113, 115, 117, 118, 120, 121, 122, 123, 124, 125, 128, 129, 130, 131, 132, 133, 134, 135, 139, 140, 142, 143, 144, 145, 146, 149, 150, 151, 159, 160, 167, 169, 177, 178, 179, 183, 184, 185, 186, 187, 188, 189, 190, 191, 192}"
RefArbor,C4.5,WcD0C191710311230_01.ce,113,0.2553951118830866,"{1, 2, 3, 4, 5, 7, 8, 9, 11, 12, 13, 14, 16, 17, 24, 25, 26, 27, 28, 31, 32, 33, 34, 35, 36, 37, 39, 41, 42, 44, 45, 46, 48, 49, 51, 56, 57, 58, 59, 64, 78, 79, 80, 81, 82, 85, 86, 87, 88, 89, 90, 91, 92, 93, 94, 95, 96, 97, 98, 99, 100, 101, 102, 103, 104, 105, 107, 108, 110, 114, 115, 116, 117, 122, 123, 125, 126, 127, 130, 136, 137, 139, 140, 141, 142, 146, 147, 148, 149, 150, 151, 152, 153, 154, 158, 159, 160, 161, 162, 164, 165, 167, 168, 173, 174, 175, 176, 179, 180, 182, 183, 184, 192}"
RefArbor,C4.5,WcD0C191710311245_01.ce,105,0.24771276949660345,"{2, 7, 16, 17, 19, 20, 21, 22, 23, 24, 25, 26, 27, 28, 29, 30, 31, 32, 33, 34, 35, 36, 37, 39, 40, 42, 43, 44, 45, 47, 48, 49, 50, 54, 55, 57, 59, 60, 63, 64, 65, 68, 69, 70, 71, 72, 73, 74, 75, 76, 77, 78, 79, 80, 81, 82, 83, 84, 85, 86, 87, 88, 92, 93, 94, 97, 99, 100, 102, 103, 104, 106, 108, 112, 113, 115, 116, 118, 119, 120, 121, 122, 123, 124, 125, 127, 128, 129, 130, 131, 132, 135, 136, 138, 140, 143, 146, 147, 148, 149, 165, 187, 189, 191, 193}"
RefArbor,C4.4,WcD0C131710311300_07.ce,44,0.2425777878332438,"{1, 2, 3, 4, 5, 6, 7, 8, 9, 23, 24, 25, 26, 27, 28, 34, 40, 45, 50, 58, 66, 76, 77, 78, 79, 80, 83, 87, 89, 109, 110, 132, 145, 146, 147, 148, 151, 152, 164, 170, 175, 178, 180, 193}"
RefArbor,C4.4,WcD0C131710311315_07.ce,50,0.2174517512904274,"{21, 22, 49, 51, 55, 56, 57, 63, 64, 65, 66, 67, 68, 70, 71, 72, 73, 74, 75, 76, 103, 106, 109, 115, 126, 128, 129, 130, 131, 133, 134, 145, 146, 147, 148, 149, 150, 166, 167, 168, 169, 170, 175, 176, 177, 179, 190, 191, 192, 193}"
RefArbor,C4.4,WcD0C131710311330_07.ce,79,0.23890072205724489,"{1, 12, 19, 20, 21, 24, 25, 26, 27, 29, 30, 34, 35, 36, 37, 38, 39, 40, 41, 42, 48, 50, 51, 59, 60, 75, 80, 81, 82, 86, 87, 88, 93, 108, 109, 110, 111, 112, 113, 114, 115, 116, 117, 118, 119, 120, 121, 122, 123, 124, 125, 126, 127, 128, 129, 130, 131, 132, 133, 134, 135, 136, 137, 138, 139, 140, 141, 142, 147, 159, 161, 162, 176, 183, 184, 185, 186, 187, 191}"
RefArbor,C4.4,WcD0C131710311345_07.ce,55,0.25114859135368384,"{14, 15, 20, 21, 22, 23, 28, 29, 33, 34, 35, 36, 37, 38, 40, 43, 44, 45, 50, 51, 53, 54, 58, 59, 66, 67, 72, 78, 79, 81, 82, 84, 85, 86, 87, 88, 89, 90, 91, 92, 93, 97, 117, 118, 122, 123, 129, 133, 134, 144, 151, 155, 158, 177, 193}"
RefArbor,C4.5,WcD0C191710311300_01.ce,41,0.24517623465257385,"{1, 2, 3, 4, 5, 6, 7, 8, 9, 23, 24, 25, 26, 28, 34, 40, 45, 50, 58, 66, 76, 77, 78, 79, 80, 83, 87, 89, 109, 110, 145, 146, 147, 148, 151, 152, 164, 170, 175, 180, 193}"
RefArbor,C4.5,WcD0C191710311315_01.ce,47,0.22076657115696915,"{21, 49, 55, 56, 57, 58, 63, 64, 65, 66, 67, 68, 70, 71, 72, 73, 74, 75, 76, 103, 106, 109, 115, 125, 126, 129, 130, 131, 133, 134, 145, 147, 148, 149, 166, 167, 168, 169, 170, 175, 177, 179, 185, 190, 191, 192, 193}"
RefArbor,C4.5,WcD0C191710311330_01.ce,80,0.23628963089392394,"{1, 14, 19, 20, 21, 22, 24, 25, 26, 27, 29, 30, 31, 34, 35, 36, 37, 38, 39, 40, 41, 42, 48, 49, 60, 75, 81, 82, 84, 85, 86, 87, 88, 89, 93, 108, 109, 110, 111, 112, 113, 114, 115, 116, 117, 118, 119, 120, 121, 122, 123, 124, 125, 126, 127, 128, 129, 130, 131, 132, 133, 134, 135, 136, 137, 138, 139, 140, 141, 142, 147, 159, 161, 162, 176, 183, 184, 185, 186, 187}"
RefArbor,C4.5,WcD0C191710311345_01.ce,53,0.25236310516638066,"{14, 15, 20, 21, 22, 23, 28, 29, 33, 34, 35, 36, 37, 42, 43, 44, 45, 50, 51, 52, 53, 54, 58, 59, 66, 67, 72, 78, 79, 81, 82, 84, 85, 86, 87, 88, 89, 90, 91, 92, 93, 97, 117, 122, 123, 129, 133, 134, 144, 148, 149, 155, 193}"
RefArbor,C4.4,WcD0C131710311400_07.ce,58,0.24499238719239375,"{1, 2, 3, 4, 10, 11, 13, 14, 15, 26, 27, 28, 29, 30, 42, 43, 68, 78, 79, 80, 85, 87, 88, 89, 95, 110, 112, 116, 118, 120, 122, 129, 131, 138, 139, 140, 144, 149, 150, 151, 152, 155, 158, 160, 161, 162, 164, 166, 170, 171, 172, 174, 175, 177, 178, 179, 180, 191}"
RefArbor,C4.4,WcD0C131710311415_07.ce,15,0.2189740091517878,"{6, 18, 29, 43, 47, 49, 58, 69, 89, 105, 106, 111, 113, 114, 184}"
RefArbor,C4.4,WcD0C131710311430_07.ce,27,0.23093041936123057,"{1, 2, 4, 6, 15, 26, 27, 28, 42, 45, 54, 59, 73, 76, 80, 84, 85, 94, 95, 96, 98, 101, 104, 146, 155, 159, 179}"
RefArbor,C4.4,WcD0C131710311445_07.ce,28,0.21590980651554273,"{5, 25, 26, 27, 45, 51, 55, 56, 57, 64, 65, 66, 69, 70, 72, 73, 90, 91, 92, 95, 96, 101, 111, 116, 117, 126, 144, 167}"
RefArbor,C4.5,WcD0C191710311400_01.ce,64,0.24450428910378974,"{1, 2, 3, 4, 6, 7, 10, 11, 13, 14, 15, 26, 27, 28, 29, 30, 42, 43, 45, 68, 78, 79, 80, 85, 87, 88, 89, 110, 112, 116, 118, 120, 122, 124, 129, 131, 138, 139, 140, 141, 144, 149, 150, 151, 152, 153, 158, 159, 160, 161, 162, 164, 166, 170, 171, 172, 173, 175, 177, 179, 180, 191, 192, 193}"
RefArbor,C4.5,WcD0C191710311415_01.ce,22,0.22061816521773067,"{1, 3, 6, 7, 8, 12, 17, 29, 30, 43, 47, 49, 58, 69, 91, 106, 111, 114, 115, 132, 140, 184}"
RefArbor,C4.5,WcD0C191710311430_01.ce,30,0.23087883538216677,"{1, 2, 6, 14, 15, 26, 27, 28, 32, 37, 42, 45, 59, 76, 80, 83, 85, 92, 93, 94, 95, 96, 98, 101, 104, 111, 133, 146, 159, 192}"
RefArbor,C4.5,WcD0C191710311445_01.ce,26,0.21372199999871147,"{25, 27, 51, 55, 56, 64, 65, 66, 69, 70, 72, 73, 78, 89, 90, 91, 92, 95, 117, 126, 140, 141, 143, 167, 171, 176}"
RefArbor,C4.4,WcD0C131710311500_07.ce,23,0.21481193671096332,"{1, 2, 3, 4, 20, 41, 53, 58, 72, 73, 83, 92, 104, 112, 119, 140, 149, 150, 153, 164, 169, 172, 173}"
RefArbor,C4.4,WcD0C131710311515_07.ce,40,0.1963743230260176,"{14, 16, 19, 32, 33, 35, 36, 37, 42, 44, 45, 50, 51, 52, 53, 54, 55, 56, 59, 61, 115, 122, 125, 126, 127, 130, 131, 134, 138, 140, 141, 142, 143, 145, 146, 159, 173, 187, 188, 189}"
RefArbor,C4.4,WcD0C131710311530_07.ce,77,0.2468305583074402,"{5, 8, 11, 13, 14, 15, 16, 17, 18, 19, 20, 21, 24, 39, 40, 45, 63, 64, 67, 69, 70, 71, 72, 76, 77, 78, 81, 82, 83, 84, 85, 86, 87, 88, 89, 90, 91, 92, 93, 94, 95, 96, 97, 99, 100, 102, 103, 104, 105, 106, 107, 109, 126, 135, 139, 140, 141, 142, 143, 151, 155, 157, 158, 161, 162, 163, 164, 165, 167, 168, 169, 173, 174, 175, 178, 186, 190}"
RefArbor,C4.4,WcD0C131710311545_07.ce,63,0.24056920793193404,"{5, 6, 7, 8, 14, 15, 16, 17, 18, 19, 20, 21, 22, 26, 33, 34, 35, 36, 37, 38, 39, 40, 41, 42, 43, 44, 45, 47, 48, 49, 55, 56, 63, 64, 68, 92, 96, 98, 103, 104, 109, 127, 130, 131, 158, 159, 166, 168, 175, 176, 178, 179, 180, 181, 182, 184, 185, 187, 190, 191, 192, 193, 194}"
RefArbor,C4.5,WcD0C191710311500_01.ce,21,0.2177275084574673,"{1, 2, 3, 19, 39, 40, 52, 72, 82, 91, 103, 111, 114, 118, 139, 148, 149, 163, 168, 171, 172}"
RefArbor,C4.5,WcD0C191710311515_01.ce,44,0.19674958734714557,"{14, 15, 16, 19, 31, 32, 33, 34, 35, 36, 37, 42, 44, 45, 50, 51, 52, 53, 54, 55, 56, 61, 115, 122, 125, 126, 127, 129, 131, 134, 138, 140, 141, 142, 143, 145, 146, 159, 169, 186, 187, 188, 189, 191}"
RefArbor,C4.5,WcD0C191710311530_01.ce,83,0.2452272673571468,"{5, 8, 11, 13, 14, 15, 17, 18, 19, 20, 21, 32, 39, 40, 45, 47, 64, 65, 67, 69, 70, 71, 72, 76, 77, 78, 81, 82, 83, 84, 85, 86, 87, 88, 89, 90, 91, 92, 93, 94, 95, 96, 97, 99, 100, 102, 103, 104, 105, 106, 107, 109, 126, 127, 135, 136, 139, 140, 141, 142, 143, 148, 151, 157, 158, 161, 162, 163, 164, 165, 167, 168, 169, 170, 173, 174, 175, 178, 181, 186, 190, 191, 192}"
RefArbor,C4.5,WcD0C191710311545_01.ce,65,0.2398449334214317,"{4, 5, 6, 7, 8, 10, 13, 14, 15, 16, 17, 18, 19, 20, 21, 25, 32, 33, 34, 35, 36, 37, 38, 39, 40, 41, 42, 43, 44, 46, 47, 48, 54, 55, 62, 63, 91, 97, 102, 103, 108, 126, 128, 130, 157, 158, 160, 165, 167, 173, 174, 175, 176, 178, 179, 180, 181, 182, 183, 184, 188, 189, 191, 192, 193}"
RefArbor,C4.4,WcD0C131710311600_07.ce,78,0.2369663331606266,"{1, 2, 3, 4, 5, 6, 7, 8, 9, 10, 11, 12, 13, 14, 15, 16, 17, 18, 21, 22, 23, 24, 25, 26, 29, 30, 36, 37, 38, 39, 40, 41, 42, 43, 44, 45, 55, 56, 61, 68, 69, 70, 72, 74, 76, 77, 78, 79, 81, 82, 83, 96, 101, 102, 104, 105, 107, 109, 118, 119, 123, 128, 132, 134, 135, 136, 145, 148, 149, 153, 155, 162, 175, 176, 177, 179, 192, 193}"
RefArbor,C4.4,WcD0C131710311615_07.ce,55,0.24071859332642626,"{2, 4, 5, 26, 39, 40, 41, 43, 44, 46, 47, 48, 49, 50, 51, 52, 75, 82, 87, 89, 90, 92, 101, 108, 120, 123, 124, 126, 127, 129, 137, 138, 143, 144, 145, 146, 147, 148, 149, 166, 167, 170, 171, 172, 173, 174, 175, 176, 177, 179, 180, 182, 183, 186, 188}"
RefArbor,C4.4,WcD0C131710311630_07.ce,62,0.2543312521463804,"{5, 6, 7, 11, 17, 24, 31, 44, 45, 51, 52, 53, 55, 56, 61, 62, 63, 65, 66, 67, 68, 69, 71, 74, 75, 76, 78, 79, 80, 81, 88, 89, 90, 91, 92, 93, 95, 106, 110, 113, 119, 120, 124, 125, 126, 127, 128, 130, 140, 143, 145, 146, 147, 148, 149, 150, 156, 161, 170, 175, 183, 184}"
RefArbor,C4.4,WcD0C131710311645_07.ce,63,0.26448728398330795,"{2, 6, 7, 8, 15, 21, 23, 35, 39, 49, 55, 56, 58, 60, 61, 62, 64, 66, 67, 68, 69, 70, 78, 84, 89, 92, 93, 96, 98, 102, 103, 109, 112, 118, 119, 125, 129, 131, 134, 139, 140, 141, 142, 143, 147, 148, 149, 150, 152, 153, 154, 158, 159, 160, 167, 170, 177, 180, 181, 183, 185, 187, 188}"
RefArbor,C4.5,WcD0C191710311600_01.ce,74,0.2424702485564824,"{1, 2, 3, 4, 5, 6, 7, 8, 9, 10, 11, 12, 13, 14, 15, 16, 17, 18, 21, 22, 23, 24, 25, 28, 30, 32, 36, 37, 38, 39, 40, 41, 42, 43, 44, 45, 55, 56, 61, 68, 70, 72, 74, 76, 77, 78, 79, 80, 81, 82, 83, 101, 102, 104, 105, 107, 109, 118, 119, 123, 128, 132, 134, 135, 145, 148, 149, 153, 155, 176, 177, 179, 192, 193}"
RefArbor,C4.5,WcD0C191710311615_01.ce,51,0.2436470035974816,"{3, 4, 5, 18, 20, 39, 40, 41, 43, 44, 46, 47, 48, 49, 50, 51, 52, 75, 87, 89, 90, 92, 101, 108, 120, 124, 127, 129, 137, 138, 143, 144, 145, 146, 147, 148, 166, 167, 170, 171, 172, 173, 174, 175, 176, 177, 179, 180, 182, 183, 186}"
RefArbor,C4.5,WcD0C191710311630_01.ce,67,0.2529178146705756,"{6, 7, 17, 31, 39, 44, 45, 51, 52, 53, 54, 55, 56, 58, 59, 61, 62, 63, 64, 65, 66, 67, 68, 69, 71, 75, 76, 78, 79, 80, 81, 84, 88, 89, 90, 91, 92, 93, 95, 104, 109, 110, 113, 118, 119, 120, 124, 125, 126, 127, 128, 129, 130, 140, 143, 145, 146, 147, 148, 149, 150, 156, 161, 170, 175, 183, 184}"
RefArbor,C4.5,WcD0C191710311645_01.ce,61,0.2613450566082946,"{2, 5, 6, 7, 8, 9, 15, 21, 33, 35, 55, 56, 58, 60, 62, 64, 66, 67, 68, 69, 70, 72, 78, 92, 93, 98, 99, 102, 103, 105, 106, 118, 119, 131, 134, 137, 139, 140, 141, 142, 143, 147, 148, 149, 152, 153, 154, 155, 158, 159, 160, 161, 166, 167, 170, 177, 181, 183, 185, 187, 188}"
RefArbor,C4.4,WcD0C131710311700_07.ce,42,0.21740367115414325,"{1, 2, 3, 4, 8, 9, 21, 25, 27, 33, 34, 35, 43, 44, 45, 77, 78, 80, 81, 85, 86, 87, 88, 92, 95, 96, 100, 102, 104, 105, 106, 107, 113, 141, 152, 155, 159, 167, 179, 180, 184, 194}"
RefArbor,C4.4,WcD0C131710311715_07.ce,44,0.21614924130575766,"{3, 5, 7, 8, 9, 10, 37, 38, 42, 43, 44, 45, 58, 59, 68, 69, 76, 77, 82, 83, 84, 90, 91, 92, 93, 103, 108, 109, 110, 118, 119, 120, 121, 134, 135, 147, 148, 149, 150, 151, 170, 177, 178, 179}"
RefArbor,C4.4,WcD0C131710311730_07.ce,67,0.21436348492519164,"{2, 5, 8, 9, 10, 11, 12, 13, 14, 15, 16, 17, 18, 20, 21, 24, 25, 26, 27, 28, 29, 35, 36, 43, 44, 45, 62, 63, 64, 68, 69, 70, 71, 72, 75, 76, 77, 83, 105, 106, 117, 118, 119, 120, 145, 146, 147, 148, 149, 150, 151, 152, 153, 154, 155, 159, 171, 173, 175, 182, 183, 184, 188, 189, 191, 192, 193}"
RefArbor,C4.4,WcD0C131710311745_07.ce,74,0.22665203730364578,"{9, 43, 44, 45, 46, 50, 51, 58, 61, 62, 66, 67, 68, 69, 70, 71, 74, 75, 76, 77, 78, 79, 80, 81, 82, 83, 84, 85, 86, 87, 88, 89, 91, 92, 93, 94, 95, 96, 97, 98, 99, 100, 103, 104, 105, 109, 110, 111, 113, 114, 115, 116, 117, 118, 122, 123, 124, 125, 126, 128, 129, 130, 131, 132, 133, 134, 135, 136, 137, 144, 178, 184, 188, 189}"
RefArbor,C4.5,WcD0C191710311700_01.ce,42,0.21805766831651838,"{1, 2, 3, 4, 8, 9, 19, 21, 27, 32, 33, 34, 35, 43, 44, 45, 77, 78, 80, 81, 85, 86, 87, 88, 95, 96, 100, 102, 105, 106, 107, 109, 112, 113, 141, 152, 155, 159, 167, 179, 180, 194}"
RefArbor,C4.5,WcD0C191710311715_01.ce,47,0.2118389547223758,"{3, 5, 6, 7, 8, 9, 10, 35, 37, 38, 42, 43, 44, 45, 58, 59, 67, 68, 69, 73, 77, 82, 83, 84, 90, 91, 92, 93, 103, 108, 109, 110, 118, 119, 120, 121, 134, 135, 147, 148, 149, 150, 151, 170, 177, 178, 179}"
RefArbor,C4.5,WcD0C191710311730_01.ce,69,0.2133442497578542,"{5, 7, 8, 9, 10, 11, 12, 13, 14, 15, 16, 17, 18, 20, 21, 22, 24, 25, 26, 27, 28, 29, 35, 36, 39, 41, 43, 44, 45, 62, 63, 64, 68, 69, 70, 71, 72, 75, 76, 77, 105, 106, 117, 118, 119, 120, 143, 145, 146, 147, 148, 149, 150, 151, 152, 153, 154, 155, 159, 171, 173, 175, 182, 183, 184, 188, 189, 192, 193}"
RefArbor,C4.5,WcD0C191710311745_01.ce,72,0.22758581770657751,"{9, 11, 43, 44, 45, 50, 51, 58, 62, 66, 67, 68, 69, 70, 71, 75, 76, 77, 78, 79, 80, 81, 82, 83, 84, 85, 86, 87, 88, 89, 90, 91, 92, 93, 95, 96, 97, 98, 99, 100, 103, 104, 105, 109, 110, 111, 113, 114, 116, 117, 118, 122, 123, 124, 125, 126, 128, 129, 130, 131, 133, 134, 135, 136, 137, 144, 145, 155, 178, 181, 188, 189}"
RefArbor,C4.4,WcD0C131710311800_07.ce,55,0.23568239580099423,"{1, 2, 3, 4, 10, 11, 21, 23, 26, 28, 30, 31, 32, 35, 36, 47, 48, 49, 52, 57, 59, 63, 64, 69, 77, 78, 79, 80, 81, 86, 88, 97, 98, 100, 101, 104, 115, 124, 127, 135, 136, 145, 147, 168, 169, 170, 171, 172, 184, 185, 186, 190, 191, 192, 193}"
RefArbor,C4.4,WcD0C131710311815_07.ce,58,0.240333604047146,"{2, 5, 7, 8, 9, 10, 15, 16, 17, 18, 19, 20, 21, 23, 26, 27, 28, 31, 39, 59, 67, 68, 69, 70, 71, 72, 87, 88, 90, 95, 110, 111, 112, 115, 126, 127, 131, 134, 135, 136, 137, 138, 139, 140, 141, 142, 143, 144, 145, 159, 168, 169, 175, 176, 177, 183, 187, 188}"
RefArbor,C4.4,WcD0C131710311830_07.ce,34,0.2366747734597009,"{16, 17, 18, 32, 38, 40, 41, 45, 64, 74, 89, 94, 100, 101, 107, 109, 112, 122, 123, 124, 125, 145, 146, 152, 153, 173, 174, 175, 176, 177, 178, 180, 187, 192}"
RefArbor,C4.4,WcD0C131710311845_07.ce,42,0.22230147429859873,"{16, 17, 18, 22, 23, 24, 26, 31, 33, 34, 44, 45, 46, 49, 50, 62, 63, 65, 67, 71, 72, 132, 133, 134, 135, 136, 137, 138, 139, 140, 141, 142, 143, 144, 145, 149, 170, 171, 172, 185, 192, 193}"
RefArbor,C4.5,WcD0C191710311800_01.ce,50,0.23814114730410904,"{1, 2, 3, 4, 10, 11, 21, 23, 28, 29, 30, 32, 33, 47, 48, 49, 52, 57, 59, 64, 68, 69, 77, 78, 79, 80, 81, 86, 97, 101, 124, 125, 126, 127, 144, 146, 162, 168, 169, 170, 171, 172, 184, 185, 186, 187, 190, 191, 192, 193}"
RefArbor,C4.5,WcD0C191710311815_01.ce,68,0.23421218637218583,"{2, 5, 7, 8, 9, 10, 15, 16, 17, 18, 19, 20, 21, 23, 26, 27, 28, 29, 31, 39, 41, 48, 59, 61, 66, 67, 68, 69, 70, 71, 72, 82, 85, 87, 88, 90, 95, 103, 110, 111, 112, 115, 126, 127, 131, 134, 135, 136, 137, 138, 139, 140, 141, 142, 143, 144, 145, 159, 166, 168, 169, 175, 176, 177, 183, 184, 187, 188}"
RefArbor,C4.5,WcD0C191710311830_01.ce,34,0.234410032407313,"{15, 16, 17, 30, 31, 37, 39, 40, 44, 63, 73, 93, 98, 100, 105, 108, 121, 122, 123, 124, 144, 145, 152, 160, 166, 172, 173, 174, 175, 176, 177, 179, 186, 190}"
RefArbor,C4.5,WcD0C191710311845_01.ce,41,0.22444358391478386,"{9, 16, 17, 18, 22, 23, 24, 26, 31, 33, 34, 44, 45, 46, 49, 50, 62, 63, 99, 100, 131, 132, 133, 134, 135, 136, 137, 138, 139, 140, 141, 142, 143, 144, 145, 149, 160, 170, 171, 172, 192}"
RefArbor,C4.4,WcD0C131710311900_07.ce,40,0.21077817778102956,"{1, 2, 3, 4, 8, 18, 20, 22, 28, 29, 30, 31, 32, 51, 56, 57, 58, 62, 67, 68, 73, 121, 122, 123, 124, 127, 128, 129, 134, 135, 136, 137, 138, 139, 152, 153, 157, 158, 159, 166}"
RefArbor,C4.4,WcD0C131710311915_07.ce,48,0.2271932376783003,"{13, 37, 38, 39, 44, 45, 46, 47, 48, 49, 50, 51, 52, 53, 62, 63, 64, 66, 80, 90, 94, 96, 97, 103, 104, 115, 116, 119, 128, 129, 139, 145, 148, 155, 156, 157, 158, 165, 169, 172, 176, 185, 187, 188, 190, 191, 192, 193}"
RefArbor,C4.4,WcD0C131710311930_07.ce,46,0.24409390636289344,"{18, 19, 22, 23, 27, 29, 33, 36, 37, 39, 46, 47, 48, 49, 52, 53, 60, 68, 73, 75, 77, 79, 90, 94, 95, 96, 97, 98, 103, 112, 114, 115, 117, 119, 120, 126, 129, 130, 133, 153, 154, 156, 162, 163, 164, 190}"
RefArbor,C4.4,WcD0C131710311945_07.ce,16,0.21473561622489903,"{11, 158, 31, 32, 33, 34, 35, 44, 73, 76, 77, 89, 95, 104, 105, 106}"
RefArbor,C4.5,WcD0C191710311900_01.ce,42,0.2124540977469852,"{1, 2, 3, 4, 6, 8, 20, 22, 29, 30, 31, 32, 51, 56, 57, 58, 59, 62, 67, 68, 73, 104, 105, 109, 122, 123, 124, 127, 128, 129, 134, 135, 136, 137, 138, 139, 153, 154, 157, 158, 159, 166}"
RefArbor,C4.5,WcD0C191710311915_01.ce,42,0.23153566299528058,"{12, 36, 37, 38, 43, 44, 45, 46, 47, 48, 49, 50, 51, 52, 62, 63, 65, 79, 89, 93, 95, 96, 103, 114, 115, 117, 122, 126, 129, 147, 155, 157, 160, 164, 171, 175, 184, 186, 187, 189, 191, 192}"
RefArbor,C4.5,WcD0C191710311930_01.ce,48,0.24197712309200123,"{1, 6, 15, 18, 19, 22, 23, 29, 33, 34, 35, 36, 37, 39, 46, 49, 50, 52, 54, 60, 73, 79, 80, 91, 94, 96, 97, 98, 100, 102, 109, 112, 114, 115, 116, 117, 119, 120, 126, 127, 129, 133, 142, 156, 162, 164, 168, 190}"
RefArbor,C4.5,WcD0C191710311945_01.ce,12,0.21790500996220905,"{31, 32, 34, 35, 44, 73, 77, 78, 105, 106, 158, 184}"
RefArbor,C4.4,WcD0C131710312000_07.ce,22,0.21471567626245028,"{1, 2, 3, 4, 9, 26, 99, 107, 108, 132, 160, 163, 165, 166, 170, 173, 182, 183, 189, 191, 192, 193}"
RefArbor,C4.4,WcD0C131710312015_07.ce,34,0.22692831469610325,"{8, 10, 13, 14, 25, 30, 35, 40, 41, 72, 73, 79, 82, 85, 92, 109, 113, 116, 117, 123, 138, 139, 140, 141, 144, 159, 162, 163, 168, 169, 176, 184, 192, 193}"
RefArbor,C4.4,WcD0C131710312030_07.ce,32,0.22103272294534654,"{20, 23, 25, 27, 28, 29, 33, 34, 41, 42, 45, 54, 56, 73, 78, 99, 100, 108, 112, 115, 123, 124, 125, 131, 133, 157, 170, 173, 178, 185, 186, 187}"
RefArbor,C4.4,WcD0C131710312045_07.ce,60,0.24344932294430588,"{8, 12, 13, 14, 15, 25, 28, 32, 33, 35, 38, 42, 43, 44, 45, 46, 51, 56, 57, 58, 62, 64, 65, 66, 67, 68, 69, 70, 78, 83, 92, 94, 95, 96, 97, 98, 101, 102, 103, 104, 106, 107, 111, 113, 116, 126, 129, 134, 135, 136, 137, 146, 147, 148, 154, 184, 185, 188, 191, 193}"
RefArbor,C4.5,WcD0C191710312000_01.ce,19,0.2146478237398214,"{1, 2, 3, 4, 99, 107, 108, 132, 160, 163, 165, 166, 170, 173, 183, 189, 191, 192, 193}"
RefArbor,C4.5,WcD0C191710312015_01.ce,27,0.23233595620344866,"{8, 10, 13, 14, 25, 41, 56, 72, 73, 79, 85, 107, 109, 117, 137, 139, 140, 141, 144, 162, 163, 176, 179, 180, 184, 192, 193}"
RefArbor,C4.5,WcD0C191710312030_01.ce,33,0.2255346847167019,"{12, 20, 25, 27, 28, 29, 33, 34, 39, 41, 42, 45, 73, 99, 100, 108, 110, 112, 115, 117, 123, 124, 125, 131, 133, 143, 157, 158, 173, 177, 185, 186, 187}"
RefArbor,C4.5,WcD0C191710312045_01.ce,57,0.2457710595031615,"{12, 13, 14, 15, 25, 31, 32, 33, 38, 42, 43, 44, 45, 50, 51, 56, 57, 58, 62, 63, 64, 65, 66, 67, 68, 69, 78, 83, 91, 92, 93, 94, 95, 96, 97, 98, 99, 102, 103, 104, 106, 107, 113, 116, 125, 129, 134, 135, 137, 146, 147, 148, 154, 175, 184, 185, 192}"
RefArbor,C4.4,WcD0C131710312100_07.ce,44,0.22134974084438724,"{1, 2, 3, 4, 5, 7, 11, 12, 13, 26, 27, 28, 29, 30, 31, 32, 33, 37, 38, 39, 40, 41, 52, 57, 58, 66, 67, 69, 78, 79, 80, 81, 88, 89, 143, 149, 177, 178, 179, 180, 187, 188, 191, 193}"
RefArbor,C4.4,WcD0C131710312115_07.ce,49,0.22633994768923987,"{10, 16, 17, 18, 19, 25, 27, 67, 71, 80, 81, 117, 118, 122, 123, 124, 129, 131, 133, 136, 137, 140, 141, 142, 144, 145, 146, 147, 148, 149, 150, 151, 152, 153, 155, 156, 157, 160, 164, 165, 167, 169, 170, 171, 172, 175, 178, 187, 189}"
RefArbor,C4.4,WcD0C131710312130_07.ce,45,0.23212119256044095,"{3, 4, 6, 7, 9, 10, 12, 14, 17, 23, 26, 36, 48, 54, 55, 56, 58, 59, 61, 62, 112, 115, 133, 134, 135, 136, 137, 138, 139, 140, 141, 142, 143, 148, 154, 155, 159, 160, 178, 179, 188, 189, 190, 192, 193}"
RefArbor,C4.4,WcD0C131710312145_07.ce,62,0.24183487931221795,"{1, 2, 3, 4, 5, 6, 7, 8, 9, 10, 11, 12, 27, 29, 34, 45, 46, 50, 51, 53, 58, 59, 60, 71, 72, 73, 74, 75, 76, 77, 78, 79, 82, 89, 90, 94, 98, 99, 100, 101, 150, 151, 152, 153, 155, 156, 157, 158, 160, 161, 163, 164, 166, 167, 169, 174, 182, 185, 186, 190, 191, 193}"
RefArbor,C4.5,WcD0C191710312100_01.ce,40,0.2220227375555208,"{1, 2, 3, 4, 5, 6, 7, 26, 27, 28, 29, 30, 31, 32, 33, 35, 37, 38, 39, 40, 41, 47, 58, 67, 78, 80, 81, 89, 143, 147, 149, 177, 178, 179, 181, 186, 187, 188, 190, 191}"
RefArbor,C4.5,WcD0C191710312115_01.ce,51,0.22709889856115278,"{9, 23, 24, 25, 26, 66, 70, 76, 79, 80, 83, 84, 85, 101, 116, 117, 121, 122, 123, 128, 130, 133, 135, 136, 137, 138, 139, 140, 142, 143, 144, 148, 149, 150, 151, 152, 155, 156, 159, 163, 164, 165, 166, 168, 169, 170, 171, 173, 177, 186, 192}"
RefArbor,C4.5,WcD0C191710312130_01.ce,45,0.23306794784407844,"{3, 6, 10, 12, 15, 17, 23, 26, 36, 48, 52, 53, 55, 56, 57, 58, 70, 72, 96, 112, 133, 134, 135, 136, 137, 138, 139, 140, 141, 142, 143, 146, 148, 154, 156, 178, 179, 184, 187, 188, 189, 190, 191, 192, 193}"
RefArbor,C4.5,WcD0C191710312145_01.ce,57,0.24240046576766433,"{1, 2, 3, 5, 6, 7, 11, 12, 27, 34, 46, 49, 50, 51, 52, 53, 58, 59, 60, 65, 71, 72, 73, 74, 75, 76, 77, 78, 79, 82, 89, 90, 94, 98, 99, 100, 101, 115, 153, 156, 157, 158, 159, 160, 161, 163, 166, 167, 168, 174, 176, 182, 185, 186, 189, 191, 193}"
RefArbor,C4.4,WcD0C131710312200_07.ce,62,0.2262811025173263,"{1, 2, 3, 4, 5, 6, 34, 35, 36, 48, 51, 68, 77, 78, 79, 84, 85, 94, 105, 106, 107, 113, 114, 115, 118, 119, 120, 121, 122, 125, 126, 129, 130, 131, 135, 136, 137, 138, 139, 140, 141, 142, 143, 144, 145, 146, 147, 148, 149, 150, 151, 152, 162, 163, 165, 169, 170, 174, 177, 178, 179, 181}"
RefArbor,C4.4,WcD0C131710312215_07.ce,83,0.2556286545019401,"{7, 8, 19, 28, 29, 31, 34, 35, 36, 37, 38, 39, 43, 44, 48, 51, 52, 56, 60, 61, 69, 70, 73, 74, 75, 79, 81, 82, 84, 85, 87, 88, 89, 96, 99, 106, 107, 108, 110, 111, 112, 117, 120, 121, 122, 123, 124, 125, 127, 128, 129, 130, 131, 132, 133, 134, 138, 140, 144, 145, 146, 147, 148, 150, 152, 155, 158, 159, 160, 161, 162, 163, 164, 165, 166, 167, 168, 169, 175, 180, 190, 191, 193}"
RefArbor,C4.4,WcD0C131710312230_07.ce,50,0.24439632484903925,"{1, 2, 4, 5, 18, 19, 22, 23, 25, 28, 29, 34, 37, 38, 39, 40, 41, 43, 71, 72, 73, 75, 77, 78, 79, 82, 83, 84, 86, 100, 110, 114, 115, 126, 135, 136, 137, 139, 140, 141, 144, 145, 149, 156, 163, 170, 172, 185, 192, 193}"
RefArbor,C4.4,WcD0C131710312245_07.ce,58,0.24630789515107035,"{1, 2, 4, 5, 7, 8, 10, 13, 15, 16, 19, 25, 29, 31, 39, 40, 44, 48, 51, 52, 53, 54, 55, 59, 60, 62, 70, 74, 76, 77, 79, 81, 85, 86, 87, 88, 89, 90, 94, 95, 100, 106, 107, 109, 112, 118, 119, 120, 121, 122, 123, 145, 152, 156, 174, 181, 182, 194}"
RefArbor,C4.5,WcD0C191710312200_01.ce,60,0.2286732086866562,"{1, 2, 3, 4, 5, 7, 33, 34, 35, 47, 50, 67, 76, 77, 83, 84, 104, 105, 106, 111, 112, 113, 114, 117, 118, 119, 120, 121, 124, 125, 128, 129, 132, 134, 135, 136, 137, 138, 139, 140, 141, 142, 143, 144, 145, 146, 147, 148, 149, 150, 151, 161, 162, 164, 165, 167, 169, 171, 173, 178}"
RefArbor,C4.5,WcD0C191710312215_01.ce,93,0.256565736394952,"{1, 7, 19, 21, 28, 29, 31, 32, 33, 35, 36, 37, 38, 39, 41, 42, 43, 44, 47, 51, 52, 56, 57, 60, 61, 62, 69, 70, 71, 73, 74, 75, 78, 79, 80, 81, 82, 84, 85, 87, 88, 89, 97, 104, 107, 108, 109, 110, 111, 112, 113, 117, 118, 121, 122, 123, 125, 126, 127, 128, 129, 130, 131, 132, 133, 134, 138, 139, 140, 144, 145, 146, 147, 148, 150, 151, 155, 159, 160, 161, 162, 163, 164, 165, 167, 169, 170, 175, 176, 189, 190, 191, 193}"
RefArbor,C4.5,WcD0C191710312230_01.ce,53,0.2459150494501484,"{1, 2, 4, 5, 18, 19, 22, 23, 25, 27, 29, 32, 34, 37, 39, 40, 41, 71, 72, 76, 77, 81, 82, 83, 84, 86, 100, 107, 110, 111, 115, 116, 117, 126, 133, 135, 136, 137, 140, 141, 142, 145, 149, 156, 158, 159, 162, 163, 172, 185, 192, 193, 194}"
RefArbor,C4.5,WcD0C191710312245_01.ce,62,0.24448773456791026,"{1, 3, 4, 6, 7, 11, 12, 14, 20, 21, 25, 29, 30, 32, 38, 39, 43, 46, 47, 48, 50, 51, 52, 58, 59, 61, 62, 68, 69, 70, 73, 75, 76, 77, 78, 85, 86, 87, 88, 89, 90, 93, 94, 106, 107, 108, 111, 117, 118, 119, 121, 122, 138, 144, 151, 155, 159, 171, 173, 180, 181, 193}"
RefArbor,C4.4,WcD0C131710312300_07.ce,57,0.24210110851274205,"{1, 2, 3, 4, 5, 6, 10, 17, 21, 26, 27, 28, 29, 30, 33, 34, 41, 54, 56, 60, 64, 66, 70, 71, 72, 73, 75, 76, 77, 78, 79, 80, 104, 109, 110, 114, 118, 135, 136, 140, 141, 146, 148, 154, 160, 162, 165, 166, 167, 168, 172, 187, 188, 189, 190, 191, 193}"
RefArbor,C4.4,WcD0C131710312315_07.ce,68,0.2387813505571525,"{1, 2, 3, 5, 6, 7, 11, 15, 21, 22, 28, 29, 35, 37, 51, 54, 59, 63, 64, 65, 66, 68, 70, 79, 94, 99, 109, 111, 115, 117, 118, 120, 121, 122, 125, 128, 136, 137, 141, 142, 143, 147, 148, 156, 158, 159, 161, 162, 164, 165, 166, 167, 169, 170, 171, 175, 181, 183, 184, 185, 186, 188, 189, 190, 191, 192, 193, 194}"
RefArbor,C4.4,WcD0C131710312330_07.ce,87,0.2686791988081442,"{2, 3, 4, 5, 6, 7, 9, 10, 11, 12, 13, 14, 15, 16, 17, 18, 19, 20, 22, 23, 25, 26, 27, 28, 29, 31, 32, 33, 37, 40, 42, 43, 44, 51, 53, 54, 57, 64, 69, 70, 71, 73, 89, 90, 94, 101, 110, 111, 114, 116, 121, 127, 129, 130, 131, 132, 134, 135, 136, 137, 138, 140, 141, 142, 143, 144, 146, 147, 148, 149, 150, 152, 153, 156, 159, 162, 171, 172, 174, 182, 183, 185, 186, 187, 188, 189, 193}"
RefArbor,C4.4,WcD0C131710312345_07.ce,55,0.2482699440766228,"{1, 17, 18, 21, 22, 27, 28, 29, 34, 52, 53, 56, 58, 59, 60, 66, 70, 73, 78, 82, 87, 89, 90, 91, 110, 111, 112, 117, 118, 119, 120, 121, 129, 149, 152, 153, 154, 155, 156, 157, 163, 169, 172, 175, 178, 179, 180, 181, 182, 184, 187, 189, 190, 191, 192}"
RefArbor,C4.5,WcD0C191710312300_01.ce,60,0.24520877859749032,"{1, 2, 3, 4, 5, 6, 10, 15, 17, 21, 26, 27, 28, 29, 30, 31, 33, 34, 35, 41, 48, 54, 56, 60, 66, 70, 71, 72, 73, 75, 76, 77, 78, 79, 80, 83, 104, 109, 116, 118, 131, 135, 136, 140, 141, 143, 144, 148, 149, 155, 162, 166, 167, 168, 172, 187, 188, 189, 190, 191}"
RefArbor,C4.5,WcD0C191710312315_01.ce,72,0.23910833883108257,"{1, 2, 3, 5, 6, 7, 11, 15, 20, 21, 22, 28, 29, 30, 35, 37, 59, 62, 63, 64, 65, 66, 68, 70, 94, 99, 108, 109, 111, 115, 121, 122, 123, 127, 128, 132, 136, 137, 139, 141, 142, 143, 148, 149, 153, 156, 158, 159, 161, 162, 164, 165, 166, 167, 169, 170, 171, 174, 175, 177, 181, 183, 184, 185, 186, 188, 189, 190, 191, 192, 193, 194}"
RefArbor,C4.5,WcD0C191710312330_01.ce,88,0.2682153674489461,"{1, 2, 3, 4, 5, 6, 7, 9, 10, 11, 12, 13, 14, 15, 16, 17, 18, 19, 20, 22, 23, 24, 26, 27, 28, 29, 31, 32, 33, 37, 42, 43, 48, 54, 57, 69, 70, 71, 72, 73, 79, 82, 84, 88, 89, 90, 94, 99, 101, 104, 110, 111, 114, 121, 125, 127, 129, 130, 131, 132, 134, 135, 136, 138, 140, 141, 142, 143, 144, 145, 146, 147, 148, 150, 152, 153, 156, 162, 171, 172, 175, 182, 183, 185, 188, 189, 190, 193}"
RefArbor,C4.5,WcD0C191710312345_01.ce,56,0.25292906291419076,"{1, 6, 12, 17, 21, 22, 26, 27, 28, 29, 51, 52, 53, 56, 57, 58, 59, 60, 66, 67, 70, 71, 72, 73, 74, 82, 86, 87, 89, 90, 91, 92, 108, 110, 112, 118, 120, 121, 129, 144, 148, 153, 156, 157, 169, 177, 178, 179, 180, 181, 183, 184, 188, 189, 190, 191}"
