ref_4.5,C4.4,WcD0D211711020000_01.ce,35,0.18918679204788102,"{1, 2, 3, 4, 6, 22, 24, 25, 26, 27, 28, 29, 41, 54, 55, 74, 75, 76, 77, 78, 79, 80, 81, 82, 83, 152, 153, 154, 155, 156, 157, 158, 159, 165, 167}"
ref_4.5,C4.4,WcD0D211711020015_01.ce,33,0.20724480065161752,"{2, 5, 10, 11, 18, 19, 20, 21, 22, 34, 35, 74, 75, 76, 80, 83, 93, 94, 95, 96, 97, 111, 112, 121, 122, 132, 135, 145, 154, 161, 163, 174, 177}"
ref_4.5,C4.4,WcD0D211711020030_01.ce,35,0.1882130493441422,"{1, 2, 3, 4, 7, 21, 26, 38, 39, 58, 59, 60, 61, 62, 63, 64, 65, 66, 67, 68, 134, 137, 138, 139, 140, 141, 142, 143, 144, 151, 180, 184, 187, 188, 189}"
ref_4.5,C4.4,WcD0D211711020045_01.ce,34,0.2019349140987126,"{1, 2, 3, 4, 5, 6, 18, 58, 59, 60, 64, 77, 78, 79, 80, 81, 95, 96, 105, 106, 116, 118, 119, 128, 129, 157, 158, 159, 160, 182, 183, 184, 185, 186}"
ref_4.5,C4.5,WcD0C231711020000_01.ce,35,0.18947998279528208,"{1, 2, 3, 4, 23, 24, 25, 26, 27, 28, 29, 36, 54, 55, 74, 75, 76, 77, 78, 79, 80, 81, 82, 83, 84, 150, 152, 153, 154, 155, 156, 157, 158, 159, 167}"
ref_4.5,C4.5,WcD0C231711020015_01.ce,35,0.20497066814890513,"{2, 10, 11, 18, 19, 20, 21, 22, 34, 35, 57, 75, 76, 77, 80, 93, 94, 95, 96, 97, 98, 103, 112, 121, 122, 132, 135, 145, 152, 158, 161, 174, 184, 193, 194}"
ref_4.5,C4.5,WcD0C231711020030_01.ce,31,0.19186646350443537,"{1, 2, 3, 6, 8, 25, 38, 39, 58, 59, 60, 61, 62, 63, 64, 65, 66, 67, 133, 136, 137, 138, 139, 140, 141, 142, 143, 177, 179, 187, 188}"
ref_4.5,C4.5,WcD0C231711020045_01.ce,37,0.203912698282495,"{1, 2, 3, 4, 5, 6, 18, 19, 58, 59, 60, 64, 67, 77, 78, 79, 80, 81, 96, 105, 106, 116, 119, 128, 129, 139, 141, 157, 158, 159, 160, 180, 182, 183, 184, 185, 186}"
ref_4.5,C4.4,WcD0D211711020100_01.ce,33,0.1970768890004036,"{1, 18, 19, 38, 39, 40, 41, 42, 43, 44, 45, 46, 47, 48, 114, 116, 117, 118, 119, 120, 121, 122, 123, 159, 167, 168, 169, 175, 176, 177, 178, 179, 192}"
ref_4.5,C4.4,WcD0D211711020115_01.ce,21,0.20546864078016155,"{21, 39, 40, 41, 44, 45, 57, 58, 59, 60, 61, 62, 68, 76, 86, 99, 133, 158, 159, 160, 190}"
ref_4.5,C4.4,WcD0D211711020130_01.ce,36,0.19293344170681315,"{13, 14, 33, 34, 35, 36, 37, 38, 39, 40, 41, 42, 43, 105, 109, 111, 112, 113, 114, 115, 116, 117, 118, 119, 126, 130, 155, 162, 163, 164, 170, 171, 172, 173, 174, 187}"
ref_4.5,C4.4,WcD0D211711020145_01.ce,38,0.1955294952046726,"{1, 16, 34, 35, 36, 40, 43, 53, 54, 55, 56, 57, 63, 71, 72, 79, 81, 82, 94, 95, 105, 115, 117, 133, 134, 135, 136, 171, 180, 183, 184, 185, 186, 190, 191, 192, 193, 194}"
ref_4.5,C4.5,WcD0C231711020100_01.ce,36,0.19604685682706052,"{1, 18, 19, 20, 38, 39, 40, 41, 42, 43, 44, 45, 46, 47, 48, 103, 116, 118, 119, 120, 121, 122, 123, 124, 131, 160, 167, 168, 169, 175, 176, 177, 178, 179, 180, 192}"
ref_4.5,C4.5,WcD0C231711020115_01.ce,28,0.19241012765927148,"{20, 38, 39, 40, 44, 47, 57, 58, 59, 60, 61, 75, 76, 85, 86, 98, 99, 126, 132, 133, 157, 158, 159, 160, 170, 171, 175, 189}"
ref_4.5,C4.5,WcD0C231711020130_01.ce,37,0.1857708372872554,"{1, 14, 15, 23, 34, 35, 36, 37, 38, 39, 40, 41, 42, 43, 98, 109, 111, 112, 113, 114, 115, 116, 117, 118, 119, 155, 159, 163, 164, 170, 171, 172, 173, 174, 175, 187, 188}"
ref_4.5,C4.5,WcD0C231711020145_01.ce,35,0.2046251075729021,"{34, 35, 36, 40, 53, 54, 55, 56, 57, 71, 72, 81, 82, 92, 95, 105, 106, 111, 115, 117, 134, 135, 136, 171, 182, 183, 184, 185, 186, 187, 188, 190, 191, 192, 193}"
ref_4.5,C4.4,WcD0D211711020200_01.ce,36,0.19025822834320275,"{1, 2, 8, 13, 26, 27, 46, 47, 48, 49, 50, 51, 52, 53, 54, 55, 115, 121, 123, 124, 125, 126, 127, 128, 129, 130, 131, 167, 175, 176, 182, 183, 184, 185, 186, 187}"
ref_4.5,C4.4,WcD0D211711020215_01.ce,26,0.20420083912329048,"{6, 7, 46, 47, 48, 52, 55, 65, 66, 67, 68, 69, 83, 84, 93, 94, 104, 107, 119, 151, 152, 162, 164, 175, 179, 193}"
ref_4.5,C4.4,WcD0D211711020230_01.ce,40,0.19085514268500448,"{5, 17, 18, 19, 27, 37, 38, 39, 40, 41, 42, 43, 44, 45, 46, 47, 102, 109, 115, 116, 117, 118, 119, 120, 121, 122, 123, 135, 159, 166, 167, 168, 174, 175, 176, 177, 178, 179, 191, 192}"
ref_4.5,C4.4,WcD0D211711020245_01.ce,28,0.20599734880596546,"{19, 37, 38, 39, 43, 56, 57, 58, 59, 60, 74, 75, 84, 85, 95, 98, 106, 107, 116, 135, 136, 137, 185, 186, 187, 188, 192, 193}"
ref_4.5,C4.5,WcD0C231711020200_01.ce,36,0.18987238898405692,"{1, 2, 8, 26, 27, 46, 47, 48, 49, 50, 51, 52, 53, 54, 55, 56, 115, 118, 122, 124, 125, 126, 127, 128, 129, 130, 131, 136, 167, 175, 176, 183, 184, 185, 186, 187}"
ref_4.5,C4.5,WcD0C231711020215_01.ce,30,0.20301608001833274,"{6, 7, 29, 47, 48, 49, 55, 65, 66, 67, 68, 69, 84, 93, 94, 104, 107, 119, 120, 149, 152, 153, 158, 162, 164, 173, 175, 176, 179, 193}"
ref_4.5,C4.5,WcD0C231711020230_01.ce,36,0.18748036905324947,"{5, 18, 19, 38, 39, 40, 41, 42, 43, 44, 45, 46, 47, 107, 113, 116, 117, 118, 119, 120, 121, 122, 123, 129, 159, 162, 167, 168, 174, 175, 176, 177, 178, 179, 191, 192}"
ref_4.5,C4.5,WcD0C231711020245_01.ce,30,0.2030295100211489,"{37, 38, 39, 43, 46, 56, 57, 58, 59, 60, 74, 75, 84, 85, 95, 98, 106, 107, 117, 119, 135, 136, 137, 185, 186, 187, 188, 190, 192, 193}"
ref_4.5,C4.4,WcD0D211711020300_01.ce,39,0.1860766925227769,"{1, 2, 3, 11, 16, 28, 29, 48, 49, 50, 51, 52, 53, 54, 55, 56, 57, 58, 124, 126, 127, 128, 129, 130, 131, 132, 133, 134, 141, 145, 177, 178, 179, 185, 186, 187, 188, 189, 190}"
ref_4.5,C4.4,WcD0D211711020315_01.ce,31,0.18755026603645825,"{9, 31, 49, 50, 51, 55, 68, 69, 70, 71, 72, 86, 87, 94, 96, 97, 107, 109, 110, 118, 119, 124, 128, 130, 147, 148, 149, 162, 165, 179, 184}"
ref_4.5,C4.4,WcD0D211711020330_01.ce,39,0.19248758648594322,"{2, 3, 4, 22, 23, 24, 25, 26, 27, 28, 29, 30, 31, 32, 87, 98, 100, 101, 102, 103, 104, 105, 106, 107, 108, 113, 115, 132, 144, 152, 153, 159, 160, 161, 162, 163, 164, 176, 177}"
ref_4.5,C4.4,WcD0D211711020345_01.ce,35,0.21235364490915204,"{11, 14, 17, 18, 19, 21, 22, 23, 24, 25, 42, 44, 45, 46, 53, 69, 71, 72, 73, 75, 76, 77, 81, 90, 91, 92, 97, 103, 109, 115, 116, 122, 134, 143, 145}"
ref_4.5,C4.5,WcD0C231711020300_01.ce,40,0.18473457376325952,"{1, 2, 3, 4, 11, 16, 29, 30, 38, 49, 50, 51, 52, 53, 54, 55, 56, 57, 58, 124, 127, 128, 129, 130, 131, 132, 133, 134, 140, 145, 170, 174, 178, 179, 185, 186, 187, 188, 189, 190}"
ref_4.5,C4.5,WcD0C231711020315_01.ce,29,0.19415852869193612,"{9, 10, 49, 50, 51, 55, 58, 68, 69, 70, 71, 72, 78, 87, 96, 97, 107, 110, 118, 119, 128, 147, 148, 149, 150, 162, 165, 179, 184}"
ref_4.5,C4.5,WcD0C231711020330_01.ce,36,0.19327419469466794,"{3, 4, 12, 23, 24, 25, 26, 27, 28, 29, 30, 31, 32, 98, 101, 102, 103, 104, 105, 106, 107, 108, 115, 144, 147, 152, 153, 159, 160, 161, 162, 163, 164, 173, 176, 177}"
ref_4.5,C4.5,WcD0C231711020345_01.ce,30,0.2107045867140094,"{12, 16, 17, 18, 19, 20, 21, 22, 23, 24, 25, 26, 43, 44, 45, 46, 73, 76, 80, 89, 92, 99, 104, 106, 115, 120, 122, 135, 152, 180}"
ref_4.5,C4.4,WcD0D211711020400_01.ce,20,0.19857912031757335,"{1, 2, 3, 4, 96, 97, 99, 130, 141, 142, 159, 160, 165, 170, 180, 181, 182, 183, 184, 187}"
ref_4.5,C4.4,WcD0D211711020415_01.ce,12,0.20360036694504444,"{52, 102, 105, 106, 107, 111, 124, 125, 130, 143, 144, 179}"
ref_4.5,C4.4,WcD0D211711020430_01.ce,36,0.19159942375069525,"{23, 43, 48, 60, 61, 80, 81, 82, 83, 84, 85, 86, 87, 88, 89, 90, 103, 110, 111, 145, 152, 156, 158, 159, 160, 161, 162, 163, 164, 165, 166, 171, 173, 176, 177, 178}"
ref_4.5,C4.4,WcD0D211711020445_01.ce,41,0.20821188129248047,"{15, 16, 17, 23, 24, 25, 26, 27, 28, 40, 47, 62, 80, 81, 82, 84, 86, 89, 99, 100, 101, 102, 103, 109, 117, 118, 125, 127, 128, 138, 154, 155, 156, 157, 164, 175, 178, 183, 185, 186, 193}"
ref_4.5,C4.5,WcD0C231711020400_01.ce,18,0.19239264328846098,"{1, 2, 3, 96, 98, 99, 158, 159, 160, 164, 169, 179, 180, 181, 182, 183, 186, 187}"
ref_4.5,C4.5,WcD0C231711020415_01.ce,15,0.1976577473330488,"{130, 143, 144, 149, 179, 52, 92, 102, 105, 106, 107, 111, 124, 125, 126}"
ref_4.5,C4.5,WcD0C231711020430_01.ce,40,0.18539856759592382,"{2, 23, 25, 26, 29, 43, 48, 60, 61, 62, 81, 82, 83, 84, 85, 86, 87, 88, 89, 90, 104, 105, 111, 145, 153, 156, 158, 159, 160, 161, 162, 163, 164, 165, 166, 171, 173, 174, 177, 178}"
ref_4.5,C4.5,WcD0C231711020445_01.ce,39,0.2091588803608922,"{8, 15, 16, 17, 23, 24, 25, 26, 27, 28, 40, 41, 80, 81, 82, 86, 87, 89, 99, 100, 101, 102, 103, 109, 117, 118, 127, 128, 138, 154, 155, 156, 157, 164, 177, 178, 180, 185, 186}"
ref_4.5,C4.4,WcD0D211711020500_01.ce,59,0.21014135559514122,"{1, 6, 7, 8, 24, 25, 35, 45, 46, 47, 52, 55, 62, 65, 66, 67, 68, 69, 70, 71, 72, 73, 74, 75, 79, 81, 82, 83, 85, 87, 88, 89, 107, 108, 109, 110, 111, 117, 126, 127, 128, 129, 130, 131, 132, 133, 134, 135, 171, 172, 173, 174, 175, 176, 177, 185, 186, 187, 193}"
ref_4.5,C4.4,WcD0D211711020515_01.ce,29,0.21379097848303494,"{44, 49, 50, 51, 64, 88, 95, 108, 109, 121, 122, 123, 129, 133, 134, 135, 136, 145, 149, 156, 157, 158, 162, 172, 173, 174, 177, 184, 194}"
ref_4.5,C4.4,WcD0D211711020530_01.ce,69,0.22115680623601244,"{3, 4, 38, 39, 40, 41, 42, 43, 44, 45, 46, 47, 48, 49, 50, 52, 54, 55, 56, 60, 61, 62, 63, 68, 69, 70, 89, 90, 91, 92, 93, 94, 95, 96, 104, 105, 106, 107, 108, 109, 110, 111, 112, 113, 114, 115, 116, 117, 118, 119, 120, 121, 122, 123, 124, 126, 127, 130, 141, 144, 161, 178, 180, 181, 184, 185, 186, 191, 193}"
ref_4.5,C4.4,WcD0D211711020545_01.ce,23,0.2021460956432599,"{1, 26, 27, 28, 29, 33, 45, 46, 47, 48, 67, 68, 69, 83, 89, 147, 154, 158, 161, 173, 181, 182, 183}"
ref_4.5,C4.5,WcD0C231711020500_01.ce,58,0.20686501663075638,"{1, 6, 7, 8, 9, 35, 45, 46, 47, 53, 63, 65, 66, 67, 68, 69, 70, 71, 72, 73, 74, 75, 76, 79, 81, 82, 83, 85, 87, 89, 107, 108, 109, 110, 111, 126, 127, 128, 129, 130, 131, 132, 133, 134, 135, 166, 171, 172, 173, 174, 175, 176, 177, 178, 185, 186, 187, 188}"
ref_4.5,C4.5,WcD0C231711020515_01.ce,33,0.2125553954072,"{1, 26, 39, 44, 47, 50, 51, 52, 64, 86, 91, 108, 109, 122, 123, 124, 129, 130, 133, 134, 135, 136, 145, 146, 156, 158, 162, 172, 173, 174, 175, 177, 194}"
ref_4.5,C4.5,WcD0C231711020530_01.ce,71,0.22055769398228425,"{4, 27, 38, 39, 40, 41, 42, 43, 44, 45, 46, 47, 48, 49, 53, 54, 55, 56, 60, 62, 63, 64, 65, 68, 69, 70, 89, 90, 91, 92, 93, 94, 95, 96, 104, 105, 106, 107, 108, 109, 110, 111, 112, 113, 114, 115, 116, 117, 118, 119, 120, 121, 122, 123, 124, 125, 126, 127, 128, 130, 141, 161, 169, 178, 180, 181, 184, 185, 186, 191, 193}"
ref_4.5,C4.5,WcD0C231711020545_01.ce,22,0.2069884020053803,"{1, 26, 27, 28, 29, 33, 45, 46, 47, 48, 49, 50, 68, 69, 154, 156, 157, 158, 162, 173, 182, 183}"
ref_4.5,C4.4,WcD0D211711020600_01.ce,51,0.19686414277957892,"{1, 2, 3, 4, 9, 32, 33, 34, 40, 43, 52, 53, 54, 55, 56, 57, 58, 59, 60, 61, 62, 63, 66, 68, 69, 70, 74, 75, 94, 95, 96, 99, 122, 124, 125, 126, 127, 128, 173, 174, 175, 176, 177, 178, 179, 180, 181, 184, 185, 186, 191}"
ref_4.5,C4.4,WcD0D211711020615_01.ce,29,0.19093819073068705,"{1, 12, 13, 19, 39, 49, 54, 59, 79, 80, 88, 97, 107, 122, 126, 141, 146, 147, 148, 155, 165, 166, 167, 169, 170, 177, 178, 180, 182}"
ref_4.5,C4.4,WcD0D211711020630_01.ce,18,0.207205124101213,"{3, 4, 9, 17, 24, 25, 26, 27, 28, 29, 30, 93, 99, 125, 128, 143, 151, 170}"
ref_4.5,C4.4,WcD0D211711020645_01.ce,18,0.20734768547638271,"{17, 40, 57, 60, 61, 62, 71, 95, 101, 115, 124, 130, 132, 133, 144, 151, 158, 169}"
ref_4.5,C4.5,WcD0C231711020600_01.ce,51,0.19711570994159214,"{1, 2, 3, 4, 33, 34, 35, 40, 43, 52, 53, 54, 55, 56, 57, 58, 59, 60, 61, 62, 63, 67, 68, 69, 70, 74, 75, 94, 95, 96, 101, 121, 122, 124, 125, 126, 127, 128, 143, 174, 175, 176, 177, 178, 179, 180, 181, 184, 185, 186, 191}"
ref_4.5,C4.5,WcD0C231711020615_01.ce,27,0.19022997718565632,"{1, 12, 13, 19, 24, 39, 44, 49, 50, 60, 80, 97, 122, 126, 146, 147, 148, 158, 165, 166, 167, 169, 170, 177, 178, 179, 193}"
ref_4.5,C4.5,WcD0C231711020630_01.ce,21,0.20606268649226317,"{2, 3, 4, 9, 11, 18, 24, 25, 26, 27, 28, 29, 30, 93, 125, 128, 142, 157, 173, 191, 193}"
ref_4.5,C4.5,WcD0C231711020645_01.ce,18,0.20939281501748488,"{36, 59, 60, 61, 70, 82, 91, 95, 101, 114, 123, 129, 132, 143, 149, 157, 173, 188}"
ref_4.5,C4.4,WcD0D211711020700_01.ce,44,0.21420480695841768,"{1, 2, 3, 17, 18, 19, 26, 28, 34, 42, 63, 64, 65, 66, 67, 68, 69, 70, 71, 72, 73, 74, 76, 78, 80, 81, 84, 85, 86, 103, 106, 112, 122, 124, 130, 132, 146, 147, 148, 149, 150, 151, 167, 193}"
ref_4.5,C4.4,WcD0D211711020715_01.ce,41,0.20856684703649045,"{1, 2, 8, 10, 13, 14, 26, 27, 37, 38, 39, 40, 41, 42, 43, 44, 59, 60, 61, 66, 67, 68, 71, 93, 96, 102, 105, 106, 107, 108, 113, 114, 115, 117, 122, 130, 148, 151, 156, 157, 184}"
ref_4.5,C4.4,WcD0D211711020730_01.ce,29,0.20202285625971853,"{31, 32, 33, 34, 35, 36, 37, 38, 39, 40, 42, 44, 46, 47, 48, 54, 85, 99, 122, 141, 142, 143, 144, 145, 149, 150, 151, 152, 153}"
ref_4.5,C4.4,WcD0D211711020745_01.ce,20,0.206154378302581,"{12, 15, 47, 51, 70, 75, 81, 85, 96, 101, 112, 113, 152, 160, 161, 165, 166, 173, 185, 187}"
ref_4.5,C4.5,WcD0C231711020700_01.ce,42,0.21537705962573622,"{1, 2, 3, 4, 17, 18, 19, 26, 29, 42, 64, 65, 66, 67, 68, 69, 70, 71, 72, 73, 74, 76, 78, 80, 81, 82, 85, 86, 87, 103, 112, 119, 124, 132, 146, 147, 148, 149, 150, 167, 168, 191}"
ref_4.5,C4.5,WcD0C231711020715_01.ce,44,0.20006755899686515,"{1, 2, 3, 10, 14, 26, 27, 28, 35, 38, 39, 40, 41, 42, 43, 44, 59, 60, 61, 66, 67, 68, 89, 91, 96, 102, 103, 106, 107, 108, 113, 114, 116, 117, 122, 130, 131, 148, 151, 156, 157, 166, 177, 187}"
ref_4.5,C4.5,WcD0C231711020730_01.ce,32,0.19763815593840445,"{30, 31, 32, 33, 34, 35, 36, 37, 38, 39, 40, 41, 43, 44, 45, 46, 47, 53, 54, 71, 121, 140, 141, 142, 143, 144, 148, 149, 150, 151, 152, 153}"
ref_4.5,C4.5,WcD0C231711020745_01.ce,18,0.2099522690231488,"{12, 47, 50, 70, 75, 77, 81, 85, 109, 113, 152, 161, 166, 173, 185, 187, 188, 189}"
ref_4.5,C4.4,WcD0D211711020800_01.ce,58,0.203039106613035,"{3, 4, 13, 14, 15, 19, 20, 22, 39, 71, 72, 73, 74, 76, 77, 79, 81, 82, 83, 124, 125, 127, 128, 129, 130, 131, 133, 134, 135, 136, 137, 138, 139, 140, 141, 142, 143, 144, 145, 146, 147, 148, 168, 169, 170, 171, 172, 173, 174, 175, 176, 177, 178, 179, 180, 181, 192, 193}"
ref_4.5,C4.4,WcD0D211711020815_01.ce,29,0.18766902528024365,"{1, 15, 16, 17, 18, 19, 20, 69, 77, 78, 79, 80, 81, 122, 123, 124, 125, 131, 155, 160, 164, 165, 176, 183, 184, 186, 187, 188, 189}"
ref_4.5,C4.4,WcD0D211711020830_01.ce,12,0.22149754497632473,"{6, 7, 8, 12, 13, 15, 25, 26, 55, 59, 101, 139}"
ref_4.5,C4.4,WcD0D211711020845_01.ce,17,0.18868481524270675,"{3, 16, 17, 18, 42, 99, 104, 129, 139, 140, 150, 160, 174, 175, 179, 185, 187}"
ref_4.5,C4.5,WcD0C231711020800_01.ce,60,0.20209953275846318,"{3, 4, 13, 14, 15, 16, 19, 20, 39, 58, 71, 72, 73, 74, 75, 76, 77, 79, 80, 81, 82, 83, 84, 88, 125, 127, 129, 130, 131, 132, 133, 134, 135, 136, 137, 138, 139, 140, 141, 142, 143, 144, 145, 146, 147, 169, 170, 171, 172, 173, 174, 175, 176, 177, 178, 179, 180, 181, 191, 193}"
ref_4.5,C4.5,WcD0C231711020815_01.ce,27,0.1877428243716253,"{1, 16, 17, 18, 19, 20, 21, 43, 78, 79, 80, 81, 82, 99, 122, 123, 126, 131, 132, 164, 165, 176, 183, 184, 187, 188, 189}"
ref_4.5,C4.5,WcD0C231711020830_01.ce,9,0.21839775924427754,"{7, 8, 10, 12, 13, 14, 18, 25, 26}"
ref_4.5,C4.5,WcD0C231711020845_01.ce,17,0.1956450466224586,"{2, 3, 17, 18, 42, 100, 105, 108, 118, 127, 133, 135, 141, 152, 161, 186, 188}"
ref_4.5,C4.4,WcD0D211711020900_01.ce,50,0.2030012692658089,"{1, 2, 3, 16, 21, 27, 28, 36, 38, 39, 40, 57, 60, 61, 65, 66, 67, 68, 70, 71, 72, 73, 74, 75, 76, 77, 78, 79, 80, 83, 84, 85, 86, 87, 97, 98, 101, 102, 103, 110, 139, 141, 146, 147, 167, 168, 171, 184, 188, 189}"
ref_4.5,C4.4,WcD0D211711020915_01.ce,24,0.2472925877705136,"{8, 15, 16, 17, 18, 19, 20, 21, 22, 74, 75, 76, 77, 110, 112, 117, 141, 150, 151, 178, 179, 189, 192, 193}"
ref_4.5,C4.4,WcD0D211711020930_01.ce,31,0.2094502072698023,"{3, 4, 5, 6, 7, 8, 9, 19, 20, 21, 22, 23, 24, 25, 26, 27, 35, 36, 60, 61, 103, 105, 107, 118, 119, 120, 122, 149, 169, 181, 192}"
ref_4.5,C4.4,WcD0D211711020945_01.ce,27,0.1842504369546151,"{4, 8, 21, 22, 29, 42, 71, 98, 116, 123, 126, 130, 132, 133, 134, 136, 141, 171, 172, 180, 181, 182, 183, 184, 185, 191, 192}"
ref_4.5,C4.5,WcD0C231711020900_01.ce,45,0.19381812285188066,"{1, 2, 3, 4, 21, 22, 27, 28, 39, 40, 54, 58, 60, 61, 65, 66, 67, 68, 69, 71, 72, 73, 74, 75, 76, 77, 78, 79, 80, 84, 85, 86, 87, 97, 101, 102, 103, 137, 139, 141, 146, 147, 168, 171, 185}"
ref_4.5,C4.5,WcD0C231711020915_01.ce,26,0.24623179037683623,"{2, 15, 16, 17, 18, 19, 20, 21, 22, 23, 74, 75, 76, 77, 88, 100, 113, 150, 151, 152, 154, 163, 179, 186, 188, 189}"
ref_4.5,C4.5,WcD0C231711020930_01.ce,30,0.2192176848588804,"{3, 4, 5, 6, 7, 8, 9, 19, 20, 21, 22, 23, 24, 25, 26, 27, 35, 36, 61, 103, 105, 107, 108, 118, 119, 120, 123, 149, 181, 192}"
ref_4.5,C4.5,WcD0C231711020945_01.ce,25,0.17350233821733718,"{21, 22, 30, 42, 49, 71, 73, 89, 98, 124, 125, 126, 127, 130, 134, 171, 172, 180, 181, 182, 183, 184, 185, 191, 192}"
ref_4.5,C4.4,WcD0D211711021000_01.ce,59,0.20197733281177938,"{1, 2, 3, 4, 9, 12, 13, 17, 19, 20, 23, 24, 25, 26, 27, 28, 29, 30, 31, 32, 33, 35, 36, 37, 38, 39, 46, 47, 48, 51, 52, 53, 64, 77, 78, 83, 85, 126, 146, 147, 148, 149, 150, 151, 155, 156, 157, 159, 160, 161, 162, 163, 169, 170, 171, 174, 175, 177, 178}"
ref_4.5,C4.4,WcD0D211711021015_01.ce,12,0.19504151323119304,"{22, 42, 45, 121, 122, 124, 125, 134, 140, 143, 165, 176}"
ref_4.5,C4.4,WcD0D211711021030_01.ce,29,0.20070765388719877,"{17, 33, 39, 42, 43, 45, 56, 60, 69, 115, 116, 128, 164, 165, 167, 168, 174, 175, 176, 177, 178, 179, 182, 183, 184, 185, 186, 188, 189}"
ref_4.5,C4.4,WcD0D211711021045_01.ce,7,0.17419198916769837,"{1, 34, 55, 66, 73, 187, 188}"
ref_4.5,C4.5,WcD0C231711021000_01.ce,61,0.20824889502553234,"{1, 2, 3, 4, 9, 10, 13, 17, 18, 19, 20, 21, 23, 24, 25, 26, 27, 28, 29, 30, 31, 32, 33, 35, 36, 37, 38, 39, 47, 48, 51, 52, 53, 59, 64, 77, 78, 91, 93, 116, 144, 146, 147, 148, 149, 150, 151, 155, 156, 157, 160, 161, 162, 163, 167, 169, 170, 171, 174, 175, 178}"
ref_4.5,C4.5,WcD0C231711021015_01.ce,13,0.18385159331449974,"{19, 21, 41, 120, 122, 123, 127, 135, 142, 164, 165, 175, 189}"
ref_4.5,C4.5,WcD0C231711021030_01.ce,35,0.18660350473484164,"{17, 33, 34, 39, 42, 45, 51, 56, 60, 115, 116, 126, 128, 136, 147, 165, 166, 167, 168, 169, 174, 175, 176, 177, 178, 179, 180, 182, 183, 184, 185, 186, 187, 189, 193}"
ref_4.5,C4.5,WcD0C231711021045_01.ce,6,0.16949453321452604,"{43, 56, 73, 132, 134, 188}"
ref_4.5,C4.4,WcD0D211711021100_01.ce,54,0.20466983350245285,"{1, 4, 36, 38, 46, 48, 49, 50, 51, 52, 53, 58, 59, 74, 75, 76, 77, 99, 100, 101, 102, 104, 105, 106, 107, 108, 109, 110, 111, 112, 113, 114, 115, 117, 119, 120, 124, 126, 132, 133, 135, 138, 155, 160, 161, 173, 175, 176, 177, 178, 180, 183, 184, 185}"
ref_4.5,C4.4,WcD0D211711021115_01.ce,21,0.18669723433559296,"{12, 21, 28, 29, 32, 44, 57, 58, 81, 83, 98, 99, 127, 152, 159, 172, 175, 176, 177, 178, 179}"
ref_4.5,C4.4,WcD0D211711021130_01.ce,63,0.19290130256631302,"{2, 37, 38, 46, 47, 48, 49, 50, 51, 57, 58, 66, 68, 73, 75, 76, 77, 78, 79, 80, 85, 86, 87, 88, 89, 90, 91, 97, 98, 99, 100, 101, 102, 103, 104, 105, 112, 154, 155, 156, 162, 164, 168, 169, 170, 172, 173, 174, 175, 177, 178, 179, 180, 181, 182, 183, 184, 185, 186, 188, 190, 192, 193}"
ref_4.5,C4.4,WcD0D211711021145_01.ce,27,0.20516749139422133,"{3, 12, 15, 16, 31, 33, 34, 43, 47, 48, 58, 70, 90, 97, 111, 131, 138, 145, 157, 166, 172, 177, 178, 182, 184, 186, 188}"
ref_4.5,C4.5,WcD0C231711021100_01.ce,61,0.21068663422898085,"{3, 4, 35, 37, 40, 42, 45, 46, 48, 49, 50, 51, 52, 57, 58, 74, 75, 76, 89, 91, 96, 98, 99, 100, 101, 104, 105, 106, 107, 108, 109, 110, 111, 112, 113, 116, 118, 119, 120, 122, 123, 125, 132, 134, 149, 153, 154, 159, 160, 161, 166, 168, 172, 175, 176, 177, 179, 182, 183, 184, 191}"
ref_4.5,C4.5,WcD0C231711021115_01.ce,25,0.19470180828711833,"{12, 21, 28, 29, 32, 43, 44, 54, 57, 58, 83, 84, 85, 93, 98, 100, 119, 122, 153, 160, 171, 172, 176, 178, 180}"
ref_4.5,C4.5,WcD0C231711021130_01.ce,68,0.20574693074279393,"{37, 38, 46, 47, 48, 49, 50, 51, 52, 56, 57, 58, 66, 68, 73, 75, 76, 77, 78, 79, 80, 81, 85, 86, 87, 88, 89, 90, 91, 92, 97, 98, 99, 100, 101, 102, 103, 104, 105, 106, 150, 151, 154, 155, 156, 157, 164, 168, 169, 170, 171, 172, 173, 174, 175, 177, 178, 179, 180, 181, 182, 183, 184, 185, 186, 190, 192, 193}"
ref_4.5,C4.5,WcD0C231711021145_01.ce,35,0.20404074032440808,"{3, 15, 16, 17, 22, 24, 33, 34, 35, 43, 49, 50, 54, 58, 59, 70, 81, 90, 97, 98, 124, 132, 145, 166, 172, 174, 176, 178, 181, 182, 183, 184, 185, 188, 189}"
ref_4.5,C4.4,WcD0D211711021200_01.ce,43,0.1919659311162824,"{2, 3, 4, 16, 18, 21, 25, 29, 30, 31, 32, 33, 36, 86, 87, 88, 89, 91, 92, 93, 107, 122, 123, 124, 140, 141, 142, 149, 150, 151, 152, 163, 164, 165, 166, 176, 177, 178, 186, 187, 188, 189, 190}"
ref_4.5,C4.4,WcD0D211711021215_01.ce,30,0.20305610707453747,"{6, 19, 20, 21, 22, 23, 33, 34, 46, 69, 80, 87, 88, 91, 92, 97, 100, 102, 127, 128, 142, 145, 167, 168, 171, 173, 174, 176, 178, 180}"
ref_4.5,C4.4,WcD0D211711021230_01.ce,28,0.1934926652503308,"{22, 23, 24, 25, 26, 28, 36, 37, 38, 39, 40, 41, 47, 48, 69, 97, 102, 106, 107, 122, 130, 142, 152, 157, 167, 170, 186, 187}"
ref_4.5,C4.4,WcD0D211711021245_01.ce,37,0.20986274155725992,"{2, 3, 4, 16, 17, 18, 29, 30, 38, 39, 40, 41, 42, 65, 66, 67, 68, 78, 79, 92, 113, 121, 132, 133, 139, 147, 156, 159, 161, 163, 175, 178, 182, 183, 184, 187, 189}"
ref_4.5,C4.5,WcD0C231711021200_01.ce,39,0.184034764211408,"{2, 3, 4, 18, 21, 27, 29, 30, 31, 32, 33, 34, 87, 88, 89, 91, 92, 93, 94, 107, 122, 123, 124, 141, 142, 150, 151, 152, 164, 165, 166, 177, 178, 186, 187, 188, 189, 190, 191}"
ref_4.5,C4.5,WcD0C231711021215_01.ce,28,0.1963396689062033,"{19, 20, 21, 22, 32, 33, 60, 68, 86, 87, 88, 91, 94, 98, 101, 107, 127, 141, 156, 160, 163, 166, 169, 172, 173, 175, 176, 179}"
ref_4.5,C4.5,WcD0C231711021230_01.ce,28,0.17876008886374012,"{22, 23, 24, 26, 36, 37, 38, 39, 40, 41, 42, 47, 48, 53, 102, 104, 106, 107, 108, 109, 114, 142, 152, 168, 170, 186, 187, 193}"
ref_4.5,C4.5,WcD0C231711021245_01.ce,36,0.19030400317361043,"{2, 3, 4, 16, 17, 18, 19, 29, 30, 38, 39, 40, 41, 42, 43, 65, 66, 67, 68, 73, 78, 79, 92, 127, 133, 139, 147, 156, 159, 173, 175, 179, 183, 185, 187, 189}"
ref_4.5,C4.4,WcD0D211711021300_01.ce,39,0.19119851973540491,"{2, 3, 4, 73, 108, 111, 113, 117, 119, 120, 121, 122, 123, 124, 126, 127, 128, 131, 132, 133, 134, 135, 136, 137, 138, 139, 140, 144, 146, 147, 150, 151, 152, 153, 159, 160, 164, 192, 193}"
ref_4.5,C4.4,WcD0D211711021315_01.ce,29,0.23081973185606713,"{4, 14, 20, 33, 34, 36, 37, 43, 57, 64, 65, 81, 90, 91, 92, 93, 94, 95, 96, 97, 98, 142, 150, 151, 152, 153, 175, 186, 188}"
ref_4.5,C4.4,WcD0D211711021330_01.ce,26,0.2443936216465869,"{31, 33, 35, 68, 70, 72, 79, 80, 81, 82, 83, 84, 95, 96, 97, 98, 99, 100, 101, 102, 106, 110, 111, 178, 181, 193}"
ref_4.5,C4.4,WcD0D211711021345_01.ce,28,0.18045982120411297,"{1, 2, 3, 5, 52, 67, 84, 90, 108, 116, 118, 129, 130, 133, 136, 142, 155, 157, 158, 161, 163, 165, 166, 167, 170, 172, 179, 184}"
ref_4.5,C4.5,WcD0C231711021300_01.ce,42,0.18285995982573516,"{1, 2, 3, 72, 84, 99, 107, 110, 116, 118, 119, 120, 121, 122, 123, 125, 126, 127, 130, 131, 132, 133, 134, 135, 136, 137, 138, 139, 140, 141, 143, 144, 145, 146, 147, 149, 150, 151, 152, 159, 160, 191}"
ref_4.5,C4.5,WcD0C231711021315_01.ce,16,0.2248303826905125,"{5, 34, 37, 44, 90, 91, 92, 93, 94, 96, 97, 98, 150, 151, 152, 153}"
ref_4.5,C4.5,WcD0C231711021330_01.ce,33,0.2385143663895678,"{20, 33, 35, 68, 69, 70, 72, 75, 79, 80, 81, 82, 83, 84, 85, 94, 95, 96, 97, 98, 99, 100, 101, 102, 103, 111, 112, 143, 179, 181, 183, 193, 194}"
ref_4.5,C4.5,WcD0C231711021345_01.ce,24,0.2001470103158427,"{1, 51, 63, 79, 83, 89, 107, 115, 128, 129, 132, 141, 149, 157, 160, 161, 163, 165, 166, 167, 169, 171, 177, 178}"
ref_4.5,C4.4,WcD0D211711011600_01.ce,0,-1,set()
ref_4.5,C4.4,WcD0D211711011615_01.ce,0,-1,set()
ref_4.5,C4.4,WcD0D211711011630_01.ce,0,-1,set()
ref_4.5,C4.4,WcD0D211711011645_01.ce,0,-1,set()
ref_4.5,C4.5,WcD0C231711011600_01.ce,49,0.20933887155204517,"{1, 12, 13, 14, 24, 30, 31, 32, 39, 42, 46, 47, 52, 53, 55, 104, 106, 121, 122, 123, 128, 129, 130, 131, 132, 133, 134, 137, 138, 139, 140, 141, 142, 143, 144, 145, 146, 147, 148, 149, 150, 158, 160, 161, 163, 166, 167, 168, 177}"
ref_4.5,C4.5,WcD0C231711011615_01.ce,12,0.18853124607345792,"{15, 16, 39, 54, 58, 81, 86, 89, 93, 99, 172, 177}"
ref_4.5,C4.5,WcD0C231711011630_01.ce,30,0.2176396191735835,"{10, 18, 21, 23, 24, 40, 44, 47, 65, 74, 88, 89, 91, 94, 101, 102, 105, 106, 107, 125, 133, 138, 160, 162, 163, 164, 189, 190, 191, 193}"
ref_4.5,C4.5,WcD0C231711011645_01.ce,9,0.20978099497841543,"{2, 14, 19, 23, 28, 30, 34, 68, 76}"
ref_4.5,C4.4,WcD0D211711011700_01.ce,0,-1,set()
ref_4.5,C4.4,WcD0D211711011715_01.ce,0,-1,set()
ref_4.5,C4.4,WcD0D211711011730_01.ce,0,-1,set()
ref_4.5,C4.4,WcD0D211711011745_01.ce,0,-1,set()
ref_4.5,C4.5,WcD0C231711011700_01.ce,24,0.191948973760552,"{1, 2, 3, 4, 20, 21, 40, 67, 83, 84, 85, 89, 93, 94, 100, 101, 104, 105, 106, 107, 108, 111, 155, 170}"
ref_4.5,C4.5,WcD0C231711011715_01.ce,19,0.20250798443914456,"{30, 31, 32, 36, 49, 50, 55, 68, 69, 102, 103, 104, 155, 164, 169, 170, 175, 190, 191}"
ref_4.5,C4.5,WcD0C231711011730_01.ce,28,0.21647193355104316,"{16, 57, 61, 62, 63, 100, 101, 102, 105, 107, 108, 109, 117, 134, 139, 143, 145, 146, 147, 149, 150, 160, 161, 165, 174, 183, 191, 192}"
ref_4.5,C4.5,WcD0C231711011745_01.ce,25,0.21011510685380097,"{16, 38, 42, 63, 76, 90, 105, 113, 117, 118, 133, 136, 140, 141, 143, 146, 147, 148, 169, 170, 173, 174, 175, 176, 184}"
ref_4.5,C4.4,WcD0D211711011800_01.ce,0,-1,set()
ref_4.5,C4.4,WcD0D211711011815_01.ce,0,-1,set()
ref_4.5,C4.4,WcD0D211711011830_01.ce,0,-1,set()
ref_4.5,C4.4,WcD0D211711011845_01.ce,0,-1,set()
ref_4.5,C4.5,WcD0C231711011800_01.ce,33,0.18778453410733004,"{1, 2, 3, 4, 5, 8, 9, 33, 50, 54, 55, 56, 57, 60, 63, 67, 68, 74, 75, 89, 90, 91, 158, 167, 170, 171, 177, 178, 179, 184, 185, 187, 188}"
ref_4.5,C4.5,WcD0C231711011815_01.ce,21,0.18547472722184014,"{2, 4, 5, 7, 10, 11, 53, 60, 88, 108, 114, 131, 132, 133, 134, 140, 146, 151, 152, 173, 176}"
ref_4.5,C4.5,WcD0C231711011830_01.ce,17,0.18297242739564246,"{1, 12, 13, 15, 16, 32, 38, 41, 47, 49, 52, 136, 150, 151, 152, 153, 154}"
ref_4.5,C4.5,WcD0C231711011845_01.ce,21,0.18080728341453176,"{14, 18, 22, 23, 24, 25, 26, 27, 63, 64, 65, 89, 90, 101, 146, 149, 162, 168, 180, 185, 186}"
ref_4.5,C4.4,WcD0D211711011900_01.ce,0,-1,set()
ref_4.5,C4.4,WcD0D211711011915_01.ce,0,-1,set()
ref_4.5,C4.4,WcD0D211711011930_01.ce,0,-1,set()
ref_4.5,C4.4,WcD0D211711011945_01.ce,0,-1,set()
ref_4.5,C4.5,WcD0C231711011900_01.ce,61,0.2210436061179873,"{1, 2, 3, 4, 11, 39, 40, 41, 42, 45, 46, 47, 48, 49, 50, 51, 52, 53, 54, 55, 57, 58, 59, 76, 88, 93, 103, 104, 105, 134, 135, 142, 160, 161, 162, 163, 164, 165, 166, 167, 168, 174, 175, 176, 177, 178, 179, 180, 181, 182, 183, 184, 185, 186, 187, 188, 189, 190, 191, 192, 193}"
ref_4.5,C4.5,WcD0C231711011915_01.ce,27,0.22548895049482748,"{1, 2, 30, 53, 54, 55, 56, 69, 74, 77, 82, 83, 84, 100, 116, 117, 118, 119, 127, 128, 129, 137, 148, 166, 167, 168, 169}"
ref_4.5,C4.5,WcD0C231711011930_01.ce,22,0.19239936700089502,"{17, 40, 41, 42, 43, 64, 65, 66, 103, 104, 105, 106, 107, 108, 109, 114, 115, 150, 154, 155, 156, 193}"
ref_4.5,C4.5,WcD0C231711011945_01.ce,32,0.19827998198404745,"{3, 4, 14, 21, 22, 32, 37, 38, 42, 52, 53, 55, 68, 71, 72, 73, 74, 80, 87, 97, 109, 110, 123, 128, 129, 132, 133, 160, 178, 179, 183, 184}"
ref_4.5,C4.4,WcD0D211711012000_01.ce,0,-1,set()
ref_4.5,C4.4,WcD0D211711012015_01.ce,0,-1,set()
ref_4.5,C4.4,WcD0D211711012030_01.ce,0,-1,set()
ref_4.5,C4.4,WcD0D211711012045_01.ce,0,-1,set()
ref_4.5,C4.5,WcD0C231711012000_01.ce,37,0.2161481990276319,"{1, 2, 3, 4, 14, 15, 16, 17, 18, 31, 41, 53, 61, 68, 73, 74, 77, 78, 85, 86, 87, 100, 114, 115, 116, 117, 142, 143, 144, 145, 147, 151, 160, 165, 168, 171, 193}"
ref_4.5,C4.5,WcD0C231711012015_01.ce,5,0.20121787461740856,"{11, 150, 167, 170, 71}"
ref_4.5,C4.5,WcD0C231711012030_01.ce,20,0.191952418857445,"{8, 36, 37, 38, 42, 46, 47, 57, 58, 59, 60, 61, 64, 65, 108, 123, 176, 177, 178, 182}"
ref_4.5,C4.5,WcD0C231711012045_01.ce,31,0.21068799940105967,"{2, 3, 4, 8, 21, 22, 89, 94, 95, 101, 102, 103, 106, 107, 108, 114, 115, 117, 118, 125, 129, 144, 159, 169, 184, 186, 187, 191, 192, 193, 194}"
ref_4.5,C4.4,WcD0D211711012100_01.ce,0,-1,set()
ref_4.5,C4.4,WcD0D211711012115_01.ce,0,-1,set()
ref_4.5,C4.4,WcD0D211711012130_01.ce,0,-1,set()
ref_4.5,C4.4,WcD0D211711012145_01.ce,0,-1,set()
ref_4.5,C4.5,WcD0C231711012100_01.ce,24,0.18205013547340684,"{1, 2, 3, 10, 26, 27, 32, 33, 34, 49, 60, 61, 62, 63, 64, 65, 66, 67, 68, 69, 70, 140, 143, 173}"
ref_4.5,C4.5,WcD0C231711012115_01.ce,23,0.18624486971064386,"{13, 30, 31, 32, 33, 40, 49, 67, 75, 79, 81, 86, 90, 93, 97, 98, 99, 109, 131, 141, 149, 150, 175}"
ref_4.5,C4.5,WcD0C231711012130_01.ce,18,0.18134691704852715,"{4, 7, 8, 16, 17, 18, 19, 22, 41, 42, 44, 60, 71, 77, 85, 90, 111, 121}"
ref_4.5,C4.5,WcD0C231711012145_01.ce,14,0.1742723448667755,"{1, 22, 30, 41, 58, 88, 130, 131, 139, 145, 155, 156, 164, 165}"
ref_4.5,C4.4,WcD0D211711012200_01.ce,0,-1,set()
ref_4.5,C4.4,WcD0D211711012215_01.ce,0,-1,set()
ref_4.5,C4.4,WcD0D211711012230_01.ce,0,-1,set()
ref_4.5,C4.4,WcD0D211711012245_01.ce,0,-1,set()
ref_4.5,C4.5,WcD0C231711012200_01.ce,13,0.1634887859340804,"{1, 2, 3, 4, 25, 59, 64, 68, 86, 105, 112, 113, 164}"
ref_4.5,C4.5,WcD0C231711012215_01.ce,26,0.19197139549610165,"{3, 12, 17, 29, 52, 59, 60, 61, 62, 92, 96, 103, 106, 107, 110, 131, 138, 149, 152, 159, 160, 162, 165, 173, 174, 194}"
ref_4.5,C4.5,WcD0C231711012230_01.ce,33,0.19096541501435535,"{17, 18, 37, 38, 39, 40, 41, 42, 43, 44, 45, 46, 47, 113, 115, 116, 117, 118, 119, 120, 121, 122, 133, 135, 166, 167, 168, 174, 175, 176, 177, 178, 191}"
ref_4.5,C4.5,WcD0C231711012245_01.ce,31,0.1883890712127685,"{5, 20, 38, 39, 40, 42, 44, 57, 58, 59, 60, 61, 75, 76, 83, 85, 86, 98, 99, 108, 120, 141, 148, 157, 158, 168, 179, 191, 192, 193, 194}"
ref_4.5,C4.4,WcD0D211711012300_01.ce,0,-1,set()
ref_4.5,C4.4,WcD0D211711012315_01.ce,0,-1,set()
ref_4.5,C4.4,WcD0D211711012330_01.ce,0,-1,set()
ref_4.5,C4.4,WcD0D211711012345_01.ce,0,-1,set()
ref_4.5,C4.5,WcD0C231711012300_01.ce,44,0.19487507473164484,"{1, 2, 3, 4, 5, 6, 7, 8, 9, 17, 34, 35, 36, 54, 55, 56, 57, 58, 59, 60, 61, 62, 63, 64, 119, 130, 132, 133, 134, 135, 136, 137, 138, 139, 140, 146, 147, 176, 183, 184, 185, 191, 192, 193}"
ref_4.5,C4.5,WcD0C231711012315_01.ce,37,0.19208983085242645,"{1, 2, 3, 15, 22, 37, 55, 56, 57, 61, 62, 74, 75, 76, 77, 78, 84, 92, 93, 100, 102, 115, 116, 131, 132, 134, 135, 141, 144, 145, 159, 164, 170, 184, 190, 191, 192}"
ref_4.5,C4.5,WcD0C231711012330_01.ce,39,0.200646051792373,"{1, 2, 5, 6, 14, 31, 32, 51, 52, 53, 54, 55, 56, 57, 58, 59, 60, 61, 127, 129, 130, 131, 132, 133, 134, 135, 136, 144, 156, 172, 173, 180, 181, 182, 188, 189, 190, 191, 192}"
ref_4.5,C4.5,WcD0C231711012345_01.ce,30,0.19347507004348202,"{11, 18, 33, 51, 52, 53, 55, 57, 58, 70, 71, 72, 73, 74, 80, 88, 89, 96, 98, 99, 111, 112, 122, 138, 146, 151, 152, 163, 179, 180}"
