ref_4.5,C4.4,WcD08D61710310000_01.ce,38,0.20083170887837704,"{7, 8, 9, 10, 21, 23, 31, 32, 33, 34, 35, 58, 59, 60, 61, 65, 66, 67, 68, 70, 71, 79, 80, 81, 82, 83, 85, 86, 124, 125, 127, 129, 143, 144, 146, 180, 181, 188}"
ref_4.5,C4.4,WcD08D61710310015_01.ce,44,0.21145514994561368,"{7, 17, 26, 29, 39, 40, 50, 51, 52, 53, 54, 64, 72, 78, 79, 80, 81, 82, 96, 102, 113, 145, 149, 152, 153, 154, 155, 156, 157, 158, 159, 160, 161, 162, 163, 164, 165, 166, 167, 168, 169, 175, 189, 190}"
ref_4.5,C4.4,WcD08D61710310030_01.ce,16,0.18242826799903344,"{11, 13, 17, 96, 97, 116, 121, 135, 140, 141, 148, 150, 160, 170, 171, 172}"
ref_4.5,C4.4,WcD08D61710310045_01.ce,61,0.19936069432297815,"{6, 16, 20, 22, 23, 29, 30, 31, 32, 33, 36, 37, 38, 41, 42, 44, 45, 46, 47, 50, 51, 57, 58, 59, 67, 68, 69, 70, 81, 83, 84, 92, 93, 94, 95, 96, 115, 117, 119, 120, 121, 126, 127, 128, 129, 130, 131, 132, 137, 139, 140, 141, 142, 145, 146, 147, 178, 182, 185, 186, 189}"
ref_4.5,C4.5,WcD0F391710310000_08.ce,38,0.19775043177072332,"{3, 4, 5, 6, 17, 19, 27, 28, 29, 30, 31, 54, 55, 56, 57, 61, 62, 63, 64, 65, 66, 67, 72, 75, 76, 77, 81, 82, 102, 120, 121, 123, 125, 139, 142, 176, 177, 184}"
ref_4.5,C4.5,WcD0F391710310015_08.ce,44,0.20429270276816996,"{3, 22, 25, 35, 36, 46, 47, 48, 49, 50, 56, 60, 68, 74, 75, 77, 78, 92, 97, 98, 109, 124, 141, 145, 148, 149, 150, 151, 152, 153, 154, 155, 156, 157, 158, 159, 160, 161, 163, 164, 171, 185, 186, 190}"
ref_4.5,C4.5,WcD0F391710310030_08.ce,15,0.17722189830009663,"{8, 10, 14, 83, 93, 94, 118, 133, 137, 138, 145, 147, 165, 168, 169}"
ref_4.5,C4.5,WcD0F391710310045_08.ce,57,0.20013261856022554,"{6, 22, 23, 29, 30, 32, 36, 37, 38, 41, 43, 44, 45, 46, 47, 50, 51, 57, 58, 59, 63, 65, 67, 68, 69, 70, 81, 83, 85, 92, 93, 94, 95, 115, 119, 120, 121, 125, 127, 128, 129, 130, 131, 132, 139, 140, 141, 145, 146, 147, 173, 178, 182, 184, 185, 186, 190}"
ref_4.5,C4.4,WcD08D61710310100_01.ce,25,0.21139546788181593,"{12, 13, 49, 70, 79, 91, 101, 102, 114, 115, 116, 117, 127, 134, 139, 141, 142, 143, 144, 145, 163, 164, 165, 174, 191}"
ref_4.5,C4.4,WcD08D61710310115_01.ce,30,0.1690911207639847,"{17, 20, 23, 24, 25, 26, 27, 28, 29, 30, 31, 32, 33, 34, 35, 36, 37, 38, 39, 40, 46, 49, 61, 62, 73, 76, 78, 82, 162, 163}"
ref_4.5,C4.4,WcD08D61710310130_01.ce,50,0.21435401753438002,"{13, 14, 15, 19, 22, 23, 24, 41, 43, 45, 54, 86, 92, 93, 94, 100, 101, 102, 103, 107, 108, 109, 111, 112, 113, 115, 116, 117, 120, 121, 122, 127, 128, 129, 138, 139, 140, 141, 152, 154, 162, 163, 164, 165, 166, 189, 190, 191, 192, 196}"
ref_4.5,C4.4,WcD08D61710310145_01.ce,33,0.2141562476608958,"{1, 2, 3, 5, 6, 11, 12, 13, 14, 15, 16, 18, 20, 21, 43, 48, 59, 60, 62, 64, 78, 79, 123, 135, 154, 157, 167, 168, 180, 181, 182, 188, 192}"
ref_4.5,C4.5,WcD0F391710310100_08.ce,23,0.21291061287695381,"{10, 11, 47, 55, 68, 89, 99, 100, 110, 112, 113, 114, 115, 120, 125, 132, 139, 141, 142, 143, 161, 162, 163}"
ref_4.5,C4.5,WcD0F391710310115_08.ce,29,0.16829932692337685,"{16, 19, 20, 21, 22, 23, 24, 25, 26, 27, 28, 29, 30, 31, 32, 33, 34, 35, 36, 42, 45, 57, 58, 74, 78, 158, 159, 181, 182}"
ref_4.5,C4.5,WcD0F391710310130_08.ce,53,0.2088805261680785,"{7, 8, 9, 10, 17, 18, 35, 37, 38, 39, 46, 70, 80, 86, 87, 88, 94, 95, 97, 101, 102, 105, 106, 109, 110, 111, 114, 115, 116, 121, 122, 123, 132, 133, 134, 135, 146, 148, 149, 156, 157, 158, 159, 160, 174, 183, 184, 185, 186, 190, 191, 192, 193}"
ref_4.5,C4.5,WcD0F391710310145_08.ce,29,0.2107804740789373,"{1, 2, 3, 7, 8, 9, 11, 12, 13, 17, 18, 44, 56, 57, 59, 60, 66, 75, 112, 132, 151, 154, 164, 165, 176, 177, 178, 179, 189}"
ref_4.5,C4.4,WcD08D61710310200_01.ce,34,0.19454886476119307,"{14, 15, 16, 17, 18, 32, 36, 37, 38, 49, 81, 85, 88, 89, 90, 91, 92, 93, 94, 95, 96, 97, 98, 99, 100, 101, 102, 103, 104, 111, 126, 141, 143, 147}"
ref_4.5,C4.4,WcD08D61710310215_01.ce,38,0.19853964506107996,"{33, 34, 53, 58, 70, 77, 78, 85, 87, 97, 108, 109, 116, 118, 140, 150, 156, 157, 163, 164, 165, 166, 167, 170, 171, 172, 175, 176, 178, 179, 180, 181, 184, 185, 189, 191, 192, 193}"
ref_4.5,C4.4,WcD08D61710310230_01.ce,41,0.2056139184336964,"{2, 4, 6, 7, 8, 9, 20, 22, 23, 24, 31, 32, 33, 34, 54, 58, 59, 60, 64, 65, 66, 67, 69, 70, 71, 78, 79, 80, 81, 84, 85, 86, 117, 121, 124, 125, 128, 140, 142, 143, 179}"
ref_4.5,C4.4,WcD08D61710310245_01.ce,46,0.2009735730502973,"{7, 25, 28, 38, 39, 51, 52, 53, 54, 64, 71, 76, 78, 79, 80, 81, 82, 100, 101, 102, 128, 145, 148, 151, 152, 153, 154, 155, 156, 157, 158, 159, 160, 161, 162, 163, 164, 165, 166, 167, 168, 174, 175, 177, 189, 190}"
ref_4.5,C4.5,WcD0F391710310200_08.ce,32,0.18464393713031957,"{8, 10, 11, 13, 14, 28, 33, 60, 77, 84, 85, 86, 87, 88, 89, 90, 91, 92, 93, 94, 95, 96, 97, 98, 99, 100, 107, 109, 121, 122, 137, 143}"
ref_4.5,C4.5,WcD0F391710310215_08.ce,30,0.19009251491374474,"{28, 29, 48, 53, 72, 73, 80, 82, 92, 103, 104, 111, 151, 152, 158, 159, 161, 165, 166, 167, 170, 173, 174, 175, 176, 179, 180, 186, 187, 192}"
ref_4.5,C4.5,WcD0F391710310230_08.ce,44,0.18737318381337573,"{1, 3, 4, 5, 6, 17, 19, 21, 28, 29, 30, 31, 51, 55, 56, 57, 60, 61, 62, 63, 64, 65, 66, 67, 68, 71, 72, 75, 76, 77, 81, 82, 83, 114, 120, 121, 122, 123, 125, 139, 140, 160, 176, 184}"
ref_4.5,C4.5,WcD0F391710310245_08.ce,40,0.1992070861171067,"{3, 24, 34, 35, 45, 47, 48, 49, 50, 55, 67, 72, 74, 76, 77, 96, 98, 140, 144, 147, 148, 149, 150, 151, 152, 153, 154, 155, 156, 157, 158, 159, 160, 162, 163, 164, 170, 173, 185, 186}"
ref_4.5,C4.4,WcD08D61710310300_01.ce,15,0.1764021819199181,"{11, 13, 17, 97, 98, 121, 139, 140, 141, 142, 150, 151, 168, 170, 172}"
ref_4.5,C4.4,WcD08D61710310315_01.ce,60,0.20570985207116374,"{22, 28, 29, 30, 36, 37, 38, 39, 43, 44, 45, 47, 48, 49, 50, 51, 52, 53, 56, 57, 58, 63, 64, 65, 71, 74, 75, 76, 77, 88, 90, 98, 99, 100, 101, 102, 116, 123, 125, 126, 127, 128, 131, 132, 133, 134, 135, 136, 137, 138, 144, 146, 147, 148, 149, 152, 153, 191, 192, 193}"
ref_4.5,C4.4,WcD08D61710310330_01.ce,27,0.2084856222747836,"{1, 2, 3, 17, 18, 54, 62, 74, 93, 96, 106, 107, 118, 119, 120, 121, 127, 131, 143, 145, 146, 148, 149, 163, 167, 168, 195}"
ref_4.5,C4.4,WcD08D61710310345_01.ce,27,0.16636327497983183,"{13, 17, 20, 21, 22, 23, 24, 25, 26, 27, 28, 29, 30, 31, 32, 33, 34, 35, 36, 43, 58, 73, 75, 79, 158, 159, 183}"
ref_4.5,C4.5,WcD0F391710310300_08.ce,12,0.16062049517507837,"{7, 9, 13, 93, 117, 136, 146, 147, 166, 168, 175, 177}"
ref_4.5,C4.5,WcD0F391710310315_08.ce,58,0.19204122952340108,"{6, 16, 22, 23, 24, 30, 33, 36, 37, 38, 41, 42, 44, 45, 46, 47, 50, 51, 52, 58, 59, 63, 65, 68, 69, 70, 71, 82, 84, 85, 92, 93, 94, 95, 96, 119, 120, 121, 122, 126, 127, 128, 129, 130, 131, 138, 140, 141, 142, 145, 146, 147, 173, 185, 186, 187, 188, 190}"
ref_4.5,C4.5,WcD0F391710310330_08.ce,24,0.19512210424291582,"{10, 47, 67, 86, 89, 99, 100, 110, 111, 112, 113, 114, 120, 124, 136, 138, 139, 141, 142, 156, 160, 161, 162, 188}"
ref_4.5,C4.5,WcD0F391710310345_08.ce,28,0.14884290401036188,"{12, 16, 19, 20, 21, 22, 23, 24, 25, 26, 27, 28, 29, 30, 31, 32, 33, 34, 35, 41, 44, 56, 57, 78, 157, 158, 177, 182}"
ref_4.5,C4.4,WcD08D61710310400_01.ce,51,0.22067813717054235,"{5, 12, 13, 20, 22, 43, 44, 51, 75, 91, 92, 98, 99, 100, 101, 102, 105, 106, 107, 110, 111, 113, 114, 115, 116, 119, 120, 126, 127, 128, 136, 137, 138, 139, 141, 150, 152, 154, 161, 162, 163, 164, 184, 186, 188, 189, 190, 194, 195, 196, 197}"
ref_4.5,C4.4,WcD08D61710310415_01.ce,34,0.21300844984363757,"{1, 3, 4, 8, 9, 11, 12, 13, 14, 17, 18, 19, 41, 45, 50, 56, 57, 58, 59, 71, 75, 76, 112, 120, 133, 154, 164, 165, 177, 178, 179, 180, 185, 190}"
ref_4.5,C4.4,WcD08D61710310430_01.ce,37,0.18536534121540665,"{5, 10, 11, 12, 14, 15, 16, 34, 35, 36, 62, 82, 85, 86, 87, 88, 89, 90, 91, 92, 93, 94, 95, 96, 97, 98, 99, 100, 101, 102, 108, 111, 123, 124, 135, 138, 140}"
ref_4.5,C4.4,WcD08D61710310445_01.ce,32,0.20709127627775023,"{33, 57, 76, 77, 79, 86, 87, 106, 108, 149, 155, 156, 157, 163, 164, 165, 166, 169, 170, 171, 172, 174, 175, 177, 178, 179, 180, 183, 184, 185, 191, 192}"
ref_4.5,C4.5,WcD0F391710310400_08.ce,42,0.21905716800217134,"{8, 9, 16, 18, 39, 87, 88, 94, 95, 97, 101, 102, 103, 106, 109, 110, 111, 112, 115, 116, 122, 123, 130, 132, 133, 134, 135, 146, 148, 150, 157, 158, 159, 160, 184, 185, 186, 190, 191, 192, 193, 194}"
ref_4.5,C4.5,WcD0F391710310415_08.ce,27,0.21269125964407368,"{1, 2, 7, 10, 11, 12, 13, 14, 16, 17, 18, 49, 55, 56, 58, 60, 74, 75, 111, 119, 153, 163, 164, 174, 176, 177, 178}"
ref_4.5,C4.5,WcD0F391710310430_08.ce,34,0.18577865483120953,"{3, 8, 10, 11, 12, 13, 32, 33, 43, 76, 80, 83, 84, 85, 86, 87, 88, 89, 90, 91, 92, 93, 94, 95, 96, 98, 99, 100, 109, 121, 122, 133, 136, 138}"
ref_4.5,C4.5,WcD0F391710310445_08.ce,33,0.20450568300269542,"{29, 53, 72, 75, 80, 82, 83, 102, 103, 104, 111, 129, 130, 135, 145, 151, 152, 153, 159, 162, 166, 167, 170, 171, 173, 174, 175, 176, 179, 180, 187, 188, 194}"
ref_4.5,C4.4,WcD08D61710310500_01.ce,50,0.20594550067152476,"{1, 2, 3, 4, 5, 6, 7, 8, 9, 10, 11, 22, 24, 32, 33, 34, 35, 36, 57, 59, 60, 61, 62, 66, 67, 68, 69, 71, 72, 77, 78, 79, 80, 81, 82, 83, 84, 86, 87, 109, 125, 126, 128, 129, 130, 143, 144, 147, 181, 189}"
ref_4.5,C4.4,WcD08D61710310515_01.ce,41,0.2117013715918499,"{3, 12, 22, 25, 35, 36, 47, 48, 49, 50, 56, 60, 74, 75, 77, 78, 92, 97, 109, 141, 148, 149, 150, 151, 152, 153, 154, 155, 156, 157, 158, 159, 160, 161, 162, 163, 164, 171, 173, 185, 186}"
ref_4.5,C4.4,WcD08D61710310530_01.ce,15,0.18363763531220956,"{10, 16, 85, 95, 96, 103, 115, 120, 139, 140, 147, 149, 170, 171, 178}"
ref_4.5,C4.4,WcD08D61710310545_01.ce,36,0.19327922875325998,"{35, 47, 48, 49, 53, 54, 67, 70, 73, 74, 78, 122, 123, 124, 130, 136, 141, 146, 147, 148, 149, 150, 155, 157, 158, 159, 162, 170, 171, 173, 188, 189, 190, 191, 192, 193}"
ref_4.5,C4.5,WcD0F391710310500_08.ce,51,0.19508372826476103,"{1, 2, 3, 4, 5, 6, 16, 17, 19, 20, 27, 28, 29, 30, 31, 45, 52, 54, 55, 56, 57, 61, 62, 63, 64, 65, 66, 67, 68, 73, 74, 75, 76, 77, 80, 81, 82, 102, 104, 108, 120, 121, 123, 124, 125, 134, 138, 139, 142, 144, 176}"
ref_4.5,C4.5,WcD0F391710310515_08.ce,45,0.19884488908483816,"{3, 12, 22, 25, 35, 36, 45, 46, 48, 49, 50, 56, 60, 74, 75, 77, 78, 92, 96, 98, 124, 141, 145, 147, 148, 149, 150, 151, 152, 153, 154, 155, 156, 157, 158, 159, 160, 161, 162, 163, 164, 170, 173, 185, 186}"
ref_4.5,C4.5,WcD0F391710310530_08.ce,14,0.16474804021890488,"{7, 8, 92, 93, 112, 117, 136, 137, 144, 146, 156, 165, 167, 175}"
ref_4.5,C4.5,WcD0F391710310545_08.ce,34,0.1751946914992986,"{41, 42, 47, 48, 61, 67, 68, 72, 116, 117, 118, 124, 129, 135, 140, 141, 142, 143, 144, 151, 152, 153, 156, 165, 167, 182, 183, 184, 185, 188, 189, 190, 192, 193}"
ref_4.5,C4.4,WcD08D61710310600_01.ce,180,0.2883212364011872,"{1, 2, 3, 4, 5, 6, 7, 8, 9, 10, 11, 12, 13, 14, 15, 16, 17, 18, 20, 22, 28, 29, 30, 34, 35, 37, 39, 40, 41, 42, 43, 44, 45, 46, 47, 49, 50, 51, 52, 53, 54, 55, 56, 57, 58, 59, 60, 61, 62, 63, 64, 65, 66, 67, 68, 69, 70, 71, 72, 73, 74, 75, 76, 77, 78, 79, 80, 81, 82, 83, 84, 85, 86, 87, 88, 89, 90, 92, 93, 94, 95, 96, 97, 98, 99, 100, 101, 102, 104, 105, 106, 108, 109, 110, 111, 112, 113, 114, 115, 116, 117, 118, 119, 120, 121, 122, 123, 124, 125, 126, 127, 128, 129, 130, 131, 133, 134, 135, 136, 137, 138, 139, 140, 141, 142, 143, 144, 145, 146, 147, 148, 149, 150, 151, 152, 153, 154, 155, 156, 157, 158, 159, 160, 161, 162, 163, 165, 166, 167, 168, 169, 170, 171, 172, 173, 174, 175, 176, 177, 178, 179, 180, 181, 182, 183, 184, 185, 186, 187, 189, 190, 191, 192, 193, 194, 195, 196, 197, 198, 199}"
ref_4.5,C4.4,WcD08D61710310615_01.ce,151,0.2890375022806647,"{1, 5, 6, 7, 8, 9, 11, 13, 14, 15, 17, 18, 19, 20, 21, 22, 23, 26, 28, 29, 30, 32, 33, 34, 35, 36, 37, 38, 39, 41, 42, 43, 44, 45, 46, 48, 49, 50, 52, 53, 55, 56, 57, 58, 59, 60, 61, 62, 63, 64, 65, 66, 67, 68, 69, 70, 71, 72, 73, 74, 75, 76, 77, 78, 79, 80, 81, 82, 83, 84, 85, 86, 87, 88, 89, 90, 91, 92, 93, 94, 95, 96, 97, 98, 99, 100, 101, 102, 103, 104, 105, 106, 107, 108, 109, 110, 111, 112, 116, 117, 118, 119, 120, 121, 122, 123, 124, 125, 126, 127, 128, 129, 130, 132, 133, 134, 135, 136, 137, 138, 139, 140, 141, 142, 143, 144, 150, 157, 159, 161, 162, 172, 173, 174, 175, 176, 177, 178, 179, 180, 181, 182, 183, 184, 185, 186, 187, 188, 189, 190, 191}"
ref_4.5,C4.4,WcD08D61710310630_01.ce,93,0.26350755468772113,"{1, 2, 3, 5, 6, 11, 13, 14, 15, 16, 19, 20, 21, 22, 24, 26, 27, 28, 30, 32, 35, 36, 37, 38, 40, 42, 45, 47, 48, 49, 50, 51, 52, 53, 54, 55, 56, 57, 58, 61, 62, 65, 73, 74, 75, 76, 77, 78, 79, 80, 82, 83, 85, 87, 90, 91, 92, 99, 100, 101, 104, 105, 113, 114, 116, 118, 119, 126, 127, 128, 129, 131, 152, 153, 154, 155, 156, 157, 158, 159, 160, 171, 172, 173, 174, 175, 177, 178, 179, 180, 182, 189, 190}"
ref_4.5,C4.4,WcD08D61710310645_01.ce,132,0.2882767167943718,"{1, 2, 3, 4, 5, 6, 7, 8, 9, 10, 11, 12, 13, 14, 15, 16, 17, 18, 19, 20, 23, 24, 26, 27, 28, 29, 30, 31, 32, 36, 37, 38, 39, 40, 41, 42, 43, 44, 45, 46, 47, 48, 49, 50, 51, 52, 54, 59, 60, 61, 63, 66, 68, 69, 70, 72, 76, 78, 85, 86, 87, 88, 89, 90, 91, 92, 93, 94, 95, 97, 98, 99, 100, 101, 103, 105, 106, 107, 110, 111, 113, 114, 116, 118, 121, 123, 124, 127, 128, 129, 130, 134, 135, 136, 137, 139, 140, 141, 142, 143, 144, 145, 147, 149, 152, 153, 154, 158, 159, 160, 163, 164, 165, 166, 167, 168, 171, 172, 174, 179, 181, 182, 183, 184, 185, 186, 187, 188, 189, 190, 191, 192}"
ref_4.5,C4.5,WcD0F391710310600_08.ce,172,0.2997380909090909,"{1, 2, 3, 4, 5, 6, 7, 8, 9, 10, 11, 12, 14, 15, 17, 18, 19, 20, 21, 22, 23, 24, 27, 29, 30, 32, 33, 34, 35, 36, 37, 38, 39, 40, 43, 44, 45, 47, 48, 49, 50, 51, 52, 53, 54, 55, 56, 57, 58, 59, 60, 61, 62, 63, 64, 65, 66, 67, 68, 71, 73, 75, 76, 77, 78, 79, 80, 82, 83, 84, 86, 87, 88, 89, 90, 91, 92, 93, 94, 95, 96, 98, 99, 100, 102, 103, 104, 105, 106, 107, 108, 109, 110, 111, 112, 113, 114, 115, 116, 117, 118, 119, 120, 121, 122, 124, 125, 126, 128, 129, 130, 131, 132, 133, 134, 135, 136, 137, 138, 139, 140, 141, 142, 143, 144, 145, 146, 147, 148, 149, 150, 151, 152, 153, 154, 155, 156, 157, 159, 160, 161, 163, 164, 165, 166, 167, 168, 169, 170, 171, 172, 173, 174, 175, 176, 177, 178, 179, 180, 181, 183, 184, 185, 186, 187, 188, 189, 190, 191, 192, 193, 194}"
ref_4.5,C4.5,WcD0F391710310615_08.ce,161,0.29191569305991694,"{3, 4, 5, 6, 7, 8, 10, 12, 13, 14, 15, 16, 17, 18, 19, 21, 22, 23, 25, 26, 27, 28, 29, 30, 31, 33, 34, 35, 36, 37, 39, 40, 41, 42, 43, 44, 47, 48, 49, 50, 51, 52, 54, 55, 56, 57, 58, 59, 60, 61, 62, 63, 64, 65, 66, 67, 68, 69, 70, 71, 72, 73, 74, 75, 76, 77, 78, 79, 80, 81, 82, 83, 84, 85, 86, 87, 88, 89, 90, 91, 92, 93, 94, 95, 96, 97, 98, 99, 100, 101, 102, 103, 104, 105, 106, 107, 108, 109, 110, 111, 114, 116, 117, 118, 119, 120, 121, 122, 123, 124, 125, 126, 127, 128, 129, 131, 132, 133, 134, 135, 136, 137, 138, 139, 140, 141, 142, 143, 144, 145, 147, 157, 160, 161, 163, 165, 167, 168, 171, 172, 173, 174, 175, 176, 177, 178, 179, 180, 181, 182, 183, 184, 185, 186, 187, 188, 189, 190, 191, 192, 193}"
ref_4.5,C4.5,WcD0F391710310630_08.ce,153,0.28168984944880326,"{1, 2, 5, 8, 9, 10, 11, 16, 18, 19, 20, 21, 22, 23, 24, 25, 26, 27, 28, 29, 30, 31, 32, 33, 34, 35, 36, 37, 38, 39, 42, 43, 44, 45, 46, 47, 49, 50, 51, 52, 53, 54, 55, 56, 57, 58, 59, 60, 61, 62, 63, 64, 67, 68, 69, 70, 71, 72, 73, 74, 76, 77, 79, 80, 81, 82, 83, 84, 85, 86, 87, 88, 89, 90, 91, 92, 93, 96, 98, 101, 104, 105, 106, 107, 108, 109, 110, 111, 112, 113, 114, 115, 116, 118, 119, 120, 121, 122, 123, 124, 125, 126, 127, 128, 129, 130, 136, 137, 138, 139, 140, 142, 143, 144, 145, 146, 147, 149, 150, 151, 152, 153, 154, 157, 158, 159, 161, 162, 164, 165, 166, 167, 168, 169, 170, 171, 172, 174, 175, 176, 177, 179, 180, 181, 182, 186, 187, 188, 189, 190, 191, 192, 193}"
ref_4.5,C4.5,WcD0F391710310645_08.ce,138,0.2873269713263199,"{1, 2, 3, 4, 5, 6, 7, 8, 9, 10, 11, 12, 13, 14, 15, 16, 18, 19, 20, 21, 22, 23, 25, 26, 27, 28, 29, 30, 31, 32, 33, 34, 35, 36, 38, 39, 40, 41, 42, 43, 44, 45, 47, 49, 50, 53, 54, 55, 56, 57, 58, 59, 61, 63, 64, 65, 66, 67, 68, 69, 70, 77, 80, 81, 82, 83, 84, 85, 86, 87, 88, 89, 90, 92, 93, 94, 95, 96, 102, 105, 106, 110, 111, 112, 113, 114, 120, 122, 123, 124, 129, 131, 132, 134, 135, 136, 137, 139, 140, 142, 147, 148, 149, 150, 151, 152, 153, 154, 155, 156, 157, 158, 159, 160, 162, 165, 166, 167, 168, 169, 176, 177, 179, 180, 181, 182, 183, 184, 185, 186, 187, 188, 189, 190, 191, 192, 193, 194}"
ref_4.5,C4.4,WcD08D61710310700_01.ce,58,0.1979801443193112,"{1, 2, 3, 4, 5, 6, 7, 8, 9, 10, 11, 12, 13, 14, 15, 16, 18, 19, 30, 31, 32, 37, 38, 51, 53, 57, 58, 62, 77, 80, 81, 110, 116, 121, 126, 127, 128, 129, 130, 137, 138, 139, 143, 148, 149, 150, 151, 152, 153, 155, 160, 168, 172, 174, 175, 176, 190, 195}"
ref_4.5,C4.4,WcD08D61710310715_01.ce,24,0.2074105934198151,"{7, 23, 25, 30, 48, 49, 50, 54, 55, 56, 70, 72, 75, 76, 77, 78, 104, 116, 118, 119, 130, 133, 168, 175}"
ref_4.5,C4.4,WcD08D61710310730_01.ce,17,0.2203550557080524,"{3, 4, 7, 11, 12, 50, 56, 67, 80, 81, 93, 112, 164, 165, 166, 167, 168}"
ref_4.5,C4.4,WcD08D61710310745_01.ce,27,0.2372776393899809,"{30, 31, 42, 43, 45, 48, 56, 57, 61, 74, 77, 95, 100, 106, 116, 121, 122, 144, 152, 157, 180, 183, 189, 190, 191, 192, 193}"
ref_4.5,C4.5,WcD0F391710310700_08.ce,51,0.18860327384392506,"{1, 2, 3, 4, 5, 6, 7, 8, 9, 11, 12, 23, 24, 25, 30, 31, 44, 50, 51, 55, 73, 74, 103, 108, 114, 119, 121, 122, 123, 128, 130, 131, 132, 135, 141, 143, 144, 145, 146, 147, 148, 153, 154, 161, 165, 167, 168, 183, 184, 186, 187}"
ref_4.5,C4.5,WcD0F391710310715_08.ce,26,0.1996132903450915,"{2, 18, 20, 25, 43, 44, 45, 49, 50, 51, 65, 67, 70, 71, 72, 73, 111, 113, 114, 125, 128, 130, 132, 163, 192, 193}"
ref_4.5,C4.5,WcD0F391710310730_08.ce,18,0.20852812462280085,"{2, 3, 7, 8, 23, 46, 52, 63, 76, 77, 94, 107, 108, 160, 161, 162, 163, 164}"
ref_4.5,C4.5,WcD0F391710310745_08.ce,24,0.2290492933565653,"{23, 35, 36, 41, 56, 57, 67, 70, 88, 90, 91, 93, 97, 109, 113, 137, 145, 173, 176, 182, 183, 184, 185, 186}"
ref_4.5,C4.4,WcD08D61710310800_01.ce,67,0.22769777701425,"{1, 2, 3, 4, 5, 8, 18, 21, 37, 38, 39, 40, 41, 45, 53, 59, 61, 74, 89, 97, 99, 106, 117, 118, 121, 141, 142, 143, 144, 150, 153, 154, 155, 156, 157, 158, 159, 160, 161, 162, 163, 164, 165, 166, 167, 168, 169, 170, 171, 172, 173, 174, 175, 176, 177, 178, 179, 180, 181, 182, 183, 184, 186, 187, 189, 190, 191}"
ref_4.5,C4.4,WcD08D61710310815_01.ce,118,0.22189048880919215,"{1, 2, 3, 4, 5, 6, 7, 8, 9, 10, 11, 12, 13, 14, 15, 16, 17, 18, 19, 23, 24, 25, 26, 27, 28, 29, 30, 31, 32, 33, 34, 35, 36, 37, 38, 39, 40, 41, 42, 43, 45, 46, 47, 48, 49, 50, 51, 52, 53, 54, 55, 56, 57, 58, 59, 61, 62, 63, 64, 72, 81, 84, 85, 87, 88, 90, 95, 97, 98, 99, 101, 104, 105, 106, 107, 108, 110, 117, 119, 120, 121, 122, 123, 124, 125, 126, 127, 128, 129, 130, 131, 132, 133, 134, 135, 136, 137, 138, 139, 140, 141, 142, 143, 145, 146, 147, 148, 149, 150, 151, 152, 153, 154, 157, 158, 171, 172, 182}"
ref_4.5,C4.4,WcD08D61710310830_01.ce,11,0.1961754790723185,"{3, 86, 87, 89, 90, 91, 93, 103, 120, 122, 138}"
ref_4.5,C4.4,WcD08D61710310845_01.ce,13,0.20507785359111122,"{82, 110, 120, 121, 122, 123, 154, 166, 170, 173, 176, 178, 184}"
ref_4.5,C4.5,WcD0F391710310800_08.ce,65,0.21379795960191597,"{1, 2, 3, 4, 20, 36, 37, 38, 39, 40, 44, 58, 60, 70, 73, 88, 98, 113, 116, 117, 140, 141, 142, 143, 146, 152, 153, 154, 155, 156, 157, 158, 159, 160, 161, 162, 163, 164, 165, 166, 167, 168, 169, 171, 172, 173, 174, 175, 176, 177, 178, 179, 180, 181, 182, 183, 185, 186, 187, 188, 189, 190, 191, 192, 193}"
ref_4.5,C4.5,WcD0F391710310815_08.ce,110,0.20559673423261438,"{1, 2, 3, 4, 5, 6, 7, 9, 10, 11, 12, 13, 14, 15, 17, 20, 21, 22, 23, 24, 25, 26, 27, 28, 29, 30, 31, 32, 33, 34, 36, 38, 41, 42, 43, 45, 46, 47, 48, 49, 50, 51, 52, 53, 54, 55, 56, 58, 59, 60, 64, 68, 69, 77, 78, 81, 82, 83, 84, 85, 86, 87, 92, 96, 97, 98, 101, 102, 103, 104, 105, 110, 114, 117, 118, 119, 120, 121, 122, 123, 124, 125, 126, 127, 128, 129, 130, 131, 132, 133, 134, 135, 136, 137, 138, 139, 140, 141, 142, 144, 145, 146, 147, 148, 149, 150, 151, 155, 179, 192}"
ref_4.5,C4.5,WcD0F391710310830_08.ce,8,0.17854311056285363,"{54, 81, 85, 86, 95, 117, 133, 161}"
ref_4.5,C4.5,WcD0F391710310845_08.ce,15,0.18743999861091254,"{5, 76, 104, 109, 112, 114, 115, 116, 148, 160, 164, 166, 167, 170, 172}"
ref_4.5,C4.4,WcD08D61710310900_01.ce,41,0.20774030829808549,"{1, 2, 3, 4, 5, 6, 24, 28, 29, 30, 32, 37, 42, 44, 46, 47, 50, 52, 53, 65, 67, 68, 69, 70, 74, 78, 82, 84, 97, 103, 105, 116, 119, 137, 138, 139, 140, 141, 156, 163, 167}"
ref_4.5,C4.4,WcD08D61710310915_01.ce,16,0.1991765027875649,"{4, 8, 62, 63, 67, 68, 98, 107, 108, 109, 121, 124, 134, 136, 144, 182}"
ref_4.5,C4.4,WcD08D61710310930_01.ce,29,0.1968616749084353,"{15, 28, 32, 35, 36, 37, 39, 43, 44, 51, 52, 54, 106, 107, 118, 119, 120, 121, 122, 125, 128, 129, 130, 142, 182, 183, 188, 189, 193}"
ref_4.5,C4.4,WcD08D61710310945_01.ce,21,0.1979114584210322,"{12, 18, 21, 72, 99, 101, 103, 104, 105, 106, 113, 132, 139, 144, 145, 146, 147, 148, 149, 150, 157}"
ref_4.5,C4.5,WcD0F391710310900_08.ce,30,0.2023288634492448,"{1, 2, 3, 21, 23, 25, 26, 27, 29, 39, 41, 44, 47, 49, 50, 62, 64, 65, 66, 67, 75, 79, 81, 100, 102, 110, 116, 137, 138, 160}"
ref_4.5,C4.5,WcD0F391710310915_08.ce,15,0.19713976953317622,"{4, 31, 57, 58, 64, 94, 104, 117, 120, 130, 132, 140, 148, 178, 189}"
ref_4.5,C4.5,WcD0F391710310930_08.ce,26,0.18326829772473788,"{26, 29, 30, 31, 33, 37, 45, 46, 48, 53, 100, 101, 114, 115, 116, 119, 122, 123, 124, 136, 176, 177, 181, 182, 183, 187}"
ref_4.5,C4.5,WcD0F391710310945_08.ce,19,0.18536275948700667,"{17, 20, 69, 98, 100, 102, 103, 104, 105, 112, 131, 138, 142, 143, 146, 147, 149, 156, 193}"
ref_4.5,C4.4,WcD08D61710311000_01.ce,30,0.21149334699010947,"{1, 2, 3, 4, 5, 6, 7, 8, 16, 21, 22, 23, 32, 45, 57, 76, 77, 106, 117, 141, 143, 145, 163, 165, 170, 174, 176, 177, 178, 179}"
ref_4.5,C4.4,WcD08D61710311015_01.ce,16,0.22115036986999007,"{1, 4, 10, 30, 39, 79, 82, 83, 85, 90, 110, 111, 139, 141, 149, 151}"
ref_4.5,C4.4,WcD08D61710311030_01.ce,24,0.20197862661058297,"{20, 22, 24, 33, 39, 40, 41, 42, 63, 64, 118, 130, 132, 133, 135, 136, 137, 138, 139, 140, 141, 154, 155, 159}"
ref_4.5,C4.4,WcD08D61710311045_01.ce,4,0.13250266851906975,"{59, 96, 129, 130}"
ref_4.5,C4.5,WcD0F391710311000_08.ce,23,0.19613284701391662,"{1, 2, 3, 4, 12, 17, 18, 19, 28, 53, 72, 73, 102, 103, 125, 136, 161, 166, 170, 172, 188, 190, 191}"
ref_4.5,C4.5,WcD0F391710311015_08.ce,12,0.19752436259894132,"{4, 12, 73, 76, 79, 81, 104, 105, 130, 135, 145, 158}"
ref_4.5,C4.5,WcD0F391710311030_08.ce,18,0.19546843175100329,"{129, 130, 131, 132, 133, 12, 13, 15, 17, 147, 148, 26, 32, 33, 34, 56, 111, 123}"
ref_4.5,C4.5,WcD0F391710311045_08.ce,2,0.10341407530344421,"{57, 127}"
ref_4.5,C4.4,WcD08D61710311100_01.ce,19,0.16747621053386932,"{1, 2, 3, 4, 5, 6, 7, 66, 126, 137, 138, 139, 145, 146, 147, 148, 154, 182, 184}"
ref_4.5,C4.4,WcD08D61710311115_01.ce,2,0.15732441807004147,"{22, 180}"
ref_4.5,C4.4,WcD08D61710311130_01.ce,14,0.17518238101568373,"{128, 141, 145, 146, 149, 152, 153, 154, 156, 157, 160, 161, 167, 169}"
ref_4.5,C4.4,WcD08D61710311145_01.ce,48,0.22542769292976303,"{6, 7, 8, 11, 17, 18, 25, 29, 34, 35, 47, 52, 55, 63, 64, 67, 69, 80, 81, 88, 90, 91, 99, 100, 101, 102, 103, 104, 105, 108, 109, 110, 112, 113, 151, 152, 153, 156, 157, 160, 164, 166, 167, 168, 171, 179, 181, 185}"
ref_4.5,C4.5,WcD0F391710311100_08.ce,11,0.1597211665681396,"{1, 2, 3, 4, 129, 134, 135, 136, 145, 151, 51}"
ref_4.5,C4.5,WcD0F391710311115_08.ce,2,0.15137687415443749,"{16, 174}"
ref_4.5,C4.5,WcD0F391710311130_08.ce,14,0.16849177663236775,"{74, 134, 139, 142, 145, 146, 147, 149, 150, 154, 162, 167, 189, 194}"
ref_4.5,C4.5,WcD0F391710311145_08.ce,45,0.22156118430271,"{1, 2, 5, 11, 12, 19, 23, 28, 29, 40, 41, 43, 46, 48, 49, 57, 58, 59, 60, 61, 70, 82, 84, 93, 94, 95, 96, 98, 99, 103, 106, 107, 145, 146, 147, 150, 152, 159, 161, 162, 164, 165, 173, 174, 179}"
ref_4.5,C4.4,WcD08D61710311200_01.ce,37,0.22200655874828643,"{1, 2, 3, 4, 5, 21, 22, 23, 59, 70, 71, 76, 77, 78, 79, 80, 81, 82, 91, 94, 106, 110, 112, 114, 116, 117, 126, 154, 159, 161, 162, 166, 169, 170, 171, 188, 189}"
ref_4.5,C4.4,WcD08D61710311215_01.ce,57,0.21546392989053223,"{2, 8, 9, 16, 17, 26, 31, 32, 37, 38, 41, 43, 45, 46, 47, 50, 51, 65, 70, 73, 74, 76, 77, 78, 79, 80, 81, 82, 83, 90, 91, 92, 94, 95, 96, 100, 101, 103, 114, 134, 140, 141, 142, 150, 155, 165, 171, 178, 179, 180, 181, 182, 184, 185, 186, 187, 188}"
ref_4.5,C4.4,WcD08D61710311230_01.ce,5,0.1694752388501857,"{111, 116, 117, 54, 55}"
ref_4.5,C4.4,WcD08D61710311245_01.ce,18,0.17558148386985134,"{6, 7, 40, 111, 115, 116, 117, 118, 119, 120, 134, 138, 139, 140, 144, 145, 146, 184}"
ref_4.5,C4.5,WcD0F391710311200_08.ce,42,0.21303012786964798,"{1, 2, 3, 4, 20, 21, 22, 58, 61, 62, 69, 73, 75, 76, 77, 78, 79, 80, 81, 83, 93, 105, 109, 111, 114, 115, 116, 125, 151, 152, 153, 158, 160, 165, 168, 169, 171, 173, 178, 186, 187, 191}"
ref_4.5,C4.5,WcD0F391710311215_08.ce,44,0.19723975914923003,"{7, 8, 15, 25, 29, 30, 36, 37, 40, 44, 45, 49, 50, 69, 72, 75, 76, 77, 78, 79, 80, 81, 89, 93, 94, 95, 98, 99, 100, 102, 136, 140, 149, 154, 164, 177, 178, 179, 180, 183, 184, 185, 186, 187}"
ref_4.5,C4.5,WcD0F391710311230_08.ce,5,0.1403129741398081,"{193, 107, 112, 113, 51}"
ref_4.5,C4.5,WcD0F391710311245_08.ce,14,0.15030768885322127,"{1, 106, 110, 111, 112, 113, 114, 115, 129, 133, 134, 139, 140, 179}"
ref_4.5,C4.4,WcD08D61710311300_01.ce,40,0.17830099992929518,"{1, 2, 3, 4, 5, 6, 7, 8, 9, 22, 23, 24, 25, 26, 27, 28, 29, 30, 31, 32, 33, 36, 38, 40, 41, 42, 43, 44, 45, 46, 47, 48, 101, 135, 136, 137, 138, 148, 151, 187}"
ref_4.5,C4.4,WcD08D61710311315_01.ce,20,0.19102913694966225,"{8, 9, 17, 24, 34, 35, 36, 50, 51, 52, 53, 75, 76, 78, 81, 82, 86, 99, 100, 159}"
ref_4.5,C4.4,WcD08D61710311330_01.ce,5,0.14480337992424655,"{128, 65, 129, 130, 136}"
ref_4.5,C4.4,WcD08D61710311345_01.ce,36,0.16016575420934942,"{97, 98, 99, 100, 105, 122, 123, 124, 125, 126, 127, 128, 129, 132, 133, 135, 136, 137, 138, 139, 140, 141, 143, 144, 145, 146, 147, 148, 149, 150, 151, 152, 153, 155, 156, 157}"
ref_4.5,C4.5,WcD0F391710311300_08.ce,34,0.14985564581443372,"{1, 2, 3, 4, 18, 19, 20, 21, 22, 23, 24, 25, 26, 27, 28, 31, 32, 35, 36, 38, 39, 40, 42, 43, 107, 130, 131, 132, 133, 143, 146, 147, 163, 194}"
ref_4.5,C4.5,WcD0F391710311315_08.ce,15,0.1849809823502493,"{9, 26, 27, 28, 41, 42, 43, 45, 67, 68, 73, 74, 91, 92, 120}"
ref_4.5,C4.5,WcD0F391710311330_08.ce,3,0.13917019431916233,"{64, 135, 127}"
ref_4.5,C4.5,WcD0F391710311345_08.ce,21,0.1569645314680321,"{93, 94, 95, 96, 101, 118, 119, 120, 121, 122, 124, 125, 134, 136, 140, 144, 147, 148, 149, 151, 152}"
ref_4.5,C4.4,WcD08D61710311400_01.ce,29,0.18971238827066264,"{1, 2, 3, 4, 5, 6, 7, 8, 9, 10, 11, 59, 61, 64, 70, 71, 72, 73, 74, 75, 76, 86, 106, 142, 143, 150, 159, 165, 178}"
ref_4.5,C4.4,WcD08D61710311415_01.ce,19,0.21571983440567752,"{44, 45, 46, 47, 63, 72, 112, 132, 135, 137, 142, 148, 149, 150, 184, 186, 187, 189, 190}"
ref_4.5,C4.4,WcD08D61710311430_01.ce,20,0.2026703481794885,"{39, 46, 71, 72, 102, 128, 129, 147, 155, 156, 163, 170, 171, 175, 177, 178, 179, 182, 183, 192}"
ref_4.5,C4.4,WcD08D61710311445_01.ce,44,0.21506854574422693,"{15, 16, 17, 18, 23, 26, 37, 38, 39, 40, 41, 50, 74, 79, 81, 85, 88, 89, 90, 91, 92, 108, 116, 117, 121, 122, 124, 125, 127, 132, 133, 136, 140, 143, 147, 152, 160, 165, 176, 177, 178, 187, 188, 189}"
ref_4.5,C4.5,WcD0F391710311400_08.ce,17,0.18226955359426641,"{1, 2, 3, 52, 57, 63, 64, 65, 66, 67, 68, 69, 79, 135, 136, 143, 171}"
ref_4.5,C4.5,WcD0F391710311415_08.ce,18,0.20713208805078026,"{14, 29, 44, 45, 46, 47, 57, 65, 72, 112, 129, 132, 135, 148, 149, 184, 188, 189}"
ref_4.5,C4.5,WcD0F391710311430_08.ce,23,0.18917316765439393,"{4, 36, 37, 39, 44, 69, 70, 100, 126, 127, 128, 145, 153, 154, 158, 160, 161, 167, 175, 176, 177, 180, 181}"
ref_4.5,C4.5,WcD0F391710311445_08.ce,39,0.19582451689857483,"{15, 16, 17, 22, 37, 38, 39, 40, 41, 50, 74, 78, 79, 81, 87, 88, 89, 90, 91, 92, 108, 116, 117, 121, 122, 124, 125, 127, 132, 133, 136, 140, 143, 147, 152, 160, 176, 177, 188}"
ref_4.5,C4.4,WcD08D61710311500_01.ce,27,0.22765420367879335,"{2, 4, 5, 38, 58, 81, 97, 115, 117, 121, 122, 123, 124, 125, 136, 139, 140, 144, 145, 146, 147, 151, 152, 153, 161, 164, 166}"
ref_4.5,C4.4,WcD08D61710311515_01.ce,34,0.23740387063894755,"{5, 16, 21, 22, 31, 33, 41, 42, 50, 55, 56, 68, 77, 82, 85, 88, 90, 91, 92, 93, 115, 116, 117, 124, 129, 137, 151, 152, 153, 157, 176, 179, 185, 186}"
ref_4.5,C4.4,WcD08D61710311530_01.ce,21,0.21340868164534738,"{13, 31, 32, 50, 71, 90, 102, 119, 124, 126, 143, 148, 149, 150, 151, 152, 153, 158, 166, 175, 185}"
ref_4.5,C4.4,WcD08D61710311545_01.ce,6,0.19265826414367895,"{2, 8, 9, 186, 198, 83}"
ref_4.5,C4.5,WcD0F391710311500_08.ce,26,0.21115465932771835,"{2, 3, 4, 57, 58, 80, 96, 112, 114, 120, 121, 122, 123, 132, 135, 138, 139, 144, 145, 146, 150, 151, 152, 153, 160, 163}"
ref_4.5,C4.5,WcD0F391710311515_08.ce,29,0.22688068774201253,"{3, 5, 8, 13, 18, 22, 28, 30, 38, 39, 47, 53, 65, 74, 79, 82, 85, 87, 88, 89, 90, 103, 112, 113, 114, 148, 149, 150, 182}"
ref_4.5,C4.5,WcD0F391710311530_08.ce,15,0.20050056176395945,"{8, 26, 27, 85, 94, 97, 119, 121, 138, 144, 145, 146, 147, 161, 170}"
ref_4.5,C4.5,WcD0F391710311545_08.ce,5,0.1815762917418783,"{128, 1, 2, 179, 191}"
ref_4.5,C4.4,WcD08D61710311600_01.ce,13,0.17900098739001194,"{1, 2, 3, 4, 25, 80, 81, 90, 99, 114, 115, 134, 143}"
ref_4.5,C4.4,WcD08D61710311615_01.ce,3,0.15071257746371497,"{68, 69, 134}"
ref_4.5,C4.4,WcD08D61710311630_01.ce,4,0.18169896697481522,"{91, 115, 131, 165}"
ref_4.5,C4.4,WcD08D61710311645_01.ce,38,0.20763177512142103,"{14, 17, 51, 53, 54, 63, 64, 66, 94, 100, 106, 107, 108, 109, 110, 111, 112, 113, 120, 126, 131, 132, 133, 135, 136, 139, 140, 141, 142, 160, 165, 171, 177, 178, 179, 182, 184, 196}"
ref_4.5,C4.5,WcD0F391710311600_08.ce,10,0.16386520035120003,"{1, 2, 3, 24, 69, 74, 89, 133, 142, 150}"
ref_4.5,C4.5,WcD0F391710311615_08.ce,2,0.13998271778502688,"{65, 66}"
ref_4.5,C4.5,WcD0F391710311630_08.ce,3,0.1677111308228771,"{39, 125, 161}"
ref_4.5,C4.5,WcD0F391710311645_08.ce,31,0.1938353887038204,"{7, 10, 44, 45, 46, 47, 57, 81, 97, 98, 99, 100, 101, 103, 104, 105, 113, 119, 124, 125, 126, 128, 129, 135, 148, 153, 164, 170, 171, 172, 173}"
ref_4.5,C4.4,WcD08D61710311700_01.ce,31,0.22248270014963495,"{1, 2, 3, 4, 5, 17, 18, 23, 41, 42, 46, 47, 48, 55, 56, 71, 73, 74, 77, 78, 84, 85, 110, 119, 121, 144, 147, 148, 170, 171, 180}"
ref_4.5,C4.4,WcD08D61710311715_01.ce,14,0.22461708591504786,"{5, 22, 64, 83, 94, 99, 111, 120, 141, 144, 148, 156, 172, 173}"
ref_4.5,C4.4,WcD08D61710311730_01.ce,49,0.25197628082048,"{16, 19, 21, 26, 27, 50, 54, 56, 69, 70, 74, 78, 81, 82, 83, 85, 86, 89, 90, 91, 97, 98, 99, 100, 107, 108, 109, 121, 127, 128, 129, 130, 131, 135, 136, 142, 146, 157, 160, 161, 164, 166, 167, 168, 169, 170, 172, 185, 188}"
ref_4.5,C4.4,WcD08D61710311745_01.ce,60,0.2405709611542012,"{1, 2, 3, 4, 11, 12, 13, 29, 30, 31, 32, 33, 34, 35, 39, 40, 46, 51, 52, 53, 54, 57, 58, 60, 64, 65, 80, 87, 88, 97, 100, 117, 118, 120, 121, 124, 125, 144, 145, 158, 161, 162, 163, 164, 165, 166, 167, 168, 169, 170, 171, 172, 173, 174, 175, 179, 188, 189, 197, 199}"
ref_4.5,C4.5,WcD0F391710311700_08.ce,22,0.2224677523555654,"{1, 2, 3, 4, 16, 17, 40, 45, 47, 55, 70, 72, 76, 77, 83, 109, 134, 143, 146, 169, 170, 179}"
ref_4.5,C4.5,WcD0F391710311715_08.ce,9,0.2170274064374253,"{18, 61, 80, 90, 91, 96, 108, 138, 169}"
ref_4.5,C4.5,WcD0F391710311730_08.ce,49,0.25634068554173906,"{14, 16, 21, 22, 32, 35, 45, 48, 64, 67, 69, 73, 76, 77, 78, 80, 84, 85, 86, 93, 94, 102, 103, 104, 116, 122, 124, 125, 126, 130, 137, 141, 149, 152, 161, 162, 163, 164, 165, 166, 167, 169, 175, 178, 180, 186, 187, 188, 189}"
ref_4.5,C4.5,WcD0F391710311745_08.ce,49,0.23607010579685542,"{3, 4, 5, 14, 21, 22, 23, 24, 25, 26, 31, 32, 34, 38, 44, 45, 46, 49, 50, 52, 56, 57, 72, 79, 112, 113, 116, 117, 136, 137, 150, 153, 154, 155, 156, 157, 158, 159, 160, 161, 162, 163, 164, 165, 166, 167, 171, 180, 191}"
ref_4.5,C4.4,WcD08D61710311800_01.ce,18,0.18892945328544566,"{1, 2, 3, 4, 5, 6, 14, 15, 16, 21, 23, 26, 41, 42, 168, 170, 179, 180}"
ref_4.5,C4.4,WcD08D61710311815_01.ce,49,0.20551872445053032,"{4, 5, 7, 8, 9, 10, 20, 21, 22, 23, 30, 39, 49, 52, 71, 77, 81, 85, 95, 102, 103, 107, 127, 128, 129, 130, 131, 132, 133, 134, 135, 136, 137, 138, 139, 140, 141, 142, 143, 144, 145, 154, 155, 156, 161, 165, 171, 172, 173}"
ref_4.5,C4.4,WcD08D61710311830_01.ce,48,0.22026823353533442,"{1, 5, 6, 7, 8, 12, 19, 20, 23, 24, 25, 30, 31, 32, 40, 61, 62, 85, 89, 99, 101, 102, 109, 110, 115, 127, 133, 137, 141, 144, 145, 146, 147, 153, 154, 160, 169, 170, 172, 173, 183, 185, 186, 188, 189, 190, 191, 193}"
ref_4.5,C4.4,WcD08D61710311845_01.ce,37,0.19909592399493595,"{1, 5, 6, 7, 8, 9, 10, 21, 26, 28, 33, 34, 69, 72, 76, 77, 78, 79, 80, 81, 82, 84, 85, 86, 96, 97, 103, 105, 151, 152, 153, 180, 192, 193, 194, 195, 196}"
ref_4.5,C4.5,WcD0F391710311800_08.ce,19,0.17570530740447435,"{1, 2, 3, 4, 12, 13, 14, 16, 18, 25, 39, 40, 48, 94, 114, 166, 169, 193, 194}"
ref_4.5,C4.5,WcD0F391710311815_08.ce,49,0.18004103247197303,"{2, 3, 4, 5, 15, 16, 17, 18, 22, 25, 33, 34, 44, 46, 47, 66, 72, 76, 80, 90, 101, 122, 123, 124, 125, 126, 127, 128, 129, 130, 131, 132, 133, 134, 135, 136, 137, 138, 139, 149, 150, 156, 160, 166, 167, 168, 188, 192, 193}"
ref_4.5,C4.5,WcD0F391710311830_08.ce,46,0.21032053471299703,"{1, 2, 6, 13, 14, 17, 18, 24, 25, 26, 34, 55, 56, 75, 79, 93, 95, 96, 99, 103, 104, 109, 127, 131, 135, 137, 138, 139, 140, 141, 147, 148, 154, 163, 164, 166, 167, 179, 180, 184, 186, 187, 188, 190, 192, 194}"
ref_4.5,C4.5,WcD0F391710311845_08.ce,31,0.18756387674641925,"{1, 2, 3, 4, 10, 16, 21, 23, 28, 64, 67, 71, 72, 73, 74, 76, 77, 79, 80, 92, 100, 146, 147, 176, 177, 187, 188, 189, 190, 191, 192}"
ref_4.5,C4.4,WcD08D61710311900_01.ce,58,0.21025477930239841,"{1, 2, 3, 4, 5, 6, 12, 15, 25, 29, 31, 35, 36, 40, 47, 51, 52, 54, 55, 56, 57, 59, 62, 63, 64, 65, 66, 67, 68, 69, 70, 71, 72, 73, 74, 75, 76, 77, 78, 79, 80, 81, 82, 83, 84, 86, 87, 88, 89, 90, 101, 113, 122, 132, 137, 138, 183, 186}"
ref_4.5,C4.4,WcD08D61710311915_01.ce,31,0.19726688454436947,"{4, 9, 15, 19, 20, 22, 24, 25, 26, 28, 32, 39, 47, 49, 72, 73, 87, 97, 98, 99, 161, 165, 173, 174, 175, 176, 177, 178, 179, 188, 189}"
ref_4.5,C4.4,WcD08D61710311930_01.ce,41,0.1924855261398755,"{12, 16, 17, 18, 19, 21, 22, 23, 24, 28, 29, 30, 68, 69, 70, 71, 85, 86, 88, 89, 90, 91, 92, 93, 94, 95, 96, 97, 98, 99, 100, 101, 102, 103, 104, 105, 116, 120, 153, 154, 158}"
ref_4.5,C4.4,WcD08D61710311945_01.ce,22,0.1882545840420238,"{50, 87, 89, 90, 108, 109, 110, 111, 132, 134, 135, 136, 140, 141, 150, 154, 155, 156, 164, 168, 169, 194}"
ref_4.5,C4.5,WcD0F391710311900_08.ce,54,0.19618951911252755,"{1, 2, 3, 4, 12, 13, 23, 27, 33, 38, 45, 49, 50, 52, 53, 55, 57, 58, 60, 61, 62, 63, 64, 65, 66, 67, 68, 69, 70, 71, 72, 73, 74, 75, 76, 77, 78, 79, 80, 81, 82, 84, 85, 86, 87, 99, 111, 119, 120, 130, 175, 181, 185, 192}"
ref_4.5,C4.5,WcD0F391710311915_08.ce,29,0.17988272172604525,"{10, 14, 15, 16, 17, 20, 21, 23, 24, 27, 34, 55, 68, 70, 81, 82, 92, 93, 94, 104, 160, 168, 169, 170, 171, 172, 173, 174, 183}"
ref_4.5,C4.5,WcD0F391710311930_08.ce,40,0.18053809898505072,"{8, 12, 13, 15, 17, 18, 19, 20, 21, 24, 25, 27, 64, 65, 66, 67, 82, 84, 85, 86, 87, 88, 89, 90, 91, 92, 93, 94, 95, 96, 97, 98, 99, 100, 101, 112, 116, 148, 149, 150}"
ref_4.5,C4.5,WcD0F391710311945_08.ce,21,0.1743243973806415,"{75, 81, 84, 85, 103, 104, 105, 127, 129, 130, 131, 135, 145, 149, 150, 158, 159, 160, 161, 164, 189}"
ref_4.5,C4.4,WcD08D61710312000_01.ce,28,0.21142839653170592,"{1, 2, 3, 4, 5, 6, 10, 11, 12, 13, 17, 66, 67, 68, 87, 91, 93, 111, 116, 123, 126, 130, 138, 142, 149, 150, 154, 173}"
ref_4.5,C4.4,WcD08D61710312015_01.ce,40,0.21713754881656816,"{7, 8, 9, 10, 11, 12, 22, 26, 27, 30, 34, 37, 38, 39, 41, 46, 59, 60, 76, 77, 81, 85, 94, 95, 96, 97, 98, 101, 125, 126, 127, 128, 129, 141, 149, 152, 174, 184, 191, 196}"
ref_4.5,C4.4,WcD08D61710312030_01.ce,47,0.2218755195170211,"{1, 2, 3, 4, 5, 6, 7, 8, 9, 10, 15, 16, 30, 47, 49, 54, 67, 70, 78, 83, 84, 85, 86, 91, 94, 95, 99, 100, 101, 102, 117, 122, 128, 129, 133, 136, 141, 143, 155, 167, 168, 169, 170, 180, 183, 187, 188}"
ref_4.5,C4.4,WcD08D61710312045_01.ce,31,0.19472237299987571,"{7, 19, 33, 34, 36, 37, 38, 42, 47, 51, 57, 58, 64, 102, 107, 108, 109, 125, 130, 133, 134, 136, 139, 140, 141, 142, 143, 148, 149, 150, 178}"
ref_4.5,C4.5,WcD0F391710312000_08.ce,27,0.21333042263693788,"{1, 2, 3, 4, 9, 10, 11, 15, 64, 65, 82, 85, 86, 91, 114, 121, 124, 128, 147, 148, 150, 152, 172, 182, 184, 193, 194}"
ref_4.5,C4.5,WcD0F391710312015_08.ce,39,0.21141576902759004,"{1, 2, 3, 14, 17, 22, 29, 30, 33, 38, 44, 45, 68, 69, 73, 80, 85, 86, 87, 88, 89, 117, 118, 119, 120, 121, 135, 140, 141, 144, 156, 166, 167, 168, 176, 177, 188, 192, 193}"
ref_4.5,C4.5,WcD0F391710312030_08.ce,47,0.21063281940655865,"{1, 2, 3, 4, 5, 6, 7, 8, 12, 13, 14, 26, 27, 28, 65, 70, 71, 76, 81, 82, 83, 89, 92, 93, 96, 97, 98, 99, 100, 120, 127, 131, 134, 136, 139, 141, 153, 165, 166, 167, 168, 178, 181, 182, 185, 186, 193}"
ref_4.5,C4.5,WcD0F391710312045_08.ce,30,0.19235263480410328,"{15, 29, 32, 33, 34, 38, 43, 48, 58, 60, 77, 92, 103, 105, 108, 126, 127, 132, 134, 135, 136, 137, 138, 145, 146, 174, 188, 189, 190, 194}"
ref_4.5,C4.4,WcD08D61710312100_01.ce,63,0.2084368076862377,"{1, 2, 3, 4, 5, 6, 7, 8, 9, 10, 11, 12, 13, 36, 37, 38, 39, 40, 41, 42, 43, 44, 45, 47, 52, 53, 55, 56, 57, 68, 69, 70, 71, 73, 90, 92, 93, 97, 106, 107, 108, 109, 118, 123, 125, 126, 129, 131, 135, 142, 153, 154, 156, 158, 164, 169, 190, 194, 195, 196, 197, 198, 199}"
ref_4.5,C4.4,WcD08D61710312115_01.ce,69,0.22198727514842587,"{1, 2, 3, 5, 8, 9, 10, 11, 12, 13, 14, 15, 17, 30, 31, 33, 34, 44, 55, 56, 62, 63, 64, 65, 66, 67, 68, 69, 70, 71, 72, 73, 74, 75, 76, 82, 88, 97, 98, 99, 100, 102, 103, 106, 116, 121, 122, 140, 141, 143, 144, 145, 157, 161, 162, 163, 166, 167, 170, 173, 174, 176, 177, 178, 179, 180, 181, 182, 183}"
ref_4.5,C4.4,WcD08D61710312130_01.ce,42,0.18581279610592275,"{2, 3, 4, 5, 6, 7, 9, 10, 11, 15, 16, 17, 26, 27, 28, 29, 30, 31, 32, 33, 34, 35, 36, 37, 38, 39, 40, 41, 42, 43, 62, 66, 70, 85, 86, 94, 97, 102, 191, 192, 195, 196}"
ref_4.5,C4.4,WcD08D61710312145_01.ce,12,0.14618678405611024,"{17, 19, 96, 97, 98, 99, 101, 102, 106, 107, 109, 113}"
ref_4.5,C4.5,WcD0F391710312100_08.ce,50,0.21130959893124798,"{1, 2, 3, 4, 5, 6, 30, 31, 32, 33, 34, 36, 40, 45, 48, 49, 61, 62, 63, 64, 66, 84, 86, 90, 96, 101, 102, 109, 110, 111, 117, 118, 124, 130, 131, 146, 147, 149, 151, 157, 158, 159, 162, 183, 185, 187, 188, 191, 192, 193}"
ref_4.5,C4.5,WcD0F391710312115_08.ce,78,0.21910731388586,"{1, 2, 3, 7, 8, 9, 10, 11, 12, 13, 14, 16, 30, 33, 34, 41, 52, 53, 54, 55, 56, 61, 62, 63, 64, 65, 66, 67, 68, 69, 70, 71, 72, 74, 75, 80, 87, 94, 96, 97, 98, 99, 100, 101, 102, 104, 105, 106, 107, 110, 115, 120, 121, 139, 140, 142, 143, 144, 157, 160, 161, 165, 166, 169, 171, 172, 173, 175, 176, 177, 179, 180, 181, 183, 191, 192, 193, 194}"
ref_4.5,C4.5,WcD0F391710312130_08.ce,34,0.1619830829003118,"{1, 3, 4, 10, 11, 19, 20, 21, 22, 23, 24, 25, 26, 27, 28, 29, 30, 31, 32, 33, 34, 35, 55, 56, 60, 64, 79, 82, 88, 96, 185, 186, 188, 189}"
ref_4.5,C4.5,WcD0F391710312145_08.ce,9,0.1257125617136192,"{14, 93, 94, 95, 96, 99, 103, 105, 110}"
ref_4.5,C4.4,WcD08D61710312200_01.ce,20,0.174584447176351,"{1, 2, 3, 4, 5, 6, 12, 13, 14, 15, 16, 17, 18, 19, 24, 25, 26, 61, 75, 99}"
ref_4.5,C4.4,WcD08D61710312215_01.ce,40,0.17883526250810058,"{3, 5, 6, 7, 8, 9, 10, 11, 12, 14, 17, 18, 19, 20, 21, 22, 30, 39, 139, 153, 157, 159, 164, 165, 166, 167, 168, 169, 171, 172, 173, 174, 175, 176, 177, 178, 181, 182, 184, 188}"
ref_4.5,C4.4,WcD08D61710312230_01.ce,10,0.16232053706126026,"{5, 6, 11, 12, 15, 21, 25, 112, 119, 127}"
ref_4.5,C4.4,WcD08D61710312245_01.ce,7,0.15713405148425227,"{124, 126, 127, 128, 129, 130, 159}"
ref_4.5,C4.5,WcD0F391710312200_08.ce,15,0.17363876314658855,"{1, 2, 3, 4, 10, 11, 12, 13, 14, 15, 16, 22, 23, 183, 93}"
ref_4.5,C4.5,WcD0F391710312215_08.ce,38,0.17467530656819372,"{3, 4, 5, 6, 7, 8, 9, 10, 15, 16, 17, 18, 19, 20, 28, 37, 137, 151, 155, 156, 162, 163, 164, 165, 166, 167, 169, 170, 171, 172, 173, 174, 175, 176, 179, 180, 182, 186}"
ref_4.5,C4.5,WcD0F391710312230_08.ce,9,0.15621301164086984,"{1, 2, 7, 8, 17, 21, 108, 114, 123}"
ref_4.5,C4.5,WcD0F391710312245_08.ce,8,0.1490213278914935,"{133, 153, 117, 118, 120, 121, 123, 124}"
ref_4.5,C4.4,WcD08D61710312300_01.ce,43,0.16781474668459148,"{1, 2, 3, 4, 47, 48, 63, 64, 65, 66, 67, 69, 70, 71, 72, 73, 74, 75, 76, 77, 78, 79, 80, 81, 100, 101, 107, 108, 109, 110, 111, 112, 113, 114, 115, 116, 117, 154, 166, 168, 169, 177, 178}"
ref_4.5,C4.4,WcD08D61710312315_01.ce,46,0.1825461234405295,"{18, 19, 22, 23, 24, 25, 26, 27, 28, 29, 30, 31, 32, 33, 34, 35, 36, 37, 57, 61, 62, 63, 64, 66, 67, 82, 94, 111, 127, 128, 129, 130, 131, 133, 134, 135, 136, 137, 138, 148, 149, 150, 155, 156, 157, 168}"
ref_4.5,C4.4,WcD08D61710312330_01.ce,20,0.1765119287786624,"{7, 10, 11, 12, 13, 14, 17, 23, 43, 77, 89, 90, 110, 138, 139, 140, 141, 142, 143, 190}"
ref_4.5,C4.4,WcD08D61710312345_01.ce,24,0.19709040936111374,"{8, 11, 16, 28, 31, 33, 35, 36, 38, 45, 46, 47, 51, 52, 86, 88, 108, 136, 137, 167, 168, 170, 171, 190}"
ref_4.5,C4.5,WcD0F391710312300_08.ce,41,0.15387272596135756,"{1, 2, 3, 28, 46, 47, 62, 63, 64, 65, 66, 68, 69, 70, 71, 72, 73, 74, 75, 76, 77, 78, 79, 80, 100, 106, 107, 108, 109, 110, 111, 112, 113, 118, 153, 166, 167, 168, 169, 173, 177}"
ref_4.5,C4.5,WcD0F391710312315_08.ce,31,0.17031268242484865,"{16, 20, 21, 22, 23, 59, 60, 61, 62, 64, 65, 79, 109, 124, 125, 126, 127, 128, 129, 131, 132, 133, 134, 135, 146, 147, 148, 151, 153, 154, 155}"
ref_4.5,C4.5,WcD0F391710312330_08.ce,17,0.16623399699138916,"{7, 8, 9, 10, 14, 20, 85, 86, 87, 135, 136, 137, 138, 139, 140, 152, 187}"
ref_4.5,C4.5,WcD0F391710312345_08.ce,20,0.18532081162275912,"{2, 10, 25, 29, 32, 39, 40, 41, 45, 77, 80, 82, 101, 102, 124, 130, 131, 161, 162, 164}"
