ref_4.5,C4.4,WcD0D211711020000_02.ce,75,0.1822777966252698,"{1, 2, 3, 4, 5, 7, 10, 11, 12, 13, 14, 16, 17, 24, 25, 27, 28, 35, 36, 42, 61, 62, 65, 66, 69, 70, 71, 73, 74, 75, 76, 77, 79, 81, 82, 83, 86, 88, 89, 90, 91, 92, 94, 95, 97, 99, 100, 101, 102, 124, 141, 143, 144, 145, 146, 147, 151, 155, 156, 157, 158, 160, 161, 162, 169, 170, 171, 172, 178, 180, 185, 186, 191, 192, 193}"
ref_4.5,C4.4,WcD0D211711020015_02.ce,30,0.18629296445207535,"{1, 2, 3, 4, 5, 11, 17, 19, 33, 42, 45, 46, 48, 49, 50, 51, 63, 64, 74, 78, 80, 103, 120, 139, 157, 159, 182, 183, 184, 185}"
ref_4.5,C4.4,WcD0D211711020030_02.ce,10,0.15080855618498099,"{39, 55, 117, 118, 156, 160, 166, 167, 179, 187}"
ref_4.5,C4.4,WcD0D211711020045_02.ce,8,0.13278866892081612,"{168, 169, 171, 173, 57, 66, 95, 118}"
ref_4.5,C4.5,WcD0C231711020000_04.ce,73,0.19048970331185391,"{2, 3, 4, 5, 7, 10, 11, 12, 13, 14, 16, 17, 27, 28, 35, 36, 37, 42, 61, 62, 65, 66, 67, 69, 70, 73, 74, 75, 76, 77, 79, 81, 82, 83, 86, 87, 88, 89, 90, 91, 92, 93, 94, 95, 97, 99, 100, 101, 102, 137, 143, 144, 145, 146, 147, 155, 156, 157, 158, 159, 160, 161, 162, 169, 170, 171, 172, 180, 185, 186, 191, 192, 193}"
ref_4.5,C4.5,WcD0C231711020015_04.ce,31,0.19592841217566295,"{1, 2, 3, 4, 5, 11, 17, 19, 33, 42, 45, 46, 48, 50, 51, 63, 64, 74, 78, 80, 103, 151, 155, 157, 158, 159, 167, 182, 183, 184, 185}"
ref_4.5,C4.5,WcD0C231711020030_04.ce,13,0.1584264770573566,"{39, 44, 55, 117, 118, 119, 124, 155, 156, 160, 166, 167, 187}"
ref_4.5,C4.5,WcD0C231711020045_04.ce,9,0.14133933055960818,"{12, 57, 95, 105, 118, 168, 169, 171, 173}"
ref_4.5,C4.4,WcD0D211711020100_02.ce,75,0.19887619181764166,"{1, 2, 3, 4, 5, 7, 10, 11, 12, 13, 14, 16, 17, 18, 26, 28, 35, 36, 37, 42, 62, 65, 66, 67, 69, 70, 71, 74, 75, 76, 77, 78, 79, 81, 82, 83, 85, 86, 87, 88, 89, 90, 91, 92, 93, 95, 99, 100, 101, 102, 143, 144, 145, 146, 147, 155, 156, 157, 159, 160, 161, 162, 163, 169, 170, 171, 172, 177, 179, 180, 186, 191, 192, 193, 194}"
ref_4.5,C4.4,WcD0D211711020115_02.ce,53,0.22879816229026412,"{1, 2, 3, 4, 18, 33, 37, 45, 46, 50, 51, 63, 79, 84, 85, 86, 87, 88, 103, 106, 108, 109, 113, 114, 115, 116, 117, 118, 119, 120, 125, 132, 134, 141, 142, 147, 148, 149, 160, 161, 162, 163, 164, 165, 177, 178, 179, 180, 181, 182, 188, 189, 190}"
ref_4.5,C4.4,WcD0D211711020130_02.ce,61,0.19168732756002252,"{8, 11, 18, 19, 21, 23, 25, 31, 32, 33, 34, 36, 37, 38, 39, 41, 42, 43, 44, 45, 46, 47, 48, 54, 59, 61, 71, 72, 73, 74, 75, 77, 93, 94, 115, 116, 117, 118, 119, 137, 144, 145, 146, 147, 148, 149, 150, 151, 152, 153, 154, 161, 162, 163, 164, 165, 170, 178, 179, 180, 181}"
ref_4.5,C4.4,WcD0D211711020145_02.ce,25,0.17445704241056523,"{2, 5, 6, 16, 17, 18, 39, 40, 41, 42, 43, 55, 56, 57, 62, 71, 84, 118, 120, 121, 149, 170, 171, 173, 175}"
ref_4.5,C4.5,WcD0C231711020100_04.ce,73,0.19109409646332648,"{1, 2, 3, 4, 5, 7, 10, 11, 12, 13, 14, 16, 17, 18, 25, 28, 35, 36, 37, 42, 61, 62, 66, 67, 69, 70, 71, 74, 75, 76, 77, 78, 79, 80, 83, 86, 87, 88, 89, 90, 91, 92, 96, 99, 100, 101, 102, 137, 143, 144, 145, 146, 147, 155, 156, 157, 158, 159, 161, 162, 163, 169, 170, 171, 172, 177, 179, 180, 186, 191, 192, 193, 194}"
ref_4.5,C4.5,WcD0C231711020115_04.ce,54,0.21980468623043245,"{1, 2, 3, 4, 18, 33, 37, 44, 45, 46, 50, 51, 63, 77, 79, 84, 85, 86, 87, 88, 92, 103, 106, 108, 109, 113, 114, 115, 116, 117, 118, 119, 120, 132, 134, 141, 142, 147, 148, 149, 157, 160, 161, 162, 163, 164, 165, 178, 179, 180, 181, 182, 189, 190}"
ref_4.5,C4.5,WcD0C231711020130_04.ce,54,0.19124849160598922,"{8, 15, 23, 25, 31, 33, 34, 36, 37, 38, 39, 43, 44, 45, 46, 47, 48, 54, 55, 56, 59, 61, 71, 72, 73, 74, 75, 77, 93, 94, 115, 116, 117, 118, 119, 145, 146, 147, 148, 149, 150, 151, 152, 153, 154, 161, 162, 163, 164, 165, 178, 179, 180, 181}"
ref_4.5,C4.5,WcD0C231711020145_04.ce,27,0.1723174666901299,"{2, 5, 6, 16, 17, 18, 39, 40, 41, 42, 43, 55, 56, 57, 59, 62, 84, 108, 118, 119, 120, 121, 149, 170, 171, 173, 175}"
ref_4.5,C4.4,WcD0D211711020200_02.ce,59,0.21925940622792167,"{3, 4, 5, 8, 13, 14, 15, 16, 23, 24, 25, 26, 27, 28, 30, 32, 34, 38, 50, 51, 52, 53, 54, 55, 60, 69, 94, 98, 100, 101, 102, 103, 104, 105, 106, 107, 108, 112, 121, 122, 123, 124, 126, 127, 132, 134, 139, 143, 145, 152, 154, 157, 158, 168, 173, 189, 190, 191, 192}"
ref_4.5,C4.4,WcD0D211711020215_02.ce,44,0.20734407065960248,"{1, 4, 6, 7, 16, 38, 41, 43, 46, 49, 52, 54, 58, 59, 60, 61, 64, 66, 69, 72, 80, 81, 82, 83, 84, 96, 97, 98, 99, 100, 101, 102, 103, 104, 105, 106, 107, 134, 137, 138, 139, 140, 142, 171}"
ref_4.5,C4.4,WcD0D211711020230_02.ce,58,0.18532827103990668,"{1, 2, 3, 4, 6, 9, 18, 34, 61, 62, 63, 78, 79, 81, 82, 83, 84, 85, 86, 87, 88, 89, 90, 91, 92, 93, 94, 95, 96, 97, 98, 99, 100, 102, 103, 105, 106, 107, 110, 146, 147, 148, 149, 150, 151, 152, 153, 155, 165, 166, 167, 168, 169, 170, 176, 184, 185, 187}"
ref_4.5,C4.4,WcD0D211711020245_02.ce,22,0.1872678319456525,"{1, 5, 16, 18, 19, 44, 45, 46, 62, 90, 92, 93, 97, 114, 134, 139, 141, 156, 158, 159, 188, 190}"
ref_4.5,C4.5,WcD0C231711020200_04.ce,61,0.22492704086458962,"{3, 4, 5, 8, 13, 14, 15, 16, 23, 24, 25, 26, 27, 28, 30, 32, 34, 50, 51, 52, 53, 54, 55, 60, 69, 74, 89, 94, 99, 100, 102, 103, 104, 105, 106, 108, 112, 120, 121, 122, 123, 124, 126, 127, 132, 133, 134, 137, 138, 143, 145, 152, 154, 158, 168, 175, 189, 190, 191, 192, 193}"
ref_4.5,C4.5,WcD0C231711020215_04.ce,47,0.19867008110195525,"{1, 4, 6, 16, 34, 38, 43, 46, 47, 48, 52, 54, 55, 59, 60, 61, 62, 64, 68, 69, 73, 74, 80, 81, 82, 83, 84, 96, 97, 98, 99, 101, 102, 103, 104, 105, 106, 107, 134, 137, 138, 139, 140, 142, 143, 169, 193}"
ref_4.5,C4.5,WcD0C231711020230_04.ce,58,0.1727898700780664,"{1, 3, 4, 11, 18, 22, 30, 34, 61, 62, 78, 79, 80, 81, 82, 83, 84, 85, 86, 87, 88, 89, 90, 91, 92, 93, 94, 95, 96, 97, 98, 99, 100, 102, 105, 106, 107, 109, 110, 146, 147, 148, 149, 150, 151, 152, 153, 155, 165, 166, 168, 169, 170, 176, 184, 185, 186, 187}"
ref_4.5,C4.5,WcD0C231711020245_04.ce,22,0.1739740455577546,"{1, 5, 11, 18, 44, 45, 46, 62, 90, 92, 97, 106, 114, 134, 139, 140, 141, 156, 158, 159, 177, 188}"
ref_4.5,C4.4,WcD0D211711020300_02.ce,61,0.20375533091891235,"{1, 2, 3, 4, 5, 8, 9, 13, 14, 15, 16, 23, 24, 25, 26, 27, 28, 30, 31, 43, 45, 55, 56, 57, 58, 59, 74, 83, 87, 101, 102, 103, 104, 105, 122, 123, 127, 128, 129, 130, 133, 145, 148, 149, 158, 168, 169, 172, 173, 174, 175, 176, 178, 184, 185, 186, 187, 191, 192, 193, 194}"
ref_4.5,C4.4,WcD0D211711020315_02.ce,46,0.1962125652628911,"{1, 2, 3, 4, 5, 6, 7, 9, 10, 11, 12, 14, 16, 24, 40, 42, 43, 44, 45, 46, 51, 52, 55, 56, 57, 58, 64, 70, 71, 72, 73, 74, 76, 83, 85, 86, 116, 126, 145, 149, 163, 164, 165, 166, 167, 169}"
ref_4.5,C4.4,WcD0D211711020330_02.ce,43,0.16064632766090342,"{3, 4, 5, 17, 18, 23, 24, 25, 27, 42, 48, 49, 50, 51, 52, 53, 85, 88, 89, 90, 91, 92, 93, 94, 125, 131, 135, 136, 137, 138, 140, 141, 148, 149, 151, 152, 157, 160, 164, 168, 169, 179, 185}"
ref_4.5,C4.4,WcD0D211711020345_02.ce,32,0.18214135263461087,"{3, 17, 19, 20, 28, 30, 31, 38, 70, 71, 72, 73, 76, 77, 79, 80, 81, 110, 119, 122, 125, 126, 132, 137, 138, 139, 143, 147, 148, 164, 166, 167}"
ref_4.5,C4.5,WcD0C231711020300_04.ce,53,0.21259518048083903,"{1, 2, 3, 4, 5, 8, 9, 14, 15, 16, 23, 24, 25, 26, 27, 28, 30, 31, 43, 45, 56, 57, 58, 59, 74, 88, 91, 101, 103, 105, 111, 112, 127, 128, 129, 130, 133, 145, 149, 158, 169, 172, 173, 174, 175, 176, 184, 185, 186, 191, 192, 193, 194}"
ref_4.5,C4.5,WcD0C231711020315_04.ce,46,0.19818794684484287,"{1, 2, 3, 4, 5, 6, 7, 9, 10, 11, 12, 14, 16, 20, 38, 40, 42, 43, 44, 45, 46, 51, 52, 55, 57, 58, 70, 71, 72, 73, 74, 76, 77, 83, 85, 86, 116, 126, 133, 145, 149, 150, 163, 164, 166, 167}"
ref_4.5,C4.5,WcD0C231711020330_04.ce,39,0.1687556246011306,"{3, 4, 5, 17, 18, 23, 24, 25, 27, 48, 49, 50, 51, 52, 53, 85, 89, 90, 91, 92, 93, 94, 125, 131, 135, 136, 137, 139, 140, 141, 151, 152, 157, 160, 164, 168, 169, 179, 185}"
ref_4.5,C4.5,WcD0C231711020345_04.ce,31,0.18564618983642656,"{3, 16, 17, 18, 19, 20, 28, 29, 31, 70, 71, 72, 73, 76, 77, 79, 80, 81, 110, 122, 126, 131, 132, 137, 138, 139, 147, 163, 164, 166, 167}"
ref_4.5,C4.4,WcD0D211711020400_02.ce,58,0.18459873285607972,"{1, 2, 3, 8, 28, 29, 30, 35, 36, 39, 40, 41, 48, 49, 50, 52, 53, 54, 56, 65, 68, 69, 73, 74, 75, 76, 107, 108, 109, 110, 126, 134, 141, 143, 145, 146, 147, 148, 149, 150, 151, 152, 153, 154, 155, 161, 162, 163, 164, 165, 166, 167, 168, 169, 175, 176, 177, 178}"
ref_4.5,C4.4,WcD0D211711020415_02.ce,48,0.16988512672351896,"{23, 24, 25, 26, 32, 37, 38, 39, 49, 50, 51, 52, 62, 66, 67, 68, 69, 70, 71, 74, 75, 76, 85, 96, 99, 100, 101, 102, 103, 104, 116, 117, 118, 120, 121, 122, 123, 124, 127, 129, 130, 136, 144, 145, 146, 147, 154, 172}"
ref_4.5,C4.4,WcD0D211711020430_02.ce,69,0.2112293126015564,"{4, 9, 10, 11, 12, 16, 17, 20, 22, 24, 25, 26, 27, 31, 32, 33, 34, 35, 36, 38, 39, 40, 41, 42, 49, 50, 51, 52, 53, 54, 58, 59, 60, 61, 62, 63, 64, 65, 66, 70, 84, 86, 87, 93, 94, 97, 98, 103, 104, 105, 106, 107, 116, 134, 135, 136, 137, 138, 139, 150, 151, 153, 155, 162, 163, 164, 165, 170, 171}"
ref_4.5,C4.4,WcD0D211711020445_02.ce,44,0.18956349729454924,"{6, 7, 9, 10, 11, 12, 22, 23, 24, 32, 33, 34, 55, 56, 57, 58, 61, 62, 86, 103, 104, 105, 106, 108, 109, 118, 124, 125, 126, 128, 129, 130, 131, 132, 133, 135, 157, 161, 166, 169, 170, 173, 175, 176}"
ref_4.5,C4.5,WcD0C231711020400_04.ce,57,0.18746137631879017,"{1, 2, 3, 8, 28, 29, 30, 36, 39, 40, 48, 49, 50, 51, 52, 53, 54, 56, 65, 68, 69, 73, 74, 75, 76, 107, 108, 109, 110, 141, 142, 143, 144, 145, 146, 147, 148, 149, 150, 151, 152, 153, 154, 155, 161, 162, 163, 164, 165, 166, 167, 168, 169, 175, 176, 177, 178}"
ref_4.5,C4.5,WcD0C231711020415_04.ce,50,0.1731349631771711,"{6, 23, 24, 25, 26, 32, 37, 38, 39, 49, 50, 51, 52, 63, 66, 67, 68, 69, 70, 71, 74, 75, 76, 85, 96, 99, 100, 101, 102, 103, 104, 116, 117, 118, 119, 120, 121, 122, 123, 124, 127, 129, 130, 136, 144, 145, 146, 147, 154, 172}"
ref_4.5,C4.5,WcD0C231711020430_04.ce,64,0.21925531726258457,"{4, 5, 9, 10, 11, 12, 16, 20, 22, 24, 25, 26, 27, 31, 32, 33, 34, 35, 36, 38, 39, 40, 41, 42, 49, 50, 51, 52, 53, 54, 58, 59, 60, 62, 63, 65, 66, 73, 84, 86, 87, 93, 97, 98, 102, 103, 104, 105, 107, 132, 134, 136, 138, 139, 151, 153, 155, 162, 163, 164, 165, 170, 171, 177}"
ref_4.5,C4.5,WcD0C231711020445_04.ce,45,0.1906965076169282,"{6, 7, 9, 10, 11, 12, 22, 23, 24, 32, 33, 34, 54, 55, 56, 57, 58, 61, 62, 98, 103, 104, 105, 106, 107, 119, 124, 125, 126, 128, 129, 130, 131, 133, 157, 160, 161, 166, 169, 170, 171, 173, 174, 175, 176}"
ref_4.5,C4.4,WcD0D211711020500_02.ce,64,0.23105561214630593,"{1, 3, 5, 6, 9, 10, 16, 17, 18, 19, 20, 21, 23, 26, 33, 34, 35, 36, 37, 38, 42, 43, 44, 45, 46, 47, 48, 64, 68, 73, 77, 80, 82, 83, 84, 97, 109, 110, 123, 130, 138, 139, 144, 145, 146, 147, 149, 152, 156, 160, 161, 162, 163, 164, 165, 166, 167, 168, 179, 180, 182, 184, 191, 193}"
ref_4.5,C4.4,WcD0D211711020515_02.ce,43,0.20014780541348362,"{1, 2, 24, 27, 28, 48, 85, 86, 89, 90, 91, 92, 93, 94, 95, 96, 97, 104, 108, 112, 113, 117, 120, 121, 122, 123, 144, 147, 148, 150, 151, 153, 155, 157, 158, 159, 160, 162, 185, 186, 187, 188, 194}"
ref_4.5,C4.4,WcD0D211711020530_02.ce,68,0.2060569565768568,"{1, 2, 3, 4, 5, 9, 10, 11, 12, 13, 14, 17, 18, 19, 24, 25, 26, 27, 28, 29, 36, 37, 38, 39, 40, 41, 43, 44, 45, 46, 52, 53, 55, 57, 58, 59, 60, 61, 62, 63, 65, 70, 71, 72, 93, 100, 106, 107, 108, 109, 110, 111, 118, 120, 121, 158, 160, 162, 163, 164, 165, 166, 167, 169, 170, 178, 179, 184}"
ref_4.5,C4.4,WcD0D211711020545_02.ce,30,0.16758072884331096,"{41, 42, 43, 44, 47, 49, 50, 52, 56, 90, 91, 95, 101, 128, 129, 130, 132, 135, 136, 138, 141, 142, 160, 161, 162, 163, 164, 190, 192, 193}"
ref_4.5,C4.5,WcD0C231711020500_04.ce,64,0.22243630938458,"{1, 3, 5, 6, 9, 10, 16, 17, 18, 19, 20, 21, 23, 25, 26, 33, 34, 35, 36, 37, 38, 42, 43, 44, 45, 46, 47, 48, 68, 72, 73, 77, 80, 81, 83, 84, 93, 96, 109, 110, 123, 130, 139, 147, 148, 149, 152, 156, 160, 161, 162, 163, 164, 165, 166, 167, 168, 179, 180, 182, 184, 191, 192, 193}"
ref_4.5,C4.5,WcD0C231711020515_04.ce,41,0.19190462610550565,"{1, 2, 24, 27, 28, 48, 85, 89, 90, 91, 92, 93, 94, 95, 96, 107, 108, 109, 112, 113, 120, 121, 122, 123, 144, 147, 148, 150, 151, 153, 155, 157, 158, 159, 160, 162, 185, 186, 187, 188, 194}"
ref_4.5,C4.5,WcD0C231711020530_04.ce,64,0.20223774861930122,"{1, 2, 3, 4, 5, 9, 10, 11, 12, 13, 14, 17, 18, 19, 24, 25, 26, 27, 28, 29, 36, 37, 38, 39, 40, 41, 43, 46, 53, 57, 58, 59, 60, 61, 62, 63, 65, 70, 71, 72, 93, 97, 102, 106, 107, 108, 109, 110, 118, 119, 120, 121, 158, 160, 162, 163, 164, 165, 166, 167, 169, 170, 178, 179}"
ref_4.5,C4.5,WcD0C231711020545_04.ce,28,0.1613897595790713,"{41, 42, 43, 44, 50, 51, 52, 56, 84, 91, 95, 101, 128, 129, 130, 135, 136, 138, 141, 142, 160, 161, 162, 164, 190, 192, 193, 194}"
ref_4.5,C4.4,WcD0D211711020600_02.ce,73,0.2209715414522941,"{1, 2, 3, 4, 5, 6, 7, 8, 9, 10, 11, 12, 13, 14, 15, 16, 17, 20, 23, 24, 25, 30, 31, 32, 33, 34, 35, 42, 43, 44, 45, 46, 47, 53, 54, 55, 56, 57, 58, 60, 64, 66, 70, 72, 73, 82, 83, 84, 86, 95, 96, 99, 102, 103, 108, 109, 124, 125, 134, 135, 136, 137, 145, 146, 155, 164, 181, 182, 183, 185, 186, 187, 188}"
ref_4.5,C4.4,WcD0D211711020615_02.ce,47,0.1777500509684569,"{24, 25, 26, 27, 28, 29, 30, 31, 33, 34, 35, 45, 46, 53, 54, 55, 56, 64, 65, 66, 71, 73, 74, 77, 78, 79, 82, 83, 84, 85, 86, 99, 118, 125, 126, 132, 133, 137, 158, 159, 162, 168, 169, 170, 173, 174, 175}"
ref_4.5,C4.4,WcD0D211711020630_02.ce,65,0.19398560349027094,"{10, 11, 12, 13, 14, 18, 20, 21, 22, 23, 24, 25, 26, 27, 32, 33, 34, 35, 36, 37, 44, 45, 46, 47, 48, 49, 50, 56, 57, 58, 59, 60, 64, 65, 66, 68, 78, 80, 85, 86, 87, 96, 100, 105, 109, 110, 111, 112, 121, 122, 128, 129, 131, 134, 135, 165, 170, 172, 173, 174, 175, 177, 178, 187, 188}"
ref_4.5,C4.4,WcD0D211711020645_02.ce,22,0.15561881070744085,"{5, 34, 48, 49, 53, 55, 59, 93, 94, 104, 105, 114, 115, 116, 124, 151, 152, 155, 157, 158, 159, 180}"
ref_4.5,C4.5,WcD0C231711020600_04.ce,70,0.2202552777157262,"{1, 2, 3, 4, 5, 6, 7, 8, 9, 10, 11, 12, 13, 14, 15, 16, 19, 22, 23, 24, 29, 30, 31, 32, 33, 34, 41, 42, 43, 44, 45, 46, 52, 53, 54, 55, 56, 57, 58, 59, 62, 63, 64, 65, 69, 71, 72, 81, 82, 83, 85, 94, 101, 102, 107, 108, 118, 123, 124, 133, 134, 135, 163, 180, 181, 182, 184, 185, 186, 187}"
ref_4.5,C4.5,WcD0C231711020615_04.ce,46,0.18532188364221902,"{25, 26, 27, 28, 29, 30, 31, 33, 34, 46, 53, 54, 55, 56, 65, 66, 71, 73, 74, 77, 78, 79, 83, 84, 85, 86, 99, 118, 125, 126, 132, 133, 134, 135, 150, 158, 159, 161, 162, 168, 169, 170, 173, 174, 175, 176}"
ref_4.5,C4.5,WcD0C231711020630_04.ce,67,0.19325961752354942,"{10, 11, 12, 13, 14, 18, 20, 21, 22, 23, 24, 25, 26, 27, 32, 33, 34, 35, 36, 37, 44, 45, 46, 47, 48, 49, 50, 56, 57, 58, 59, 60, 64, 65, 66, 68, 70, 77, 78, 79, 80, 84, 85, 86, 87, 93, 103, 105, 109, 110, 111, 112, 121, 122, 128, 129, 131, 170, 172, 173, 174, 175, 177, 178, 187, 188, 192}"
ref_4.5,C4.5,WcD0C231711020645_04.ce,23,0.16098851511160953,"{5, 34, 48, 49, 53, 55, 59, 93, 94, 104, 105, 106, 114, 115, 151, 152, 155, 157, 158, 159, 178, 179, 180}"
ref_4.5,C4.4,WcD0D211711020700_02.ce,65,0.2152633112083359,"{1, 2, 3, 16, 17, 18, 23, 24, 25, 26, 27, 28, 35, 36, 37, 38, 39, 40, 47, 48, 49, 50, 51, 55, 56, 57, 58, 60, 61, 64, 73, 76, 83, 89, 90, 93, 94, 96, 97, 101, 102, 110, 116, 119, 125, 138, 139, 144, 147, 152, 157, 158, 164, 165, 166, 167, 168, 169, 170, 171, 172, 183, 184, 186, 188}"
ref_4.5,C4.4,WcD0D211711020715_02.ce,37,0.20194165003454226,"{2, 3, 4, 30, 31, 38, 57, 63, 69, 70, 71, 73, 87, 91, 92, 99, 103, 104, 105, 130, 131, 132, 153, 154, 156, 157, 159, 161, 162, 163, 165, 166, 167, 168, 170, 171, 175}"
ref_4.5,C4.4,WcD0D211711020730_02.ce,70,0.21040540880808636,"{2, 4, 5, 7, 9, 10, 11, 12, 28, 29, 30, 31, 32, 33, 34, 35, 36, 37, 39, 40, 44, 46, 48, 49, 50, 51, 52, 54, 55, 58, 61, 62, 64, 65, 67, 80, 82, 86, 97, 98, 99, 100, 101, 102, 104, 105, 106, 107, 108, 109, 110, 111, 115, 116, 117, 118, 119, 120, 121, 124, 125, 126, 152, 154, 155, 156, 157, 187, 188, 190}"
ref_4.5,C4.4,WcD0D211711020745_02.ce,49,0.1978970279830109,"{7, 8, 9, 18, 19, 20, 21, 22, 23, 25, 26, 27, 36, 37, 48, 77, 91, 92, 93, 94, 95, 99, 100, 101, 104, 105, 123, 124, 125, 134, 136, 137, 146, 150, 151, 152, 153, 154, 157, 158, 159, 170, 171, 172, 177, 178, 179, 180, 181}"
ref_4.5,C4.5,WcD0C231711020700_04.ce,62,0.2180058907202418,"{1, 2, 3, 16, 17, 18, 23, 24, 25, 26, 27, 28, 35, 36, 37, 38, 39, 40, 47, 48, 49, 50, 51, 55, 56, 57, 58, 60, 61, 64, 66, 76, 81, 82, 83, 84, 89, 90, 93, 94, 96, 97, 102, 103, 113, 119, 127, 128, 147, 164, 165, 166, 167, 168, 169, 170, 171, 172, 183, 184, 186, 188}"
ref_4.5,C4.5,WcD0C231711020715_04.ce,39,0.20268885205523185,"{2, 3, 4, 29, 30, 31, 38, 57, 63, 69, 70, 71, 73, 74, 87, 91, 92, 99, 103, 104, 106, 129, 130, 131, 132, 153, 154, 157, 159, 161, 162, 163, 165, 166, 167, 168, 171, 175, 194}"
ref_4.5,C4.5,WcD0C231711020730_04.ce,69,0.2162076106042041,"{2, 4, 5, 7, 9, 10, 11, 12, 28, 29, 30, 31, 32, 33, 34, 35, 36, 37, 40, 44, 46, 48, 49, 50, 51, 52, 54, 55, 61, 62, 65, 67, 80, 81, 82, 90, 97, 98, 99, 100, 101, 103, 104, 105, 106, 107, 108, 109, 110, 111, 116, 117, 118, 119, 121, 123, 124, 125, 126, 137, 139, 152, 154, 155, 156, 157, 187, 188, 190}"
ref_4.5,C4.5,WcD0C231711020745_04.ce,49,0.19971315251152566,"{7, 8, 9, 18, 19, 20, 21, 22, 23, 25, 26, 27, 36, 37, 41, 48, 77, 91, 92, 93, 94, 95, 99, 101, 102, 105, 106, 123, 124, 125, 136, 137, 142, 146, 147, 148, 151, 152, 153, 154, 157, 158, 170, 171, 172, 177, 178, 179, 180}"
ref_4.5,C4.4,WcD0D211711020800_02.ce,70,0.19650075070303671,"{1, 2, 3, 4, 5, 7, 8, 11, 12, 14, 15, 16, 17, 18, 32, 33, 34, 35, 36, 37, 38, 41, 42, 43, 44, 45, 46, 47, 48, 49, 50, 51, 52, 53, 54, 56, 57, 58, 60, 63, 65, 67, 70, 71, 73, 74, 75, 77, 82, 83, 85, 87, 92, 93, 94, 96, 97, 98, 99, 127, 132, 164, 165, 166, 167, 168, 169, 171, 172, 173}"
ref_4.5,C4.4,WcD0D211711020815_02.ce,31,0.18746689409889655,"{15, 16, 17, 18, 19, 20, 55, 59, 86, 90, 91, 92, 93, 94, 95, 96, 97, 102, 110, 151, 153, 156, 157, 159, 160, 161, 162, 172, 173, 177, 178}"
ref_4.5,C4.4,WcD0D211711020830_02.ce,13,0.18325925717506933,"{3, 26, 29, 77, 78, 82, 105, 106, 107, 108, 110, 156, 174}"
ref_4.5,C4.4,WcD0D211711020845_02.ce,12,0.1724071692363592,"{41, 42, 43, 78, 79, 83, 89, 90, 98, 115, 173, 186}"
ref_4.5,C4.5,WcD0C231711020800_04.ce,73,0.1856348214205838,"{1, 2, 3, 4, 5, 8, 11, 12, 14, 15, 16, 17, 18, 32, 33, 34, 35, 36, 37, 38, 42, 43, 44, 45, 46, 47, 48, 49, 50, 51, 52, 53, 54, 55, 56, 57, 58, 59, 60, 63, 65, 67, 70, 71, 73, 74, 75, 76, 77, 83, 84, 85, 87, 90, 92, 93, 94, 96, 97, 98, 99, 100, 105, 127, 164, 165, 166, 167, 168, 169, 171, 172, 173}"
ref_4.5,C4.5,WcD0C231711020815_04.ce,29,0.17599120719011235,"{15, 16, 17, 18, 19, 20, 55, 90, 91, 92, 93, 94, 95, 96, 97, 102, 110, 138, 151, 153, 156, 157, 159, 160, 161, 172, 173, 177, 178}"
ref_4.5,C4.5,WcD0C231711020830_04.ce,10,0.17477351558535456,"{26, 29, 74, 82, 105, 106, 107, 108, 156, 172}"
ref_4.5,C4.5,WcD0C231711020845_04.ce,12,0.16051669440668037,"{41, 42, 43, 79, 84, 90, 91, 99, 111, 129, 174, 187}"
ref_4.5,C4.4,WcD0D211711020900_02.ce,72,0.16109000175986013,"{1, 2, 3, 4, 9, 10, 11, 12, 19, 20, 21, 30, 31, 32, 33, 43, 44, 45, 46, 47, 48, 49, 50, 57, 58, 59, 60, 61, 62, 63, 64, 65, 69, 70, 71, 72, 73, 74, 75, 78, 79, 80, 81, 82, 83, 84, 85, 86, 88, 89, 90, 91, 92, 94, 97, 98, 99, 100, 101, 102, 103, 104, 105, 106, 141, 142, 143, 144, 145, 146, 157, 160}"
ref_4.5,C4.4,WcD0D211711020915_02.ce,27,0.16926741647008964,"{40, 56, 57, 75, 84, 88, 100, 118, 127, 138, 149, 154, 155, 156, 162, 163, 169, 172, 173, 176, 177, 178, 186, 189, 190, 191, 193}"
ref_4.5,C4.4,WcD0D211711020930_02.ce,20,0.18226401000944367,"{1, 2, 6, 7, 15, 16, 39, 49, 58, 90, 91, 138, 140, 141, 156, 160, 161, 171, 179, 187}"
ref_4.5,C4.4,WcD0D211711020945_02.ce,34,0.16580362868770365,"{7, 8, 9, 10, 24, 25, 32, 33, 46, 52, 53, 54, 59, 73, 78, 79, 82, 89, 90, 91, 92, 93, 94, 95, 146, 147, 148, 167, 168, 169, 170, 187, 189, 190}"
ref_4.5,C4.5,WcD0C231711020900_04.ce,71,0.16706316818136513,"{1, 2, 3, 4, 9, 10, 11, 12, 14, 19, 20, 21, 31, 32, 33, 43, 44, 45, 46, 47, 48, 49, 50, 58, 59, 60, 61, 62, 63, 64, 65, 69, 70, 71, 72, 73, 74, 75, 76, 78, 79, 80, 81, 82, 83, 84, 85, 86, 87, 89, 90, 91, 92, 93, 94, 97, 98, 99, 100, 101, 102, 104, 105, 106, 141, 142, 143, 144, 145, 146, 160}"
ref_4.5,C4.5,WcD0C231711020915_04.ce,27,0.17817217429913138,"{40, 56, 75, 84, 88, 100, 118, 138, 149, 154, 155, 156, 162, 163, 169, 172, 173, 175, 176, 177, 178, 186, 189, 190, 191, 193, 194}"
ref_4.5,C4.5,WcD0C231711020930_04.ce,22,0.18460764194214518,"{1, 5, 6, 14, 15, 48, 57, 89, 90, 91, 101, 122, 137, 139, 140, 155, 159, 160, 170, 178, 179, 186}"
ref_4.5,C4.5,WcD0C231711020945_04.ce,33,0.16977268823222225,"{7, 8, 9, 10, 24, 25, 32, 33, 46, 52, 53, 54, 73, 78, 82, 89, 90, 91, 92, 93, 94, 95, 146, 147, 148, 155, 167, 168, 169, 170, 187, 189, 190}"
ref_4.5,C4.4,WcD0D211711021000_02.ce,93,0.22424216369301264,"{1, 2, 3, 4, 9, 10, 11, 12, 13, 19, 21, 22, 31, 32, 33, 43, 44, 45, 46, 47, 48, 49, 57, 58, 59, 60, 61, 62, 63, 64, 65, 68, 69, 70, 71, 72, 73, 74, 75, 77, 78, 79, 80, 81, 82, 83, 84, 85, 86, 88, 89, 90, 91, 92, 93, 96, 97, 98, 99, 100, 101, 102, 110, 111, 121, 124, 129, 130, 132, 133, 134, 135, 137, 144, 147, 151, 155, 160, 162, 163, 166, 167, 170, 173, 174, 176, 177, 186, 187, 188, 191, 192, 194}"
ref_4.5,C4.4,WcD0D211711021015_02.ce,34,0.14768121225670955,"{1, 2, 3, 4, 5, 10, 11, 12, 13, 14, 15, 36, 37, 38, 39, 40, 41, 42, 43, 44, 66, 86, 88, 89, 90, 91, 92, 106, 111, 183, 184, 191, 192, 193}"
ref_4.5,C4.4,WcD0D211711021030_02.ce,65,0.23214916882832703,"{1, 2, 3, 7, 8, 9, 10, 11, 13, 14, 25, 34, 37, 39, 40, 41, 42, 46, 48, 49, 55, 59, 61, 65, 67, 69, 73, 76, 77, 79, 82, 84, 85, 87, 91, 92, 93, 95, 96, 97, 98, 99, 100, 101, 102, 103, 123, 138, 147, 157, 158, 159, 160, 161, 162, 165, 166, 167, 168, 169, 171, 172, 173, 174, 181}"
ref_4.5,C4.4,WcD0D211711021045_02.ce,53,0.1750412865154414,"{16, 17, 18, 19, 20, 21, 56, 57, 92, 93, 94, 95, 96, 97, 98, 103, 142, 152, 153, 155, 156, 157, 160, 161, 162, 163, 164, 165, 166, 167, 169, 170, 171, 172, 173, 174, 175, 176, 177, 178, 180, 181, 182, 183, 184, 185, 188, 189, 190, 191, 192, 193, 194}"
ref_4.5,C4.5,WcD0C231711021000_04.ce,88,0.22907198403421425,"{1, 2, 3, 4, 9, 10, 11, 12, 13, 21, 22, 31, 32, 33, 43, 44, 45, 46, 47, 48, 49, 57, 58, 59, 60, 61, 62, 63, 64, 65, 68, 69, 70, 71, 72, 73, 74, 75, 77, 78, 79, 80, 81, 82, 83, 84, 85, 86, 88, 89, 90, 91, 92, 93, 96, 97, 98, 99, 100, 101, 102, 110, 121, 123, 124, 129, 130, 132, 133, 135, 136, 137, 144, 145, 147, 151, 162, 163, 166, 167, 170, 176, 177, 187, 188, 191, 192, 194}"
ref_4.5,C4.5,WcD0C231711021015_04.ce,34,0.1621318570838374,"{1, 2, 3, 4, 5, 10, 11, 12, 13, 14, 15, 19, 37, 38, 39, 40, 41, 42, 43, 44, 66, 86, 88, 89, 90, 91, 92, 111, 183, 184, 185, 191, 192, 193}"
ref_4.5,C4.5,WcD0C231711021030_04.ce,70,0.2338869873159221,"{1, 2, 3, 7, 8, 9, 10, 11, 13, 14, 17, 20, 24, 25, 34, 35, 37, 39, 41, 44, 46, 47, 48, 49, 51, 55, 56, 64, 65, 67, 68, 72, 73, 76, 77, 82, 84, 87, 91, 92, 93, 95, 97, 98, 99, 100, 101, 102, 103, 123, 138, 148, 157, 158, 159, 160, 161, 162, 163, 165, 166, 167, 168, 169, 170, 171, 172, 173, 174, 181}"
ref_4.5,C4.5,WcD0C231711021045_04.ce,51,0.1853432114021139,"{16, 17, 18, 19, 20, 21, 22, 56, 57, 86, 92, 93, 94, 95, 96, 97, 98, 153, 155, 156, 157, 161, 162, 163, 164, 165, 166, 167, 169, 170, 171, 172, 173, 174, 175, 176, 177, 178, 180, 181, 182, 183, 184, 185, 188, 189, 190, 191, 192, 193, 194}"
ref_4.5,C4.4,WcD0D211711021100_02.ce,65,0.1889451282954238,"{1, 2, 3, 4, 9, 10, 11, 12, 13, 14, 31, 36, 40, 41, 43, 44, 48, 49, 51, 53, 54, 55, 56, 57, 58, 59, 60, 68, 69, 78, 79, 80, 81, 82, 101, 102, 103, 104, 105, 106, 107, 113, 114, 115, 124, 132, 133, 134, 135, 136, 156, 160, 162, 163, 167, 170, 171, 172, 173, 179, 184, 190, 191, 192, 193}"
ref_4.5,C4.4,WcD0D211711021115_02.ce,67,0.2040939418269825,"{1, 2, 3, 4, 6, 8, 9, 10, 11, 12, 13, 14, 21, 22, 33, 36, 37, 38, 39, 42, 43, 45, 46, 47, 49, 52, 56, 59, 60, 62, 63, 69, 74, 75, 76, 77, 87, 88, 97, 98, 100, 103, 104, 106, 107, 108, 109, 110, 111, 116, 117, 118, 119, 120, 121, 124, 142, 143, 144, 145, 146, 147, 148, 149, 150, 171, 191}"
ref_4.5,C4.4,WcD0D211711021130_02.ce,62,0.23923234574890512,"{4, 5, 6, 7, 12, 13, 14, 15, 16, 17, 22, 23, 24, 25, 27, 28, 30, 31, 32, 37, 39, 40, 42, 49, 53, 59, 65, 67, 68, 69, 70, 71, 77, 81, 91, 101, 102, 105, 106, 107, 108, 112, 113, 119, 121, 123, 125, 126, 127, 130, 131, 133, 135, 136, 137, 138, 139, 154, 159, 160, 161, 162}"
ref_4.5,C4.4,WcD0D211711021145_02.ce,52,0.1975893422894573,"{3, 4, 13, 17, 23, 24, 25, 26, 27, 28, 48, 49, 73, 75, 79, 80, 109, 140, 146, 147, 148, 153, 154, 160, 163, 164, 165, 166, 168, 169, 170, 171, 172, 173, 174, 175, 177, 178, 179, 180, 181, 183, 184, 185, 186, 187, 188, 189, 190, 191, 192, 193}"
ref_4.5,C4.5,WcD0C231711021100_04.ce,60,0.1837336076860897,"{1, 2, 3, 4, 9, 10, 11, 12, 13, 14, 40, 41, 44, 48, 49, 52, 53, 54, 55, 56, 57, 58, 59, 60, 68, 69, 78, 79, 80, 81, 82, 102, 103, 104, 105, 106, 107, 113, 114, 115, 124, 132, 133, 134, 135, 136, 156, 160, 162, 163, 167, 168, 170, 171, 172, 173, 179, 191, 192, 193}"
ref_4.5,C4.5,WcD0C231711021115_04.ce,66,0.19797334172961703,"{1, 2, 3, 4, 8, 9, 10, 11, 12, 13, 14, 21, 22, 33, 36, 37, 38, 39, 42, 43, 47, 48, 49, 51, 56, 57, 59, 60, 61, 62, 63, 67, 75, 77, 83, 85, 87, 88, 89, 98, 99, 100, 103, 104, 106, 107, 108, 109, 110, 111, 116, 117, 118, 119, 120, 121, 142, 143, 144, 145, 146, 147, 148, 149, 150, 171}"
ref_4.5,C4.5,WcD0C231711021130_04.ce,61,0.23248777251808103,"{5, 6, 7, 12, 13, 14, 15, 16, 17, 21, 22, 23, 24, 25, 27, 28, 30, 31, 37, 38, 39, 40, 48, 49, 53, 62, 67, 68, 69, 70, 77, 78, 81, 84, 91, 97, 102, 105, 106, 107, 111, 113, 119, 121, 122, 123, 124, 126, 127, 130, 132, 133, 135, 136, 137, 138, 139, 159, 160, 161, 162}"
ref_4.5,C4.5,WcD0C231711021145_04.ce,51,0.18807238047605115,"{3, 4, 13, 23, 24, 25, 26, 27, 28, 32, 48, 49, 73, 79, 80, 109, 115, 140, 146, 147, 148, 153, 154, 160, 163, 164, 165, 166, 168, 169, 170, 171, 172, 173, 174, 175, 177, 178, 179, 180, 181, 183, 185, 186, 187, 188, 189, 190, 191, 192, 193}"
ref_4.5,C4.4,WcD0D211711021200_02.ce,46,0.1893935782649405,"{1, 2, 3, 4, 5, 13, 14, 16, 22, 23, 25, 38, 50, 54, 55, 56, 57, 72, 74, 75, 77, 85, 90, 99, 100, 103, 106, 109, 110, 112, 114, 115, 146, 147, 148, 153, 154, 160, 165, 166, 168, 169, 170, 171, 172, 183}"
ref_4.5,C4.4,WcD0D211711021215_02.ce,57,0.17436952289905422,"{2, 3, 4, 5, 13, 14, 15, 16, 27, 28, 29, 30, 37, 38, 39, 40, 42, 43, 44, 45, 46, 47, 70, 71, 79, 80, 81, 82, 83, 84, 85, 86, 99, 115, 120, 121, 122, 123, 124, 126, 130, 131, 132, 133, 135, 136, 137, 150, 152, 155, 156, 157, 158, 159, 160, 180, 187}"
ref_4.5,C4.4,WcD0D211711021230_02.ce,40,0.16851654484787115,"{2, 16, 17, 21, 27, 38, 39, 40, 41, 63, 64, 66, 67, 68, 71, 75, 76, 77, 78, 80, 81, 82, 87, 88, 89, 113, 116, 117, 120, 130, 131, 156, 159, 160, 161, 162, 184, 185, 192, 193}"
ref_4.5,C4.4,WcD0D211711021245_02.ce,35,0.16030944168963174,"{1, 2, 21, 43, 44, 45, 46, 47, 80, 81, 82, 83, 84, 98, 99, 100, 101, 102, 103, 104, 111, 130, 137, 138, 140, 141, 147, 153, 157, 158, 159, 160, 161, 175, 183}"
ref_4.5,C4.5,WcD0C231711021200_04.ce,47,0.1831445952746278,"{1, 2, 3, 4, 5, 6, 13, 14, 16, 22, 25, 38, 42, 50, 54, 55, 56, 57, 72, 74, 75, 77, 83, 100, 103, 104, 106, 109, 110, 112, 114, 115, 146, 147, 148, 153, 154, 159, 161, 165, 166, 168, 169, 170, 171, 172, 183}"
ref_4.5,C4.5,WcD0C231711021215_04.ce,57,0.16857046346092985,"{1, 2, 3, 4, 12, 13, 14, 15, 26, 27, 28, 29, 36, 37, 38, 39, 41, 42, 43, 44, 45, 46, 53, 70, 78, 79, 80, 81, 82, 83, 84, 85, 98, 114, 119, 120, 121, 122, 123, 125, 129, 130, 131, 132, 134, 135, 136, 149, 151, 154, 155, 156, 157, 158, 159, 179, 186}"
ref_4.5,C4.5,WcD0C231711021230_04.ce,39,0.16170900383659134,"{1, 2, 16, 17, 18, 27, 38, 39, 40, 41, 64, 66, 67, 68, 71, 75, 76, 77, 78, 80, 81, 82, 87, 88, 89, 116, 117, 119, 120, 130, 131, 159, 160, 161, 162, 184, 185, 192, 193}"
ref_4.5,C4.5,WcD0C231711021245_04.ce,33,0.15102536245418177,"{1, 2, 6, 21, 43, 45, 46, 47, 80, 81, 82, 83, 84, 98, 99, 100, 101, 102, 103, 104, 111, 113, 130, 132, 137, 138, 141, 153, 159, 160, 161, 175, 185}"
ref_4.5,C4.4,WcD0D211711021300_02.ce,81,0.200671004639041,"{1, 2, 3, 4, 7, 8, 9, 10, 11, 12, 13, 14, 31, 32, 33, 34, 35, 53, 57, 59, 60, 61, 62, 63, 64, 65, 66, 74, 75, 84, 85, 86, 87, 88, 89, 96, 97, 107, 108, 109, 110, 113, 114, 115, 116, 117, 118, 119, 121, 122, 123, 124, 125, 126, 127, 128, 129, 130, 132, 133, 135, 136, 137, 149, 155, 158, 168, 171, 172, 174, 175, 176, 177, 178, 179, 184, 185, 186, 187, 188, 189}"
ref_4.5,C4.4,WcD0D211711021315_02.ce,35,0.15378646820501166,"{17, 18, 19, 20, 21, 22, 23, 24, 25, 46, 68, 69, 70, 71, 72, 84, 91, 128, 164, 165, 166, 171, 172, 173, 175, 176, 177, 178, 179, 181, 182, 183, 184, 186, 187}"
ref_4.5,C4.4,WcD0D211711021330_02.ce,44,0.22311807170921671,"{4, 5, 8, 14, 27, 33, 35, 36, 38, 44, 46, 47, 57, 68, 71, 72, 73, 77, 78, 79, 81, 83, 84, 85, 86, 87, 107, 108, 109, 110, 131, 145, 146, 155, 165, 166, 167, 168, 169, 170, 172, 173, 174, 175}"
ref_4.5,C4.4,WcD0D211711021345_02.ce,36,0.17166072693995896,"{9, 47, 63, 64, 65, 89, 94, 95, 96, 98, 107, 117, 125, 143, 145, 156, 162, 163, 164, 169, 170, 176, 179, 180, 181, 182, 183, 184, 185, 187, 188, 189, 190, 191, 192, 193}"
ref_4.5,C4.5,WcD0C231711021300_04.ce,78,0.20441510672100796,"{1, 2, 3, 4, 8, 9, 10, 11, 12, 13, 14, 31, 32, 33, 34, 35, 53, 57, 58, 60, 61, 62, 63, 64, 65, 66, 74, 84, 85, 86, 87, 88, 89, 90, 96, 97, 98, 107, 108, 109, 110, 113, 114, 115, 116, 117, 118, 119, 121, 122, 123, 124, 125, 126, 127, 128, 129, 130, 132, 133, 135, 136, 137, 158, 171, 172, 174, 175, 176, 177, 178, 179, 184, 185, 186, 187, 188, 189}"
ref_4.5,C4.5,WcD0C231711021315_04.ce,35,0.15932727572196317,"{17, 18, 19, 20, 21, 22, 23, 24, 25, 46, 68, 69, 70, 71, 72, 73, 84, 164, 165, 166, 171, 172, 173, 175, 176, 177, 178, 179, 181, 182, 183, 184, 186, 187, 188}"
ref_4.5,C4.5,WcD0C231711021330_04.ce,50,0.22194664563825187,"{8, 14, 15, 21, 27, 30, 31, 33, 35, 36, 39, 40, 44, 47, 53, 54, 57, 60, 62, 68, 72, 73, 74, 77, 78, 79, 81, 83, 84, 85, 86, 87, 102, 107, 108, 109, 110, 145, 146, 155, 165, 166, 167, 168, 169, 170, 172, 173, 174, 175}"
ref_4.5,C4.5,WcD0C231711021345_04.ce,32,0.16875389296295046,"{9, 47, 48, 63, 64, 89, 94, 95, 96, 107, 125, 156, 162, 163, 164, 169, 170, 176, 179, 180, 181, 182, 183, 184, 185, 187, 188, 189, 190, 191, 192, 193}"
ref_4.5,C4.4,WcD0D211711011600_02.ce,0,-1,set()
ref_4.5,C4.4,WcD0D211711011615_02.ce,0,-1,set()
ref_4.5,C4.4,WcD0D211711011630_02.ce,0,-1,set()
ref_4.5,C4.4,WcD0D211711011645_02.ce,0,-1,set()
ref_4.5,C4.5,WcD0C231711011600_04.ce,71,0.2061382405536426,"{1, 2, 3, 4, 5, 6, 10, 11, 14, 15, 16, 20, 21, 37, 38, 39, 44, 45, 46, 47, 48, 52, 65, 66, 67, 69, 74, 75, 76, 85, 86, 87, 89, 90, 91, 92, 93, 94, 95, 102, 103, 104, 105, 114, 115, 116, 117, 118, 119, 120, 122, 136, 138, 148, 150, 153, 154, 160, 164, 165, 168, 173, 175, 176, 182, 187, 188, 191, 192, 193, 194}"
ref_4.5,C4.5,WcD0C231711011615_04.ce,72,0.2275113861382773,"{1, 4, 6, 7, 8, 9, 10, 11, 19, 20, 21, 22, 23, 31, 32, 36, 37, 40, 41, 42, 43, 44, 48, 55, 56, 57, 60, 62, 65, 66, 77, 79, 83, 88, 89, 90, 91, 92, 93, 96, 97, 98, 102, 118, 119, 120, 124, 129, 133, 134, 141, 143, 150, 151, 155, 156, 158, 159, 160, 165, 166, 175, 176, 182, 183, 184, 185, 187, 188, 189, 190, 191}"
ref_4.5,C4.5,WcD0C231711011630_04.ce,56,0.22020800847363045,"{5, 16, 17, 18, 41, 51, 53, 54, 55, 57, 59, 60, 62, 63, 64, 65, 66, 67, 68, 70, 72, 73, 82, 83, 104, 119, 129, 130, 131, 132, 133, 140, 142, 143, 144, 148, 149, 150, 151, 155, 159, 160, 161, 162, 163, 164, 165, 166, 171, 172, 177, 178, 182, 184, 185, 186}"
ref_4.5,C4.5,WcD0C231711011645_04.ce,17,0.14083870201419585,"{10, 11, 12, 13, 21, 22, 23, 24, 25, 27, 38, 39, 40, 41, 42, 43, 44}"
ref_4.5,C4.4,WcD0D211711011700_02.ce,0,-1,set()
ref_4.5,C4.4,WcD0D211711011715_02.ce,0,-1,set()
ref_4.5,C4.4,WcD0D211711011730_02.ce,0,-1,set()
ref_4.5,C4.4,WcD0D211711011745_02.ce,0,-1,set()
ref_4.5,C4.5,WcD0C231711011700_04.ce,88,0.19557820584943272,"{2, 3, 4, 5, 6, 7, 9, 10, 11, 12, 15, 16, 25, 32, 33, 34, 39, 40, 41, 42, 43, 47, 60, 61, 62, 63, 64, 65, 66, 67, 68, 69, 70, 71, 72, 79, 80, 81, 82, 91, 92, 93, 94, 95, 96, 97, 113, 114, 119, 120, 121, 122, 123, 124, 125, 128, 131, 132, 133, 134, 135, 136, 143, 144, 150, 155, 156, 157, 158, 162, 164, 165, 169, 173, 174, 179, 180, 181, 182, 183, 184, 185, 186, 187, 188, 189, 190, 191}"
ref_4.5,C4.5,WcD0C231711011715_04.ce,38,0.16665489029275424,"{2, 3, 4, 6, 7, 8, 13, 14, 22, 23, 24, 26, 29, 30, 31, 32, 34, 35, 36, 37, 38, 39, 45, 54, 56, 57, 58, 59, 83, 84, 85, 86, 89, 111, 148, 185, 191, 193}"
ref_4.5,C4.5,WcD0C231711011730_04.ce,56,0.21921033477810134,"{1, 2, 3, 5, 6, 7, 14, 42, 43, 44, 45, 47, 48, 49, 50, 52, 66, 67, 68, 69, 74, 76, 80, 81, 98, 101, 116, 122, 123, 126, 127, 128, 129, 130, 140, 142, 143, 144, 145, 146, 147, 148, 149, 155, 159, 160, 161, 166, 167, 169, 172, 173, 177, 179, 180, 181}"
ref_4.5,C4.5,WcD0C231711011745_04.ce,20,0.13259558385035142,"{5, 6, 7, 8, 16, 17, 18, 20, 22, 33, 34, 35, 36, 37, 38, 114, 132, 190, 192, 193}"
ref_4.5,C4.4,WcD0D211711011800_02.ce,0,-1,set()
ref_4.5,C4.4,WcD0D211711011815_02.ce,0,-1,set()
ref_4.5,C4.4,WcD0D211711011830_02.ce,0,-1,set()
ref_4.5,C4.4,WcD0D211711011845_02.ce,0,-1,set()
ref_4.5,C4.5,WcD0C231711011800_04.ce,81,0.19990176544684776,"{1, 2, 3, 4, 5, 6, 7, 9, 11, 12, 27, 28, 29, 30, 34, 35, 36, 37, 38, 50, 56, 57, 58, 65, 66, 67, 68, 70, 71, 72, 73, 74, 75, 76, 83, 84, 85, 86, 95, 96, 97, 98, 99, 100, 101, 114, 117, 118, 123, 124, 125, 126, 127, 128, 129, 130, 132, 136, 137, 138, 141, 149, 155, 160, 161, 162, 163, 164, 165, 166, 168, 169, 170, 173, 177, 180, 185, 186, 191, 192, 193}"
ref_4.5,C4.5,WcD0C231711011815_04.ce,28,0.14236575831784734,"{1, 3, 4, 5, 6, 7, 9, 10, 11, 12, 23, 26, 38, 39, 42, 62, 63, 79, 80, 104, 115, 116, 125, 136, 159, 164, 165, 180}"
ref_4.5,C4.5,WcD0C231711011830_04.ce,23,0.15396905074256587,"{2, 5, 6, 7, 19, 20, 32, 56, 74, 77, 78, 81, 115, 123, 171, 172, 173, 174, 175, 176, 178, 180, 187}"
ref_4.5,C4.5,WcD0C231711011845_04.ce,16,0.14846490210590854,"{2, 145, 147, 25, 27, 29, 156, 159, 54, 62, 63, 64, 82, 84, 92, 107}"
ref_4.5,C4.4,WcD0D211711011900_02.ce,0,-1,set()
ref_4.5,C4.4,WcD0D211711011915_02.ce,0,-1,set()
ref_4.5,C4.4,WcD0D211711011930_02.ce,0,-1,set()
ref_4.5,C4.4,WcD0D211711011945_02.ce,0,-1,set()
ref_4.5,C4.5,WcD0C231711011900_04.ce,82,0.20379789210146632,"{1, 2, 3, 4, 9, 10, 12, 13, 14, 15, 20, 21, 23, 24, 27, 28, 38, 39, 40, 41, 42, 43, 59, 60, 64, 65, 66, 71, 72, 73, 74, 80, 100, 101, 105, 108, 109, 110, 111, 112, 113, 114, 115, 116, 117, 118, 119, 120, 122, 123, 124, 125, 126, 127, 133, 134, 135, 136, 139, 140, 147, 148, 149, 150, 151, 152, 170, 171, 172, 176, 177, 178, 179, 180, 181, 184, 187, 188, 189, 190, 191, 192}"
ref_4.5,C4.5,WcD0C231711011915_04.ce,24,0.17632993821853413,"{1, 2, 3, 4, 5, 10, 11, 12, 13, 14, 15, 21, 24, 32, 44, 45, 53, 73, 83, 87, 123, 155, 171, 192}"
ref_4.5,C4.5,WcD0C231711011930_04.ce,22,0.18939052800908146,"{3, 52, 58, 59, 60, 68, 79, 82, 98, 99, 129, 133, 151, 153, 154, 155, 156, 160, 172, 173, 183, 194}"
ref_4.5,C4.5,WcD0C231711011945_04.ce,34,0.20115295666896787,"{1, 2, 3, 6, 7, 8, 9, 10, 20, 26, 43, 44, 57, 78, 104, 111, 121, 125, 146, 151, 153, 154, 155, 156, 159, 164, 165, 166, 169, 172, 177, 182, 183, 184}"
ref_4.5,C4.4,WcD0D211711012000_02.ce,0,-1,set()
ref_4.5,C4.4,WcD0D211711012015_02.ce,0,-1,set()
ref_4.5,C4.4,WcD0D211711012030_02.ce,0,-1,set()
ref_4.5,C4.4,WcD0D211711012045_02.ce,0,-1,set()
ref_4.5,C4.5,WcD0C231711012000_04.ce,40,0.1584250663127042,"{1, 2, 3, 4, 5, 16, 17, 18, 29, 33, 34, 35, 40, 43, 45, 46, 47, 48, 49, 50, 51, 52, 53, 54, 55, 114, 115, 116, 123, 133, 134, 138, 140, 141, 142, 143, 144, 169, 176, 177}"
ref_4.5,C4.5,WcD0C231711012015_04.ce,8,0.13457897591312074,"{186, 190, 188, 180, 55, 71, 191, 192}"
ref_4.5,C4.5,WcD0C231711012030_04.ce,16,0.15923753938420662,"{3, 4, 5, 82, 83, 84, 96, 121, 123, 137, 138, 139, 147, 149, 151, 170}"
ref_4.5,C4.5,WcD0C231711012045_04.ce,11,0.13874875773756118,"{156, 157, 158, 159, 160, 161, 173, 174, 175, 176, 177}"
ref_4.5,C4.4,WcD0D211711012100_02.ce,0,-1,set()
ref_4.5,C4.4,WcD0D211711012115_02.ce,0,-1,set()
ref_4.5,C4.4,WcD0D211711012130_02.ce,0,-1,set()
ref_4.5,C4.4,WcD0D211711012145_02.ce,0,-1,set()
ref_4.5,C4.5,WcD0C231711012100_04.ce,22,0.13128668096133916,"{1, 2, 3, 11, 17, 18, 22, 30, 97, 114, 115, 116, 117, 123, 125, 155, 157, 167, 168, 188, 192, 193}"
ref_4.5,C4.5,WcD0C231711012115_04.ce,8,0.12401398703853805,"{1, 3, 66, 72, 116, 117, 150, 158}"
ref_4.5,C4.5,WcD0C231711012130_04.ce,40,0.11954748900882786,"{36, 37, 38, 39, 40, 53, 68, 69, 71, 130, 131, 132, 133, 134, 135, 136, 137, 138, 139, 140, 141, 142, 143, 144, 145, 146, 147, 148, 149, 150, 151, 152, 153, 161, 181, 182, 186, 187, 188, 189}"
ref_4.5,C4.5,WcD0C231711012145_04.ce,69,0.1776784519010045,"{14, 15, 16, 17, 20, 38, 39, 40, 41, 42, 43, 44, 45, 46, 47, 48, 49, 50, 51, 52, 70, 71, 72, 73, 74, 75, 76, 77, 78, 79, 80, 89, 90, 91, 110, 111, 112, 119, 120, 121, 122, 123, 132, 133, 134, 159, 160, 161, 162, 163, 164, 165, 166, 167, 168, 169, 170, 171, 172, 173, 175, 176, 177, 178, 179, 180, 182, 183, 193}"
ref_4.5,C4.4,WcD0D211711012200_02.ce,0,-1,set()
ref_4.5,C4.4,WcD0D211711012215_02.ce,0,-1,set()
ref_4.5,C4.4,WcD0D211711012230_02.ce,0,-1,set()
ref_4.5,C4.4,WcD0D211711012245_02.ce,0,-1,set()
ref_4.5,C4.5,WcD0C231711012200_04.ce,85,0.18985126352404966,"{1, 2, 3, 4, 5, 11, 12, 13, 14, 15, 16, 17, 27, 28, 35, 36, 37, 42, 61, 65, 66, 67, 71, 72, 73, 76, 77, 78, 79, 82, 85, 86, 87, 88, 89, 90, 91, 92, 109, 119, 120, 123, 125, 126, 128, 129, 130, 131, 132, 133, 134, 135, 136, 137, 138, 139, 140, 141, 142, 148, 149, 150, 151, 152, 154, 155, 160, 161, 162, 163, 164, 168, 169, 170, 171, 174, 176, 177, 178, 179, 180, 181, 182, 183, 184}"
ref_4.5,C4.5,WcD0C231711012215_04.ce,56,0.17069581614721877,"{1, 2, 14, 26, 27, 28, 29, 30, 31, 32, 33, 65, 70, 73, 81, 82, 83, 84, 85, 86, 87, 88, 89, 90, 91, 92, 94, 97, 99, 100, 101, 102, 103, 104, 105, 106, 107, 108, 109, 143, 144, 148, 150, 151, 152, 153, 154, 155, 158, 160, 161, 162, 163, 164, 166, 181}"
ref_4.5,C4.5,WcD0C231711012230_04.ce,14,0.15321916297007382,"{34, 35, 48, 49, 50, 51, 61, 87, 88, 89, 122, 134, 144, 153}"
ref_4.5,C4.5,WcD0C231711012245_04.ce,13,0.1548110625073609,"{15, 16, 17, 18, 39, 40, 74, 75, 83, 98, 135, 161, 185}"
ref_4.5,C4.4,WcD0D211711012300_02.ce,0,-1,set()
ref_4.5,C4.4,WcD0D211711012315_02.ce,0,-1,set()
ref_4.5,C4.4,WcD0D211711012330_02.ce,0,-1,set()
ref_4.5,C4.4,WcD0D211711012345_02.ce,0,-1,set()
ref_4.5,C4.5,WcD0C231711012300_04.ce,28,0.17771955804194284,"{1, 2, 3, 16, 25, 49, 50, 51, 52, 90, 91, 92, 93, 94, 95, 96, 97, 99, 100, 101, 102, 103, 104, 113, 141, 142, 176, 178}"
ref_4.5,C4.5,WcD0C231711012315_04.ce,29,0.18841081136383855,"{1, 5, 9, 10, 11, 12, 15, 16, 17, 23, 24, 25, 27, 30, 32, 39, 47, 48, 51, 65, 66, 67, 68, 69, 99, 100, 109, 135, 175}"
ref_4.5,C4.5,WcD0C231711012330_04.ce,6,0.16900749363478623,"{23, 69, 70, 71, 75, 159}"
ref_4.5,C4.5,WcD0C231711012345_04.ce,17,0.17534550136631835,"{33, 34, 35, 59, 102, 103, 104, 105, 106, 131, 136, 153, 154, 155, 156, 187, 188}"
