RefArbor,C4.4,WcD0D231710310000_09.ce,34,0.21409583310971256,"{1, 2, 3, 4, 15, 16, 19, 21, 33, 49, 93, 105, 106, 118, 119, 120, 121, 123, 128, 130, 135, 136, 139, 140, 146, 149, 170, 171, 172, 177, 190, 191, 192, 194}"
RefArbor,C4.4,WcD0D231710310015_09.ce,14,0.15378659683532478,"{128, 130, 134, 135, 17, 69, 70, 75, 78, 121, 122, 125, 126, 127}"
RefArbor,C4.4,WcD0D231710310030_09.ce,30,0.18273114235484345,"{37, 38, 39, 40, 43, 54, 90, 91, 92, 104, 105, 106, 107, 108, 111, 125, 126, 127, 128, 129, 130, 135, 136, 137, 143, 144, 162, 166, 176, 179}"
RefArbor,C4.4,WcD0D231710310045_09.ce,50,0.18781826147064626,"{10, 21, 33, 45, 46, 59, 75, 82, 102, 111, 112, 117, 118, 124, 125, 126, 127, 128, 129, 130, 131, 132, 134, 135, 137, 140, 142, 145, 146, 147, 149, 152, 153, 154, 155, 156, 165, 167, 168, 169, 170, 171, 172, 176, 181, 182, 183, 186, 187, 188}"
RefArbor,C4.5,WcD0C191710310000_05.ce,41,0.2370320483936969,"{1, 2, 3, 7, 15, 16, 19, 20, 26, 70, 78, 85, 92, 95, 105, 117, 118, 119, 120, 127, 128, 129, 130, 134, 135, 138, 139, 145, 146, 147, 148, 149, 159, 170, 171, 176, 189, 190, 191, 192, 193}"
RefArbor,C4.5,WcD0C191710310015_05.ce,26,0.17537277270215365,"{2, 17, 48, 62, 70, 75, 78, 79, 85, 90, 92, 116, 121, 122, 123, 124, 125, 126, 127, 128, 129, 130, 134, 135, 136, 146}"
RefArbor,C4.5,WcD0C191710310030_05.ce,58,0.22858703226758437,"{21, 27, 30, 37, 38, 39, 40, 41, 44, 49, 52, 54, 76, 78, 82, 86, 88, 90, 91, 92, 93, 96, 97, 98, 101, 105, 106, 107, 108, 109, 110, 111, 112, 113, 114, 116, 117, 118, 119, 125, 126, 127, 128, 129, 130, 131, 136, 138, 142, 143, 144, 163, 167, 171, 178, 179, 180, 189}"
RefArbor,C4.5,WcD0C191710310045_05.ce,75,0.2078263931562471,"{21, 44, 45, 46, 48, 49, 63, 74, 76, 101, 102, 103, 104, 106, 107, 108, 110, 111, 112, 113, 114, 115, 116, 117, 121, 123, 124, 125, 126, 127, 128, 129, 130, 131, 132, 133, 134, 135, 136, 137, 139, 140, 141, 142, 143, 144, 145, 146, 147, 148, 149, 151, 152, 153, 154, 155, 156, 165, 166, 167, 168, 169, 170, 171, 172, 175, 176, 177, 178, 179, 180, 181, 182, 186, 187}"
RefArbor,C4.4,WcD0D231710310100_09.ce,66,0.2207224594775675,"{1, 2, 3, 4, 28, 29, 34, 35, 40, 50, 60, 61, 64, 67, 76, 77, 84, 85, 86, 87, 94, 95, 100, 101, 111, 112, 113, 114, 115, 117, 118, 121, 124, 125, 126, 127, 128, 136, 137, 138, 139, 140, 141, 142, 143, 145, 146, 147, 148, 149, 150, 152, 153, 154, 155, 156, 157, 158, 163, 177, 178, 179, 180, 183, 184, 191}"
RefArbor,C4.4,WcD0D231710310115_09.ce,3,0.15136539732687315,"{18, 139, 140}"
RefArbor,C4.4,WcD0D231710310130_09.ce,16,0.1676256388591637,"{25, 37, 58, 94, 123, 124, 127, 131, 133, 138, 139, 140, 141, 174, 175, 192}"
RefArbor,C4.4,WcD0D231710310145_09.ce,24,0.20287043723187942,"{31, 32, 33, 40, 41, 42, 48, 51, 52, 53, 54, 55, 63, 71, 77, 89, 90, 91, 137, 171, 189, 190, 191, 193}"
RefArbor,C4.5,WcD0C191710310100_05.ce,126,0.25107152302890057,"{1, 2, 3, 4, 5, 15, 16, 17, 18, 19, 23, 24, 25, 28, 29, 30, 33, 34, 35, 36, 37, 38, 39, 47, 48, 49, 50, 51, 52, 53, 60, 61, 62, 64, 65, 66, 67, 68, 69, 77, 79, 81, 83, 84, 85, 86, 87, 88, 89, 91, 92, 93, 94, 95, 96, 97, 100, 101, 102, 111, 112, 113, 114, 115, 116, 117, 118, 119, 120, 121, 122, 123, 124, 125, 126, 127, 128, 130, 132, 133, 134, 136, 137, 138, 139, 140, 141, 142, 143, 144, 145, 146, 147, 148, 149, 150, 151, 152, 153, 154, 155, 156, 157, 158, 159, 163, 164, 165, 170, 174, 175, 177, 178, 179, 180, 181, 182, 183, 184, 185, 186, 187, 188, 189, 191, 192}"
RefArbor,C4.5,WcD0C191710310115_05.ce,9,0.19066041719762433,"{18, 104, 129, 139, 140, 146, 151, 178, 181}"
RefArbor,C4.5,WcD0C191710310130_05.ce,48,0.18270730630709708,"{13, 23, 24, 25, 37, 42, 43, 44, 59, 79, 80, 81, 82, 90, 91, 93, 94, 121, 122, 123, 124, 125, 126, 127, 128, 129, 130, 131, 132, 133, 134, 135, 136, 137, 138, 139, 140, 141, 167, 174, 175, 176, 177, 178, 181, 188, 189, 192}"
RefArbor,C4.5,WcD0C191710310145_05.ce,36,0.218096267365551,"{1, 28, 31, 32, 33, 41, 42, 43, 49, 52, 53, 54, 55, 56, 58, 59, 63, 77, 78, 79, 85, 89, 90, 91, 129, 142, 145, 149, 151, 171, 178, 189, 190, 191, 192, 193}"
RefArbor,C4.4,WcD0D231710310200_09.ce,20,0.18235549842722765,"{1, 2, 3, 4, 15, 22, 24, 25, 28, 32, 43, 46, 47, 48, 49, 50, 51, 56, 57, 178}"
RefArbor,C4.4,WcD0D231710310215_09.ce,18,0.17046867564462245,"{12, 14, 72, 87, 96, 102, 107, 112, 113, 114, 115, 141, 144, 145, 157, 158, 178, 188}"
RefArbor,C4.4,WcD0D231710310230_09.ce,10,0.1565327097934758,"{3, 4, 5, 18, 19, 52, 129, 172, 176, 192}"
RefArbor,C4.4,WcD0D231710310245_09.ce,15,0.16604513753260267,"{1, 47, 49, 50, 64, 65, 66, 68, 70, 71, 73, 90, 107, 138, 175}"
RefArbor,C4.5,WcD0C191710310200_05.ce,29,0.19678954844240906,"{1, 2, 3, 4, 5, 15, 16, 22, 25, 27, 29, 32, 43, 45, 46, 47, 48, 49, 50, 51, 55, 57, 63, 67, 68, 72, 119, 121, 178}"
RefArbor,C4.5,WcD0C191710310215_05.ce,25,0.19285622501552677,"{13, 14, 51, 52, 67, 87, 96, 107, 112, 113, 114, 115, 140, 142, 144, 145, 152, 153, 156, 157, 158, 171, 176, 178, 188}"
RefArbor,C4.5,WcD0C191710310230_05.ce,20,0.17980134889396077,"{4, 5, 19, 22, 30, 32, 39, 52, 61, 78, 128, 129, 130, 151, 155, 156, 173, 176, 177, 190}"
RefArbor,C4.5,WcD0C191710310245_05.ce,19,0.18643677361864752,"{1, 10, 45, 47, 50, 51, 64, 65, 66, 67, 68, 71, 82, 83, 87, 137, 138, 151, 175}"
RefArbor,C4.4,WcD0D231710310300_09.ce,33,0.19538166000708027,"{1, 2, 3, 18, 19, 21, 36, 38, 68, 69, 70, 74, 77, 78, 79, 80, 87, 90, 91, 92, 93, 94, 102, 121, 127, 128, 135, 142, 149, 154, 155, 166, 193}"
RefArbor,C4.4,WcD0D231710310315_09.ce,41,0.20275501054202302,"{30, 31, 32, 34, 35, 38, 45, 49, 50, 56, 59, 60, 63, 67, 77, 79, 80, 81, 82, 83, 84, 85, 88, 90, 92, 95, 100, 103, 120, 127, 128, 131, 133, 134, 138, 161, 162, 163, 187, 188, 190}"
RefArbor,C4.4,WcD0D231710310330_09.ce,22,0.16656678159541186,"{3, 4, 5, 6, 12, 34, 52, 54, 63, 99, 103, 104, 105, 106, 107, 108, 115, 147, 148, 152, 155, 185}"
RefArbor,C4.4,WcD0D231710310345_09.ce,45,0.2024022895266201,"{4, 6, 13, 17, 18, 19, 20, 23, 24, 33, 49, 51, 52, 53, 54, 55, 56, 57, 58, 59, 60, 61, 62, 63, 64, 65, 66, 67, 68, 70, 78, 90, 92, 93, 108, 109, 112, 113, 115, 123, 124, 131, 147, 151, 152}"
RefArbor,C4.5,WcD0C191710310300_05.ce,48,0.21387008041415892,"{1, 2, 3, 4, 10, 13, 18, 19, 20, 21, 22, 25, 33, 36, 38, 68, 69, 70, 77, 78, 79, 80, 86, 89, 90, 91, 92, 93, 94, 97, 98, 102, 121, 127, 128, 136, 142, 143, 144, 147, 149, 150, 151, 155, 166, 176, 181, 193}"
RefArbor,C4.5,WcD0C191710310315_05.ce,44,0.2221678372376276,"{19, 20, 30, 31, 32, 33, 35, 39, 45, 48, 50, 51, 56, 57, 59, 60, 61, 62, 64, 67, 78, 79, 80, 81, 82, 83, 84, 85, 88, 89, 91, 120, 128, 129, 131, 133, 134, 135, 138, 155, 163, 168, 187, 191}"
RefArbor,C4.5,WcD0C191710310330_05.ce,25,0.18740901389975434,"{4, 5, 6, 19, 29, 34, 54, 94, 95, 99, 100, 101, 103, 105, 106, 107, 108, 109, 115, 132, 148, 155, 185, 186, 189}"
RefArbor,C4.5,WcD0C191710310345_05.ce,59,0.21291264993648937,"{4, 5, 6, 7, 11, 12, 14, 17, 18, 19, 20, 24, 33, 34, 49, 50, 51, 52, 53, 54, 55, 56, 57, 58, 59, 60, 61, 62, 63, 64, 65, 66, 67, 68, 69, 70, 78, 79, 93, 96, 108, 109, 110, 111, 113, 114, 115, 116, 122, 123, 124, 140, 147, 148, 151, 152, 158, 159, 173}"
RefArbor,C4.4,WcD0D231710310400_09.ce,12,0.19458220865290635,"{1, 2, 3, 4, 164, 183, 191, 193, 73, 82, 83, 87}"
RefArbor,C4.4,WcD0D231710310415_09.ce,5,0.18962240340692288,"{1, 10, 15, 64, 142}"
RefArbor,C4.4,WcD0D231710310430_09.ce,2,0.19105045511863739,"{184, 77}"
RefArbor,C4.4,WcD0D231710310445_09.ce,8,0.21748350074771416,"{14, 85, 90, 107, 153, 163, 176, 182}"
RefArbor,C4.5,WcD0C191710310400_05.ce,21,0.21363271499228048,"{1, 2, 3, 4, 5, 9, 23, 65, 82, 83, 84, 87, 88, 92, 119, 124, 141, 164, 178, 179, 191}"
RefArbor,C4.5,WcD0C191710310415_05.ce,12,0.20451121869046707,"{4, 49, 58, 59, 63, 64, 65, 103, 110, 118, 142, 174}"
RefArbor,C4.5,WcD0C191710310430_05.ce,9,0.21134810360393738,"{11, 35, 53, 71, 84, 133, 134, 177, 183}"
RefArbor,C4.5,WcD0C191710310445_05.ce,16,0.234484630780208,"{15, 30, 33, 75, 86, 98, 103, 111, 117, 122, 139, 145, 153, 177, 181, 182}"
RefArbor,C4.4,WcD0D231710310500_09.ce,31,0.20952756644810996,"{9, 19, 20, 21, 22, 28, 29, 31, 32, 33, 34, 35, 36, 44, 50, 54, 57, 68, 70, 104, 105, 106, 108, 109, 119, 123, 124, 130, 133, 178, 179}"
RefArbor,C4.4,WcD0D231710310515_09.ce,32,0.2188233073677034,"{8, 72, 73, 74, 75, 76, 77, 78, 79, 80, 81, 91, 101, 104, 105, 110, 123, 125, 126, 127, 128, 129, 130, 131, 134, 136, 141, 146, 149, 177, 180, 190}"
RefArbor,C4.4,WcD0D231710310530_09.ce,21,0.19046971720649555,"{2, 29, 30, 31, 32, 43, 44, 45, 46, 85, 86, 87, 88, 89, 90, 91, 92, 93, 95, 96, 115}"
RefArbor,C4.4,WcD0D231710310545_09.ce,12,0.19303723540668175,"{35, 36, 38, 39, 40, 64, 148, 163, 167, 186, 191, 192}"
RefArbor,C4.5,WcD0C191710310500_05.ce,38,0.2256338902666096,"{9, 19, 20, 21, 22, 28, 30, 32, 33, 34, 35, 36, 39, 40, 41, 44, 54, 65, 69, 70, 73, 104, 105, 106, 107, 109, 113, 119, 124, 130, 131, 133, 144, 147, 148, 178, 179, 180}"
RefArbor,C4.5,WcD0C191710310515_05.ce,43,0.23595964868243585,"{9, 17, 23, 30, 73, 74, 75, 76, 77, 78, 79, 80, 81, 91, 96, 98, 104, 105, 110, 111, 123, 125, 126, 127, 128, 129, 130, 131, 135, 137, 140, 143, 148, 152, 172, 176, 177, 178, 181, 182, 190, 191, 192}"
RefArbor,C4.5,WcD0C191710310530_05.ce,23,0.2087146912177729,"{11, 24, 25, 30, 44, 46, 50, 65, 85, 86, 87, 88, 89, 90, 91, 92, 93, 94, 95, 96, 97, 109, 184}"
RefArbor,C4.5,WcD0C191710310545_05.ce,16,0.21217723631052543,"{35, 36, 38, 39, 40, 48, 59, 157, 163, 164, 168, 187, 189, 191, 192, 193}"
RefArbor,C4.4,WcD0D231710310600_09.ce,21,0.19616429721383194,"{1, 2, 3, 4, 11, 16, 36, 48, 50, 66, 67, 85, 97, 99, 100, 105, 106, 113, 114, 126, 160}"
RefArbor,C4.4,WcD0D231710310615_09.ce,61,0.22379942845450437,"{1, 3, 6, 12, 13, 14, 15, 16, 17, 18, 20, 21, 22, 25, 28, 29, 30, 32, 33, 34, 35, 36, 43, 44, 45, 46, 50, 51, 52, 57, 58, 59, 73, 81, 83, 84, 87, 92, 96, 98, 99, 100, 103, 114, 119, 122, 133, 137, 144, 146, 148, 149, 151, 152, 159, 160, 167, 175, 183, 186, 188}"
RefArbor,C4.4,WcD0D231710310630_09.ce,17,0.20715016864428146,"{9, 14, 24, 27, 34, 41, 52, 59, 76, 77, 78, 83, 92, 141, 149, 152, 153}"
RefArbor,C4.4,WcD0D231710310645_09.ce,12,0.21096672941594963,"{4, 17, 20, 49, 78, 79, 104, 157, 158, 163, 173, 187}"
RefArbor,C4.5,WcD0C191710310600_05.ce,36,0.21295907922088234,"{1, 2, 3, 4, 9, 11, 12, 26, 30, 36, 50, 56, 67, 68, 84, 85, 100, 101, 105, 106, 107, 111, 113, 114, 115, 117, 118, 119, 120, 126, 127, 142, 143, 147, 149, 160}"
RefArbor,C4.5,WcD0C191710310615_05.ce,72,0.24270340203559265,"{1, 3, 6, 7, 13, 14, 15, 16, 17, 18, 19, 21, 22, 23, 26, 28, 29, 30, 32, 33, 34, 35, 36, 37, 43, 44, 45, 46, 47, 51, 52, 53, 58, 59, 73, 80, 81, 84, 87, 93, 99, 100, 101, 114, 115, 118, 119, 122, 132, 133, 134, 135, 136, 137, 138, 144, 145, 148, 149, 151, 152, 155, 159, 160, 167, 169, 172, 175, 183, 184, 186, 188}"
RefArbor,C4.5,WcD0C191710310630_05.ce,22,0.22244407300617566,"{8, 9, 10, 25, 34, 48, 58, 59, 60, 68, 74, 76, 77, 83, 84, 87, 93, 134, 141, 147, 187, 193}"
RefArbor,C4.5,WcD0C191710310645_05.ce,15,0.23180514224222318,"{17, 18, 50, 51, 68, 78, 79, 110, 116, 158, 159, 173, 176, 188, 193}"
RefArbor,C4.4,WcD0D231710310700_09.ce,50,0.22971255927081988,"{1, 2, 3, 4, 10, 11, 12, 19, 21, 22, 27, 28, 65, 67, 71, 76, 97, 105, 109, 110, 112, 113, 116, 130, 131, 132, 147, 153, 159, 160, 161, 162, 166, 168, 169, 171, 174, 175, 176, 177, 178, 179, 180, 181, 183, 185, 186, 187, 188, 189}"
RefArbor,C4.4,WcD0D231710310715_09.ce,29,0.15534542741861468,"{67, 68, 69, 70, 71, 72, 73, 74, 75, 79, 83, 86, 87, 88, 103, 104, 123, 126, 128, 130, 131, 155, 156, 157, 158, 173, 177, 185, 186}"
RefArbor,C4.4,WcD0D231710310730_09.ce,51,0.20115515175247892,"{4, 15, 16, 17, 18, 19, 25, 27, 29, 30, 31, 32, 33, 41, 47, 48, 49, 50, 51, 68, 69, 83, 86, 87, 104, 105, 106, 134, 146, 147, 150, 151, 152, 154, 155, 156, 160, 162, 163, 167, 168, 170, 171, 172, 173, 174, 175, 176, 189, 190, 191}"
RefArbor,C4.4,WcD0D231710310745_09.ce,9,0.21605716363373736,"{14, 18, 20, 52, 190, 191, 194, 112, 115}"
RefArbor,C4.5,WcD0C191710310700_05.ce,65,0.2464806291901483,"{1, 2, 3, 4, 10, 11, 18, 19, 20, 21, 23, 26, 27, 28, 29, 45, 69, 72, 82, 88, 96, 97, 102, 104, 114, 116, 122, 123, 126, 127, 129, 130, 131, 132, 152, 158, 159, 160, 161, 162, 163, 164, 165, 166, 167, 168, 169, 170, 171, 172, 173, 174, 175, 176, 177, 178, 179, 180, 182, 183, 184, 185, 186, 187, 188}"
RefArbor,C4.5,WcD0C191710310715_05.ce,36,0.17559495979865963,"{67, 68, 69, 70, 71, 72, 73, 74, 75, 78, 79, 86, 87, 89, 103, 104, 120, 123, 124, 126, 127, 129, 130, 131, 136, 156, 157, 158, 170, 171, 173, 178, 179, 186, 187, 191}"
RefArbor,C4.5,WcD0C191710310730_05.ce,71,0.2165869516760844,"{4, 9, 15, 16, 17, 18, 19, 20, 25, 26, 27, 29, 30, 31, 32, 33, 34, 38, 41, 42, 43, 47, 48, 49, 50, 51, 53, 54, 55, 56, 57, 58, 65, 66, 68, 69, 76, 84, 87, 89, 90, 105, 106, 107, 131, 146, 147, 150, 151, 152, 153, 154, 155, 156, 157, 160, 161, 163, 167, 168, 169, 172, 174, 175, 176, 186, 187, 189, 190, 191, 192}"
RefArbor,C4.5,WcD0C191710310745_05.ce,13,0.2303310664163099,"{13, 17, 19, 20, 37, 51, 114, 173, 189, 190, 191, 192, 193}"
RefArbor,C4.4,WcD0D231710310800_09.ce,29,0.19587977437699036,"{1, 2, 3, 4, 5, 6, 7, 15, 16, 28, 34, 35, 57, 58, 59, 62, 63, 66, 67, 68, 69, 70, 72, 79, 80, 107, 137, 154, 156}"
RefArbor,C4.4,WcD0D231710310815_09.ce,5,0.18641386906944393,"{146, 164, 42, 63, 82}"
RefArbor,C4.4,WcD0D231710310830_09.ce,19,0.211003492545136,"{18, 47, 48, 49, 60, 71, 87, 89, 92, 93, 99, 105, 106, 113, 175, 181, 183, 188, 191}"
RefArbor,C4.4,WcD0D231710310845_09.ce,40,0.23978969241715953,"{3, 10, 11, 30, 31, 32, 35, 42, 43, 44, 45, 51, 52, 53, 60, 65, 67, 69, 79, 81, 92, 93, 94, 103, 115, 116, 117, 118, 119, 126, 131, 140, 142, 143, 146, 152, 159, 169, 178, 181}"
RefArbor,C4.5,WcD0C191710310800_05.ce,34,0.215748722178716,"{1, 2, 3, 4, 5, 6, 7, 8, 11, 16, 19, 28, 31, 35, 58, 59, 61, 63, 66, 67, 68, 69, 70, 80, 81, 88, 90, 91, 103, 107, 116, 133, 139, 141}"
RefArbor,C4.5,WcD0C191710310815_05.ce,14,0.20571105087233627,"{19, 42, 50, 63, 64, 101, 135, 146, 147, 152, 165, 168, 174, 192}"
RefArbor,C4.5,WcD0C191710310830_05.ce,35,0.21865561510959614,"{6, 14, 18, 29, 38, 49, 64, 71, 72, 76, 83, 84, 87, 88, 89, 90, 93, 94, 97, 106, 107, 108, 113, 118, 132, 150, 172, 174, 175, 180, 181, 183, 184, 189, 192}"
RefArbor,C4.5,WcD0C191710310845_05.ce,62,0.255582767939119,"{1, 3, 7, 10, 11, 17, 23, 30, 31, 32, 33, 38, 42, 43, 44, 45, 52, 53, 54, 55, 60, 61, 66, 67, 69, 70, 81, 89, 92, 94, 103, 106, 115, 116, 117, 118, 119, 123, 126, 131, 132, 140, 141, 142, 143, 144, 145, 146, 147, 148, 151, 156, 157, 158, 160, 165, 166, 167, 170, 179, 181, 183}"
RefArbor,C4.4,WcD0D231710310900_09.ce,21,0.20299703000323335,"{1, 2, 3, 4, 11, 15, 16, 24, 45, 54, 62, 66, 67, 68, 92, 101, 114, 160, 168, 180, 187}"
RefArbor,C4.4,WcD0D231710310915_09.ce,18,0.16126671143225382,"{1, 34, 60, 61, 65, 66, 138, 139, 148, 155, 158, 168, 169, 170, 171, 190, 191, 192}"
RefArbor,C4.4,WcD0D231710310930_09.ce,9,0.1721544010133332,"{2, 8, 11, 26, 27, 32, 33, 42, 125}"
RefArbor,C4.4,WcD0D231710310945_09.ce,11,0.16676249096516488,"{142, 145, 147, 151, 152, 154, 169, 70, 74, 83, 87}"
RefArbor,C4.5,WcD0C191710310900_05.ce,36,0.223221531936694,"{1, 2, 3, 4, 5, 6, 11, 12, 15, 16, 24, 25, 40, 41, 44, 45, 46, 51, 54, 56, 65, 68, 69, 70, 82, 93, 101, 114, 117, 160, 164, 169, 179, 180, 187, 193}"
RefArbor,C4.5,WcD0C191710310915_05.ce,22,0.17900367570732525,"{14, 35, 60, 61, 64, 65, 66, 67, 116, 139, 148, 155, 158, 159, 168, 169, 170, 171, 190, 191, 192, 193}"
RefArbor,C4.5,WcD0C191710310930_05.ce,21,0.18861648244370452,"{2, 4, 6, 9, 11, 13, 21, 26, 27, 32, 33, 34, 41, 42, 43, 80, 81, 84, 95, 124, 125}"
RefArbor,C4.5,WcD0C191710310945_05.ce,21,0.1816514883766799,"{22, 27, 70, 75, 84, 87, 97, 109, 116, 128, 142, 143, 144, 145, 146, 147, 151, 152, 154, 169, 182}"
RefArbor,C4.4,WcD0D231710311000_09.ce,26,0.2131767214505327,"{1, 2, 3, 10, 17, 23, 28, 37, 38, 65, 67, 99, 109, 114, 126, 127, 131, 133, 135, 136, 139, 146, 147, 149, 170, 180}"
RefArbor,C4.4,WcD0D231710311015_09.ce,14,0.18025549340033542,"{1, 5, 16, 18, 19, 20, 21, 22, 23, 24, 30, 78, 79, 88}"
RefArbor,C4.4,WcD0D231710311030_09.ce,5,0.17027407232078365,"{38, 143, 144, 145, 186}"
RefArbor,C4.4,WcD0D231710311045_09.ce,14,0.2020580651368617,"{12, 14, 15, 16, 17, 19, 21, 22, 64, 83, 103, 104, 117, 160}"
RefArbor,C4.5,WcD0C191710311000_05.ce,34,0.21794355135403984,"{1, 2, 3, 4, 11, 15, 17, 18, 22, 23, 24, 28, 29, 36, 38, 39, 53, 58, 67, 68, 100, 101, 105, 112, 132, 133, 136, 137, 141, 146, 147, 155, 168, 193}"
RefArbor,C4.5,WcD0C191710311015_05.ce,17,0.2038995747152648,"{5, 16, 17, 18, 19, 20, 21, 22, 23, 24, 25, 28, 30, 40, 79, 89, 134}"
RefArbor,C4.5,WcD0C191710311030_05.ce,7,0.19666342854520133,"{107, 133, 138, 142, 143, 144, 183}"
RefArbor,C4.5,WcD0C191710311045_05.ce,20,0.21910376862289727,"{13, 14, 15, 16, 17, 18, 21, 22, 23, 26, 61, 64, 67, 71, 96, 104, 116, 133, 135, 162}"
RefArbor,C4.4,WcD0D231710311100_09.ce,9,0.2006644115878619,"{1, 2, 3, 4, 155, 160, 174, 99, 115}"
RefArbor,C4.4,WcD0D231710311115_09.ce,11,0.20624997913151347,"{3, 27, 50, 90, 116, 118, 150, 163, 176, 184, 187}"
RefArbor,C4.4,WcD0D231710311130_09.ce,10,0.17515445088441048,"{21, 43, 55, 116, 117, 120, 155, 157, 158, 192}"
RefArbor,C4.4,WcD0D231710311145_09.ce,13,0.18089357831366723,"{15, 40, 89, 102, 103, 133, 135, 160, 164, 168, 172, 186, 188}"
RefArbor,C4.5,WcD0C191710311100_05.ce,10,0.22283371449693232,"{1, 2, 3, 4, 16, 58, 99, 114, 121, 157}"
RefArbor,C4.5,WcD0C191710311115_05.ce,13,0.21570210914597893,"{3, 35, 50, 69, 90, 116, 118, 132, 145, 150, 176, 184, 187}"
RefArbor,C4.5,WcD0C191710311130_05.ce,14,0.19338893685329892,"{21, 27, 37, 42, 43, 55, 116, 117, 120, 130, 151, 155, 157, 158}"
RefArbor,C4.5,WcD0C191710311145_05.ce,20,0.19595096272783954,"{37, 38, 40, 41, 43, 46, 74, 78, 89, 90, 102, 103, 106, 110, 133, 135, 160, 164, 168, 186}"
RefArbor,C4.4,WcD0D231710311200_09.ce,16,0.1818356359804251,"{1, 2, 3, 37, 44, 47, 48, 49, 50, 51, 52, 54, 144, 161, 165, 193}"
RefArbor,C4.4,WcD0D231710311215_09.ce,9,0.1715974383811287,"{3, 50, 51, 70, 71, 73, 105, 178, 190}"
RefArbor,C4.4,WcD0D231710311230_09.ce,26,0.18966832292278868,"{23, 24, 25, 40, 41, 42, 45, 48, 53, 54, 59, 71, 107, 109, 111, 113, 114, 115, 116, 141, 142, 157, 158, 176, 177, 187}"
RefArbor,C4.4,WcD0D231710311245_09.ce,26,0.1852289838975998,"{1, 2, 3, 4, 13, 14, 15, 16, 22, 57, 58, 59, 65, 66, 70, 79, 82, 83, 90, 95, 109, 123, 124, 125, 155, 191}"
RefArbor,C4.5,WcD0C191710311200_05.ce,25,0.19976802916356395,"{1, 2, 3, 4, 12, 25, 26, 28, 41, 44, 48, 49, 50, 51, 52, 54, 106, 117, 141, 160, 161, 163, 164, 180, 193}"
RefArbor,C4.5,WcD0C191710311215_05.ce,18,0.18966660308172548,"{3, 29, 43, 51, 52, 55, 66, 70, 71, 72, 73, 93, 101, 105, 148, 178, 190, 192}"
RefArbor,C4.5,WcD0C191710311230_05.ce,34,0.21110384664862547,"{1, 2, 26, 28, 29, 31, 41, 44, 45, 46, 48, 58, 59, 64, 76, 78, 112, 113, 114, 117, 118, 119, 120, 121, 126, 128, 145, 146, 161, 162, 181, 182, 192, 194}"
RefArbor,C4.5,WcD0C191710311245_05.ce,31,0.196794712303798,"{1, 2, 3, 13, 14, 15, 16, 21, 22, 57, 58, 64, 66, 70, 77, 82, 83, 89, 90, 91, 94, 95, 99, 100, 109, 118, 122, 124, 125, 155, 191}"
RefArbor,C4.4,WcD0D231710311300_09.ce,11,0.16261258109896085,"{1, 3, 4, 11, 12, 16, 17, 18, 23, 38, 59}"
RefArbor,C4.4,WcD0D231710311315_09.ce,4,0.16664762378783815,"{78, 79, 91, 93}"
RefArbor,C4.4,WcD0D231710311330_09.ce,4,0.13511305014593444,"{105, 169, 170, 178}"
RefArbor,C4.4,WcD0D231710311345_09.ce,5,0.14933345473239473,"{137, 20, 31, 191, 192}"
RefArbor,C4.5,WcD0C191710311300_05.ce,20,0.20059134517909918,"{1, 2, 3, 4, 12, 15, 17, 18, 23, 35, 36, 43, 59, 60, 61, 68, 69, 72, 122, 156}"
RefArbor,C4.5,WcD0C191710311315_05.ce,38,0.18373708320667265,"{64, 77, 78, 81, 82, 85, 86, 87, 88, 89, 90, 91, 92, 93, 95, 100, 101, 103, 104, 106, 117, 118, 119, 120, 122, 124, 135, 138, 139, 142, 143, 150, 157, 158, 165, 166, 167, 169}"
RefArbor,C4.5,WcD0C191710311330_05.ce,22,0.18928638545275087,"{60, 67, 69, 100, 101, 102, 105, 106, 108, 115, 163, 164, 168, 169, 170, 171, 172, 173, 175, 176, 177, 178}"
RefArbor,C4.5,WcD0C191710311345_05.ce,20,0.1884508501873286,"{21, 22, 23, 24, 26, 28, 32, 157, 163, 165, 53, 182, 183, 184, 193, 194, 90, 98, 99, 100}"
RefArbor,C4.4,WcD0D231710311400_09.ce,74,0.1981848323321427,"{1, 2, 3, 4, 25, 36, 37, 38, 39, 45, 59, 79, 84, 85, 87, 88, 90, 93, 95, 97, 98, 99, 100, 101, 102, 103, 104, 105, 108, 109, 112, 113, 115, 124, 125, 126, 129, 131, 132, 133, 134, 135, 136, 138, 139, 140, 141, 142, 144, 146, 147, 148, 149, 150, 152, 153, 154, 155, 158, 159, 160, 165, 170, 171, 172, 173, 174, 175, 180, 182, 183, 184, 188, 189}"
RefArbor,C4.4,WcD0D231710311415_09.ce,50,0.223035368449707,"{1, 19, 23, 25, 26, 27, 31, 32, 35, 40, 41, 43, 45, 46, 53, 54, 56, 62, 67, 83, 84, 87, 88, 89, 93, 96, 105, 106, 111, 112, 118, 124, 125, 128, 152, 153, 158, 169, 170, 171, 172, 173, 174, 181, 182, 183, 185, 186, 191, 192}"
RefArbor,C4.4,WcD0D231710311430_09.ce,22,0.17143177178664268,"{1, 6, 38, 91, 92, 98, 99, 101, 103, 104, 106, 119, 123, 124, 125, 126, 127, 141, 144, 145, 178, 179}"
RefArbor,C4.4,WcD0D231710311445_09.ce,9,0.16717005661754764,"{23, 43, 50, 62, 63, 64, 65, 99, 176}"
RefArbor,C4.5,WcD0C191710311400_05.ce,85,0.22049021634187815,"{1, 2, 3, 24, 36, 37, 38, 39, 40, 41, 43, 44, 45, 46, 58, 59, 62, 79, 84, 87, 88, 89, 93, 95, 98, 99, 100, 101, 102, 103, 104, 105, 106, 107, 108, 109, 112, 114, 115, 120, 124, 125, 128, 129, 130, 131, 132, 133, 134, 135, 136, 138, 139, 140, 141, 142, 143, 144, 146, 147, 148, 149, 150, 152, 153, 154, 155, 158, 159, 160, 165, 170, 171, 172, 173, 174, 175, 179, 181, 182, 185, 187, 188, 189, 193}"
RefArbor,C4.5,WcD0C191710311415_05.ce,68,0.23776211456667676,"{1, 3, 5, 14, 17, 19, 23, 24, 25, 26, 28, 30, 31, 32, 33, 34, 35, 39, 40, 41, 43, 44, 45, 46, 53, 54, 56, 59, 61, 62, 67, 72, 78, 83, 84, 85, 86, 87, 88, 89, 92, 95, 96, 105, 106, 110, 111, 114, 118, 124, 125, 131, 151, 152, 153, 158, 169, 170, 171, 172, 173, 181, 182, 185, 186, 190, 191, 192}"
RefArbor,C4.5,WcD0C191710311430_05.ce,23,0.196372190175387,"{2, 39, 57, 92, 99, 102, 104, 105, 120, 122, 124, 125, 126, 127, 128, 141, 144, 145, 146, 173, 178, 179, 180}"
RefArbor,C4.5,WcD0C191710311445_05.ce,16,0.18705591067587615,"{22, 35, 36, 43, 50, 52, 54, 62, 63, 64, 65, 116, 117, 127, 138, 167}"
RefArbor,C4.4,WcD0D231710311500_09.ce,11,0.1738570908752535,"{1, 2, 3, 5, 6, 39, 68, 69, 132, 158, 187}"
RefArbor,C4.4,WcD0D231710311515_09.ce,28,0.20608097354717372,"{33, 34, 69, 72, 73, 77, 85, 89, 90, 91, 114, 128, 133, 134, 136, 137, 138, 139, 140, 143, 146, 157, 160, 163, 164, 165, 175, 190}"
RefArbor,C4.4,WcD0D231710311530_09.ce,11,0.19295601250765887,"{73, 81, 99, 100, 101, 173, 176, 178, 182, 183, 194}"
RefArbor,C4.4,WcD0D231710311545_09.ce,18,0.2061491770394568,"{5, 27, 29, 33, 37, 52, 62, 70, 77, 89, 99, 100, 102, 147, 163, 165, 173, 192}"
RefArbor,C4.5,WcD0C191710311500_05.ce,19,0.2160581201675175,"{1, 2, 3, 4, 7, 39, 40, 50, 53, 69, 70, 73, 132, 148, 150, 159, 170, 173, 174}"
RefArbor,C4.5,WcD0C191710311515_05.ce,46,0.23496664676232404,"{10, 12, 23, 33, 34, 35, 50, 51, 55, 56, 62, 63, 72, 74, 76, 77, 78, 80, 81, 82, 83, 87, 90, 91, 128, 129, 134, 135, 137, 138, 139, 140, 141, 144, 146, 155, 158, 160, 163, 164, 165, 166, 171, 175, 179, 191}"
RefArbor,C4.5,WcD0C191710311530_05.ce,19,0.2062110607181729,"{67, 78, 81, 92, 99, 100, 101, 103, 138, 156, 170, 173, 175, 176, 177, 178, 179, 181, 182}"
RefArbor,C4.5,WcD0C191710311545_05.ce,26,0.2244740073580819,"{1, 6, 28, 30, 34, 53, 63, 65, 77, 81, 90, 91, 113, 115, 128, 132, 143, 144, 154, 164, 173, 174, 176, 178, 189, 193}"
RefArbor,C4.4,WcD0D231710311600_09.ce,20,0.18108681828484408,"{1, 2, 3, 4, 5, 13, 39, 79, 87, 88, 123, 133, 170, 177, 178, 179, 180, 186, 189, 193}"
RefArbor,C4.4,WcD0D231710311615_09.ce,27,0.19370335461457286,"{9, 27, 28, 29, 30, 51, 69, 70, 71, 72, 85, 86, 87, 88, 89, 90, 101, 102, 103, 107, 108, 111, 118, 131, 132, 164, 166}"
RefArbor,C4.4,WcD0D231710311630_09.ce,26,0.18494605545197415,"{22, 27, 28, 45, 54, 55, 59, 62, 63, 68, 81, 86, 87, 99, 100, 114, 115, 155, 156, 160, 169, 170, 171, 181, 182, 183}"
RefArbor,C4.4,WcD0D231710311645_09.ce,18,0.17720971859453633,"{5, 25, 26, 68, 89, 96, 109, 110, 129, 130, 131, 132, 133, 134, 169, 172, 173, 181}"
RefArbor,C4.5,WcD0C191710311600_05.ce,21,0.20042630695425817,"{1, 2, 3, 4, 5, 6, 40, 70, 79, 80, 91, 119, 120, 124, 129, 134, 171, 178, 180, 187, 190}"
RefArbor,C4.5,WcD0C191710311615_05.ce,36,0.20979220421963685,"{9, 12, 26, 27, 28, 29, 30, 51, 52, 67, 68, 69, 70, 71, 81, 84, 85, 86, 87, 88, 89, 91, 100, 101, 102, 106, 107, 110, 111, 112, 121, 131, 132, 163, 164, 168}"
RefArbor,C4.5,WcD0C191710311630_05.ce,31,0.20322307928207314,"{23, 24, 28, 29, 30, 31, 33, 41, 54, 55, 56, 59, 61, 68, 69, 115, 116, 117, 137, 138, 155, 156, 157, 162, 169, 170, 171, 181, 182, 183, 184}"
RefArbor,C4.5,WcD0C191710311645_05.ce,33,0.18786823996597382,"{5, 12, 13, 24, 25, 26, 27, 28, 46, 84, 85, 95, 96, 100, 108, 109, 128, 129, 130, 131, 132, 133, 134, 135, 162, 163, 167, 168, 171, 172, 173, 180, 181}"
RefArbor,C4.4,WcD0D231710311700_09.ce,42,0.21570255037101388,"{1, 2, 3, 4, 28, 56, 57, 58, 62, 63, 64, 65, 66, 67, 68, 69, 70, 71, 73, 74, 75, 76, 77, 78, 79, 80, 82, 83, 84, 85, 86, 87, 145, 146, 147, 153, 156, 159, 170, 171, 183, 192}"
RefArbor,C4.4,WcD0D231710311715_09.ce,28,0.23501024741033827,"{3, 12, 16, 17, 20, 28, 31, 32, 57, 58, 77, 86, 95, 103, 107, 108, 114, 118, 135, 151, 152, 156, 169, 171, 175, 176, 181, 186}"
RefArbor,C4.4,WcD0D231710311730_09.ce,25,0.20980314276083276,"{1, 4, 15, 16, 33, 40, 54, 89, 90, 94, 118, 119, 138, 146, 151, 153, 154, 160, 161, 164, 167, 168, 188, 191, 193}"
RefArbor,C4.4,WcD0D231710311745_09.ce,30,0.2128116678019952,"{8, 13, 14, 15, 16, 17, 27, 36, 37, 41, 43, 53, 54, 58, 60, 83, 94, 111, 122, 130, 131, 137, 146, 152, 153, 171, 176, 178, 179, 193}"
RefArbor,C4.5,WcD0C191710311700_05.ce,40,0.23098519189177644,"{1, 2, 3, 4, 15, 27, 29, 30, 32, 55, 56, 57, 58, 70, 71, 76, 77, 83, 84, 85, 86, 87, 90, 101, 103, 104, 107, 110, 117, 127, 145, 146, 147, 155, 161, 170, 171, 186, 187, 192}"
RefArbor,C4.5,WcD0C191710311715_05.ce,40,0.2549460724518742,"{4, 13, 16, 17, 18, 20, 28, 34, 40, 43, 46, 57, 58, 59, 72, 87, 89, 94, 108, 109, 115, 118, 129, 133, 136, 152, 153, 156, 157, 169, 170, 172, 173, 174, 175, 176, 179, 182, 185, 188}"
RefArbor,C4.5,WcD0C191710311730_05.ce,25,0.2282239155046819,"{3, 4, 6, 14, 15, 33, 36, 54, 89, 94, 124, 146, 147, 150, 152, 154, 156, 160, 163, 167, 168, 187, 188, 191, 193}"
RefArbor,C4.5,WcD0C191710311745_05.ce,52,0.2331445101804677,"{4, 6, 7, 10, 12, 13, 14, 15, 16, 17, 18, 24, 26, 33, 35, 36, 41, 43, 52, 53, 54, 57, 62, 66, 83, 85, 87, 93, 94, 110, 111, 115, 118, 119, 122, 130, 131, 145, 146, 147, 148, 150, 151, 152, 153, 171, 173, 175, 178, 179, 192, 193}"
RefArbor,C4.4,WcD0D231710311800_09.ce,56,0.2351522030092413,"{1, 2, 3, 4, 7, 20, 22, 23, 24, 31, 35, 41, 47, 49, 52, 55, 56, 57, 58, 60, 61, 63, 66, 67, 71, 72, 73, 77, 79, 83, 84, 85, 93, 103, 105, 112, 114, 115, 124, 125, 126, 137, 138, 141, 151, 153, 155, 156, 162, 168, 171, 181, 184, 186, 187, 191}"
RefArbor,C4.4,WcD0D231710311815_09.ce,38,0.2041109091111893,"{2, 3, 4, 6, 7, 8, 9, 10, 22, 23, 24, 25, 27, 28, 29, 30, 31, 32, 35, 36, 50, 76, 82, 83, 86, 93, 104, 106, 107, 147, 148, 149, 161, 162, 163, 164, 165, 174}"
RefArbor,C4.4,WcD0D231710311830_09.ce,35,0.20081011141406413,"{1, 8, 9, 11, 17, 18, 19, 22, 31, 32, 56, 57, 58, 59, 68, 81, 105, 106, 107, 117, 133, 134, 135, 137, 138, 141, 167, 177, 178, 180, 182, 183, 185, 186, 188}"
RefArbor,C4.4,WcD0D231710311845_09.ce,45,0.22320719780423876,"{2, 4, 13, 17, 26, 41, 45, 56, 63, 64, 72, 81, 85, 88, 98, 100, 101, 102, 103, 105, 106, 107, 112, 113, 114, 115, 116, 117, 131, 150, 151, 156, 162, 164, 167, 168, 169, 170, 173, 174, 175, 176, 178, 183, 190}"
RefArbor,C4.5,WcD0C191710311800_05.ce,74,0.25404875396407617,"{1, 2, 3, 4, 8, 18, 21, 22, 23, 24, 25, 29, 30, 31, 32, 41, 42, 43, 44, 46, 47, 48, 49, 50, 51, 53, 54, 55, 56, 57, 58, 59, 60, 62, 64, 66, 67, 72, 74, 76, 78, 81, 82, 83, 84, 85, 93, 98, 102, 104, 105, 106, 115, 125, 126, 127, 129, 138, 139, 151, 153, 154, 156, 157, 159, 163, 165, 170, 171, 172, 181, 182, 185, 187}"
RefArbor,C4.5,WcD0C191710311815_05.ce,49,0.22354853797208504,"{1, 2, 3, 6, 7, 8, 9, 10, 18, 19, 22, 23, 24, 27, 28, 29, 30, 31, 32, 34, 35, 36, 42, 49, 50, 75, 76, 82, 84, 85, 86, 94, 103, 105, 106, 107, 112, 115, 127, 130, 148, 161, 162, 163, 164, 166, 168, 173, 183}"
RefArbor,C4.5,WcD0C191710311830_05.ce,41,0.22510057155985996,"{2, 3, 4, 8, 9, 10, 11, 18, 19, 20, 22, 23, 32, 33, 34, 39, 57, 58, 59, 60, 68, 69, 82, 106, 107, 108, 134, 135, 136, 138, 141, 144, 159, 168, 177, 178, 179, 181, 183, 186, 189}"
RefArbor,C4.5,WcD0C191710311845_05.ce,63,0.2415167065784211,"{1, 2, 3, 4, 5, 7, 28, 29, 41, 42, 46, 55, 57, 58, 64, 65, 72, 73, 75, 81, 82, 84, 85, 86, 89, 90, 95, 99, 101, 102, 103, 104, 105, 106, 107, 108, 112, 113, 114, 115, 116, 117, 118, 131, 132, 149, 151, 152, 156, 163, 165, 168, 169, 170, 173, 174, 175, 176, 179, 182, 183, 184, 192}"
RefArbor,C4.4,WcD0D231710311900_09.ce,57,0.23053729504166695,"{1, 2, 3, 4, 5, 6, 8, 9, 12, 13, 15, 16, 24, 25, 27, 36, 37, 40, 43, 45, 51, 56, 59, 60, 61, 63, 64, 65, 66, 72, 73, 80, 86, 87, 91, 93, 95, 96, 104, 107, 108, 109, 110, 116, 118, 123, 127, 128, 148, 150, 152, 153, 159, 162, 163, 173, 178}"
RefArbor,C4.4,WcD0D231710311915_09.ce,59,0.22452023406874258,"{16, 17, 25, 26, 29, 43, 47, 48, 49, 59, 60, 62, 65, 70, 71, 72, 73, 74, 75, 76, 79, 80, 81, 87, 88, 93, 95, 98, 99, 100, 101, 103, 104, 105, 106, 107, 108, 111, 112, 113, 116, 117, 118, 120, 122, 124, 125, 127, 128, 129, 130, 131, 143, 148, 180, 182, 188, 189, 190}"
RefArbor,C4.4,WcD0D231710311930_09.ce,35,0.21154780577957868,"{39, 47, 53, 54, 55, 56, 68, 72, 73, 74, 81, 84, 85, 86, 96, 105, 108, 112, 113, 114, 115, 116, 124, 128, 130, 151, 154, 155, 156, 157, 159, 160, 161, 162, 172}"
RefArbor,C4.4,WcD0D231710311945_09.ce,22,0.1939546062577652,"{6, 10, 11, 41, 85, 86, 95, 112, 119, 121, 145, 146, 147, 148, 162, 164, 165, 166, 168, 169, 174, 187}"
RefArbor,C4.5,WcD0C191710311900_05.ce,79,0.24926311745371224,"{1, 2, 3, 4, 5, 6, 8, 11, 12, 13, 14, 15, 24, 25, 27, 36, 37, 40, 42, 43, 44, 46, 50, 51, 55, 56, 58, 59, 60, 61, 63, 64, 65, 68, 71, 72, 73, 74, 76, 78, 79, 85, 86, 87, 88, 91, 93, 94, 95, 96, 101, 104, 106, 107, 108, 109, 110, 115, 118, 123, 125, 126, 127, 134, 136, 149, 150, 152, 153, 159, 162, 163, 164, 169, 172, 173, 176, 177, 187}"
RefArbor,C4.5,WcD0C191710311915_05.ce,75,0.2362385811918429,"{14, 16, 17, 18, 20, 22, 25, 26, 30, 32, 36, 43, 47, 48, 49, 50, 54, 60, 61, 62, 63, 66, 71, 72, 73, 74, 75, 76, 77, 79, 80, 82, 88, 89, 93, 95, 98, 99, 100, 101, 102, 103, 104, 105, 106, 107, 108, 109, 112, 113, 114, 115, 117, 118, 119, 121, 124, 125, 126, 128, 129, 130, 131, 132, 143, 148, 161, 172, 178, 180, 181, 182, 189, 190, 191}"
RefArbor,C4.5,WcD0C191710311930_05.ce,46,0.22921678722113453,"{8, 17, 19, 21, 26, 39, 47, 48, 53, 54, 55, 57, 64, 67, 72, 73, 75, 83, 84, 85, 86, 89, 95, 107, 108, 111, 112, 113, 114, 115, 120, 127, 128, 129, 150, 151, 154, 155, 156, 159, 160, 161, 162, 172, 182, 189}"
RefArbor,C4.5,WcD0C191710311945_05.ce,32,0.2159260570376907,"{9, 31, 41, 45, 52, 65, 67, 84, 85, 86, 90, 95, 101, 104, 112, 119, 121, 145, 146, 147, 161, 162, 164, 165, 166, 168, 171, 172, 174, 180, 189, 190}"
RefArbor,C4.4,WcD0D231710312000_09.ce,4,0.13349786936817293,"{1, 2, 3, 4}"
RefArbor,C4.4,WcD0D231710312015_09.ce,0,0.11684381002220402,set()
RefArbor,C4.4,WcD0D231710312030_09.ce,2,0.1287581706498441,"{153, 157}"
RefArbor,C4.4,WcD0D231710312045_09.ce,0,0.1088629091609146,set()
RefArbor,C4.5,WcD0C191710312000_05.ce,13,0.15388289203788896,"{1, 2, 3, 4, 14, 18, 19, 20, 23, 24, 25, 31, 185}"
RefArbor,C4.5,WcD0C191710312015_05.ce,0,0.1452678516799842,set()
RefArbor,C4.5,WcD0C191710312030_05.ce,6,0.14854932846068614,"{35, 147, 152, 153, 155, 157}"
RefArbor,C4.5,WcD0C191710312045_05.ce,0,0.13799631237189272,set()
RefArbor,C4.4,WcD0D231710312100_09.ce,8,0.1533660803822995,"{1, 2, 3, 4, 183, 114, 121, 182}"
RefArbor,C4.4,WcD0D231710312115_09.ce,8,0.13691245793144333,"{122, 126, 143, 148, 151, 152, 181, 182}"
RefArbor,C4.4,WcD0D231710312130_09.ce,28,0.21423028283668266,"{11, 12, 25, 28, 36, 68, 70, 71, 77, 78, 85, 94, 95, 105, 107, 110, 111, 126, 127, 128, 129, 140, 141, 147, 152, 153, 182, 188}"
RefArbor,C4.4,WcD0D231710312145_09.ce,27,0.19897244919861404,"{1, 2, 3, 4, 5, 6, 7, 9, 10, 21, 32, 76, 77, 93, 95, 96, 99, 100, 105, 110, 115, 121, 154, 162, 175, 176, 191}"
RefArbor,C4.5,WcD0C191710312100_05.ce,14,0.18034998351729975,"{1, 2, 3, 71, 97, 108, 110, 114, 116, 117, 120, 121, 127, 182}"
RefArbor,C4.5,WcD0C191710312115_05.ce,11,0.1609445728877526,"{126, 142, 143, 146, 148, 150, 151, 152, 181, 182, 189}"
RefArbor,C4.5,WcD0C191710312130_05.ce,47,0.22442691449131777,"{8, 12, 13, 14, 26, 28, 29, 37, 39, 42, 54, 70, 71, 72, 78, 79, 95, 96, 98, 105, 106, 108, 110, 111, 112, 113, 115, 116, 117, 118, 120, 122, 123, 124, 126, 127, 128, 129, 130, 138, 141, 146, 148, 153, 154, 189, 192}"
RefArbor,C4.5,WcD0C191710312145_05.ce,34,0.21751781991251473,"{1, 2, 3, 4, 6, 7, 9, 10, 22, 30, 31, 32, 76, 77, 78, 92, 93, 94, 95, 96, 98, 99, 103, 105, 111, 120, 121, 134, 136, 145, 153, 154, 175, 176}"
RefArbor,C4.4,WcD0D231710312200_09.ce,17,0.18138935605009712,"{1, 2, 3, 8, 9, 10, 11, 12, 26, 29, 67, 103, 125, 134, 135, 149, 156}"
RefArbor,C4.4,WcD0D231710312215_09.ce,19,0.1861435417218838,"{5, 31, 34, 77, 96, 97, 102, 107, 110, 121, 122, 135, 151, 152, 153, 174, 175, 176, 179}"
RefArbor,C4.4,WcD0D231710312230_09.ce,45,0.20684347014840904,"{2, 3, 14, 20, 23, 24, 39, 50, 51, 52, 58, 59, 61, 62, 63, 64, 65, 66, 70, 73, 75, 82, 87, 102, 103, 104, 105, 108, 111, 117, 119, 121, 131, 137, 141, 142, 150, 151, 154, 155, 156, 157, 170, 184, 185}"
RefArbor,C4.4,WcD0D231710312245_09.ce,26,0.207013797614955,"{24, 37, 38, 52, 53, 55, 56, 57, 60, 66, 76, 79, 91, 92, 105, 122, 131, 139, 155, 157, 158, 161, 165, 180, 184, 191}"
RefArbor,C4.5,WcD0C191710312200_05.ce,29,0.19921214118796635,"{1, 2, 3, 4, 8, 9, 10, 11, 12, 13, 26, 27, 54, 68, 90, 104, 106, 108, 135, 136, 143, 145, 146, 148, 149, 157, 180, 190, 193}"
RefArbor,C4.5,WcD0C191710312215_05.ce,30,0.20628319427598255,"{6, 14, 17, 20, 31, 32, 34, 35, 77, 78, 89, 92, 97, 102, 108, 121, 122, 123, 124, 152, 153, 154, 166, 174, 175, 176, 177, 179, 180, 186}"
RefArbor,C4.5,WcD0C191710312230_05.ce,57,0.22685483110416083,"{1, 2, 3, 8, 13, 20, 22, 23, 39, 48, 50, 58, 60, 61, 62, 63, 64, 65, 66, 69, 70, 72, 73, 74, 75, 81, 82, 84, 86, 102, 103, 104, 107, 108, 113, 115, 117, 119, 120, 130, 131, 133, 137, 141, 142, 143, 150, 151, 152, 154, 155, 156, 157, 160, 183, 184, 187}"
RefArbor,C4.5,WcD0C191710312245_05.ce,47,0.21511813996603546,"{8, 38, 44, 53, 54, 55, 56, 57, 58, 60, 61, 64, 66, 71, 76, 77, 80, 92, 93, 98, 104, 105, 107, 108, 114, 123, 131, 132, 140, 143, 144, 148, 152, 155, 156, 157, 158, 159, 165, 168, 180, 184, 185, 186, 188, 192, 194}"
RefArbor,C4.4,WcD0D231710312300_09.ce,16,0.21113742076005618,"{1, 2, 3, 4, 6, 7, 10, 34, 43, 45, 46, 60, 71, 96, 138, 160}"
RefArbor,C4.4,WcD0D231710312315_09.ce,8,0.15923553770164106,"{7, 8, 63, 64, 66, 67, 164, 192}"
RefArbor,C4.4,WcD0D231710312330_09.ce,15,0.17795135355063538,"{1, 2, 3, 4, 7, 8, 9, 18, 32, 35, 68, 87, 106, 113, 146}"
RefArbor,C4.4,WcD0D231710312345_09.ce,26,0.209443485033421,"{1, 26, 31, 34, 50, 54, 60, 61, 62, 68, 71, 72, 73, 89, 90, 93, 94, 95, 96, 115, 128, 144, 150, 166, 167, 169}"
RefArbor,C4.5,WcD0C191710312300_05.ce,25,0.23645667927203526,"{1, 2, 3, 6, 7, 10, 12, 19, 20, 26, 27, 33, 36, 39, 42, 43, 45, 46, 62, 96, 138, 146, 159, 160, 174}"
RefArbor,C4.5,WcD0C191710312315_05.ce,11,0.1779305911948025,"{6, 7, 8, 135, 181, 63, 64, 65, 66, 67, 193}"
RefArbor,C4.5,WcD0C191710312330_05.ce,26,0.19601004784078258,"{1, 2, 3, 4, 5, 8, 9, 10, 19, 33, 34, 35, 36, 68, 69, 82, 88, 93, 98, 108, 113, 114, 146, 147, 169, 194}"
RefArbor,C4.5,WcD0C191710312345_05.ce,34,0.22956623070645946,"{31, 33, 34, 46, 50, 52, 53, 54, 57, 59, 60, 61, 62, 67, 70, 71, 72, 89, 90, 92, 93, 94, 95, 96, 98, 104, 106, 115, 144, 150, 166, 167, 169, 180}"
