Ref4.5,C4.4,WcD0F041710290000_04.ce,63,0.23656091906617638,"{1, 2, 3, 4, 11, 14, 15, 16, 18, 19, 24, 25, 26, 28, 29, 30, 33, 34, 35, 37, 38, 39, 42, 48, 49, 50, 52, 54, 55, 56, 58, 60, 61, 71, 76, 77, 80, 85, 92, 94, 95, 103, 108, 111, 113, 115, 116, 117, 118, 121, 123, 124, 125, 135, 139, 140, 141, 142, 143, 144, 151, 153, 186}" 
Ref4.5,C4.4,WcD0F041710290015_04.ce,51,0.20601717480870135,"{1, 10, 12, 13, 14, 34, 35, 36, 47, 50, 60, 64, 65, 66, 67, 83, 92, 114, 115, 133, 152, 154, 155, 156, 157, 158, 160, 161, 162, 164, 165, 166, 167, 168, 171, 172, 173, 174, 175, 176, 181, 182, 183, 184, 185, 186, 187, 190, 191, 192, 193}" 
Ref4.5,C4.4,WcD0F041710290030_04.ce,85,0.2340497735960588,"{1, 2, 3, 4, 5, 6, 7, 8, 9, 10, 11, 12, 13, 14, 15, 16, 17, 18, 19, 21, 22, 23, 24, 25, 26, 28, 30, 31, 32, 33, 34, 35, 36, 37, 39, 42, 43, 44, 46, 47, 49, 57, 90, 94, 95, 96, 98, 101, 102, 108, 109, 110, 111, 112, 118, 120, 124, 125, 126, 127, 128, 129, 130, 138, 146, 150, 153, 156, 160, 164, 167, 171, 175, 176, 181, 184, 186, 187, 188, 189, 190, 191, 192, 193, 194}" 
Ref4.5,C4.4,WcD0F041710290045_04.ce,49,0.2029888512586724,"{1, 2, 5, 9, 22, 26, 29, 37, 42, 90, 91, 92, 93, 94, 95, 96, 105, 107, 108, 109, 110, 111, 112, 113, 114, 115, 116, 117, 119, 120, 121, 123, 124, 125, 128, 129, 130, 132, 138, 151, 154, 176, 180, 183, 186, 188, 190, 192, 193}" 
Ref4.5,C4.5,WcD0A001710290000_02.ce,53,0.2283750942904771,"{1, 2, 3, 10, 13, 14, 15, 17, 18, 23, 24, 25, 27, 28, 29, 32, 33, 34, 36, 37, 39, 41, 48, 49, 53, 54, 55, 59, 61, 70, 75, 76, 95, 98, 102, 105, 110, 111, 113, 114, 115, 117, 120, 123, 133, 137, 138, 139, 140, 142, 143, 165, 185}" 
Ref4.5,C4.5,WcD0A001710290015_02.ce,46,0.19787840114347535,"{1, 13, 34, 35, 36, 51, 53, 64, 65, 66, 67, 83, 114, 115, 133, 134, 152, 153, 154, 155, 156, 157, 158, 159, 161, 162, 164, 165, 166, 167, 168, 169, 171, 172, 173, 174, 175, 176, 181, 182, 183, 184, 185, 186, 187, 193}" 
Ref4.5,C4.5,WcD0A001710290030_02.ce,66,0.22834825725293217,"{1, 2, 3, 4, 5, 6, 7, 8, 10, 11, 12, 13, 14, 15, 16, 17, 19, 20, 22, 24, 25, 26, 28, 31, 34, 35, 36, 38, 41, 42, 43, 45, 47, 49, 94, 96, 101, 109, 110, 111, 112, 118, 123, 125, 126, 127, 129, 130, 139, 156, 157, 160, 167, 168, 171, 175, 176, 181, 184, 186, 187, 189, 190, 191, 192, 194}" 
Ref4.5,C4.5,WcD0A001710290045_02.ce,36,0.1924807021800294,"{1, 2, 5, 9, 29, 31, 37, 90, 93, 94, 95, 96, 99, 108, 109, 110, 111, 112, 113, 115, 120, 122, 123, 125, 126, 128, 131, 132, 138, 151, 154, 167, 180, 190, 192, 193}" 
Ref4.5,C4.4,WcD0F041710290100_04.ce,102,0.2594735211913483,"{1, 2, 3, 5, 6, 8, 10, 12, 16, 17, 26, 27, 36, 40, 49, 50, 56, 60, 61, 62, 64, 65, 66, 67, 68, 69, 72, 73, 74, 75, 76, 77, 78, 79, 80, 81, 82, 83, 84, 85, 86, 87, 88, 89, 90, 91, 92, 93, 94, 95, 96, 97, 98, 99, 100, 101, 102, 103, 104, 105, 106, 107, 108, 109, 116, 117, 118, 119, 121, 122, 126, 128, 129, 131, 134, 135, 136, 138, 141, 142, 143, 147, 148, 158, 159, 161, 162, 166, 167, 168, 169, 173, 175, 176, 177, 178, 182, 187, 188, 190, 191, 193}" 
Ref4.5,C4.4,WcD0F041710290115_04.ce,82,0.24747637399887357,"{2, 3, 7, 12, 13, 15, 17, 18, 19, 22, 24, 26, 32, 33, 34, 36, 40, 44, 73, 74, 75, 79, 80, 83, 86, 87, 88, 90, 92, 93, 94, 95, 99, 103, 104, 105, 106, 107, 109, 110, 112, 113, 118, 119, 120, 121, 125, 127, 128, 129, 130, 131, 132, 133, 134, 135, 136, 137, 138, 140, 141, 142, 143, 145, 146, 148, 149, 150, 151, 152, 155, 156, 157, 158, 159, 162, 163, 164, 166, 182, 190, 193}" 
Ref4.5,C4.4,WcD0F041710290130_04.ce,31,0.23097930368291372,"{2, 28, 34, 35, 39, 45, 52, 54, 57, 59, 62, 64, 67, 68, 69, 71, 73, 77, 83, 84, 86, 91, 92, 93, 95, 96, 97, 109, 125, 148, 182}" 
Ref4.5,C4.4,WcD0F041710290145_04.ce,27,0.21008296170255777,"{14, 23, 32, 33, 35, 36, 37, 41, 42, 44, 45, 46, 53, 54, 60, 80, 89, 90, 91, 92, 93, 94, 100, 109, 175, 189, 192}" 
Ref4.5,C4.5,WcD0A001710290100_02.ce,82,0.2504078715603271,"{1, 2, 3, 5, 6, 12, 21, 26, 27, 33, 49, 51, 60, 61, 62, 64, 65, 66, 67, 68, 69, 72, 73, 74, 75, 76, 77, 78, 79, 80, 81, 82, 83, 84, 85, 87, 88, 89, 90, 91, 92, 93, 94, 95, 96, 97, 98, 99, 100, 101, 102, 103, 104, 105, 106, 108, 115, 117, 122, 128, 129, 134, 143, 144, 147, 148, 158, 159, 161, 162, 166, 167, 168, 173, 175, 178, 184, 185, 188, 190, 191, 193}" 
Ref4.5,C4.5,WcD0A001710290115_02.ce,64,0.2373664819323296,"{4, 11, 12, 17, 18, 19, 22, 24, 33, 34, 40, 44, 73, 74, 75, 79, 80, 85, 86, 87, 88, 89, 94, 95, 104, 105, 107, 111, 112, 113, 115, 120, 121, 126, 128, 130, 131, 133, 135, 136, 137, 138, 140, 141, 142, 143, 145, 146, 148, 150, 152, 156, 157, 158, 159, 162, 163, 164, 166, 168, 181, 184, 190, 193}" 
Ref4.5,C4.5,WcD0A001710290130_02.ce,29,0.2272136509330432,"{34, 35, 46, 50, 52, 53, 57, 62, 64, 67, 68, 70, 71, 72, 73, 77, 79, 83, 84, 85, 86, 87, 92, 93, 96, 125, 168, 171, 182}" 
Ref4.5,C4.5,WcD0A001710290145_02.ce,27,0.1951669081872995,"{23, 30, 33, 34, 36, 37, 38, 42, 43, 45, 46, 50, 54, 61, 74, 80, 89, 90, 92, 93, 94, 100, 109, 110, 180, 189, 192}" 
Ref4.5,C4.4,WcD0F041710290200_04.ce,32,0.22247000780040677,"{1, 2, 3, 4, 8, 24, 25, 26, 31, 32, 33, 35, 38, 46, 51, 52, 56, 57, 60, 61, 62, 85, 119, 126, 141, 150, 154, 155, 164, 165, 175, 192}" 
Ref4.5,C4.4,WcD0F041710290215_04.ce,46,0.21689830733483406,"{7, 8, 24, 28, 29, 30, 31, 32, 33, 34, 35, 36, 37, 38, 40, 48, 70, 71, 80, 81, 102, 114, 121, 124, 125, 126, 140, 149, 158, 159, 160, 161, 162, 173, 174, 175, 176, 177, 178, 179, 185, 186, 187, 188, 189, 190}" 
Ref4.5,C4.4,WcD0F041710290230_04.ce,22,0.22056896746191568,"{4, 16, 35, 41, 49, 50, 51, 95, 100, 105, 106, 112, 132, 137, 158, 167, 168, 169, 183, 184, 188, 193}" 
Ref4.5,C4.4,WcD0F041710290245_04.ce,11,0.21870905278287983,"{1, 134, 147, 20, 21, 48, 54, 193, 99, 103, 112}" 
Ref4.5,C4.5,WcD0A001710290200_02.ce,28,0.21719298001985593,"{1, 2, 3, 4, 8, 24, 25, 26, 33, 34, 38, 46, 51, 52, 56, 57, 62, 85, 86, 112, 113, 141, 143, 150, 155, 164, 165, 175}" 
Ref4.5,C4.5,WcD0A001710290215_02.ce,39,0.2118114897576612,"{8, 21, 24, 29, 30, 31, 32, 33, 34, 35, 36, 38, 39, 40, 70, 71, 80, 81, 102, 109, 121, 125, 126, 149, 159, 161, 162, 175, 176, 177, 178, 179, 180, 185, 186, 187, 188, 189, 190}" 
Ref4.5,C4.5,WcD0A001710290230_02.ce,18,0.20977472386071574,"{4, 16, 35, 51, 52, 87, 95, 100, 112, 115, 132, 149, 160, 168, 169, 188, 193, 194}" 
Ref4.5,C4.5,WcD0A001710290245_02.ce,9,0.2071999784796482,"{19, 20, 59, 72, 102, 141, 146, 188, 192}" 
Ref4.5,C4.4,WcD0F041710290300_04.ce,70,0.23805029862445168,"{1, 2, 3, 5, 10, 13, 14, 15, 17, 18, 23, 24, 25, 26, 27, 28, 29, 30, 32, 33, 34, 36, 37, 39, 41, 42, 47, 48, 49, 50, 52, 53, 54, 55, 57, 59, 60, 61, 70, 79, 82, 84, 87, 93, 95, 102, 104, 110, 111, 115, 117, 120, 121, 122, 123, 124, 127, 132, 133, 135, 136, 138, 139, 140, 141, 142, 143, 149, 150, 153}" 
Ref4.5,C4.4,WcD0F041710290315_04.ce,56,0.19668425516536775,"{9, 10, 13, 29, 30, 34, 35, 36, 43, 47, 53, 63, 64, 65, 66, 67, 87, 88, 112, 114, 124, 127, 152, 153, 154, 155, 156, 157, 158, 159, 160, 161, 162, 164, 165, 166, 167, 168, 169, 171, 172, 173, 174, 175, 176, 181, 182, 183, 184, 185, 187, 188, 190, 191, 192, 193}" 
Ref4.5,C4.4,WcD0F041710290330_04.ce,72,0.22988765572355122,"{1, 2, 3, 4, 5, 6, 7, 8, 9, 10, 11, 12, 13, 14, 15, 16, 17, 19, 20, 22, 24, 28, 29, 30, 31, 33, 35, 36, 38, 40, 42, 43, 44, 45, 46, 47, 49, 70, 87, 98, 108, 109, 110, 111, 112, 118, 121, 123, 124, 125, 126, 127, 129, 130, 131, 139, 153, 156, 157, 160, 164, 167, 168, 171, 176, 181, 186, 187, 189, 190, 191, 194}" 
Ref4.5,C4.4,WcD0F041710290345_04.ce,41,0.20470692900196402,"{1, 2, 9, 37, 50, 90, 91, 92, 93, 94, 95, 96, 105, 107, 108, 109, 110, 111, 112, 113, 114, 115, 116, 117, 120, 121, 122, 123, 124, 125, 127, 128, 129, 130, 139, 170, 184, 186, 190, 192, 193}" 
Ref4.5,C4.5,WcD0A001710290300_02.ce,50,0.23752328271139242,"{1, 2, 3, 11, 14, 15, 17, 18, 23, 24, 25, 27, 28, 29, 32, 33, 36, 37, 39, 42, 48, 49, 52, 53, 54, 55, 58, 61, 70, 76, 79, 82, 93, 102, 104, 107, 108, 110, 111, 115, 117, 122, 123, 124, 135, 139, 142, 143, 149, 150}" 
Ref4.5,C4.5,WcD0A001710290315_02.ce,54,0.19487605625746812,"{9, 10, 11, 13, 15, 34, 35, 36, 47, 51, 63, 65, 66, 67, 88, 112, 114, 124, 125, 127, 145, 152, 153, 154, 155, 156, 158, 159, 161, 162, 164, 165, 166, 167, 168, 169, 170, 172, 173, 174, 175, 176, 177, 181, 182, 183, 184, 185, 186, 187, 188, 191, 193, 194}" 
Ref4.5,C4.5,WcD0A001710290330_02.ce,66,0.22554177596077396,"{1, 2, 3, 4, 5, 6, 7, 8, 9, 10, 11, 12, 13, 14, 15, 16, 17, 19, 21, 23, 24, 27, 29, 30, 31, 33, 34, 35, 36, 37, 40, 41, 42, 43, 44, 45, 46, 47, 48, 97, 108, 110, 111, 112, 118, 122, 124, 125, 126, 127, 128, 138, 152, 155, 156, 166, 167, 171, 172, 176, 184, 186, 188, 190, 191, 192}" 
Ref4.5,C4.5,WcD0A001710290345_02.ce,33,0.19837461486455826,"{1, 2, 3, 48, 90, 92, 93, 94, 95, 96, 107, 108, 109, 110, 111, 112, 113, 114, 116, 118, 124, 125, 126, 128, 129, 131, 133, 139, 155, 187, 190, 192, 193}" 
Ref4.5,C4.4,WcD0F041710290400_04.ce,102,0.26912321437972825,"{1, 2, 3, 4, 5, 6, 11, 16, 26, 27, 29, 30, 33, 34, 35, 36, 37, 39, 49, 60, 61, 62, 63, 64, 65, 66, 67, 68, 69, 71, 72, 73, 74, 75, 76, 77, 78, 79, 80, 81, 82, 83, 84, 85, 86, 87, 88, 89, 90, 91, 92, 93, 94, 95, 96, 97, 98, 99, 100, 101, 102, 103, 104, 105, 106, 107, 108, 109, 110, 112, 116, 117, 118, 122, 124, 128, 129, 134, 135, 136, 138, 139, 142, 143, 147, 148, 158, 161, 162, 167, 168, 169, 173, 174, 175, 177, 178, 184, 188, 189, 190, 193}" 
Ref4.5,C4.4,WcD0F041710290415_04.ce,66,0.2256673659579361,"{3, 11, 12, 16, 21, 22, 23, 27, 28, 31, 32, 33, 38, 39, 43, 46, 53, 54, 75, 81, 100, 101, 103, 104, 106, 107, 108, 111, 112, 113, 119, 120, 123, 124, 125, 128, 129, 130, 131, 133, 134, 135, 136, 137, 138, 139, 140, 141, 142, 144, 145, 147, 148, 149, 150, 151, 156, 157, 158, 159, 161, 162, 165, 173, 174, 180}" 
Ref4.5,C4.4,WcD0F041710290430_04.ce,36,0.21566310175813905,"{5, 46, 50, 53, 55, 58, 63, 66, 68, 70, 71, 74, 77, 83, 84, 85, 86, 87, 90, 91, 92, 93, 95, 96, 98, 100, 139, 146, 147, 148, 168, 169, 171, 176, 181, 182}" 
Ref4.5,C4.4,WcD0F041710290445_04.ce,20,0.20156964125800617,"{14, 23, 32, 34, 36, 40, 42, 45, 46, 54, 78, 79, 81, 105, 109, 166, 178, 182, 188, 193}" 
Ref4.5,C4.5,WcD0A001710290400_02.ce,77,0.2591635771738454,"{1, 2, 3, 4, 6, 21, 26, 27, 34, 49, 50, 61, 62, 63, 65, 66, 67, 68, 69, 70, 72, 73, 74, 75, 76, 77, 78, 79, 80, 81, 82, 83, 84, 85, 87, 88, 89, 90, 91, 92, 93, 94, 95, 96, 97, 99, 100, 101, 102, 103, 104, 105, 106, 107, 109, 115, 117, 128, 129, 130, 135, 136, 139, 140, 141, 142, 157, 158, 162, 165, 167, 168, 170, 175, 178, 188, 192}" 
Ref4.5,C4.5,WcD0A001710290415_02.ce,53,0.23029969081021615,"{3, 12, 16, 17, 22, 24, 27, 32, 33, 39, 43, 46, 53, 54, 75, 76, 88, 100, 102, 104, 106, 111, 112, 113, 119, 121, 125, 127, 129, 130, 131, 132, 133, 136, 137, 138, 141, 142, 144, 145, 147, 148, 149, 150, 151, 155, 156, 157, 159, 161, 162, 165, 173}" 
Ref4.5,C4.5,WcD0A001710290430_02.ce,29,0.21750653139535572,"{5, 46, 48, 52, 58, 60, 64, 67, 68, 70, 71, 73, 77, 79, 83, 84, 86, 87, 91, 92, 93, 94, 139, 146, 147, 148, 160, 168, 182}" 
Ref4.5,C4.5,WcD0A001710290445_02.ce,15,0.1992169182264343,"{30, 33, 36, 37, 42, 45, 46, 50, 57, 78, 109, 110, 188, 189, 193}" 
Ref4.5,C4.4,WcD0F041710290500_04.ce,30,0.22520483426706003,"{1, 2, 3, 7, 23, 24, 25, 32, 33, 37, 38, 40, 45, 50, 51, 55, 56, 61, 82, 84, 85, 124, 128, 140, 142, 154, 163, 164, 173, 186}" 
Ref4.5,C4.4,WcD0F041710290515_04.ce,51,0.2335997287717015,"{4, 5, 6, 21, 23, 24, 28, 29, 30, 31, 32, 33, 34, 35, 36, 38, 39, 40, 48, 58, 63, 70, 71, 80, 81, 82, 102, 109, 117, 123, 124, 130, 137, 140, 143, 160, 165, 166, 172, 175, 176, 177, 178, 179, 180, 185, 186, 187, 188, 189, 190}" 
Ref4.5,C4.4,WcD0F041710290530_04.ce,20,0.20915094125896644,"{4, 35, 41, 62, 64, 68, 93, 106, 112, 115, 149, 160, 167, 168, 169, 177, 184, 188, 193, 194}" 
Ref4.5,C4.4,WcD0F041710290545_04.ce,19,0.22472492007993325,"{6, 13, 19, 32, 45, 47, 59, 72, 95, 107, 109, 121, 139, 144, 149, 156, 166, 191, 192}" 
Ref4.5,C4.5,WcD0A001710290500_02.ce,22,0.2253100399751892,"{1, 2, 3, 23, 24, 25, 32, 33, 38, 41, 45, 46, 50, 56, 57, 60, 82, 84, 128, 154, 164, 188}" 
Ref4.5,C4.5,WcD0A001710290515_02.ce,42,0.22527810445103075,"{5, 6, 19, 21, 24, 29, 30, 31, 33, 34, 35, 36, 38, 39, 42, 43, 49, 58, 63, 71, 81, 109, 117, 124, 137, 140, 143, 160, 166, 167, 175, 176, 177, 178, 179, 180, 186, 187, 188, 189, 190, 191}" 
Ref4.5,C4.5,WcD0A001710290530_02.ce,12,0.20094680451951896,"{63, 68, 93, 106, 112, 160, 168, 169, 171, 177, 188, 194}" 
Ref4.5,C4.5,WcD0A001710290545_02.ce,16,0.20904807614573867,"{13, 32, 43, 48, 59, 95, 107, 109, 139, 144, 149, 150, 156, 164, 165, 166}" 
Ref4.5,C4.4,WcD0F041710290600_04.ce,62,0.2540527814379762,"{1, 2, 3, 6, 11, 13, 14, 15, 17, 18, 19, 23, 24, 25, 26, 27, 28, 29, 32, 33, 34, 36, 37, 39, 42, 48, 49, 53, 54, 55, 58, 61, 63, 68, 70, 79, 85, 92, 102, 103, 104, 108, 111, 114, 115, 121, 122, 123, 124, 126, 139, 142, 143, 149, 150, 153, 161, 167, 168, 178, 179, 182}" 
Ref4.5,C4.4,WcD0F041710290615_04.ce,57,0.2195144052823161,"{10, 11, 13, 14, 15, 29, 34, 35, 36, 51, 53, 63, 64, 65, 66, 67, 89, 96, 98, 108, 126, 127, 128, 145, 152, 153, 155, 156, 157, 158, 159, 161, 162, 164, 165, 166, 167, 168, 169, 170, 171, 172, 173, 174, 175, 176, 177, 181, 183, 184, 185, 186, 188, 190, 191, 193, 194}" 
Ref4.5,C4.4,WcD0F041710290630_04.ce,78,0.2265504218313157,"{1, 2, 3, 4, 5, 6, 7, 8, 9, 10, 11, 12, 13, 14, 15, 16, 17, 18, 19, 20, 21, 23, 24, 25, 27, 29, 30, 31, 33, 34, 35, 36, 37, 39, 41, 42, 45, 46, 47, 48, 66, 89, 93, 94, 108, 109, 110, 111, 112, 115, 118, 122, 123, 124, 125, 126, 127, 128, 130, 138, 152, 155, 156, 161, 165, 166, 167, 169, 171, 181, 186, 187, 188, 189, 190, 191, 192, 193}" 
Ref4.5,C4.4,WcD0F041710290645_04.ce,48,0.22591689562801776,"{1, 2, 3, 7, 14, 15, 16, 42, 46, 49, 51, 90, 92, 94, 95, 96, 108, 109, 110, 111, 112, 113, 114, 117, 118, 122, 123, 124, 125, 126, 128, 129, 131, 133, 163, 164, 165, 166, 167, 168, 170, 180, 183, 184, 187, 190, 192, 193}" 
Ref4.5,C4.5,WcD0A001710290600_02.ce,52,0.24913254552257263,"{1, 2, 3, 4, 6, 12, 14, 15, 18, 19, 25, 26, 27, 28, 29, 33, 34, 36, 37, 38, 39, 42, 49, 50, 52, 54, 55, 58, 61, 80, 81, 92, 93, 94, 95, 101, 103, 105, 108, 111, 122, 123, 124, 139, 142, 143, 144, 150, 161, 167, 168, 181}" 
Ref4.5,C4.5,WcD0A001710290615_02.ce,52,0.20980749873514323,"{5, 10, 12, 13, 28, 34, 35, 36, 50, 52, 61, 64, 65, 66, 88, 95, 96, 101, 107, 126, 127, 144, 152, 154, 155, 156, 157, 158, 160, 161, 163, 164, 165, 166, 167, 168, 169, 171, 172, 173, 174, 175, 176, 181, 182, 183, 184, 185, 188, 190, 192, 193}" 
Ref4.5,C4.5,WcD0A001710290630_02.ce,73,0.2121119836608966,"{1, 2, 3, 4, 5, 6, 7, 8, 9, 10, 11, 12, 13, 14, 15, 16, 17, 18, 19, 21, 22, 25, 26, 28, 29, 30, 31, 33, 35, 36, 38, 39, 40, 41, 42, 44, 45, 46, 47, 48, 93, 94, 108, 109, 110, 111, 112, 115, 116, 118, 124, 125, 126, 128, 130, 131, 138, 157, 158, 165, 167, 169, 171, 176, 182, 186, 187, 188, 189, 190, 191, 192, 193}" 
Ref4.5,C4.5,WcD0A001710290645_02.ce,39,0.2081553285906586,"{1, 3, 7, 14, 15, 35, 42, 49, 51, 90, 94, 95, 96, 100, 108, 109, 110, 111, 112, 114, 117, 118, 121, 123, 126, 128, 129, 130, 131, 133, 163, 164, 165, 166, 167, 168, 170, 187, 193}" 
Ref4.5,C4.4,WcD0F041710290700_04.ce,107,0.27616992247806593,"{1, 2, 3, 4, 6, 12, 15, 19, 26, 27, 28, 29, 38, 41, 46, 49, 50, 51, 61, 62, 63, 65, 66, 67, 68, 69, 70, 72, 73, 74, 75, 76, 77, 78, 79, 80, 81, 82, 83, 84, 85, 86, 87, 88, 89, 90, 91, 92, 93, 94, 95, 96, 97, 99, 100, 101, 102, 103, 104, 105, 106, 107, 108, 110, 112, 115, 117, 119, 120, 123, 128, 130, 132, 135, 136, 137, 138, 139, 140, 142, 143, 145, 146, 148, 155, 158, 160, 162, 167, 168, 169, 170, 171, 172, 175, 176, 177, 183, 185, 186, 187, 188, 189, 190, 191, 193, 194}" 
Ref4.5,C4.4,WcD0F041710290715_04.ce,68,0.24437787008753736,"{3, 11, 12, 14, 16, 17, 23, 24, 27, 33, 34, 39, 46, 58, 59, 60, 73, 82, 85, 87, 88, 93, 94, 100, 102, 104, 105, 106, 108, 109, 110, 111, 112, 113, 117, 118, 119, 120, 121, 123, 125, 127, 128, 129, 130, 131, 132, 133, 134, 135, 136, 137, 138, 139, 141, 142, 144, 145, 149, 156, 157, 158, 160, 161, 162, 164, 165, 183}" 
Ref4.5,C4.4,WcD0F041710290730_04.ce,46,0.22975170853857843,"{17, 22, 46, 50, 51, 53, 58, 60, 64, 66, 67, 68, 70, 71, 73, 75, 77, 79, 81, 83, 84, 86, 87, 90, 91, 92, 93, 94, 96, 100, 112, 124, 125, 126, 127, 128, 129, 133, 153, 155, 166, 168, 171, 173, 182, 183}" 
Ref4.5,C4.4,WcD0F041710290745_04.ce,27,0.2049845499130668,"{16, 32, 33, 35, 36, 39, 41, 44, 45, 53, 56, 60, 61, 63, 65, 91, 93, 104, 106, 108, 109, 158, 180, 182, 183, 184, 185}" 
Ref4.5,C4.5,WcD0A001710290700_02.ce,81,0.25382714243591364,"{1, 2, 3, 5, 18, 19, 26, 27, 36, 38, 56, 60, 61, 62, 64, 65, 66, 67, 68, 69, 72, 73, 74, 75, 76, 77, 78, 79, 80, 81, 82, 83, 84, 86, 87, 88, 89, 90, 92, 93, 94, 95, 96, 97, 98, 100, 101, 102, 103, 104, 105, 106, 109, 110, 118, 122, 131, 135, 137, 140, 141, 142, 147, 148, 156, 157, 158, 159, 161, 162, 167, 168, 169, 175, 176, 183, 187, 188, 189, 190, 193}" 
Ref4.5,C4.5,WcD0A001710290715_02.ce,61,0.23844581945507046,"{12, 17, 20, 24, 33, 39, 40, 58, 59, 60, 67, 73, 82, 83, 85, 88, 94, 97, 98, 100, 104, 105, 106, 110, 111, 112, 113, 118, 119, 120, 121, 125, 128, 129, 131, 132, 133, 134, 135, 136, 137, 138, 140, 141, 142, 143, 145, 149, 150, 151, 152, 157, 158, 160, 161, 162, 163, 164, 165, 183, 190}" 
Ref4.5,C4.5,WcD0A001710290730_02.ce,42,0.2299153496473569,"{3, 17, 18, 29, 46, 50, 51, 53, 54, 55, 58, 61, 64, 65, 67, 68, 70, 73, 74, 77, 78, 79, 83, 84, 91, 92, 93, 94, 96, 97, 99, 112, 113, 125, 126, 128, 129, 153, 166, 168, 172, 182}" 
Ref4.5,C4.5,WcD0A001710290745_02.ce,24,0.2101158793233247,"{30, 32, 33, 35, 39, 42, 43, 44, 45, 60, 61, 63, 64, 65, 66, 91, 102, 104, 106, 109, 156, 183, 184, 185}" 
Ref4.5,C4.4,WcD0F041710290800_04.ce,25,0.23437461784597846,"{1, 2, 3, 15, 23, 24, 25, 32, 33, 38, 45, 51, 56, 57, 60, 79, 84, 85, 111, 140, 154, 164, 191, 192, 193}" 
Ref4.5,C4.4,WcD0F041710290815_04.ce,45,0.222338517506377,"{1, 2, 3, 15, 18, 29, 30, 31, 32, 33, 34, 35, 36, 37, 38, 39, 41, 42, 43, 49, 56, 58, 63, 71, 72, 81, 109, 136, 137, 143, 154, 155, 169, 175, 176, 177, 178, 179, 180, 186, 187, 188, 189, 190, 191}" 
Ref4.5,C4.4,WcD0F041710290830_04.ce,16,0.221871190244593,"{159, 167, 168, 170, 176, 54, 183, 59, 187, 193, 75, 76, 85, 86, 105, 111}" 
Ref4.5,C4.4,WcD0F041710290845_04.ce,18,0.21809378459755757,"{17, 20, 21, 28, 30, 35, 39, 41, 47, 59, 72, 95, 99, 107, 124, 136, 162, 192}" 
Ref4.5,C4.5,WcD0A001710290800_02.ce,26,0.22332353726980567,"{1, 2, 3, 4, 19, 24, 25, 26, 32, 33, 38, 46, 48, 50, 51, 56, 57, 60, 85, 125, 150, 154, 164, 165, 192, 193}" 
Ref4.5,C4.5,WcD0A001710290815_02.ce,37,0.21960869302267277,"{1, 2, 3, 16, 24, 29, 30, 31, 32, 33, 34, 35, 36, 37, 38, 39, 41, 49, 71, 72, 81, 103, 109, 137, 155, 175, 176, 177, 178, 179, 180, 186, 187, 188, 189, 190, 191}" 
Ref4.5,C4.5,WcD0A001710290830_02.ce,18,0.20952232959299424,"{53, 54, 58, 60, 73, 76, 83, 85, 86, 105, 137, 158, 167, 170, 183, 187, 188, 193}" 
Ref4.5,C4.5,WcD0A001710290845_02.ce,16,0.21025813306962549,"{17, 20, 22, 28, 30, 35, 37, 39, 48, 59, 95, 103, 107, 124, 136, 162}" 
Ref4.5,C4.4,WcD0F041710290900_04.ce,62,0.24298142816067048,"{1, 2, 3, 4, 6, 16, 17, 18, 19, 20, 21, 25, 26, 27, 28, 29, 30, 31, 32, 33, 37, 45, 46, 47, 55, 61, 65, 68, 69, 71, 77, 78, 81, 82, 93, 95, 96, 105, 115, 116, 122, 125, 126, 129, 131, 137, 138, 139, 140, 141, 142, 143, 144, 145, 150, 151, 152, 153, 156, 183, 185, 188}" 
Ref4.5,C4.4,WcD0F041710290915_04.ce,39,0.2268677327803203,"{9, 17, 18, 19, 22, 23, 24, 25, 27, 28, 30, 32, 35, 39, 40, 41, 42, 44, 45, 76, 80, 94, 102, 107, 110, 119, 125, 127, 128, 133, 134, 139, 144, 177, 181, 182, 184, 185, 188}" 
Ref4.5,C4.4,WcD0F041710290930_04.ce,62,0.23485279187615232,"{11, 12, 13, 14, 15, 16, 18, 28, 29, 33, 36, 37, 39, 41, 46, 47, 49, 50, 51, 53, 54, 57, 59, 67, 69, 70, 71, 73, 74, 75, 76, 78, 79, 80, 81, 82, 83, 84, 85, 86, 87, 90, 91, 92, 93, 94, 95, 98, 99, 101, 102, 103, 105, 106, 107, 108, 109, 118, 139, 140, 142, 152}" 
Ref4.5,C4.4,WcD0F041710290945_04.ce,37,0.2147828317872625,"{2, 3, 4, 5, 18, 30, 37, 38, 39, 53, 59, 65, 67, 69, 73, 100, 103, 112, 114, 118, 134, 142, 147, 148, 152, 153, 181, 182, 185, 186, 187, 188, 189, 190, 192, 193, 194}" 
Ref4.5,C4.5,WcD0A001710290900_02.ce,47,0.23219883735534158,"{1, 2, 3, 5, 15, 16, 17, 18, 19, 23, 24, 25, 27, 28, 29, 44, 45, 46, 60, 64, 65, 68, 77, 94, 95, 104, 115, 116, 124, 125, 126, 128, 129, 137, 138, 139, 140, 141, 142, 143, 144, 147, 149, 150, 151, 152, 184}" 
Ref4.5,C4.5,WcD0A001710290915_02.ce,33,0.19814226486885125,"{1, 11, 19, 22, 23, 24, 25, 26, 28, 32, 33, 36, 40, 41, 42, 45, 49, 76, 80, 102, 107, 110, 111, 119, 121, 128, 133, 177, 178, 182, 184, 185, 188}" 
Ref4.5,C4.5,WcD0A001710290930_02.ce,56,0.2152489510541417,"{11, 12, 13, 14, 16, 36, 37, 46, 47, 48, 49, 50, 53, 54, 58, 59, 70, 71, 73, 74, 75, 76, 77, 79, 80, 81, 82, 83, 84, 85, 86, 87, 90, 91, 92, 93, 94, 95, 98, 99, 101, 102, 103, 106, 107, 108, 109, 117, 118, 121, 122, 139, 140, 146, 152, 192}" 
Ref4.5,C4.5,WcD0A001710290945_02.ce,30,0.21530513123067574,"{1, 2, 3, 4, 17, 29, 32, 36, 37, 44, 53, 58, 66, 68, 96, 99, 109, 111, 114, 118, 147, 152, 181, 185, 186, 187, 188, 189, 192, 193}" 
Ref4.5,C4.4,WcD0F041710291000_04.ce,87,0.2509248212734239,"{1, 2, 3, 4, 5, 29, 30, 31, 33, 34, 37, 38, 42, 44, 45, 46, 47, 49, 52, 54, 55, 56, 58, 59, 61, 62, 63, 65, 66, 67, 68, 71, 72, 73, 74, 75, 76, 78, 84, 86, 87, 88, 89, 94, 95, 96, 97, 98, 99, 100, 101, 102, 103, 107, 108, 109, 110, 111, 114, 116, 122, 124, 128, 129, 130, 131, 132, 133, 134, 135, 136, 137, 138, 140, 141, 150, 154, 155, 156, 157, 162, 163, 164, 175, 176, 177, 179}" 
Ref4.5,C4.4,WcD0F041710291015_04.ce,66,0.23175940456171445,"{2, 8, 14, 15, 30, 31, 32, 33, 34, 36, 39, 42, 43, 47, 50, 52, 54, 55, 57, 58, 59, 60, 61, 64, 66, 67, 68, 71, 75, 77, 80, 81, 95, 97, 106, 125, 128, 135, 138, 141, 145, 146, 148, 150, 151, 152, 153, 154, 156, 160, 161, 162, 163, 164, 165, 166, 167, 171, 177, 178, 179, 180, 184, 188, 192, 193}" 
Ref4.5,C4.4,WcD0F041710291030_04.ce,60,0.21351046057904352,"{5, 8, 26, 61, 62, 64, 65, 66, 67, 68, 69, 70, 71, 73, 75, 80, 81, 82, 83, 84, 91, 93, 97, 98, 100, 101, 104, 108, 110, 111, 113, 116, 125, 126, 127, 128, 131, 132, 133, 134, 135, 140, 141, 142, 143, 149, 150, 151, 152, 154, 155, 156, 157, 158, 159, 161, 165, 167, 175, 182}" 
Ref4.5,C4.4,WcD0F041710291045_04.ce,42,0.21732333743244042,"{19, 23, 29, 30, 31, 32, 35, 42, 43, 44, 45, 46, 47, 51, 54, 57, 59, 62, 63, 64, 70, 71, 72, 73, 74, 75, 78, 79, 98, 104, 117, 131, 143, 144, 148, 153, 160, 166, 167, 180, 192, 193}" 
Ref4.5,C4.5,WcD0A001710291000_02.ce,75,0.243108524879073,"{1, 2, 3, 4, 30, 31, 33, 37, 40, 44, 45, 46, 47, 49, 51, 53, 54, 55, 58, 59, 61, 62, 63, 65, 67, 68, 71, 72, 73, 74, 81, 84, 86, 88, 89, 90, 92, 95, 96, 97, 98, 99, 100, 101, 102, 108, 116, 122, 124, 125, 128, 129, 131, 132, 133, 134, 136, 137, 138, 141, 143, 147, 150, 154, 155, 156, 157, 162, 163, 164, 165, 174, 177, 179, 180}" 
Ref4.5,C4.5,WcD0A001710291015_02.ce,51,0.23733537505022304,"{8, 9, 14, 15, 30, 31, 32, 33, 34, 36, 39, 47, 50, 54, 60, 64, 65, 68, 69, 71, 75, 77, 81, 95, 97, 103, 107, 125, 128, 135, 141, 145, 146, 150, 151, 152, 153, 154, 156, 160, 162, 164, 166, 167, 170, 177, 178, 179, 180, 188, 193}" 
Ref4.5,C4.5,WcD0A001710291030_02.ce,53,0.20512740123856726,"{3, 5, 6, 8, 26, 62, 64, 65, 66, 67, 68, 69, 70, 71, 74, 79, 81, 82, 83, 84, 88, 89, 90, 94, 96, 97, 98, 100, 101, 104, 108, 120, 126, 127, 128, 131, 132, 133, 134, 135, 140, 141, 142, 143, 150, 155, 156, 157, 158, 159, 168, 175, 176}" 
Ref4.5,C4.5,WcD0A001710291045_02.ce,32,0.20752766468332332,"{18, 24, 29, 30, 31, 41, 43, 45, 51, 56, 57, 59, 63, 64, 66, 71, 72, 73, 74, 78, 79, 117, 131, 143, 144, 148, 153, 166, 167, 180, 192, 193}" 
Ref4.5,C4.4,WcD0F041710291100_04.ce,87,0.24442603924794848,"{1, 2, 3, 4, 16, 19, 31, 32, 33, 34, 35, 36, 37, 38, 39, 40, 42, 49, 50, 52, 55, 56, 57, 58, 62, 63, 65, 66, 67, 68, 72, 74, 75, 78, 83, 84, 85, 86, 89, 90, 91, 92, 97, 101, 103, 104, 105, 106, 107, 108, 109, 112, 113, 114, 116, 117, 118, 119, 120, 122, 123, 124, 127, 128, 129, 133, 134, 139, 141, 143, 144, 145, 148, 149, 153, 158, 159, 160, 161, 176, 178, 179, 189, 190, 192, 193, 194}" 
Ref4.5,C4.4,WcD0F041710291115_04.ce,60,0.23820088715949833,"{14, 28, 44, 47, 55, 56, 57, 58, 60, 68, 69, 71, 73, 74, 75, 76, 77, 78, 80, 95, 96, 99, 106, 111, 114, 119, 121, 123, 124, 132, 133, 134, 135, 136, 137, 138, 139, 140, 146, 148, 151, 152, 158, 159, 160, 161, 162, 165, 168, 169, 170, 173, 175, 176, 177, 180, 181, 183, 184, 186}" 
Ref4.5,C4.4,WcD0F041710291130_04.ce,90,0.21926242296820325,"{1, 2, 17, 31, 33, 34, 36, 45, 49, 50, 51, 52, 53, 54, 58, 65, 66, 67, 68, 69, 70, 71, 72, 73, 77, 78, 79, 80, 81, 82, 83, 84, 85, 86, 87, 88, 89, 90, 91, 92, 94, 95, 103, 104, 105, 106, 107, 108, 109, 110, 111, 113, 114, 116, 120, 121, 122, 123, 124, 125, 126, 127, 128, 130, 131, 132, 133, 134, 144, 159, 160, 162, 163, 164, 165, 166, 167, 168, 169, 170, 171, 172, 175, 176, 178, 181, 182, 185, 186, 193}" 
Ref4.5,C4.4,WcD0F041710291145_04.ce,72,0.23283915597823504,"{3, 6, 10, 14, 15, 18, 19, 25, 28, 29, 30, 31, 35, 37, 38, 44, 45, 47, 50, 51, 56, 62, 77, 81, 82, 84, 86, 89, 90, 96, 101, 102, 105, 106, 109, 110, 111, 112, 113, 118, 121, 123, 125, 126, 127, 128, 129, 130, 131, 132, 133, 134, 136, 137, 138, 139, 140, 144, 145, 146, 147, 148, 149, 150, 151, 154, 155, 156, 157, 158, 186, 187}" 
Ref4.5,C4.5,WcD0A001710291100_02.ce,74,0.2339102567699782,"{1, 2, 3, 4, 19, 31, 32, 33, 34, 35, 36, 37, 38, 40, 41, 49, 50, 55, 59, 60, 61, 63, 65, 66, 67, 69, 72, 75, 78, 79, 81, 86, 87, 89, 90, 91, 94, 100, 102, 103, 105, 106, 107, 108, 109, 113, 117, 119, 120, 121, 122, 124, 127, 128, 129, 134, 139, 141, 144, 145, 146, 148, 154, 159, 160, 161, 162, 176, 177, 178, 179, 189, 190, 193}" 
Ref4.5,C4.5,WcD0A001710291115_02.ce,55,0.2322692539815402,"{14, 28, 44, 53, 55, 56, 57, 58, 60, 69, 73, 74, 75, 76, 77, 78, 80, 81, 95, 96, 106, 111, 112, 119, 120, 121, 124, 132, 133, 134, 135, 136, 137, 138, 139, 140, 142, 146, 147, 149, 151, 152, 155, 158, 159, 160, 161, 162, 168, 169, 170, 172, 179, 181, 184}" 
Ref4.5,C4.5,WcD0A001710291130_02.ce,82,0.2227136620537054,"{1, 32, 33, 34, 36, 45, 49, 50, 51, 52, 53, 54, 58, 65, 66, 67, 68, 69, 70, 71, 72, 73, 77, 78, 79, 80, 81, 82, 83, 84, 85, 86, 87, 88, 89, 90, 91, 92, 95, 104, 105, 106, 107, 108, 109, 110, 111, 113, 114, 115, 118, 121, 122, 123, 124, 125, 126, 127, 128, 131, 132, 133, 135, 147, 154, 160, 162, 163, 164, 165, 166, 167, 169, 170, 171, 172, 175, 179, 182, 185, 186, 193}" 
Ref4.5,C4.5,WcD0A001710291145_02.ce,59,0.2333409797753274,"{3, 6, 15, 18, 19, 25, 28, 29, 30, 31, 38, 44, 45, 47, 50, 51, 80, 81, 82, 84, 86, 89, 90, 100, 102, 105, 106, 109, 110, 111, 112, 119, 123, 125, 126, 127, 128, 129, 130, 131, 132, 134, 137, 138, 139, 140, 142, 145, 146, 147, 148, 149, 151, 155, 156, 157, 158, 187, 194}" 
Ref4.5,C4.4,WcD0F041710291200_04.ce,87,0.23522743315154082,"{3, 6, 18, 19, 27, 30, 33, 34, 37, 38, 39, 40, 41, 42, 43, 44, 45, 46, 47, 48, 49, 50, 51, 52, 53, 54, 55, 57, 58, 59, 60, 61, 79, 80, 81, 82, 83, 84, 89, 90, 91, 102, 103, 112, 113, 114, 115, 116, 117, 118, 119, 120, 121, 123, 124, 125, 126, 127, 128, 129, 130, 131, 132, 133, 134, 135, 136, 137, 138, 139, 140, 141, 143, 144, 145, 147, 148, 149, 161, 162, 163, 164, 165, 172, 177, 180, 191}" 
Ref4.5,C4.4,WcD0F041710291215_04.ce,49,0.23961785952972,"{8, 13, 20, 33, 41, 43, 44, 45, 48, 49, 52, 53, 55, 59, 61, 64, 65, 66, 85, 94, 95, 100, 109, 123, 124, 130, 131, 132, 133, 134, 135, 136, 137, 142, 145, 147, 149, 151, 154, 155, 156, 165, 166, 167, 168, 170, 174, 184, 192}" 
Ref4.5,C4.4,WcD0F041710291230_04.ce,69,0.22400627812402393,"{9, 30, 31, 41, 44, 52, 53, 54, 55, 56, 57, 58, 60, 63, 65, 67, 70, 71, 72, 73, 74, 75, 76, 78, 80, 81, 84, 85, 87, 90, 91, 92, 93, 94, 95, 96, 97, 107, 108, 109, 115, 116, 117, 118, 119, 120, 121, 122, 127, 128, 130, 131, 136, 142, 143, 144, 145, 146, 147, 148, 149, 152, 153, 154, 162, 164, 173, 174, 177}" 
Ref4.5,C4.4,WcD0F041710291245_04.ce,45,0.2050390990065075,"{9, 11, 20, 21, 24, 25, 26, 28, 29, 30, 33, 37, 40, 42, 46, 47, 48, 50, 52, 53, 54, 57, 58, 59, 60, 62, 63, 64, 65, 66, 67, 68, 73, 87, 88, 108, 109, 113, 114, 118, 119, 123, 124, 150, 191}" 
Ref4.5,C4.5,WcD0A001710291200_02.ce,76,0.23543324868578885,"{3, 18, 19, 27, 37, 38, 39, 40, 41, 42, 43, 44, 46, 47, 48, 49, 50, 51, 52, 53, 54, 55, 57, 58, 59, 61, 62, 80, 81, 82, 83, 84, 91, 103, 112, 113, 115, 116, 117, 118, 119, 120, 121, 122, 123, 124, 125, 126, 127, 128, 129, 130, 131, 132, 133, 134, 135, 136, 137, 138, 139, 141, 143, 144, 145, 147, 148, 149, 161, 162, 163, 164, 165, 180, 186, 191}" 
Ref4.5,C4.5,WcD0A001710291215_02.ce,44,0.23104736093144337,"{8, 20, 29, 31, 32, 33, 34, 40, 43, 48, 49, 50, 52, 53, 65, 66, 68, 94, 95, 97, 100, 109, 123, 130, 131, 132, 133, 134, 135, 137, 145, 149, 151, 154, 155, 156, 162, 165, 167, 168, 179, 184, 192, 193}" 
Ref4.5,C4.5,WcD0A001710291230_02.ce,62,0.2219752012732834,"{9, 29, 30, 40, 43, 51, 52, 53, 54, 55, 56, 57, 59, 63, 68, 69, 70, 71, 73, 75, 77, 79, 82, 84, 86, 90, 91, 93, 95, 96, 106, 107, 108, 116, 117, 118, 119, 120, 121, 125, 126, 127, 129, 130, 131, 135, 136, 141, 142, 143, 144, 145, 146, 147, 148, 149, 151, 152, 153, 172, 173, 176}" 
Ref4.5,C4.5,WcD0A001710291245_02.ce,34,0.20259749943713803,"{11, 21, 24, 25, 26, 28, 29, 30, 37, 42, 46, 51, 52, 53, 54, 56, 60, 63, 64, 65, 66, 67, 68, 73, 88, 93, 109, 113, 119, 123, 124, 125, 189, 191}" 
Ref4.5,C4.4,WcD0F041710291300_04.ce,75,0.2427635851279563,"{1, 2, 3, 15, 18, 19, 22, 27, 28, 29, 30, 31, 32, 33, 34, 35, 36, 39, 41, 44, 48, 49, 50, 54, 55, 57, 69, 70, 72, 73, 75, 76, 78, 79, 81, 88, 89, 90, 97, 98, 99, 101, 102, 103, 104, 105, 114, 116, 120, 122, 124, 125, 128, 130, 131, 132, 134, 135, 136, 137, 138, 139, 140, 143, 145, 146, 148, 149, 150, 151, 154, 158, 159, 160, 170}" 
Ref4.5,C4.4,WcD0F041710291315_04.ce,57,0.221808334241698,"{15, 35, 36, 37, 38, 39, 41, 47, 48, 50, 51, 52, 55, 61, 62, 64, 67, 70, 71, 73, 74, 75, 76, 77, 78, 79, 80, 84, 98, 99, 100, 127, 128, 129, 130, 131, 132, 133, 134, 135, 137, 138, 139, 140, 141, 142, 149, 151, 153, 154, 158, 159, 160, 167, 180, 181, 182}" 
Ref4.5,C4.4,WcD0F041710291330_04.ce,60,0.21333465922896608,"{4, 7, 9, 15, 26, 27, 35, 46, 47, 48, 49, 50, 51, 52, 53, 61, 62, 63, 64, 65, 66, 67, 68, 69, 71, 72, 73, 74, 75, 76, 78, 79, 96, 97, 98, 105, 107, 108, 109, 110, 111, 112, 126, 129, 133, 136, 138, 139, 140, 144, 145, 146, 147, 148, 149, 150, 151, 154, 155, 169}" 
Ref4.5,C4.4,WcD0F041710291345_04.ce,39,0.1890698447807338,"{12, 13, 19, 21, 22, 24, 25, 26, 31, 36, 37, 40, 45, 50, 53, 54, 56, 68, 82, 83, 84, 85, 87, 88, 89, 90, 91, 93, 94, 95, 100, 101, 107, 166, 167, 168, 170, 187, 190}" 
Ref4.5,C4.5,WcD0A001710291300_02.ce,63,0.22736838531823828,"{1, 2, 3, 4, 15, 22, 23, 28, 29, 30, 31, 32, 33, 34, 35, 36, 39, 46, 49, 55, 57, 64, 70, 73, 75, 77, 78, 79, 82, 83, 89, 95, 97, 99, 101, 104, 108, 109, 111, 117, 122, 124, 131, 132, 133, 134, 135, 136, 137, 138, 139, 143, 145, 146, 147, 148, 149, 150, 151, 155, 158, 159, 160}" 
Ref4.5,C4.5,WcD0A001710291315_02.ce,43,0.22389696314089197,"{4, 14, 35, 36, 37, 39, 49, 51, 55, 60, 61, 62, 70, 72, 73, 74, 76, 77, 78, 79, 97, 98, 99, 124, 127, 129, 131, 132, 133, 134, 136, 138, 139, 140, 141, 149, 152, 153, 158, 159, 179, 180, 181}" 
Ref4.5,C4.5,WcD0A001710291330_02.ce,44,0.2145282610268444,"{4, 16, 26, 27, 47, 48, 49, 50, 51, 52, 53, 61, 62, 63, 64, 65, 67, 68, 69, 72, 73, 76, 78, 79, 98, 99, 107, 108, 109, 110, 112, 127, 139, 140, 144, 145, 146, 147, 148, 149, 151, 155, 156, 169}" 
Ref4.5,C4.5,WcD0A001710291345_02.ce,35,0.18316779167412306,"{12, 21, 22, 25, 26, 37, 41, 45, 50, 54, 55, 68, 82, 83, 84, 85, 87, 88, 89, 90, 91, 93, 94, 95, 98, 100, 101, 102, 108, 115, 166, 167, 168, 170, 187}" 
Ref4.5,C4.4,WcD0F041710291400_04.ce,79,0.2787413534462326,"{1, 2, 3, 14, 15, 17, 19, 24, 25, 26, 29, 31, 32, 33, 35, 37, 38, 39, 46, 53, 54, 57, 62, 63, 64, 68, 69, 72, 74, 81, 82, 83, 84, 86, 92, 93, 94, 95, 96, 98, 99, 106, 107, 108, 109, 110, 111, 112, 113, 114, 115, 116, 117, 118, 119, 122, 124, 127, 130, 131, 133, 134, 139, 142, 143, 144, 147, 149, 153, 155, 159, 162, 163, 164, 165, 167, 171, 172, 178}" 
Ref4.5,C4.4,WcD0F041710291415_04.ce,40,0.22325368660044395,"{9, 14, 29, 30, 32, 33, 34, 35, 36, 37, 38, 47, 48, 50, 51, 52, 53, 54, 61, 66, 82, 127, 129, 131, 133, 134, 135, 142, 146, 148, 155, 156, 172, 173, 174, 175, 176, 177, 189, 190}" 
Ref4.5,C4.4,WcD0F041710291430_04.ce,37,0.23228310922239148,"{5, 7, 17, 18, 27, 40, 43, 49, 54, 55, 63, 73, 74, 76, 78, 86, 93, 101, 102, 103, 105, 107, 108, 109, 112, 113, 119, 123, 124, 129, 139, 140, 142, 163, 170, 177, 183}" 
Ref4.5,C4.4,WcD0F041710291445_04.ce,59,0.23170898951611357,"{3, 15, 19, 20, 21, 22, 24, 25, 26, 29, 30, 32, 34, 36, 38, 40, 41, 45, 49, 52, 54, 61, 68, 70, 71, 75, 76, 77, 80, 81, 87, 96, 97, 98, 99, 112, 113, 117, 118, 119, 120, 121, 123, 124, 125, 126, 137, 138, 144, 145, 149, 150, 151, 152, 156, 178, 179, 180, 185}" 
Ref4.5,C4.5,WcD0A001710291400_02.ce,69,0.2595873416024633,"{1, 2, 3, 14, 15, 17, 19, 24, 25, 26, 29, 31, 34, 36, 37, 38, 39, 46, 48, 53, 54, 63, 66, 70, 81, 84, 86, 88, 92, 93, 94, 96, 98, 107, 108, 109, 110, 111, 112, 113, 114, 115, 116, 117, 118, 119, 122, 127, 130, 133, 139, 142, 144, 145, 147, 151, 152, 153, 154, 155, 157, 162, 163, 165, 167, 169, 170, 171, 172}" 
Ref4.5,C4.5,WcD0A001710291415_02.ce,30,0.22523074253397163,"{9, 14, 29, 32, 33, 34, 35, 36, 37, 38, 50, 52, 55, 64, 66, 68, 84, 126, 130, 133, 134, 138, 155, 159, 173, 175, 177, 187, 190, 193}" 
Ref4.5,C4.5,WcD0A001710291430_02.ce,24,0.2275244950831593,"{21, 44, 49, 54, 55, 63, 74, 76, 77, 86, 93, 101, 102, 103, 109, 110, 113, 123, 130, 140, 149, 163, 177, 178}" 
Ref4.5,C4.5,WcD0A001710291445_02.ce,52,0.2286169538585031,"{19, 22, 24, 25, 26, 27, 29, 30, 32, 33, 36, 38, 40, 41, 45, 49, 50, 57, 65, 66, 67, 68, 70, 71, 76, 81, 87, 96, 97, 98, 99, 112, 117, 118, 119, 120, 121, 123, 124, 125, 126, 127, 128, 135, 138, 145, 147, 150, 156, 179, 180, 185}" 
Ref4.5,C4.4,WcD0F041710291500_04.ce,36,0.22197008919968952,"{1, 2, 3, 6, 19, 20, 22, 23, 24, 25, 27, 29, 31, 32, 33, 34, 47, 48, 49, 50, 58, 69, 88, 114, 151, 154, 164, 166, 182, 184, 186, 187, 188, 191, 192, 193}" 
Ref4.5,C4.4,WcD0F041710291515_04.ce,18,0.22300276631692537,"{11, 30, 35, 38, 39, 88, 89, 90, 94, 107, 110, 111, 123, 128, 151, 152, 156, 157}" 
Ref4.5,C4.4,WcD0F041710291530_04.ce,26,0.22779065213074912,"{4, 5, 15, 16, 20, 41, 47, 50, 60, 63, 68, 70, 88, 91, 92, 95, 158, 162, 163, 164, 168, 169, 170, 171, 172, 175}" 
Ref4.5,C4.4,WcD0F041710291545_04.ce,44,0.23393806581459264,"{2, 39, 65, 68, 69, 70, 72, 73, 74, 75, 76, 78, 79, 87, 88, 89, 90, 91, 92, 98, 99, 100, 101, 104, 108, 114, 115, 121, 122, 123, 124, 127, 129, 130, 133, 138, 147, 148, 151, 166, 168, 172, 175, 179}" 
Ref4.5,C4.5,WcD0A001710291500_02.ce,29,0.21381374718655033,"{1, 2, 3, 4, 8, 20, 22, 24, 25, 26, 30, 31, 33, 34, 47, 48, 50, 67, 78, 154, 158, 182, 185, 186, 187, 188, 191, 192, 193}" 
Ref4.5,C4.5,WcD0A001710291515_02.ce,19,0.2100589852441463,"{1, 6, 12, 35, 39, 67, 88, 89, 90, 94, 111, 123, 128, 151, 152, 156, 157, 158, 187}" 
Ref4.5,C4.5,WcD0A001710291530_02.ce,26,0.21092877479472516,"{5, 12, 15, 16, 32, 34, 41, 47, 49, 50, 63, 67, 69, 71, 88, 92, 93, 95, 101, 162, 163, 164, 168, 171, 172, 175}" 
Ref4.5,C4.5,WcD0A001710291545_02.ce,39,0.22229615264252156,"{27, 40, 65, 68, 69, 70, 72, 73, 74, 75, 76, 78, 79, 80, 87, 88, 89, 90, 91, 92, 93, 98, 99, 100, 104, 108, 114, 115, 122, 123, 124, 129, 133, 147, 148, 168, 172, 175, 179}" 
Ref4.5,C4.4,WcD0F041710291600_04.ce,99,0.2355597823827589,"{1, 2, 3, 4, 14, 15, 16, 17, 18, 19, 20, 22, 23, 24, 31, 36, 44, 45, 46, 47, 48, 49, 50, 52, 60, 61, 64, 65, 66, 67, 69, 70, 71, 72, 73, 74, 76, 77, 78, 79, 80, 81, 82, 83, 84, 85, 86, 87, 88, 89, 90, 91, 92, 94, 95, 96, 97, 98, 99, 100, 101, 102, 103, 106, 107, 108, 110, 111, 112, 113, 114, 115, 116, 117, 118, 119, 125, 126, 135, 136, 138, 139, 144, 146, 148, 150, 151, 155, 156, 161, 162, 166, 169, 171, 172, 173, 174, 176, 180}" 
Ref4.5,C4.4,WcD0F041710291615_04.ce,48,0.24172505799030902,"{4, 19, 20, 30, 40, 41, 42, 43, 51, 55, 56, 62, 70, 71, 72, 73, 74, 75, 76, 77, 78, 79, 80, 81, 83, 91, 92, 95, 99, 102, 103, 104, 105, 106, 107, 108, 109, 115, 116, 120, 130, 131, 135, 160, 161, 164, 177, 192}" 
Ref4.5,C4.4,WcD0F041710291630_04.ce,74,0.21441524874112924,"{4, 6, 10, 11, 12, 15, 17, 26, 27, 28, 29, 30, 31, 40, 41, 43, 44, 45, 46, 47, 48, 49, 50, 51, 56, 60, 64, 65, 66, 67, 70, 71, 72, 78, 79, 80, 81, 82, 83, 84, 85, 86, 87, 88, 89, 113, 118, 122, 124, 138, 139, 150, 164, 170, 171, 172, 173, 174, 175, 176, 177, 178, 179, 181, 183, 184, 186, 187, 188, 189, 190, 191, 192, 193}" 
Ref4.5,C4.4,WcD0F041710291645_04.ce,59,0.21127599568376562,"{1, 2, 3, 5, 6, 8, 10, 11, 12, 13, 14, 15, 16, 17, 23, 24, 25, 26, 27, 28, 29, 33, 52, 53, 56, 62, 63, 64, 65, 66, 67, 68, 69, 70, 71, 73, 74, 75, 76, 84, 87, 100, 102, 103, 110, 112, 113, 116, 123, 124, 129, 130, 131, 133, 140, 145, 156, 158, 194}" 
Ref4.5,C4.5,WcD0A001710291600_02.ce,89,0.22756448093201398,"{1, 2, 3, 14, 15, 16, 17, 18, 19, 21, 22, 23, 24, 43, 44, 45, 46, 47, 48, 50, 58, 59, 60, 63, 64, 65, 66, 68, 69, 70, 71, 72, 73, 76, 77, 78, 79, 80, 81, 82, 84, 85, 86, 88, 89, 90, 91, 94, 95, 96, 97, 98, 100, 101, 102, 105, 107, 109, 110, 111, 112, 113, 114, 115, 116, 117, 118, 124, 125, 127, 135, 137, 144, 147, 149, 150, 154, 155, 158, 160, 161, 168, 170, 171, 172, 173, 175, 179, 180}" 
Ref4.5,C4.5,WcD0A001710291615_02.ce,38,0.22656736263353514,"{4, 19, 20, 40, 41, 42, 53, 56, 62, 63, 66, 70, 72, 73, 74, 75, 76, 77, 78, 79, 82, 83, 92, 99, 102, 103, 104, 105, 106, 107, 108, 115, 131, 132, 161, 164, 168, 177}" 
Ref4.5,C4.5,WcD0A001710291630_02.ce,65,0.21129639962094507,"{4, 5, 6, 11, 12, 15, 17, 19, 24, 25, 27, 28, 29, 30, 31, 40, 41, 43, 44, 47, 49, 50, 51, 60, 64, 65, 66, 67, 69, 71, 72, 78, 79, 80, 81, 82, 83, 84, 85, 86, 89, 113, 118, 124, 150, 170, 171, 172, 173, 174, 175, 177, 178, 179, 182, 183, 184, 186, 188, 189, 190, 191, 192, 193, 194}" 
Ref4.5,C4.5,WcD0A001710291645_02.ce,50,0.21402635402695683,"{1, 2, 4, 5, 6, 7, 8, 9, 10, 11, 12, 14, 15, 16, 17, 23, 24, 25, 26, 27, 28, 32, 52, 55, 61, 62, 63, 64, 66, 67, 68, 69, 70, 73, 75, 86, 99, 101, 102, 109, 110, 111, 112, 116, 128, 129, 130, 132, 144, 193}" 
Ref4.5,C4.4,WcD0F041710291700_04.ce,72,0.2473430517509274,"{1, 2, 3, 4, 5, 6, 7, 8, 9, 11, 13, 14, 15, 19, 20, 22, 23, 29, 42, 43, 44, 45, 46, 47, 48, 49, 50, 51, 52, 53, 59, 67, 69, 83, 85, 86, 90, 106, 107, 108, 110, 111, 114, 117, 129, 137, 149, 154, 155, 157, 158, 162, 163, 165, 168, 169, 170, 171, 173, 176, 177, 178, 182, 183, 184, 185, 187, 188, 189, 190, 191, 192}" 
Ref4.5,C4.4,WcD0F041710291715_04.ce,49,0.23286953936074417,"{3, 7, 8, 9, 10, 11, 13, 15, 16, 18, 19, 21, 22, 25, 26, 33, 35, 45, 48, 71, 84, 95, 103, 104, 105, 106, 110, 111, 112, 113, 115, 116, 117, 120, 129, 130, 131, 133, 154, 174, 175, 176, 180, 181, 182, 183, 190, 191, 192}" 
Ref4.5,C4.4,WcD0F041710291730_04.ce,44,0.21748431331637627,"{15, 16, 32, 34, 35, 36, 39, 40, 41, 45, 46, 56, 60, 61, 64, 74, 80, 85, 94, 98, 105, 106, 108, 109, 120, 126, 143, 155, 156, 158, 159, 176, 178, 180, 181, 182, 184, 185, 187, 188, 189, 190, 191, 192}" 
Ref4.5,C4.4,WcD0F041710291745_04.ce,47,0.22823294595833116,"{2, 4, 6, 32, 34, 35, 37, 38, 39, 40, 41, 44, 45, 46, 74, 75, 76, 78, 79, 80, 81, 82, 84, 85, 100, 101, 102, 103, 104, 120, 123, 127, 128, 138, 154, 158, 159, 160, 161, 162, 163, 164, 165, 166, 167, 171, 176}" 
Ref4.5,C4.5,WcD0A001710291700_02.ce,61,0.2379533168238882,"{1, 2, 3, 4, 5, 6, 8, 9, 13, 14, 15, 20, 22, 23, 24, 29, 42, 43, 44, 45, 46, 47, 48, 50, 51, 52, 59, 67, 69, 70, 85, 86, 103, 106, 107, 108, 111, 116, 135, 141, 154, 155, 157, 158, 162, 169, 170, 173, 176, 177, 178, 181, 182, 185, 186, 187, 188, 189, 190, 191, 192}" 
Ref4.5,C4.5,WcD0A001710291715_02.ce,47,0.2121866328541502,"{3, 4, 7, 8, 9, 11, 12, 15, 21, 22, 25, 26, 27, 33, 35, 36, 48, 50, 63, 84, 95, 103, 104, 105, 106, 110, 111, 112, 113, 116, 117, 125, 126, 129, 131, 132, 133, 139, 155, 174, 175, 176, 180, 182, 190, 191, 192}" 
Ref4.5,C4.5,WcD0A001710291730_02.ce,32,0.20353546357828226,"{16, 35, 40, 41, 46, 56, 60, 61, 64, 74, 75, 98, 101, 105, 106, 108, 109, 126, 144, 155, 158, 159, 176, 182, 183, 184, 185, 187, 188, 189, 190, 191}" 
Ref4.5,C4.5,WcD0A001710291745_02.ce,47,0.22085543573786154,"{2, 6, 32, 34, 36, 37, 38, 39, 40, 43, 44, 46, 47, 74, 75, 76, 78, 79, 80, 81, 82, 84, 85, 101, 102, 103, 104, 105, 120, 127, 128, 138, 142, 147, 154, 155, 158, 159, 160, 161, 162, 163, 164, 165, 166, 167, 168}" 
Ref4.5,C4.4,WcD0F041710291800_04.ce,143,0.2744631767717006,"{1, 2, 3, 4, 8, 20, 21, 22, 23, 24, 25, 26, 27, 28, 29, 30, 31, 32, 33, 34, 35, 36, 37, 38, 39, 40, 41, 42, 43, 44, 45, 46, 47, 48, 49, 50, 52, 54, 55, 56, 58, 59, 60, 61, 62, 63, 66, 68, 69, 70, 71, 72, 73, 74, 75, 76, 77, 78, 79, 80, 81, 82, 83, 84, 85, 88, 93, 94, 95, 96, 99, 100, 101, 102, 103, 104, 105, 106, 107, 108, 109, 110, 111, 112, 113, 114, 115, 116, 117, 118, 119, 120, 121, 122, 123, 124, 125, 126, 127, 132, 135, 136, 137, 138, 139, 142, 155, 156, 157, 158, 159, 160, 161, 162, 163, 164, 165, 166, 167, 168, 169, 170, 171, 175, 176, 177, 178, 179, 180, 181, 182, 183, 184, 185, 186, 187, 188, 189, 190, 191, 192, 193, 194}" 
Ref4.5,C4.4,WcD0F041710291815_04.ce,74,0.2335624123379693,"{1, 2, 3, 4, 5, 6, 7, 8, 9, 10, 11, 12, 13, 14, 15, 16, 17, 18, 19, 20, 21, 22, 23, 24, 25, 26, 27, 28, 29, 30, 31, 32, 33, 34, 35, 44, 45, 55, 64, 65, 73, 75, 76, 81, 97, 99, 105, 107, 112, 116, 117, 118, 119, 124, 125, 126, 127, 128, 129, 130, 131, 132, 133, 134, 136, 137, 141, 142, 148, 149, 150, 151, 187, 188}" 
Ref4.5,C4.4,WcD0F041710291830_04.ce,43,0.22518858814193368,"{2, 9, 12, 35, 37, 47, 48, 49, 50, 51, 52, 57, 60, 63, 64, 67, 69, 76, 81, 82, 83, 88, 95, 98, 103, 104, 105, 117, 118, 123, 125, 128, 130, 143, 149, 150, 152, 160, 163, 174, 175, 176, 193}" 
Ref4.5,C4.4,WcD0F041710291845_04.ce,44,0.2190128192832918,"{1, 2, 3, 4, 5, 6, 7, 8, 9, 10, 11, 12, 16, 17, 20, 21, 22, 26, 37, 38, 41, 51, 55, 58, 61, 65, 66, 69, 70, 76, 81, 113, 118, 123, 124, 133, 166, 167, 174, 185, 191, 192, 193, 194}" 
Ref4.5,C4.5,WcD0A001710291800_02.ce,135,0.26576636757916017,"{1, 2, 3, 4, 5, 8, 20, 21, 22, 23, 24, 25, 26, 27, 28, 29, 30, 31, 32, 33, 34, 35, 36, 37, 38, 39, 40, 41, 42, 43, 44, 45, 46, 47, 48, 49, 50, 52, 56, 58, 59, 60, 61, 62, 63, 64, 66, 69, 70, 71, 72, 73, 74, 75, 76, 77, 78, 79, 80, 81, 82, 83, 84, 85, 94, 95, 96, 99, 100, 101, 102, 103, 104, 105, 106, 107, 108, 109, 110, 111, 112, 113, 114, 115, 116, 117, 118, 119, 120, 121, 122, 123, 124, 125, 126, 127, 133, 136, 138, 155, 156, 157, 159, 160, 161, 162, 163, 164, 165, 166, 167, 168, 169, 170, 171, 175, 176, 177, 178, 179, 180, 181, 182, 183, 184, 185, 186, 187, 188, 189, 190, 191, 192, 193, 194}" 
Ref4.5,C4.5,WcD0A001710291815_02.ce,69,0.2219554972404095,"{1, 2, 3, 4, 5, 6, 7, 8, 9, 10, 11, 12, 13, 14, 15, 16, 17, 18, 19, 20, 21, 22, 23, 24, 25, 26, 27, 28, 29, 30, 31, 32, 33, 34, 35, 44, 45, 55, 65, 79, 96, 99, 100, 102, 105, 106, 112, 115, 116, 117, 118, 119, 125, 126, 127, 128, 129, 130, 131, 132, 133, 137, 141, 148, 149, 150, 151, 188, 189}" 
Ref4.5,C4.5,WcD0A001710291830_02.ce,33,0.225374714451481,"{9, 37, 38, 47, 48, 49, 50, 51, 52, 57, 58, 61, 67, 69, 71, 83, 95, 98, 105, 111, 118, 123, 125, 129, 140, 141, 150, 151, 160, 163, 175, 176, 193}" 
Ref4.5,C4.5,WcD0A001710291845_02.ce,27,0.21321349657999733,"{1, 2, 3, 4, 5, 6, 7, 8, 9, 10, 11, 12, 17, 22, 23, 50, 58, 80, 113, 118, 124, 136, 166, 191, 192, 193, 194}" 
Ref4.5,C4.4,WcD0F041710291900_04.ce,33,0.2225808024219417,"{1, 2, 3, 4, 5, 13, 23, 24, 25, 28, 29, 30, 31, 33, 34, 47, 48, 49, 50, 61, 67, 69, 88, 114, 123, 138, 151, 159, 180, 188, 191, 192, 193}" 
Ref4.5,C4.4,WcD0F041710291915_04.ce,54,0.21170693833902807,"{4, 32, 34, 35, 36, 37, 38, 39, 40, 41, 42, 43, 44, 45, 46, 47, 48, 49, 50, 51, 52, 58, 80, 81, 83, 107, 108, 109, 110, 111, 151, 155, 156, 157, 174, 175, 176, 177, 178, 179, 180, 181, 182, 183, 184, 185, 186, 187, 188, 189, 190, 191, 192, 193}" 
Ref4.5,C4.4,WcD0F041710291930_04.ce,86,0.23011346054308812,"{1, 2, 3, 4, 5, 6, 16, 22, 23, 27, 29, 37, 38, 39, 40, 41, 42, 43, 44, 45, 46, 47, 48, 49, 50, 51, 52, 53, 54, 55, 56, 57, 58, 59, 60, 61, 62, 63, 64, 65, 66, 67, 68, 69, 70, 71, 72, 73, 74, 75, 76, 77, 78, 79, 80, 81, 82, 83, 84, 85, 86, 87, 88, 89, 90, 91, 92, 93, 94, 95, 96, 97, 98, 99, 102, 110, 117, 143, 144, 153, 154, 169, 171, 172, 173, 176}" 
Ref4.5,C4.4,WcD0F041710291945_04.ce,25,0.20847037213993916,"{4, 26, 39, 69, 78, 79, 92, 97, 98, 99, 104, 112, 113, 114, 115, 121, 122, 123, 125, 126, 127, 130, 132, 137, 179}" 
Ref4.5,C4.5,WcD0A001710291900_02.ce,28,0.21601347974456067,"{1, 2, 3, 4, 5, 6, 23, 24, 25, 29, 30, 31, 33, 34, 47, 48, 49, 50, 58, 62, 69, 88, 114, 138, 157, 159, 188, 193}" 
Ref4.5,C4.5,WcD0A001710291915_02.ce,54,0.19852443797279895,"{5, 34, 35, 36, 37, 38, 39, 40, 41, 42, 43, 44, 45, 46, 47, 48, 49, 50, 51, 52, 63, 80, 81, 83, 94, 107, 108, 109, 110, 111, 112, 118, 123, 151, 156, 157, 175, 176, 177, 178, 179, 181, 182, 183, 184, 185, 186, 188, 189, 190, 191, 192, 193, 194}" 
Ref4.5,C4.5,WcD0A001710291930_02.ce,82,0.22112635113437717,"{1, 2, 3, 4, 5, 21, 22, 25, 36, 37, 38, 39, 40, 41, 42, 43, 44, 45, 46, 47, 48, 49, 50, 51, 52, 53, 54, 55, 56, 57, 58, 59, 60, 61, 62, 63, 64, 65, 66, 67, 68, 69, 70, 71, 72, 73, 74, 75, 76, 77, 78, 79, 80, 81, 82, 83, 84, 85, 86, 87, 88, 89, 90, 91, 92, 93, 94, 95, 96, 97, 98, 101, 116, 142, 143, 152, 153, 168, 170, 171, 172, 175}" 
Ref4.5,C4.5,WcD0A001710291945_02.ce,20,0.19955896675556908,"{26, 39, 69, 73, 78, 79, 99, 101, 104, 114, 115, 121, 123, 124, 125, 126, 129, 133, 179, 184}" 
Ref4.5,C4.4,WcD0F041710292000_04.ce,56,0.21514138750610576,"{1, 2, 3, 10, 12, 15, 16, 17, 18, 19, 20, 21, 26, 27, 31, 45, 46, 47, 48, 51, 53, 63, 64, 77, 80, 87, 101, 102, 103, 104, 105, 109, 110, 111, 112, 113, 116, 117, 118, 119, 125, 130, 131, 132, 134, 135, 136, 137, 138, 139, 140, 161, 173, 174, 182, 189}" 
Ref4.5,C4.4,WcD0F041710292015_04.ce,92,0.2533031075913305,"{2, 11, 13, 22, 25, 26, 29, 32, 33, 34, 36, 41, 43, 44, 45, 50, 51, 52, 54, 57, 61, 62, 64, 69, 71, 72, 74, 76, 79, 80, 81, 83, 88, 89, 90, 91, 92, 93, 94, 100, 102, 103, 104, 106, 110, 111, 115, 116, 117, 126, 127, 130, 135, 136, 138, 140, 143, 144, 145, 146, 153, 154, 155, 156, 157, 158, 159, 160, 161, 162, 163, 164, 165, 166, 167, 168, 169, 170, 171, 172, 173, 174, 175, 176, 177, 178, 179, 180, 181, 182, 189, 190}" 
Ref4.5,C4.4,WcD0F041710292030_04.ce,91,0.20474678900595494,"{6, 7, 8, 9, 12, 13, 15, 18, 24, 25, 26, 27, 43, 45, 46, 47, 56, 57, 58, 59, 60, 61, 62, 64, 65, 66, 67, 68, 69, 70, 71, 72, 73, 74, 75, 76, 77, 78, 79, 80, 81, 82, 83, 84, 85, 86, 87, 88, 89, 90, 91, 92, 93, 94, 95, 96, 97, 98, 100, 101, 102, 103, 104, 105, 106, 107, 108, 109, 110, 111, 112, 113, 114, 115, 116, 117, 118, 119, 121, 122, 124, 125, 126, 127, 159, 160, 162, 164, 186, 187, 190}" 
Ref4.5,C4.4,WcD0F041710292045_04.ce,45,0.20463265224839505,"{3, 4, 5, 6, 7, 22, 28, 36, 47, 50, 51, 64, 65, 93, 94, 95, 97, 98, 99, 100, 101, 103, 104, 105, 107, 108, 109, 111, 133, 134, 135, 136, 142, 150, 151, 152, 153, 157, 160, 162, 169, 170, 171, 175, 182}" 
Ref4.5,C4.5,WcD0A001710292000_02.ce,49,0.2096385470681011,"{1, 2, 3, 4, 15, 16, 17, 18, 19, 20, 21, 27, 30, 31, 32, 45, 46, 48, 62, 63, 64, 71, 80, 101, 102, 103, 104, 109, 110, 112, 113, 117, 118, 119, 125, 126, 130, 131, 132, 134, 135, 136, 137, 138, 139, 140, 161, 173, 174}" 
Ref4.5,C4.5,WcD0A001710292015_02.ce,80,0.24894624929024753,"{10, 12, 28, 31, 32, 33, 35, 40, 42, 44, 52, 54, 56, 57, 61, 68, 73, 75, 76, 78, 79, 80, 87, 88, 89, 90, 91, 92, 99, 101, 102, 104, 107, 109, 111, 114, 115, 116, 128, 132, 135, 136, 137, 138, 142, 143, 144, 145, 146, 152, 153, 154, 155, 156, 157, 158, 159, 160, 161, 162, 163, 164, 165, 166, 167, 168, 169, 170, 171, 172, 173, 174, 175, 176, 177, 178, 179, 180, 181, 189}" 
Ref4.5,C4.5,WcD0A001710292030_02.ce,81,0.21039332661969445,"{7, 8, 9, 15, 24, 25, 26, 27, 43, 47, 56, 57, 58, 59, 60, 62, 64, 65, 66, 67, 68, 69, 70, 71, 72, 73, 74, 75, 76, 77, 78, 79, 80, 81, 82, 83, 84, 85, 86, 87, 88, 89, 90, 91, 92, 93, 94, 95, 96, 97, 98, 102, 103, 104, 106, 107, 108, 109, 110, 111, 112, 114, 115, 117, 118, 119, 121, 122, 123, 124, 125, 126, 127, 139, 159, 160, 162, 164, 184, 186, 187}" 
Ref4.5,C4.5,WcD0A001710292045_02.ce,40,0.2021538906962331,"{3, 4, 5, 6, 7, 22, 28, 36, 51, 63, 64, 65, 90, 93, 94, 95, 98, 99, 100, 101, 103, 104, 105, 108, 111, 134, 135, 136, 150, 151, 152, 153, 157, 160, 162, 169, 170, 171, 175, 182}" 
Ref4.5,C4.4,WcD0F041710292100_04.ce,32,0.21627237899123009,"{1, 7, 19, 23, 24, 25, 31, 32, 33, 37, 38, 45, 50, 51, 55, 56, 58, 60, 61, 84, 111, 117, 121, 125, 133, 142, 154, 163, 164, 187, 188, 189}" 
Ref4.5,C4.4,WcD0F041710292115_04.ce,45,0.2187806585145423,"{7, 8, 14, 15, 18, 23, 28, 29, 30, 31, 32, 33, 34, 35, 36, 37, 38, 39, 41, 48, 58, 63, 70, 71, 80, 81, 85, 102, 109, 130, 144, 153, 160, 175, 176, 177, 178, 179, 180, 185, 186, 187, 188, 189, 190}" 
Ref4.5,C4.4,WcD0F041710292130_04.ce,22,0.21016205826477172,"{4, 16, 34, 35, 50, 51, 52, 53, 55, 61, 100, 106, 112, 115, 149, 160, 168, 169, 184, 188, 193, 194}" 
Ref4.5,C4.4,WcD0F041710292145_04.ce,19,0.2194614573269692,"{6, 14, 15, 25, 26, 28, 31, 33, 34, 59, 72, 102, 109, 134, 135, 136, 153, 169, 192}" 
Ref4.5,C4.5,WcD0A001710292100_02.ce,28,0.21413708574227944,"{1, 7, 19, 23, 24, 25, 31, 32, 33, 38, 41, 45, 46, 50, 51, 56, 57, 60, 84, 125, 140, 142, 154, 163, 164, 183, 187, 188}" 
Ref4.5,C4.5,WcD0A001710292115_02.ce,40,0.22068646518925994,"{14, 15, 18, 24, 29, 30, 31, 32, 33, 34, 35, 36, 37, 38, 39, 42, 58, 63, 71, 72, 80, 81, 88, 102, 109, 130, 160, 164, 175, 176, 177, 178, 179, 180, 186, 187, 188, 189, 190, 191}" 
Ref4.5,C4.5,WcD0A001710292130_02.ce,13,0.20969071626845728,"{160, 168, 169, 177, 50, 51, 52, 55, 188, 194, 100, 106, 112}" 
Ref4.5,C4.5,WcD0A001710292145_02.ce,17,0.20900990365245914,"{15, 25, 26, 31, 34, 59, 72, 95, 98, 135, 136, 137, 140, 153, 169, 171, 192}" 
Ref4.5,C4.4,WcD0F041710292200_04.ce,71,0.21928302181207887,"{1, 2, 3, 6, 15, 16, 17, 18, 19, 30, 47, 49, 50, 51, 52, 54, 56, 66, 67, 68, 69, 73, 74, 80, 83, 84, 91, 92, 105, 109, 110, 111, 112, 121, 122, 123, 129, 130, 131, 132, 135, 136, 137, 138, 141, 142, 144, 145, 146, 147, 148, 149, 164, 165, 166, 167, 169, 170, 171, 172, 173, 175, 176, 183, 186, 187, 188, 190, 191, 192, 193}" 
Ref4.5,C4.4,WcD0F041710292215_04.ce,72,0.23519290619959068,"{1, 3, 4, 5, 9, 10, 14, 15, 16, 18, 19, 20, 27, 28, 29, 30, 34, 41, 42, 44, 45, 46, 47, 48, 49, 50, 51, 52, 53, 55, 56, 58, 59, 60, 61, 62, 63, 64, 65, 66, 67, 69, 72, 73, 76, 77, 79, 80, 81, 82, 84, 85, 86, 87, 88, 90, 91, 92, 93, 100, 120, 121, 122, 138, 145, 146, 147, 171, 173, 175, 184, 194}" 
Ref4.5,C4.4,WcD0F041710292230_04.ce,52,0.21487566445594825,"{3, 4, 7, 8, 12, 22, 24, 25, 27, 32, 35, 38, 41, 43, 46, 47, 59, 63, 64, 65, 68, 69, 70, 71, 72, 74, 100, 101, 108, 113, 114, 119, 120, 121, 128, 134, 140, 142, 145, 146, 169, 170, 171, 172, 175, 180, 181, 182, 183, 185, 187, 188}" 
Ref4.5,C4.4,WcD0F041710292245_04.ce,37,0.22236116668055922,"{6, 10, 14, 16, 41, 51, 52, 64, 67, 85, 86, 88, 89, 91, 94, 105, 106, 107, 108, 109, 110, 120, 125, 126, 127, 133, 134, 135, 136, 139, 141, 155, 174, 186, 187, 190, 191}" 
Ref4.5,C4.5,WcD0A001710292200_02.ce,61,0.22167389957252648,"{1, 2, 3, 6, 15, 17, 18, 19, 21, 30, 49, 50, 51, 52, 57, 60, 66, 68, 69, 72, 73, 83, 84, 109, 110, 111, 112, 115, 121, 122, 123, 129, 130, 131, 132, 135, 136, 138, 139, 142, 145, 146, 147, 148, 149, 164, 165, 166, 167, 169, 170, 171, 172, 173, 175, 176, 187, 188, 191, 192, 193}" 
Ref4.5,C4.5,WcD0A001710292215_02.ce,70,0.23182751719494338,"{1, 3, 4, 5, 9, 10, 14, 15, 16, 17, 18, 19, 20, 28, 29, 30, 31, 36, 39, 41, 42, 43, 44, 45, 46, 47, 48, 49, 50, 51, 52, 56, 57, 59, 60, 61, 62, 63, 64, 66, 67, 69, 70, 72, 76, 77, 79, 80, 81, 82, 83, 84, 85, 86, 87, 88, 90, 91, 92, 93, 100, 120, 121, 122, 127, 138, 145, 146, 147, 193}" 
Ref4.5,C4.5,WcD0A001710292230_02.ce,44,0.21148630887942294,"{1, 3, 4, 7, 10, 22, 23, 27, 33, 38, 43, 47, 61, 64, 65, 66, 67, 70, 71, 72, 74, 100, 101, 113, 114, 119, 120, 121, 122, 128, 129, 134, 140, 145, 146, 162, 170, 172, 173, 175, 180, 182, 183, 185}" 
Ref4.5,C4.5,WcD0A001710292245_02.ce,28,0.22613548670780018,"{10, 16, 46, 51, 57, 64, 67, 84, 86, 89, 105, 106, 107, 108, 109, 110, 111, 126, 127, 133, 134, 135, 136, 143, 155, 187, 191, 194}" 
Ref4.5,C4.4,WcD0F041710292300_04.ce,50,0.24452792715309005,"{1, 3, 4, 5, 6, 12, 13, 15, 17, 21, 32, 33, 34, 46, 48, 49, 51, 59, 65, 67, 74, 79, 80, 81, 82, 91, 98, 104, 105, 106, 107, 109, 110, 112, 114, 129, 130, 133, 137, 138, 145, 151, 160, 161, 162, 169, 182, 183, 192, 193}" 
Ref4.5,C4.4,WcD0F041710292315_04.ce,31,0.234431856341465,"{2, 28, 35, 36, 54, 55, 56, 57, 59, 61, 62, 63, 64, 65, 66, 67, 96, 102, 104, 105, 106, 109, 110, 111, 114, 116, 119, 157, 167, 168, 187}" 
Ref4.5,C4.4,WcD0F041710292330_04.ce,47,0.2235039866740276,"{1, 17, 22, 24, 25, 37, 40, 46, 52, 53, 54, 60, 61, 65, 66, 68, 69, 70, 72, 73, 74, 76, 82, 83, 84, 85, 97, 98, 103, 107, 108, 114, 115, 122, 126, 128, 133, 135, 137, 145, 146, 167, 184, 185, 186, 187, 188}" 
Ref4.5,C4.4,WcD0F041710292345_04.ce,41,0.22156386855702873,"{9, 10, 16, 17, 27, 31, 33, 34, 39, 40, 53, 54, 56, 61, 74, 75, 76, 88, 89, 90, 91, 92, 93, 94, 95, 98, 99, 101, 112, 119, 120, 121, 135, 137, 148, 149, 166, 173, 174, 175, 182}" 
Ref4.5,C4.5,WcD0A001710292300_02.ce,41,0.24359986021598817,"{2, 3, 4, 5, 11, 12, 14, 15, 16, 31, 33, 38, 48, 52, 55, 73, 79, 80, 81, 90, 95, 97, 103, 104, 105, 106, 108, 111, 113, 129, 132, 137, 148, 150, 152, 159, 160, 161, 162, 181, 192}" 
Ref4.5,C4.5,WcD0A001710292315_02.ce,31,0.22024190655256515,"{2, 25, 35, 36, 54, 55, 59, 60, 61, 62, 63, 64, 65, 66, 67, 96, 102, 104, 105, 106, 109, 110, 111, 112, 114, 116, 130, 157, 167, 168, 187}" 
Ref4.5,C4.5,WcD0A001710292330_02.ce,40,0.21863556101173565,"{17, 22, 24, 25, 48, 52, 53, 54, 55, 60, 61, 66, 69, 70, 72, 73, 74, 76, 82, 83, 84, 85, 97, 98, 99, 104, 108, 114, 115, 128, 133, 135, 137, 145, 146, 184, 186, 187, 188, 189}" 
Ref4.5,C4.5,WcD0A001710292345_02.ce,32,0.2126593037292729,"{9, 10, 34, 36, 46, 51, 53, 56, 62, 75, 76, 89, 90, 91, 92, 93, 94, 95, 98, 99, 101, 112, 119, 122, 134, 135, 149, 166, 173, 174, 175, 182}" 
