Ref4.5,C4.4,WcD07D91711040000_04.ce,57,0.20838734841009113,"{1, 2, 3, 4, 5, 6, 7, 8, 23, 27, 28, 29, 41, 45, 47, 50, 51, 52, 54, 55, 56, 57, 58, 59, 60, 61, 62, 63, 64, 84, 85, 87, 90, 107, 108, 109, 110, 125, 137, 139, 140, 142, 143, 144, 145, 152, 155, 156, 157, 158, 164, 175, 176, 180, 190, 191, 193}" 
Ref4.5,C4.4,WcD07D91711040015_04.ce,82,0.22891042035014778,"{1, 2, 3, 4, 5, 8, 9, 12, 14, 18, 33, 34, 35, 36, 37, 38, 48, 68, 69, 70, 71, 77, 78, 82, 83, 84, 85, 86, 87, 88, 89, 90, 91, 93, 95, 96, 97, 98, 99, 100, 101, 102, 103, 104, 106, 107, 108, 109, 111, 112, 113, 114, 115, 116, 117, 118, 119, 120, 122, 123, 124, 125, 126, 127, 129, 130, 132, 133, 134, 135, 136, 137, 138, 139, 140, 142, 143, 154, 157, 159, 160, 174}" 
Ref4.5,C4.4,WcD07D91711040030_04.ce,21,0.26221762736507614,"{37, 41, 53, 70, 71, 78, 80, 99, 100, 102, 110, 114, 117, 132, 135, 146, 170, 174, 178, 179, 188}" 
Ref4.5,C4.4,WcD07D91711040045_04.ce,75,0.2680550259008511,"{6, 7, 8, 16, 17, 24, 25, 29, 30, 77, 81, 87, 102, 103, 105, 106, 107, 108, 109, 110, 114, 122, 124, 125, 127, 130, 132, 134, 135, 136, 137, 138, 139, 140, 141, 142, 143, 144, 145, 146, 147, 148, 149, 150, 151, 152, 154, 155, 156, 157, 158, 159, 160, 161, 162, 165, 166, 167, 168, 169, 170, 171, 174, 175, 176, 177, 178, 179, 180, 181, 182, 183, 185, 187, 191}" 
Ref4.5,C4.5,WcD0C191711040000_02.ce,46,0.19156923166574785,"{1, 2, 3, 4, 23, 25, 37, 43, 46, 47, 50, 51, 52, 53, 54, 55, 56, 57, 58, 59, 60, 80, 81, 83, 103, 104, 105, 106, 133, 135, 136, 138, 141, 151, 152, 153, 154, 160, 171, 172, 177, 179, 186, 187, 189, 194}" 
Ref4.5,C4.5,WcD0C191711040015_02.ce,74,0.2254049688853135,"{1, 2, 3, 4, 11, 13, 17, 32, 33, 34, 35, 37, 47, 67, 68, 69, 70, 76, 77, 81, 82, 83, 84, 85, 87, 88, 89, 90, 92, 95, 96, 97, 98, 99, 100, 101, 102, 105, 106, 107, 108, 109, 110, 111, 112, 113, 114, 115, 116, 117, 118, 119, 122, 123, 124, 125, 126, 128, 129, 130, 131, 132, 133, 134, 135, 136, 138, 141, 142, 143, 156, 157, 158, 159}" 
Ref4.5,C4.5,WcD0C191711040030_02.ce,16,0.25998745168515647,"{37, 41, 53, 70, 71, 80, 83, 89, 117, 123, 135, 170, 171, 174, 178, 179}" 
Ref4.5,C4.5,WcD0C191711040045_02.ce,72,0.2649407055383358,"{3, 4, 12, 13, 20, 21, 25, 26, 73, 81, 83, 98, 101, 102, 103, 105, 106, 110, 118, 119, 120, 121, 123, 126, 131, 132, 133, 134, 135, 136, 137, 138, 139, 140, 141, 142, 143, 144, 145, 146, 147, 148, 150, 151, 152, 153, 154, 155, 156, 157, 161, 162, 163, 164, 165, 166, 167, 170, 171, 172, 173, 174, 175, 176, 177, 178, 181, 185, 187, 191, 192, 194}" 
Ref4.5,C4.4,WcD07D91711040100_04.ce,73,0.22728922852150188,"{1, 2, 3, 4, 5, 6, 7, 8, 9, 11, 12, 14, 15, 16, 17, 18, 19, 20, 21, 22, 23, 24, 25, 26, 27, 28, 29, 30, 31, 32, 33, 34, 43, 44, 47, 50, 52, 58, 65, 66, 67, 71, 72, 73, 74, 88, 114, 119, 124, 125, 127, 128, 129, 130, 131, 132, 133, 134, 135, 136, 137, 138, 139, 140, 141, 142, 148, 157, 158, 168, 169, 170, 176}" 
Ref4.5,C4.4,WcD07D91711040115_04.ce,11,0.1814053327780161,"{19, 20, 26, 34, 35, 37, 38, 39, 40, 152, 180}" 
Ref4.5,C4.4,WcD07D91711040130_04.ce,8,0.19121452679408082,"{9, 21, 44, 45, 52, 70, 131, 157}" 
Ref4.5,C4.4,WcD07D91711040145_04.ce,14,0.20000473650364015,"{8, 40, 66, 96, 112, 116, 120, 151, 173, 174, 182, 183, 186, 187}" 
Ref4.5,C4.5,WcD0C191711040100_02.ce,59,0.21575482154925177,"{1, 2, 3, 4, 7, 11, 12, 13, 14, 15, 16, 20, 21, 22, 23, 24, 25, 26, 27, 28, 29, 38, 39, 53, 61, 62, 63, 64, 66, 67, 68, 69, 83, 109, 119, 120, 122, 123, 124, 125, 126, 127, 128, 129, 130, 131, 132, 133, 134, 135, 136, 137, 142, 152, 163, 164, 165, 171, 181}" 
Ref4.5,C4.5,WcD0C191711040115_02.ce,9,0.1719264626544578,"{19, 25, 33, 36, 37, 38, 39, 68, 151}" 
Ref4.5,C4.5,WcD0C191711040130_02.ce,6,0.1803178126454707,"{20, 24, 43, 51, 129, 130}" 
Ref4.5,C4.5,WcD0C191711040145_02.ce,10,0.1923031432626115,"{50, 57, 65, 90, 101, 145, 168, 176, 180, 181}" 
Ref4.5,C4.4,WcD07D91711040200_04.ce,55,0.18914614802448954,"{1, 2, 3, 4, 5, 6, 7, 8, 9, 10, 13, 32, 122, 128, 129, 130, 137, 138, 139, 141, 142, 143, 144, 148, 150, 151, 152, 153, 156, 157, 158, 159, 160, 161, 162, 163, 164, 165, 166, 169, 170, 172, 173, 174, 176, 179, 185, 188, 190, 191, 192, 193, 194, 195, 196}" 
Ref4.5,C4.4,WcD07D91711040215_04.ce,137,0.24514268295283942,"{1, 6, 7, 8, 9, 10, 11, 12, 13, 14, 15, 18, 19, 20, 21, 22, 23, 24, 25, 26, 28, 33, 34, 35, 36, 37, 38, 39, 40, 41, 42, 43, 46, 47, 48, 54, 55, 59, 70, 71, 72, 77, 81, 82, 83, 84, 85, 86, 87, 89, 90, 91, 94, 95, 96, 97, 98, 99, 100, 101, 102, 103, 104, 105, 106, 107, 108, 109, 110, 111, 112, 113, 114, 115, 116, 117, 118, 119, 120, 121, 122, 123, 127, 128, 129, 130, 131, 132, 133, 134, 135, 136, 137, 138, 139, 140, 141, 142, 145, 146, 147, 148, 150, 151, 152, 153, 154, 155, 156, 157, 158, 159, 160, 161, 162, 163, 164, 165, 166, 167, 168, 169, 171, 172, 174, 175, 178, 179, 182, 183, 184, 185, 187, 188, 189, 191, 193}" 
Ref4.5,C4.4,WcD07D91711040230_04.ce,80,0.22830746072085625,"{1, 2, 5, 6, 7, 8, 9, 12, 13, 14, 15, 16, 17, 18, 19, 21, 22, 23, 25, 26, 27, 28, 29, 34, 35, 36, 38, 40, 41, 42, 43, 45, 46, 47, 48, 49, 50, 51, 52, 55, 56, 57, 58, 59, 60, 61, 62, 63, 66, 67, 68, 69, 70, 74, 75, 78, 80, 81, 82, 83, 85, 87, 90, 91, 92, 95, 96, 97, 98, 99, 100, 120, 127, 130, 132, 133, 151, 157, 164, 168}" 
Ref4.5,C4.4,WcD07D91711040245_04.ce,48,0.23442946545267812,"{3, 7, 8, 9, 16, 17, 18, 22, 28, 29, 30, 46, 55, 57, 65, 68, 70, 76, 80, 99, 100, 110, 112, 123, 129, 132, 135, 146, 152, 154, 158, 159, 165, 167, 170, 171, 172, 174, 175, 181, 182, 185, 186, 187, 188, 193, 194, 195}" 
Ref4.5,C4.5,WcD0C191711040200_02.ce,47,0.18055379971923943,"{1, 2, 3, 4, 7, 26, 39, 116, 122, 123, 124, 131, 132, 133, 135, 136, 137, 138, 142, 144, 146, 147, 150, 151, 152, 153, 154, 155, 156, 157, 158, 159, 160, 163, 164, 166, 167, 170, 173, 178, 182, 184, 187, 188, 189, 190, 191}" 
Ref4.5,C4.5,WcD0C191711040215_02.ce,135,0.24810520698167238,"{4, 5, 6, 7, 8, 9, 10, 11, 12, 13, 16, 17, 18, 19, 22, 23, 24, 25, 26, 31, 32, 33, 34, 35, 36, 37, 38, 39, 40, 41, 44, 45, 46, 51, 53, 68, 69, 70, 73, 78, 79, 80, 81, 82, 83, 84, 85, 86, 87, 88, 89, 92, 93, 94, 95, 96, 97, 98, 99, 100, 101, 102, 103, 104, 105, 106, 107, 109, 110, 111, 112, 113, 114, 115, 116, 117, 118, 119, 120, 121, 122, 123, 124, 125, 127, 128, 129, 130, 131, 132, 133, 134, 135, 136, 137, 138, 139, 140, 142, 143, 145, 146, 148, 149, 150, 151, 152, 153, 154, 156, 157, 158, 159, 160, 161, 162, 163, 164, 165, 166, 167, 168, 170, 172, 173, 179, 181, 182, 183, 185, 186, 188, 190, 191, 192}" 
Ref4.5,C4.5,WcD0C191711040230_02.ce,66,0.2262804121430947,"{3, 5, 7, 10, 11, 12, 14, 15, 16, 17, 19, 20, 23, 24, 26, 27, 32, 34, 36, 38, 39, 42, 44, 45, 46, 47, 48, 49, 50, 53, 54, 55, 58, 59, 60, 64, 65, 66, 67, 68, 70, 71, 72, 73, 74, 75, 76, 80, 81, 85, 88, 89, 93, 94, 95, 96, 97, 110, 125, 130, 149, 162, 166, 183, 191, 193}" 
Ref4.5,C4.5,WcD0C191711040245_02.ce,43,0.2303995665203251,"{2, 3, 4, 11, 12, 13, 23, 24, 40, 41, 50, 52, 60, 63, 71, 75, 94, 95, 99, 105, 107, 118, 124, 127, 130, 141, 147, 149, 153, 160, 162, 165, 166, 167, 170, 176, 177, 180, 181, 182, 183, 188, 190}" 
Ref4.5,C4.4,WcD07D91711040300_04.ce,35,0.21931879827762218,"{1, 2, 3, 4, 5, 6, 7, 17, 18, 33, 37, 40, 64, 73, 81, 100, 119, 121, 126, 132, 137, 138, 141, 142, 147, 148, 149, 152, 160, 166, 167, 171, 175, 176, 189}" 
Ref4.5,C4.4,WcD07D91711040315_04.ce,56,0.23905889223812668,"{1, 7, 11, 15, 29, 30, 47, 48, 49, 50, 51, 58, 59, 60, 61, 62, 64, 67, 70, 71, 73, 74, 75, 77, 78, 79, 80, 82, 83, 84, 86, 87, 88, 94, 95, 101, 104, 109, 110, 113, 118, 122, 123, 126, 133, 134, 139, 140, 145, 147, 149, 151, 156, 162, 169, 176}" 
Ref4.5,C4.4,WcD07D91711040330_04.ce,55,0.20624148903809625,"{12, 18, 26, 27, 28, 29, 30, 31, 32, 33, 35, 47, 50, 56, 61, 62, 63, 70, 79, 80, 81, 85, 86, 89, 92, 93, 94, 95, 96, 97, 98, 117, 118, 120, 123, 140, 141, 143, 144, 145, 146, 147, 148, 149, 150, 151, 152, 153, 154, 155, 170, 182, 183, 184, 185}" 
Ref4.5,C4.4,WcD07D91711040345_04.ce,82,0.2196093712184507,"{13, 14, 22, 23, 24, 25, 26, 33, 36, 45, 54, 55, 59, 60, 64, 65, 66, 67, 76, 77, 78, 79, 80, 81, 91, 95, 96, 97, 99, 100, 101, 102, 103, 119, 120, 121, 122, 123, 124, 125, 126, 127, 128, 129, 130, 131, 137, 138, 139, 140, 141, 142, 143, 144, 145, 146, 147, 148, 150, 151, 152, 153, 154, 156, 157, 160, 161, 163, 164, 175, 177, 180, 186, 187, 188, 189, 190, 192, 193, 194, 195, 196}" 
Ref4.5,C4.5,WcD0C191711040300_02.ce,34,0.21419312436512136,"{1, 2, 3, 4, 14, 15, 34, 61, 70, 97, 102, 104, 116, 121, 123, 129, 134, 135, 138, 139, 144, 146, 153, 154, 155, 157, 161, 163, 164, 173, 185, 186, 188, 192}" 
Ref4.5,C4.5,WcD0C191711040315_02.ce,45,0.22430396406598627,"{4, 5, 9, 13, 27, 28, 45, 47, 56, 57, 58, 60, 65, 69, 71, 72, 74, 75, 76, 77, 78, 80, 81, 82, 84, 85, 92, 93, 99, 102, 107, 111, 116, 120, 121, 124, 131, 132, 137, 143, 147, 160, 167, 170, 174}" 
Ref4.5,C4.5,WcD0C191711040330_02.ce,44,0.1936479966339268,"{16, 24, 25, 26, 27, 28, 29, 30, 31, 33, 45, 59, 68, 74, 77, 78, 79, 83, 84, 90, 91, 92, 93, 94, 95, 115, 118, 138, 139, 141, 142, 143, 145, 147, 148, 149, 150, 151, 152, 153, 180, 181, 182, 183}" 
Ref4.5,C4.5,WcD0C191711040345_02.ce,72,0.22042961711603412,"{8, 9, 17, 18, 19, 20, 21, 40, 49, 54, 55, 59, 60, 61, 71, 73, 75, 86, 90, 91, 92, 94, 95, 96, 97, 98, 114, 115, 116, 117, 118, 119, 120, 121, 122, 123, 124, 125, 132, 133, 134, 135, 137, 138, 139, 140, 141, 142, 143, 145, 146, 147, 148, 152, 155, 156, 158, 159, 170, 172, 175, 181, 182, 183, 184, 187, 188, 189, 190, 191, 192, 193}" 
Ref4.5,C4.4,WcD07D91711040400_04.ce,72,0.24448999001757596,"{1, 2, 3, 4, 5, 6, 7, 13, 15, 22, 23, 31, 39, 40, 45, 46, 47, 52, 53, 54, 62, 64, 74, 75, 80, 81, 82, 84, 85, 89, 90, 99, 101, 111, 115, 116, 117, 119, 120, 121, 122, 123, 124, 125, 126, 127, 128, 131, 132, 133, 136, 139, 140, 141, 142, 146, 147, 149, 150, 151, 152, 153, 154, 155, 165, 166, 186, 188, 189, 190, 191, 192}" 
Ref4.5,C4.4,WcD07D91711040415_04.ce,64,0.2034207062265153,"{1, 2, 3, 4, 9, 10, 11, 16, 17, 18, 25, 52, 72, 76, 80, 81, 82, 86, 87, 88, 89, 92, 97, 98, 99, 100, 101, 111, 119, 123, 124, 125, 126, 127, 128, 129, 130, 131, 132, 137, 138, 139, 144, 152, 153, 154, 155, 156, 157, 159, 160, 161, 162, 168, 169, 170, 172, 176, 181, 182, 183, 184, 186, 187}" 
Ref4.5,C4.4,WcD07D91711040430_04.ce,24,0.21213849485799238,"{11, 16, 34, 35, 39, 40, 45, 46, 50, 53, 54, 59, 65, 66, 67, 79, 96, 107, 109, 110, 111, 113, 115, 129}" 
Ref4.5,C4.4,WcD07D91711040445_04.ce,42,0.18615545203154582,"{1, 2, 3, 4, 5, 6, 7, 8, 9, 10, 12, 33, 34, 42, 52, 57, 73, 74, 75, 76, 79, 86, 87, 115, 126, 143, 144, 145, 149, 151, 154, 155, 160, 161, 162, 168, 173, 175, 176, 180, 181, 192}" 
Ref4.5,C4.5,WcD0C191711040400_02.ce,71,0.23053377547770781,"{1, 2, 3, 4, 5, 13, 20, 21, 29, 31, 32, 37, 38, 43, 44, 45, 50, 51, 52, 60, 61, 64, 68, 73, 78, 79, 80, 82, 83, 85, 87, 88, 89, 97, 109, 113, 114, 115, 117, 118, 119, 120, 121, 122, 123, 125, 126, 128, 129, 130, 131, 133, 134, 137, 138, 139, 144, 145, 147, 148, 149, 151, 152, 153, 164, 165, 184, 186, 187, 192, 193}" 
Ref4.5,C4.5,WcD0C191711040415_02.ce,53,0.18074444723833943,"{1, 7, 8, 9, 14, 16, 22, 23, 29, 51, 60, 69, 70, 74, 78, 79, 80, 85, 86, 90, 91, 95, 96, 97, 98, 99, 122, 124, 125, 126, 127, 128, 129, 130, 135, 136, 137, 151, 152, 153, 157, 159, 166, 168, 169, 170, 179, 180, 181, 182, 184, 185, 191}" 
Ref4.5,C4.5,WcD0C191711040430_02.ce,23,0.19017086982828535,"{9, 21, 28, 33, 39, 40, 42, 47, 57, 58, 66, 89, 90, 99, 102, 103, 108, 122, 189, 190, 191, 192, 193}" 
Ref4.5,C4.5,WcD0C191711040445_02.ce,29,0.17100217220172537,"{1, 2, 3, 4, 5, 27, 28, 41, 44, 51, 67, 68, 69, 73, 79, 109, 120, 137, 138, 139, 143, 144, 149, 154, 155, 162, 169, 170, 174}" 
Ref4.5,C4.4,WcD07D91711040500_04.ce,48,0.21132265951097776,"{1, 2, 3, 4, 5, 6, 13, 14, 16, 36, 39, 45, 46, 47, 48, 49, 56, 61, 67, 68, 75, 80, 84, 85, 93, 105, 107, 108, 111, 114, 115, 120, 125, 129, 133, 140, 141, 145, 146, 147, 151, 152, 169, 182, 186, 188, 189, 190}" 
Ref4.5,C4.4,WcD07D91711040515_04.ce,61,0.20960678991964402,"{26, 33, 38, 40, 41, 42, 72, 73, 74, 75, 76, 78, 79, 84, 87, 89, 92, 94, 95, 99, 100, 101, 111, 112, 114, 115, 116, 117, 119, 120, 126, 127, 128, 129, 131, 132, 133, 136, 137, 139, 140, 141, 142, 143, 144, 147, 148, 149, 150, 151, 152, 157, 163, 164, 165, 171, 177, 178, 179, 189, 190}" 
Ref4.5,C4.4,WcD07D91711040530_04.ce,116,0.209601896022022,"{2, 3, 8, 10, 18, 36, 37, 38, 39, 40, 42, 43, 44, 45, 63, 64, 65, 66, 67, 69, 70, 71, 74, 77, 87, 91, 92, 93, 94, 95, 97, 99, 100, 101, 102, 103, 104, 105, 106, 108, 109, 110, 111, 112, 114, 115, 116, 117, 118, 119, 120, 121, 122, 123, 124, 125, 126, 128, 132, 133, 137, 138, 139, 140, 141, 142, 143, 144, 145, 146, 147, 148, 149, 150, 151, 152, 153, 154, 155, 156, 158, 159, 160, 161, 162, 163, 164, 165, 166, 167, 168, 169, 170, 171, 172, 173, 174, 175, 176, 177, 178, 179, 180, 181, 182, 183, 184, 185, 186, 187, 188, 189, 190, 191, 192, 194}" 
Ref4.5,C4.4,WcD07D91711040545_04.ce,90,0.16539492564610941,"{2, 3, 4, 5, 6, 9, 10, 11, 13, 14, 15, 16, 17, 19, 20, 21, 22, 23, 24, 25, 26, 27, 28, 29, 30, 31, 32, 33, 34, 35, 36, 37, 38, 39, 40, 41, 42, 43, 44, 45, 46, 52, 53, 54, 55, 56, 57, 58, 59, 60, 61, 62, 63, 64, 65, 66, 67, 79, 80, 81, 82, 83, 84, 85, 86, 87, 88, 99, 109, 110, 111, 112, 113, 114, 115, 120, 121, 122, 123, 124, 125, 126, 127, 128, 129, 130, 136, 161, 162, 163}" 
Ref4.5,C4.5,WcD0C191711040500_02.ce,41,0.19614473685827682,"{1, 2, 3, 4, 11, 30, 34, 43, 44, 45, 46, 54, 65, 66, 78, 82, 83, 91, 93, 96, 99, 103, 105, 106, 115, 118, 119, 122, 123, 131, 138, 139, 143, 144, 145, 178, 184, 185, 187, 188, 194}" 
Ref4.5,C4.5,WcD0C191711040515_02.ce,53,0.20353646618382432,"{1, 23, 34, 35, 38, 39, 71, 72, 73, 74, 76, 81, 83, 84, 86, 89, 91, 92, 95, 96, 97, 98, 107, 109, 111, 112, 113, 114, 116, 117, 124, 125, 126, 127, 128, 129, 130, 136, 137, 139, 140, 141, 144, 145, 148, 150, 161, 168, 174, 175, 186, 187, 190}" 
Ref4.5,C4.5,WcD0C191711040530_02.ce,97,0.20798313266525661,"{12, 30, 32, 33, 34, 36, 37, 38, 39, 58, 61, 63, 64, 65, 68, 71, 87, 88, 89, 90, 91, 93, 95, 96, 97, 98, 99, 100, 102, 103, 104, 105, 106, 107, 108, 109, 110, 111, 112, 113, 114, 116, 117, 118, 119, 120, 125, 126, 127, 131, 132, 133, 134, 135, 136, 137, 138, 140, 141, 143, 144, 146, 147, 148, 149, 153, 154, 155, 157, 159, 161, 163, 164, 165, 166, 167, 168, 169, 170, 171, 172, 173, 174, 175, 176, 177, 178, 179, 182, 184, 185, 186, 187, 191, 192, 193, 194}" 
Ref4.5,C4.5,WcD0C191711040545_02.ce,86,0.14153794045376433,"{1, 2, 5, 6, 7, 9, 10, 11, 12, 13, 14, 15, 16, 17, 18, 19, 20, 21, 22, 23, 24, 25, 26, 27, 28, 29, 30, 31, 32, 33, 34, 35, 36, 37, 38, 39, 40, 41, 48, 49, 50, 51, 52, 53, 54, 55, 56, 57, 58, 59, 60, 61, 62, 63, 75, 76, 77, 78, 80, 81, 83, 95, 105, 106, 107, 108, 109, 110, 111, 115, 116, 117, 118, 119, 120, 121, 122, 123, 124, 125, 126, 132, 157, 158, 159, 193}" 
Ref4.5,C4.4,WcD07D91711040600_04.ce,86,0.2197321936639143,"{1, 2, 3, 4, 5, 6, 7, 8, 11, 15, 16, 17, 22, 25, 26, 27, 28, 29, 30, 31, 32, 33, 43, 44, 45, 46, 47, 49, 50, 53, 54, 60, 61, 62, 63, 64, 66, 67, 68, 69, 70, 71, 72, 73, 74, 76, 77, 78, 79, 80, 81, 82, 83, 84, 85, 86, 87, 88, 91, 105, 106, 112, 113, 114, 115, 116, 117, 123, 124, 125, 145, 161, 163, 164, 165, 166, 167, 168, 169, 170, 171, 172, 182, 183, 184, 185}" 
Ref4.5,C4.4,WcD07D91711040615_04.ce,21,0.21853318086185827,"{15, 16, 17, 36, 37, 45, 55, 61, 62, 63, 64, 66, 67, 78, 79, 80, 83, 86, 98, 124, 174}" 
Ref4.5,C4.4,WcD07D91711040630_04.ce,30,0.22282958674334924,"{9, 10, 11, 14, 15, 16, 23, 26, 31, 40, 44, 50, 53, 55, 57, 59, 64, 68, 74, 75, 76, 103, 104, 105, 116, 145, 181, 183, 184, 190}" 
Ref4.5,C4.4,WcD07D91711040645_04.ce,15,0.1870985372735463,"{8, 13, 55, 61, 72, 74, 84, 169, 171, 175, 180, 181, 188, 189, 190}" 
Ref4.5,C4.5,WcD0C191711040600_02.ce,67,0.20995740027276133,"{1, 2, 3, 4, 5, 8, 13, 19, 22, 23, 24, 28, 30, 40, 41, 42, 43, 44, 46, 47, 50, 57, 60, 61, 63, 64, 65, 66, 67, 69, 70, 71, 72, 73, 74, 75, 76, 77, 78, 79, 80, 81, 82, 83, 84, 85, 101, 102, 107, 111, 112, 113, 119, 120, 122, 158, 161, 163, 164, 165, 166, 167, 169, 179, 180, 181, 182}" 
Ref4.5,C4.5,WcD0C191711040615_02.ce,14,0.20199496433389957,"{14, 15, 16, 61, 62, 63, 66, 77, 85, 97, 123, 151, 173, 183}" 
Ref4.5,C4.5,WcD0C191711040630_02.ce,21,0.2098949910404021,"{1, 3, 5, 6, 7, 8, 32, 36, 45, 48, 49, 60, 66, 68, 96, 99, 108, 137, 173, 175, 182}" 
Ref4.5,C4.5,WcD0C191711040645_02.ce,12,0.17559889294452005,"{4, 51, 68, 70, 102, 165, 167, 176, 177, 183, 185, 186}" 
Ref4.5,C4.4,WcD07D91711040700_04.ce,56,0.16325482256524956,"{1, 2, 3, 4, 5, 6, 10, 11, 12, 13, 14, 16, 22, 23, 24, 25, 26, 27, 28, 29, 30, 31, 32, 33, 34, 35, 36, 37, 38, 39, 40, 41, 42, 90, 100, 101, 103, 104, 105, 106, 107, 109, 110, 111, 113, 115, 120, 126, 133, 136, 137, 138, 139, 140, 141, 142}" 
Ref4.5,C4.4,WcD07D91711040715_04.ce,84,0.21581389018369193,"{4, 5, 6, 7, 8, 9, 10, 11, 14, 16, 60, 61, 63, 64, 65, 66, 67, 68, 69, 70, 72, 73, 74, 75, 76, 77, 78, 79, 80, 81, 82, 83, 84, 85, 86, 87, 89, 90, 93, 94, 95, 96, 97, 100, 101, 102, 103, 105, 106, 107, 108, 110, 111, 112, 115, 116, 117, 118, 120, 121, 123, 125, 127, 128, 129, 130, 131, 132, 133, 134, 139, 140, 141, 144, 145, 151, 152, 153, 154, 155, 156, 157, 158, 159}" 
Ref4.5,C4.4,WcD07D91711040730_04.ce,70,0.21387358791043287,"{21, 22, 23, 30, 31, 33, 34, 53, 54, 55, 56, 57, 69, 70, 83, 86, 87, 88, 93, 94, 96, 98, 99, 100, 101, 102, 103, 104, 107, 108, 110, 111, 119, 120, 125, 153, 154, 155, 158, 159, 160, 161, 164, 165, 166, 168, 169, 170, 171, 173, 175, 176, 177, 179, 180, 181, 183, 184, 185, 186, 187, 188, 189, 190, 191, 192, 193, 194, 195, 196}" 
Ref4.5,C4.4,WcD07D91711040745_04.ce,55,0.222989529810428,"{1, 2, 3, 4, 5, 6, 8, 9, 10, 11, 12, 13, 14, 15, 16, 17, 19, 20, 23, 24, 29, 30, 31, 32, 37, 39, 40, 41, 43, 44, 45, 47, 48, 49, 50, 52, 53, 54, 57, 58, 60, 61, 62, 63, 64, 68, 70, 73, 74, 90, 92, 93, 96, 119, 120}" 
Ref4.5,C4.5,WcD0C191711040700_02.ce,56,0.1442176435395846,"{1, 2, 3, 4, 8, 9, 11, 13, 14, 18, 20, 21, 22, 23, 24, 25, 26, 27, 28, 29, 30, 31, 32, 33, 34, 35, 36, 37, 38, 39, 40, 87, 94, 95, 97, 101, 102, 103, 105, 106, 107, 108, 111, 113, 119, 122, 124, 125, 131, 132, 133, 134, 135, 137, 138, 139}" 
Ref4.5,C4.5,WcD0C191711040715_02.ce,74,0.2040270830910886,"{4, 5, 6, 7, 8, 10, 11, 14, 60, 61, 63, 64, 65, 66, 68, 70, 73, 75, 76, 78, 80, 81, 82, 83, 84, 85, 87, 89, 90, 91, 92, 93, 94, 95, 96, 97, 100, 101, 102, 103, 104, 106, 107, 110, 111, 112, 115, 116, 117, 118, 120, 125, 128, 129, 130, 131, 133, 134, 136, 139, 140, 143, 144, 145, 150, 151, 152, 153, 154, 155, 156, 157, 158, 159}" 
Ref4.5,C4.5,WcD0C191711040730_02.ce,66,0.21407647379216696,"{8, 14, 15, 16, 23, 26, 27, 46, 47, 48, 49, 63, 79, 80, 81, 86, 89, 91, 93, 94, 95, 96, 101, 102, 103, 110, 113, 127, 146, 147, 148, 151, 152, 153, 154, 157, 158, 161, 162, 163, 164, 166, 168, 169, 170, 171, 172, 174, 175, 177, 178, 179, 180, 181, 182, 183, 184, 185, 186, 187, 188, 189, 190, 191, 192, 193}" 
Ref4.5,C4.5,WcD0C191711040745_02.ce,49,0.21257589898419324,"{1, 4, 5, 6, 7, 8, 9, 11, 12, 13, 15, 16, 19, 20, 25, 28, 31, 33, 35, 36, 37, 38, 39, 40, 42, 43, 44, 45, 46, 48, 49, 50, 52, 53, 56, 57, 58, 59, 60, 63, 64, 66, 69, 79, 85, 88, 89, 92, 108}" 
Ref4.5,C4.4,WcD07D91711040800_04.ce,37,0.20835866564860295,"{1, 2, 3, 4, 5, 6, 7, 30, 33, 34, 35, 38, 39, 40, 41, 42, 52, 101, 108, 111, 113, 115, 116, 117, 118, 119, 120, 121, 122, 125, 126, 129, 135, 136, 139, 140, 151}" 
Ref4.5,C4.4,WcD07D91711040815_04.ce,62,0.23503563084412207,"{20, 22, 29, 30, 57, 58, 62, 65, 66, 72, 73, 74, 75, 81, 82, 86, 87, 92, 93, 94, 96, 97, 100, 101, 103, 104, 105, 106, 107, 108, 109, 114, 116, 121, 122, 123, 124, 125, 128, 129, 130, 131, 134, 138, 139, 140, 142, 143, 146, 147, 148, 150, 151, 153, 154, 155, 156, 157, 159, 160, 161, 162}" 
Ref4.5,C4.4,WcD07D91711040830_04.ce,50,0.2160554103146867,"{15, 16, 17, 18, 19, 20, 22, 23, 24, 30, 31, 32, 34, 35, 45, 46, 56, 64, 65, 76, 77, 78, 83, 85, 86, 87, 88, 89, 90, 91, 92, 93, 94, 97, 98, 99, 107, 113, 137, 142, 143, 144, 145, 146, 147, 162, 163, 171, 178, 186}" 
Ref4.5,C4.4,WcD07D91711040845_04.ce,65,0.23818372506727514,"{8, 9, 11, 15, 19, 21, 24, 26, 32, 37, 41, 45, 46, 51, 52, 66, 71, 72, 75, 77, 78, 79, 80, 81, 82, 87, 88, 89, 92, 93, 98, 99, 100, 105, 106, 107, 108, 109, 112, 113, 114, 115, 116, 118, 119, 121, 122, 123, 124, 125, 126, 133, 134, 138, 150, 156, 169, 170, 172, 174, 175, 177, 178, 179, 183}" 
Ref4.5,C4.5,WcD0C191711040800_02.ce,26,0.1976825178308621,"{1, 2, 3, 26, 29, 30, 34, 35, 36, 37, 47, 107, 110, 112, 113, 114, 115, 116, 117, 118, 121, 122, 125, 131, 135, 147}" 
Ref4.5,C4.5,WcD0C191711040815_02.ce,58,0.20841003018245155,"{20, 22, 30, 57, 58, 62, 65, 66, 72, 73, 74, 75, 81, 82, 86, 87, 92, 93, 96, 97, 99, 100, 103, 104, 105, 106, 107, 108, 109, 115, 116, 117, 118, 121, 122, 123, 124, 125, 128, 130, 131, 134, 138, 139, 140, 142, 143, 148, 149, 150, 153, 154, 155, 156, 158, 159, 160, 161}" 
Ref4.5,C4.5,WcD0C191711040830_02.ce,48,0.19061200622227972,"{10, 11, 12, 13, 14, 15, 17, 18, 19, 25, 26, 29, 30, 40, 41, 51, 59, 71, 72, 73, 77, 78, 80, 82, 83, 84, 85, 86, 87, 88, 89, 91, 92, 93, 94, 101, 102, 103, 108, 138, 139, 140, 141, 158, 166, 168, 179, 181}" 
Ref4.5,C4.5,WcD0C191711040845_02.ce,57,0.22537527229780904,"{4, 5, 11, 15, 17, 20, 28, 33, 37, 42, 44, 47, 48, 62, 67, 68, 71, 73, 74, 75, 76, 77, 83, 84, 88, 89, 94, 95, 99, 101, 102, 103, 104, 108, 109, 110, 111, 112, 114, 115, 117, 118, 119, 120, 122, 129, 130, 152, 165, 168, 170, 171, 173, 174, 175, 178, 179}" 
Ref4.5,C4.4,WcD07D91711040900_04.ce,87,0.21609198936221918,"{2, 3, 4, 5, 6, 7, 8, 18, 24, 31, 66, 78, 79, 80, 81, 82, 84, 85, 89, 90, 92, 93, 94, 95, 96, 97, 98, 99, 101, 102, 103, 104, 105, 106, 107, 108, 109, 110, 111, 112, 113, 114, 115, 116, 117, 118, 119, 120, 121, 122, 123, 124, 125, 126, 127, 128, 129, 130, 131, 132, 133, 134, 135, 136, 137, 138, 139, 140, 141, 142, 143, 146, 147, 148, 149, 150, 151, 155, 156, 157, 159, 160, 161, 162, 163, 164, 165}" 
Ref4.5,C4.4,WcD07D91711040915_04.ce,33,0.19756732767647714,"{15, 16, 23, 24, 51, 57, 61, 62, 81, 82, 83, 84, 85, 86, 87, 88, 89, 97, 134, 148, 149, 150, 156, 157, 159, 160, 171, 172, 179, 191, 192, 193, 195}" 
Ref4.5,C4.4,WcD07D91711040930_04.ce,119,0.2632438407581975,"{3, 4, 5, 6, 7, 8, 9, 16, 17, 18, 19, 20, 22, 23, 24, 25, 26, 27, 28, 31, 32, 39, 40, 43, 44, 53, 54, 57, 58, 62, 65, 66, 67, 71, 73, 74, 77, 78, 79, 82, 83, 86, 87, 89, 90, 91, 92, 93, 94, 95, 99, 101, 103, 104, 105, 106, 108, 110, 111, 112, 113, 115, 117, 118, 119, 120, 124, 126, 127, 128, 129, 130, 131, 133, 134, 135, 136, 137, 138, 139, 142, 145, 150, 151, 156, 157, 158, 159, 160, 161, 162, 163, 164, 165, 169, 170, 171, 172, 173, 174, 175, 176, 177, 178, 179, 180, 181, 182, 183, 184, 185, 186, 187, 188, 189, 190, 191, 192, 193}" 
Ref4.5,C4.4,WcD07D91711040945_04.ce,49,0.15446730655754778,"{1, 2, 3, 4, 5, 6, 7, 8, 9, 10, 11, 12, 13, 14, 15, 16, 17, 18, 19, 20, 21, 22, 23, 24, 25, 26, 27, 28, 29, 30, 31, 32, 33, 34, 35, 36, 37, 38, 40, 41, 42, 44, 45, 52, 70, 76, 105, 149, 150}" 
Ref4.5,C4.5,WcD0C191711040900_02.ce,79,0.19411101641838524,"{1, 2, 3, 4, 5, 6, 17, 30, 65, 77, 78, 79, 80, 81, 84, 86, 88, 89, 91, 92, 93, 94, 95, 96, 97, 98, 100, 101, 102, 103, 104, 105, 106, 107, 108, 109, 110, 111, 112, 113, 114, 115, 116, 117, 118, 121, 122, 123, 124, 125, 127, 128, 129, 130, 131, 133, 134, 135, 136, 137, 138, 139, 140, 141, 142, 145, 146, 147, 148, 149, 154, 156, 158, 159, 160, 161, 162, 163, 164}" 
Ref4.5,C4.5,WcD0C191711040915_02.ce,29,0.19175107685075096,"{6, 7, 8, 15, 52, 53, 72, 73, 74, 75, 76, 77, 78, 79, 88, 139, 140, 141, 148, 150, 162, 163, 170, 182, 183, 184, 186, 192, 193}" 
Ref4.5,C4.5,WcD0C191711040930_02.ce,113,0.25761502249827656,"{1, 2, 3, 4, 5, 12, 13, 14, 15, 18, 19, 20, 21, 22, 23, 24, 27, 28, 35, 36, 39, 40, 49, 53, 54, 61, 62, 63, 68, 69, 73, 74, 75, 82, 83, 86, 87, 88, 89, 90, 97, 98, 99, 100, 101, 102, 103, 104, 106, 107, 108, 109, 110, 111, 112, 113, 115, 116, 120, 122, 123, 124, 125, 126, 127, 128, 129, 130, 131, 132, 133, 134, 135, 138, 141, 142, 143, 144, 145, 146, 151, 155, 156, 158, 159, 160, 166, 167, 168, 169, 170, 171, 172, 174, 175, 176, 177, 178, 179, 180, 181, 182, 183, 184, 185, 186, 187, 188, 189, 190, 191, 192, 193}" 
Ref4.5,C4.5,WcD0C191711040945_02.ce,43,0.15790003098160266,"{1, 2, 3, 4, 5, 6, 7, 8, 9, 10, 11, 12, 13, 14, 15, 16, 17, 18, 19, 20, 21, 22, 23, 24, 25, 26, 27, 28, 29, 30, 31, 32, 33, 34, 35, 36, 37, 38, 40, 41, 48, 72, 145}" 
Ref4.5,C4.4,WcD07D91711041000_04.ce,17,0.14884944201856465,"{1, 2, 3, 4, 58, 67, 128, 129, 130, 138, 145, 158, 159, 160, 161, 179, 180}" 
Ref4.5,C4.4,WcD07D91711041015_04.ce,19,0.15593351361313398,"{5, 10, 11, 42, 43, 61, 66, 74, 78, 90, 91, 92, 115, 116, 164, 165, 171, 172, 192}" 
Ref4.5,C4.4,WcD07D91711041030_04.ce,17,0.149663818468868,"{4, 16, 21, 23, 38, 44, 46, 59, 71, 77, 81, 83, 88, 95, 103, 104, 123}" 
Ref4.5,C4.4,WcD07D91711041045_04.ce,9,0.14189153502712037,"{78, 115, 117, 119, 151, 163, 169, 193, 196}" 
Ref4.5,C4.5,WcD0C191711041000_02.ce,17,0.13742045972895778,"{1, 2, 3, 58, 66, 76, 127, 128, 137, 138, 144, 158, 159, 160, 178, 179, 192}" 
Ref4.5,C4.5,WcD0C191711041015_02.ce,17,0.14407318616986908,"{4, 5, 36, 55, 60, 68, 72, 84, 85, 86, 113, 130, 159, 165, 169, 186, 193}" 
Ref4.5,C4.5,WcD0C191711041030_02.ce,11,0.1423561453445832,"{34, 42, 55, 67, 77, 79, 84, 91, 99, 100, 119}" 
Ref4.5,C4.5,WcD0C191711041045_02.ce,4,0.14216274153896571,"{84, 112, 158, 188}" 
Ref4.5,C4.4,WcD07D91711041100_04.ce,21,0.16527597266063634,"{1, 2, 3, 4, 29, 40, 41, 47, 55, 70, 77, 78, 80, 83, 84, 90, 91, 125, 172, 180, 181}" 
Ref4.5,C4.4,WcD07D91711041115_04.ce,5,0.11539078078968931,"{90, 123, 158, 166, 190}" 
Ref4.5,C4.4,WcD07D91711041130_04.ce,20,0.1640577257843285,"{19, 24, 25, 28, 86, 87, 103, 131, 163, 164, 165, 166, 182, 183, 184, 188, 193, 194, 195, 196}" 
Ref4.5,C4.4,WcD07D91711041145_04.ce,44,0.24316580080514152,"{2, 3, 4, 55, 56, 59, 61, 62, 63, 64, 65, 70, 71, 72, 73, 78, 82, 83, 94, 95, 101, 108, 109, 110, 111, 118, 127, 128, 129, 134, 135, 138, 144, 145, 147, 148, 150, 156, 158, 173, 175, 176, 190, 191}" 
Ref4.5,C4.5,WcD0C191711041100_02.ce,14,0.15602864825037904,"{1, 2, 3, 4, 40, 47, 74, 77, 78, 83, 84, 173, 180, 181}" 
Ref4.5,C4.5,WcD0C191711041115_02.ce,4,0.1304671472759935,"{152, 154, 162, 163}" 
Ref4.5,C4.5,WcD0C191711041130_02.ce,16,0.152007597556871,"{14, 19, 81, 82, 126, 145, 158, 159, 160, 177, 178, 179, 183, 189, 190, 191}" 
Ref4.5,C4.5,WcD0C191711041145_02.ce,35,0.2380495923671376,"{2, 3, 54, 55, 61, 62, 63, 64, 69, 70, 71, 72, 78, 79, 81, 92, 93, 100, 108, 109, 116, 119, 122, 127, 137, 141, 146, 147, 149, 154, 157, 167, 172, 190, 194}" 
Ref4.5,C4.4,WcD07D91711041200_04.ce,44,0.23782941414031605,"{1, 2, 3, 4, 5, 6, 7, 8, 9, 10, 12, 15, 18, 19, 25, 30, 31, 35, 37, 39, 41, 42, 44, 45, 46, 54, 59, 61, 67, 73, 79, 88, 93, 94, 95, 102, 103, 104, 115, 118, 120, 131, 132, 188}" 
Ref4.5,C4.4,WcD07D91711041215_04.ce,61,0.26650049772740975,"{5, 6, 7, 8, 9, 11, 12, 13, 14, 15, 17, 18, 19, 20, 21, 25, 26, 28, 37, 38, 39, 40, 44, 46, 50, 51, 55, 60, 61, 69, 71, 77, 79, 81, 90, 92, 95, 96, 97, 98, 103, 109, 110, 111, 112, 116, 144, 147, 149, 160, 162, 163, 164, 169, 172, 174, 175, 176, 177, 190, 192}" 
Ref4.5,C4.4,WcD07D91711041230_04.ce,40,0.22815393172134638,"{2, 3, 6, 8, 13, 26, 29, 30, 32, 34, 36, 37, 38, 43, 44, 46, 49, 50, 51, 52, 54, 77, 79, 81, 82, 95, 104, 111, 121, 144, 145, 146, 148, 158, 170, 171, 175, 179, 187, 188}" 
Ref4.5,C4.4,WcD07D91711041245_04.ce,25,0.22921453079807516,"{20, 24, 47, 56, 63, 70, 72, 77, 78, 81, 82, 96, 100, 101, 102, 123, 124, 128, 129, 147, 150, 163, 175, 187, 189}" 
Ref4.5,C4.5,WcD0C191711041200_02.ce,34,0.23735586925219246,"{1, 2, 3, 4, 5, 6, 8, 14, 17, 18, 24, 29, 30, 35, 36, 37, 39, 40, 41, 44, 45, 53, 66, 72, 87, 93, 94, 101, 103, 111, 117, 119, 131, 187}" 
Ref4.5,C4.5,WcD0C191711041215_02.ce,62,0.26225908307651014,"{1, 2, 3, 4, 6, 7, 9, 10, 12, 13, 14, 15, 16, 20, 21, 23, 32, 33, 34, 35, 36, 39, 41, 45, 50, 55, 56, 72, 74, 75, 76, 85, 87, 90, 91, 92, 98, 101, 103, 104, 105, 106, 108, 118, 122, 139, 141, 147, 151, 152, 155, 157, 164, 166, 167, 169, 170, 171, 185, 187, 190, 191}" 
Ref4.5,C4.5,WcD0C191711041230_02.ce,29,0.2275858361066882,"{1, 3, 8, 25, 27, 29, 30, 31, 32, 33, 37, 41, 44, 45, 46, 47, 72, 74, 76, 99, 106, 116, 139, 140, 147, 153, 166, 182, 183}" 
Ref4.5,C4.5,WcD0C191711041245_02.ce,16,0.2162999078577429,"{19, 55, 62, 69, 71, 76, 77, 81, 99, 122, 127, 128, 149, 174, 188, 189}" 
Ref4.5,C4.4,WcD07D91711041300_04.ce,44,0.1955332542370608,"{1, 2, 3, 4, 5, 6, 7, 8, 9, 29, 35, 38, 39, 44, 57, 65, 66, 67, 68, 76, 80, 82, 83, 87, 92, 93, 96, 104, 105, 115, 116, 118, 121, 122, 125, 126, 127, 128, 130, 137, 142, 143, 144, 145}" 
Ref4.5,C4.4,WcD07D91711041315_04.ce,94,0.2220089721649158,"{1, 7, 9, 20, 22, 23, 24, 25, 26, 27, 31, 33, 34, 35, 36, 37, 39, 40, 47, 48, 49, 59, 61, 74, 75, 76, 78, 79, 80, 81, 82, 83, 84, 85, 86, 87, 88, 91, 92, 93, 94, 95, 96, 97, 98, 99, 101, 102, 103, 104, 105, 106, 107, 108, 109, 111, 112, 113, 114, 115, 118, 119, 120, 121, 123, 124, 126, 127, 128, 129, 130, 131, 135, 136, 138, 139, 142, 144, 145, 148, 149, 152, 153, 154, 157, 158, 182, 183, 185, 186, 187, 188, 193, 194}" 
Ref4.5,C4.4,WcD07D91711041330_04.ce,58,0.20925853295546684,"{1, 3, 20, 21, 22, 23, 34, 36, 38, 39, 42, 43, 53, 54, 55, 57, 58, 64, 65, 66, 67, 68, 69, 70, 71, 72, 75, 80, 81, 84, 89, 90, 95, 96, 98, 99, 100, 101, 102, 103, 105, 106, 111, 114, 115, 116, 118, 119, 120, 121, 122, 123, 125, 126, 127, 128, 172, 194}" 
Ref4.5,C4.4,WcD07D91711041345_04.ce,46,0.22131919442981823,"{2, 11, 12, 13, 16, 17, 18, 23, 24, 32, 33, 35, 36, 37, 38, 64, 65, 66, 67, 70, 75, 89, 90, 97, 98, 99, 100, 101, 115, 127, 128, 129, 130, 131, 132, 133, 135, 137, 138, 141, 156, 171, 186, 187, 188, 189}" 
Ref4.5,C4.5,WcD0C191711041300_02.ce,45,0.1764049161296179,"{1, 2, 3, 4, 24, 30, 33, 34, 39, 50, 51, 52, 60, 61, 62, 63, 69, 70, 71, 75, 77, 78, 79, 82, 87, 88, 89, 99, 100, 107, 110, 111, 113, 116, 117, 120, 122, 123, 125, 130, 131, 132, 138, 139, 140}" 
Ref4.5,C4.5,WcD0C191711041315_02.ce,80,0.22077101687911962,"{5, 16, 18, 19, 20, 21, 22, 29, 30, 33, 36, 43, 44, 45, 55, 59, 70, 71, 72, 75, 76, 77, 78, 79, 80, 81, 82, 83, 84, 89, 90, 91, 93, 94, 95, 98, 99, 100, 101, 102, 103, 104, 105, 107, 108, 109, 110, 111, 114, 115, 116, 117, 119, 120, 122, 123, 124, 125, 126, 127, 131, 132, 134, 135, 138, 140, 141, 144, 145, 148, 153, 178, 179, 181, 182, 183, 184, 187, 190, 194}" 
Ref4.5,C4.5,WcD0C191711041330_02.ce,47,0.20595488567273756,"{1, 18, 20, 21, 34, 40, 41, 45, 51, 53, 54, 55, 61, 62, 63, 64, 65, 67, 68, 69, 78, 79, 82, 88, 93, 96, 97, 98, 99, 100, 101, 103, 104, 112, 113, 114, 116, 117, 118, 119, 120, 121, 123, 124, 125, 170, 192}" 
Ref4.5,C4.5,WcD0C191711041345_02.ce,44,0.21204766289135174,"{10, 11, 12, 15, 16, 17, 22, 23, 31, 32, 34, 35, 36, 37, 63, 64, 65, 74, 88, 89, 96, 97, 98, 99, 100, 114, 126, 127, 128, 129, 130, 131, 132, 136, 137, 140, 142, 155, 185, 186, 187, 190, 191, 193}" 
Ref4.5,C4.4,WcD07D91711041400_04.ce,39,0.14089851222593688,"{1, 2, 3, 4, 5, 6, 7, 8, 64, 65, 66, 67, 69, 70, 71, 77, 87, 90, 91, 92, 93, 102, 103, 104, 105, 115, 116, 121, 122, 123, 127, 128, 129, 131, 170, 172, 173, 174, 175}" 
Ref4.5,C4.4,WcD07D91711041415_04.ce,28,0.17225355343404158,"{42, 43, 44, 45, 47, 48, 56, 67, 68, 79, 99, 100, 101, 102, 103, 104, 106, 107, 144, 156, 158, 159, 160, 161, 162, 163, 164, 166}" 
Ref4.5,C4.4,WcD07D91711041430_04.ce,42,0.1654120840584703,"{8, 22, 23, 24, 25, 26, 27, 28, 69, 70, 72, 73, 74, 75, 77, 78, 81, 82, 86, 87, 95, 99, 100, 101, 102, 107, 111, 113, 117, 121, 122, 123, 124, 143, 144, 154, 155, 156, 157, 158, 160, 171}" 
Ref4.5,C4.4,WcD07D91711041445_04.ce,47,0.22832604673440834,"{16, 25, 26, 27, 28, 29, 31, 32, 33, 35, 36, 37, 44, 56, 57, 59, 73, 74, 75, 78, 81, 82, 83, 84, 85, 86, 87, 103, 105, 119, 122, 127, 129, 134, 139, 141, 148, 159, 160, 163, 164, 165, 174, 184, 185, 186, 187}" 
Ref4.5,C4.5,WcD0C191711041400_02.ce,28,0.12682924814160101,"{1, 2, 3, 4, 60, 61, 62, 65, 73, 86, 87, 98, 100, 101, 111, 117, 118, 119, 123, 124, 125, 127, 164, 166, 167, 168, 170, 171}" 
Ref4.5,C4.5,WcD0C191711041415_02.ce,25,0.14868142443427923,"{37, 38, 39, 41, 42, 44, 62, 73, 93, 94, 95, 96, 97, 98, 100, 101, 150, 152, 153, 154, 155, 156, 157, 158, 160}" 
Ref4.5,C4.5,WcD0C191711041430_02.ce,32,0.167068350823192,"{20, 21, 22, 23, 24, 25, 27, 67, 68, 69, 72, 73, 78, 81, 97, 98, 99, 101, 106, 107, 111, 115, 116, 120, 121, 122, 143, 153, 154, 155, 156, 170}" 
Ref4.5,C4.5,WcD0C191711041445_02.ce,43,0.21801915569403224,"{25, 26, 27, 29, 30, 31, 35, 37, 54, 59, 67, 73, 74, 75, 78, 81, 83, 84, 85, 87, 88, 94, 103, 119, 122, 127, 129, 141, 143, 155, 156, 159, 160, 163, 164, 183, 185, 186, 187, 190, 191, 192, 193}" 
Ref4.5,C4.4,WcD07D91711041500_04.ce,54,0.20127107256197518,"{1, 2, 3, 4, 5, 6, 7, 8, 9, 10, 11, 12, 13, 14, 16, 55, 56, 57, 58, 59, 60, 61, 62, 66, 67, 69, 80, 81, 87, 99, 104, 110, 115, 122, 123, 125, 127, 128, 129, 131, 132, 133, 134, 135, 136, 180, 181, 182, 184, 185, 186, 187, 188, 194}" 
Ref4.5,C4.4,WcD07D91711041515_04.ce,49,0.2074438459774961,"{9, 10, 11, 16, 23, 24, 29, 30, 35, 36, 39, 42, 43, 44, 45, 46, 47, 48, 49, 50, 51, 54, 55, 79, 81, 91, 95, 96, 97, 98, 99, 107, 108, 119, 131, 137, 140, 141, 142, 143, 144, 151, 156, 158, 159, 160, 161, 185, 196}" 
Ref4.5,C4.4,WcD07D91711041530_04.ce,44,0.20939184874501543,"{5, 24, 25, 26, 27, 30, 31, 32, 37, 38, 44, 46, 47, 49, 50, 51, 52, 53, 78, 79, 80, 84, 89, 91, 103, 104, 105, 106, 118, 128, 129, 130, 131, 132, 133, 149, 157, 160, 161, 162, 163, 177, 185, 194}" 
Ref4.5,C4.4,WcD07D91711041545_04.ce,29,0.19716616303759898,"{1, 2, 3, 4, 40, 41, 42, 43, 50, 69, 70, 71, 72, 73, 74, 76, 77, 79, 80, 81, 83, 85, 87, 96, 97, 99, 180, 186, 190}" 
Ref4.5,C4.5,WcD0C191711041500_02.ce,40,0.18114852787590258,"{1, 2, 3, 4, 5, 6, 7, 8, 10, 49, 51, 52, 53, 54, 55, 56, 61, 74, 75, 93, 119, 121, 122, 123, 124, 125, 126, 127, 129, 130, 173, 174, 175, 176, 178, 179, 180, 181, 182, 189}" 
Ref4.5,C4.5,WcD0C191711041515_02.ce,31,0.1924090860552743,"{4, 11, 20, 24, 30, 34, 37, 38, 39, 41, 42, 43, 44, 45, 46, 49, 74, 75, 76, 91, 93, 94, 102, 103, 104, 114, 139, 153, 154, 155, 156}" 
Ref4.5,C4.5,WcD0C191711041530_02.ce,39,0.1975952865941993,"{2, 21, 22, 23, 24, 27, 28, 29, 34, 35, 41, 43, 44, 46, 47, 50, 75, 76, 77, 81, 86, 100, 101, 102, 103, 125, 126, 127, 128, 129, 154, 157, 158, 159, 160, 182, 191, 192, 193}" 
Ref4.5,C4.5,WcD0C191711041545_02.ce,22,0.1922117188220862,"{1, 2, 18, 38, 39, 40, 41, 48, 67, 68, 69, 70, 71, 72, 74, 77, 78, 85, 96, 178, 188, 192}" 
Ref4.5,C4.4,WcD07D91711041600_04.ce,112,0.27789461510909924,"{1, 2, 3, 4, 5, 6, 7, 8, 9, 10, 14, 15, 16, 19, 20, 24, 28, 29, 33, 35, 38, 39, 41, 44, 46, 47, 48, 49, 50, 53, 54, 57, 58, 59, 63, 65, 66, 68, 69, 70, 71, 72, 76, 77, 78, 81, 82, 83, 84, 85, 86, 87, 88, 89, 90, 91, 92, 93, 95, 96, 97, 98, 99, 103, 104, 105, 106, 110, 113, 114, 115, 117, 119, 120, 121, 126, 127, 128, 129, 130, 132, 136, 138, 143, 145, 150, 154, 155, 161, 162, 163, 164, 165, 166, 167, 170, 171, 172, 173, 175, 176, 179, 182, 185, 188, 189, 190, 191, 192, 193, 194, 195}" 
Ref4.5,C4.4,WcD07D91711041615_04.ce,76,0.2284334438713267,"{1, 2, 4, 9, 13, 16, 22, 23, 24, 25, 26, 30, 33, 34, 36, 39, 41, 44, 45, 46, 47, 50, 51, 52, 53, 59, 61, 63, 64, 65, 66, 69, 70, 72, 73, 74, 75, 76, 77, 78, 80, 81, 82, 84, 85, 86, 87, 88, 90, 91, 92, 93, 94, 95, 96, 99, 100, 101, 104, 105, 110, 111, 112, 113, 114, 115, 116, 120, 122, 187, 188, 189, 190, 192, 193, 194}" 
Ref4.5,C4.4,WcD07D91711041630_04.ce,113,0.2166944372769871,"{1, 7, 8, 9, 10, 11, 12, 13, 14, 15, 19, 20, 21, 22, 25, 26, 27, 28, 30, 36, 37, 38, 39, 40, 41, 42, 44, 46, 50, 56, 57, 59, 60, 61, 62, 63, 64, 67, 68, 69, 70, 73, 74, 76, 77, 78, 81, 82, 83, 84, 85, 86, 88, 89, 90, 91, 92, 93, 94, 95, 97, 98, 109, 110, 111, 117, 118, 119, 122, 123, 124, 125, 126, 127, 128, 129, 130, 131, 132, 133, 134, 135, 136, 145, 146, 147, 148, 150, 151, 152, 154, 155, 156, 157, 158, 159, 160, 161, 162, 164, 166, 168, 173, 175, 176, 177, 178, 179, 181, 182, 185, 189, 190}" 
Ref4.5,C4.4,WcD07D91711041645_04.ce,91,0.22828721315237202,"{2, 5, 6, 7, 8, 9, 10, 11, 12, 13, 14, 15, 16, 21, 23, 24, 25, 26, 30, 31, 36, 37, 38, 40, 47, 48, 52, 53, 54, 56, 57, 58, 59, 60, 61, 62, 63, 64, 65, 66, 67, 70, 71, 72, 73, 74, 77, 79, 80, 81, 82, 83, 85, 86, 87, 88, 92, 93, 94, 95, 96, 103, 104, 105, 106, 110, 113, 122, 126, 127, 131, 132, 133, 136, 138, 139, 149, 151, 154, 155, 157, 158, 163, 164, 165, 167, 168, 187, 188, 190, 191}" 
Ref4.5,C4.5,WcD0C191711041600_02.ce,96,0.27157410395718207,"{1, 2, 3, 4, 8, 9, 10, 14, 15, 19, 23, 25, 28, 30, 34, 36, 41, 42, 44, 45, 52, 57, 60, 61, 62, 63, 64, 67, 70, 71, 72, 76, 77, 78, 79, 80, 81, 82, 83, 84, 85, 86, 87, 90, 91, 92, 93, 94, 98, 99, 100, 101, 107, 108, 109, 110, 111, 112, 116, 121, 122, 123, 124, 125, 126, 127, 131, 133, 138, 145, 146, 147, 148, 149, 150, 152, 153, 156, 157, 158, 159, 160, 161, 165, 166, 167, 171, 173, 174, 176, 177, 180, 181, 183, 188, 189}" 
Ref4.5,C4.5,WcD0C191711041615_02.ce,65,0.2242770107896794,"{6, 7, 13, 19, 20, 21, 22, 23, 24, 25, 26, 27, 30, 33, 36, 41, 42, 47, 48, 57, 58, 60, 61, 62, 65, 66, 67, 68, 69, 70, 71, 72, 73, 74, 75, 76, 78, 81, 82, 83, 84, 85, 87, 88, 89, 90, 92, 93, 94, 95, 96, 97, 98, 101, 107, 108, 109, 110, 111, 112, 117, 184, 189, 190, 191}" 
Ref4.5,C4.5,WcD0C191711041630_02.ce,100,0.21589579474671425,"{6, 7, 8, 9, 10, 11, 13, 17, 18, 19, 20, 24, 25, 26, 34, 35, 38, 39, 40, 42, 45, 48, 54, 55, 57, 58, 59, 60, 65, 66, 67, 68, 71, 73, 74, 75, 79, 80, 83, 84, 88, 89, 91, 92, 93, 95, 107, 108, 115, 116, 120, 121, 122, 123, 124, 125, 126, 127, 128, 129, 131, 132, 133, 143, 144, 145, 146, 147, 148, 149, 150, 152, 153, 154, 155, 156, 157, 158, 159, 160, 161, 162, 163, 164, 171, 173, 174, 175, 176, 177, 178, 179, 180, 181, 183, 185, 187, 188, 190, 193}" 
Ref4.5,C4.5,WcD0C191711041645_02.ce,73,0.2179282370165118,"{3, 4, 5, 6, 7, 8, 9, 10, 11, 18, 19, 20, 21, 26, 32, 33, 35, 42, 46, 47, 49, 51, 53, 54, 55, 56, 57, 58, 59, 60, 61, 66, 68, 69, 70, 75, 76, 77, 78, 80, 81, 83, 87, 88, 91, 98, 99, 108, 117, 121, 122, 124, 126, 127, 128, 130, 131, 132, 133, 134, 135, 144, 145, 152, 158, 159, 161, 162, 181, 182, 183, 185, 186}" 
Ref4.5,C4.4,WcD07D91711041700_04.ce,98,0.22335388656281296,"{1, 2, 3, 4, 5, 6, 7, 8, 9, 23, 24, 25, 26, 28, 29, 30, 45, 46, 51, 52, 53, 60, 61, 62, 63, 74, 75, 76, 77, 78, 79, 80, 85, 86, 87, 90, 91, 93, 100, 101, 102, 103, 104, 107, 108, 109, 110, 111, 112, 113, 116, 117, 118, 119, 121, 122, 123, 124, 125, 126, 129, 130, 131, 132, 133, 134, 135, 137, 140, 141, 142, 143, 144, 145, 146, 147, 148, 149, 150, 152, 154, 157, 158, 159, 160, 161, 162, 163, 164, 165, 166, 176, 177, 183, 184, 187, 188, 197}" 
Ref4.5,C4.4,WcD07D91711041715_04.ce,56,0.21466708152635214,"{2, 3, 5, 8, 12, 13, 14, 16, 17, 22, 23, 24, 25, 26, 27, 30, 31, 41, 45, 55, 56, 67, 68, 77, 78, 79, 80, 82, 95, 96, 98, 99, 100, 101, 102, 103, 104, 105, 106, 107, 121, 139, 140, 141, 142, 143, 144, 150, 176, 177, 187, 189, 190, 191, 192, 193}" 
Ref4.5,C4.4,WcD07D91711041730_04.ce,26,0.21368701883476704,"{1, 2, 7, 23, 24, 35, 42, 43, 76, 79, 88, 90, 112, 113, 116, 134, 135, 144, 159, 168, 169, 170, 171, 172, 173, 175}" 
Ref4.5,C4.4,WcD07D91711041745_04.ce,11,0.16464902602813647,"{136, 158, 159, 160, 161, 179, 188, 80, 81, 91, 94}" 
Ref4.5,C4.5,WcD0C191711041700_02.ce,82,0.2156278626794187,"{1, 2, 3, 17, 18, 19, 20, 22, 23, 24, 39, 40, 45, 47, 51, 53, 54, 55, 57, 68, 69, 70, 71, 73, 79, 80, 81, 84, 87, 94, 95, 96, 97, 98, 101, 103, 104, 105, 106, 107, 110, 111, 112, 113, 114, 115, 117, 119, 120, 121, 123, 124, 125, 127, 128, 129, 130, 134, 135, 136, 137, 138, 139, 141, 142, 143, 144, 151, 152, 153, 154, 155, 156, 157, 158, 160, 170, 171, 178, 181, 182, 193}" 
Ref4.5,C4.5,WcD0C191711041715_02.ce,49,0.20027973041869185,"{3, 6, 10, 11, 14, 15, 20, 21, 22, 23, 24, 26, 27, 28, 29, 30, 38, 39, 53, 54, 65, 66, 75, 76, 77, 78, 93, 94, 98, 99, 100, 101, 104, 105, 137, 138, 139, 140, 141, 174, 175, 185, 187, 188, 189, 190, 191, 192, 193}" 
Ref4.5,C4.5,WcD0C191711041730_02.ce,28,0.1936197669030191,"{5, 12, 21, 22, 33, 40, 41, 74, 76, 77, 86, 87, 89, 98, 99, 110, 114, 115, 127, 132, 157, 166, 167, 168, 169, 170, 171, 173}" 
Ref4.5,C4.5,WcD0C191711041745_02.ce,10,0.138289691087189,"{74, 77, 85, 88, 116, 151, 152, 153, 154, 155}" 
Ref4.5,C4.4,WcD07D91711041800_04.ce,33,0.1718810970846191,"{1, 2, 3, 4, 5, 6, 7, 8, 9, 10, 28, 50, 51, 52, 53, 54, 55, 56, 57, 58, 83, 91, 92, 95, 97, 98, 111, 123, 124, 125, 147, 171, 175}" 
Ref4.5,C4.4,WcD07D91711041815_04.ce,34,0.20666630798862834,"{14, 23, 24, 25, 30, 54, 55, 57, 60, 61, 92, 93, 112, 114, 115, 116, 118, 119, 120, 124, 125, 126, 127, 128, 130, 133, 134, 135, 136, 139, 140, 142, 146, 160}" 
Ref4.5,C4.4,WcD07D91711041830_04.ce,60,0.20480935412722062,"{10, 12, 21, 22, 23, 24, 25, 26, 27, 28, 29, 30, 34, 35, 36, 41, 43, 44, 45, 46, 47, 48, 49, 50, 51, 75, 76, 77, 78, 85, 86, 107, 109, 110, 111, 112, 113, 114, 115, 117, 118, 119, 120, 121, 132, 142, 143, 149, 150, 151, 152, 153, 167, 169, 175, 183, 184, 185, 186, 187}" 
Ref4.5,C4.4,WcD07D91711041845_04.ce,34,0.18677813833514892,"{12, 13, 17, 33, 34, 35, 36, 37, 43, 62, 63, 64, 65, 73, 74, 98, 99, 100, 101, 127, 128, 129, 130, 131, 132, 134, 137, 138, 144, 149, 150, 151, 184, 185}" 
Ref4.5,C4.5,WcD0C191711041800_02.ce,25,0.1536094536445446,"{1, 2, 3, 4, 22, 44, 45, 46, 47, 48, 49, 50, 51, 65, 77, 85, 89, 91, 92, 117, 118, 119, 140, 165, 169}" 
Ref4.5,C4.5,WcD0C191711041815_02.ce,38,0.18949125424302984,"{12, 21, 22, 23, 24, 25, 51, 52, 53, 55, 58, 90, 91, 110, 111, 112, 113, 114, 116, 117, 118, 119, 120, 121, 122, 123, 124, 125, 126, 128, 131, 132, 133, 134, 135, 137, 138, 144}" 
Ref4.5,C4.5,WcD0C191711041830_02.ce,54,0.19921273285535715,"{7, 18, 19, 20, 21, 22, 24, 25, 26, 27, 31, 32, 33, 38, 40, 41, 43, 44, 45, 46, 47, 48, 71, 72, 73, 74, 75, 82, 83, 104, 106, 107, 108, 109, 110, 111, 112, 114, 115, 116, 117, 129, 139, 140, 146, 147, 148, 149, 150, 180, 181, 182, 183, 184}" 
Ref4.5,C4.5,WcD0C191711041845_02.ce,35,0.1761044615262243,"{6, 7, 27, 28, 29, 30, 31, 53, 56, 57, 58, 59, 67, 68, 85, 92, 93, 94, 95, 99, 121, 122, 123, 124, 125, 126, 128, 131, 132, 140, 143, 144, 145, 178, 179}" 
Ref4.5,C4.4,WcD07D91711041900_04.ce,35,0.17984309260334075,"{1, 2, 3, 4, 5, 6, 7, 12, 13, 14, 15, 28, 29, 45, 53, 56, 57, 68, 118, 119, 120, 122, 123, 124, 125, 126, 127, 128, 129, 130, 131, 132, 133, 134, 135}" 
Ref4.5,C4.4,WcD07D91711041915_04.ce,6,0.14708890287791831,"{109, 110, 136, 152, 162, 183}" 
Ref4.5,C4.4,WcD07D91711041930_04.ce,4,0.1769356341879221,"{18, 152, 155, 187}" 
Ref4.5,C4.4,WcD07D91711041945_04.ce,11,0.17914435791872746,"{12, 16, 34, 118, 120, 121, 125, 127, 158, 159, 185}" 
Ref4.5,C4.5,WcD0C191711041900_02.ce,25,0.1780550387866963,"{1, 2, 3, 8, 10, 24, 25, 39, 41, 114, 115, 117, 118, 119, 120, 121, 123, 124, 125, 126, 127, 128, 129, 130, 131}" 
Ref4.5,C4.5,WcD0C191711041915_02.ce,9,0.1401008935954505,"{104, 105, 106, 107, 108, 133, 146, 159, 180}" 
Ref4.5,C4.5,WcD0C191711041930_02.ce,2,0.17447054239188134,"{95, 184}" 
Ref4.5,C4.5,WcD0C191711041945_02.ce,9,0.17366809498655328,"{4, 8, 26, 86, 93, 103, 110, 113, 117}" 
Ref4.5,C4.4,WcD07D91711042000_04.ce,27,0.18170843969680384,"{1, 2, 3, 4, 5, 7, 8, 28, 29, 48, 49, 50, 51, 52, 53, 54, 55, 56, 57, 59, 60, 61, 63, 64, 65, 90, 100}" 
Ref4.5,C4.4,WcD07D91711042015_04.ce,10,0.17240870373014536,"{9, 14, 17, 32, 33, 34, 35, 47, 169, 170}" 
Ref4.5,C4.4,WcD07D91711042030_04.ce,4,0.1670101427108648,"{72, 98, 108, 120}" 
Ref4.5,C4.4,WcD07D91711042045_04.ce,29,0.214012453980488,"{19, 20, 28, 29, 30, 31, 33, 34, 36, 37, 38, 40, 41, 42, 43, 46, 48, 49, 50, 51, 52, 54, 72, 114, 131, 144, 145, 154, 157}" 
Ref4.5,C4.5,WcD0C191711042000_02.ce,21,0.15820256080457049,"{1, 3, 24, 44, 45, 46, 47, 48, 49, 50, 51, 52, 53, 54, 55, 57, 58, 59, 62, 86, 96}" 
Ref4.5,C4.5,WcD0C191711042015_02.ce,6,0.14256142716860007,"{6, 11, 14, 44, 166, 170}" 
Ref4.5,C4.5,WcD0C191711042030_02.ce,6,0.14186279541293909,"{97, 106, 107, 119, 123, 129}" 
Ref4.5,C4.5,WcD0C191711042045_02.ce,31,0.19642565697207415,"{11, 21, 22, 23, 24, 25, 26, 27, 29, 30, 31, 33, 34, 35, 36, 37, 38, 39, 40, 42, 43, 44, 99, 103, 106, 124, 137, 142, 147, 150, 173}" 
Ref4.5,C4.4,WcD07D91711042100_04.ce,12,0.14981468314312307,"{1, 2, 3, 4, 5, 6, 7, 52, 77, 81, 146, 148}" 
Ref4.5,C4.4,WcD07D91711042115_04.ce,44,0.19174390460795088,"{65, 79, 85, 92, 94, 95, 96, 97, 98, 99, 100, 101, 102, 103, 106, 107, 109, 111, 112, 113, 114, 116, 117, 119, 120, 121, 122, 123, 125, 126, 129, 130, 131, 133, 136, 139, 140, 164, 165, 166, 167, 169, 170, 190}" 
Ref4.5,C4.4,WcD07D91711042130_04.ce,18,0.20515361968734555,"{16, 23, 69, 121, 122, 123, 158, 162, 165, 166, 169, 170, 172, 173, 176, 177, 178, 184}" 
Ref4.5,C4.4,WcD07D91711042145_04.ce,44,0.18196781756519367,"{1, 5, 13, 15, 16, 27, 44, 48, 62, 65, 66, 70, 71, 76, 77, 83, 84, 85, 86, 87, 88, 89, 90, 94, 97, 124, 125, 126, 127, 128, 129, 130, 131, 132, 133, 134, 135, 140, 141, 142, 144, 146, 148, 149}" 
Ref4.5,C4.5,WcD0C191711042100_02.ce,4,0.14914708969062496,"{1, 2, 3, 4}" 
Ref4.5,C4.5,WcD0C191711042115_02.ce,42,0.1847955892540073,"{61, 86, 88, 89, 90, 91, 92, 93, 94, 95, 96, 97, 98, 99, 100, 102, 104, 105, 106, 107, 110, 113, 114, 115, 117, 118, 119, 121, 123, 127, 129, 132, 133, 134, 135, 136, 147, 160, 161, 165, 171, 186}" 
Ref4.5,C4.5,WcD0C191711042130_02.ce,21,0.19442372949222514,"{16, 23, 50, 100, 121, 122, 123, 126, 158, 162, 165, 169, 170, 172, 173, 176, 177, 178, 183, 190, 194}" 
Ref4.5,C4.5,WcD0C191711042145_02.ce,35,0.17838640854448723,"{4, 8, 22, 51, 60, 61, 65, 66, 71, 72, 78, 79, 80, 81, 82, 84, 119, 120, 121, 122, 123, 124, 125, 126, 127, 128, 129, 130, 135, 136, 137, 139, 141, 143, 144}" 
Ref4.5,C4.4,WcD07D91711042200_04.ce,42,0.15530024669499076,"{1, 2, 3, 4, 5, 6, 7, 14, 15, 16, 17, 18, 19, 20, 35, 42, 43, 53, 54, 65, 66, 67, 72, 73, 78, 79, 80, 81, 120, 121, 122, 123, 125, 184, 185, 186, 187, 188, 189, 190, 192, 196}" 
Ref4.5,C4.4,WcD07D91711042215_04.ce,31,0.1637768179946343,"{2, 13, 14, 25, 46, 47, 48, 49, 50, 51, 52, 53, 79, 92, 94, 102, 104, 105, 106, 107, 108, 109, 110, 112, 117, 165, 167, 168, 169, 170, 172}" 
Ref4.5,C4.4,WcD07D91711042230_04.ce,37,0.17900088966729286,"{26, 27, 28, 29, 30, 31, 32, 34, 36, 52, 53, 55, 56, 57, 58, 59, 64, 68, 69, 70, 74, 78, 79, 80, 81, 130, 156, 157, 158, 159, 160, 161, 162, 164, 165, 167, 187}" 
Ref4.5,C4.4,WcD07D91711042245_04.ce,60,0.21711311369513647,"{4, 7, 8, 9, 10, 11, 12, 15, 17, 18, 19, 20, 22, 37, 39, 40, 53, 54, 56, 57, 61, 62, 63, 68, 73, 75, 76, 77, 78, 80, 87, 90, 93, 94, 98, 99, 116, 117, 119, 120, 121, 124, 125, 126, 127, 130, 131, 132, 133, 134, 135, 136, 138, 178, 180, 181, 182, 183, 184, 189}" 
Ref4.5,C4.5,WcD0C191711042200_02.ce,33,0.14104804055153805,"{1, 2, 3, 10, 11, 12, 13, 14, 16, 37, 38, 39, 49, 51, 61, 62, 63, 68, 69, 74, 75, 76, 116, 118, 119, 120, 121, 180, 181, 182, 183, 185, 188}" 
Ref4.5,C4.5,WcD0C191711042215_02.ce,25,0.14585638761663738,"{1, 13, 24, 44, 45, 47, 48, 49, 51, 52, 78, 93, 101, 104, 105, 106, 107, 108, 109, 111, 165, 166, 168, 169, 171}" 
Ref4.5,C4.5,WcD0C191711042230_02.ce,32,0.160724857212108,"{18, 19, 21, 22, 23, 24, 26, 36, 45, 47, 49, 50, 51, 60, 62, 65, 66, 70, 71, 72, 73, 148, 149, 150, 151, 152, 154, 156, 159, 160, 179, 189}" 
Ref4.5,C4.5,WcD0C191711042245_02.ce,51,0.19761562782056158,"{3, 4, 5, 7, 8, 11, 13, 15, 17, 18, 33, 35, 36, 52, 57, 59, 64, 71, 72, 73, 74, 83, 86, 90, 94, 95, 111, 113, 114, 115, 116, 120, 121, 123, 125, 126, 127, 128, 129, 130, 131, 132, 174, 176, 177, 178, 179, 180, 185, 186, 187}" 
Ref4.5,C4.4,WcD07D91711042300_04.ce,58,0.21118107695509214,"{1, 2, 3, 4, 5, 6, 7, 8, 9, 14, 22, 33, 35, 51, 52, 55, 56, 57, 58, 60, 61, 62, 64, 65, 66, 109, 110, 111, 112, 113, 114, 115, 116, 117, 132, 133, 134, 139, 140, 146, 147, 155, 158, 159, 162, 164, 165, 166, 167, 168, 170, 171, 172, 173, 174, 177, 178, 198}" 
Ref4.5,C4.4,WcD07D91711042315_04.ce,76,0.2123352378250643,"{4, 5, 16, 21, 22, 24, 32, 33, 44, 45, 61, 66, 67, 68, 69, 70, 76, 81, 84, 85, 86, 92, 93, 94, 97, 98, 99, 100, 107, 108, 109, 110, 111, 112, 113, 114, 118, 119, 120, 121, 124, 125, 126, 127, 135, 136, 137, 138, 139, 140, 141, 142, 143, 149, 155, 156, 158, 159, 161, 162, 163, 167, 168, 169, 172, 174, 176, 177, 180, 181, 182, 184, 185, 187, 188, 189}" 
Ref4.5,C4.4,WcD07D91711042330_04.ce,114,0.23052684991525157,"{1, 2, 3, 4, 5, 7, 8, 19, 20, 21, 24, 27, 28, 29, 32, 33, 34, 35, 36, 37, 38, 39, 40, 41, 42, 43, 44, 45, 46, 55, 56, 57, 58, 59, 60, 61, 62, 63, 64, 65, 66, 67, 68, 69, 70, 71, 72, 75, 78, 83, 85, 86, 87, 88, 89, 91, 93, 95, 99, 100, 102, 105, 106, 107, 108, 109, 111, 112, 113, 114, 115, 116, 123, 124, 125, 126, 131, 137, 138, 139, 140, 146, 147, 148, 151, 152, 153, 154, 155, 157, 158, 159, 160, 161, 162, 163, 164, 165, 166, 167, 170, 173, 176, 177, 179, 180, 181, 182, 183, 185, 186, 189, 193, 194}" 
Ref4.5,C4.4,WcD07D91711042345_04.ce,61,0.18894374515211695,"{1, 2, 9, 10, 11, 12, 19, 22, 28, 32, 33, 37, 38, 39, 41, 42, 44, 45, 46, 48, 54, 55, 60, 63, 64, 65, 69, 70, 71, 72, 73, 93, 94, 96, 97, 134, 135, 136, 137, 138, 140, 141, 142, 157, 158, 162, 163, 164, 165, 169, 171, 172, 173, 174, 185, 186, 187, 188, 189, 190, 191}" 
Ref4.5,C4.5,WcD0C191711042300_02.ce,54,0.18380044008258356,"{1, 2, 3, 4, 5, 11, 18, 29, 47, 48, 52, 53, 54, 56, 57, 58, 59, 60, 61, 104, 105, 106, 107, 108, 109, 110, 111, 112, 113, 119, 120, 125, 128, 129, 135, 136, 142, 144, 149, 154, 155, 158, 160, 162, 163, 164, 166, 167, 168, 169, 170, 173, 174, 194}" 
Ref4.5,C4.5,WcD0C191711042315_02.ce,72,0.19587699272422726,"{4, 16, 21, 23, 24, 33, 34, 42, 44, 62, 65, 66, 67, 68, 76, 81, 84, 85, 86, 92, 93, 95, 97, 98, 100, 107, 108, 109, 110, 111, 112, 113, 114, 118, 119, 120, 121, 125, 126, 127, 135, 136, 137, 138, 139, 140, 141, 143, 149, 155, 156, 158, 159, 160, 161, 162, 166, 168, 172, 174, 175, 176, 177, 180, 181, 185, 187, 188, 189, 191, 192, 193}" 
Ref4.5,C4.5,WcD0C191711042330_02.ce,98,0.22516847395769737,"{1, 3, 4, 15, 16, 23, 24, 25, 29, 30, 31, 32, 33, 34, 35, 36, 37, 38, 39, 40, 41, 42, 51, 52, 53, 54, 56, 58, 60, 62, 63, 64, 65, 66, 67, 68, 69, 70, 71, 79, 81, 82, 83, 84, 85, 86, 87, 88, 90, 91, 95, 97, 98, 101, 102, 103, 104, 105, 107, 108, 109, 112, 120, 121, 122, 127, 133, 134, 136, 142, 143, 144, 148, 150, 151, 154, 155, 156, 157, 158, 159, 160, 161, 162, 163, 168, 169, 170, 176, 177, 178, 181, 182, 184, 188, 189, 190, 192}" 
Ref4.5,C4.5,WcD0C191711042345_02.ce,51,0.18330535546311313,"{6, 7, 9, 11, 25, 29, 30, 35, 36, 38, 39, 41, 42, 44, 51, 52, 54, 55, 57, 60, 66, 67, 69, 70, 89, 91, 92, 93, 94, 131, 132, 133, 134, 135, 137, 138, 139, 154, 159, 161, 162, 166, 168, 169, 182, 183, 184, 185, 186, 187, 194}" 
