RefArbor,C4.4,WcD08D61711040000_01.ce,59,0.23150052626167605,"{1, 2, 3, 4, 5, 6, 7, 9, 14, 15, 16, 20, 21, 30, 31, 35, 36, 37, 38, 39, 41, 46, 47, 53, 54, 55, 76, 79, 84, 85, 86, 102, 105, 106, 108, 109, 111, 112, 116, 117, 118, 121, 123, 133, 136, 140, 142, 144, 145, 146, 147, 150, 151, 158, 161, 166, 172, 191, 192}"
RefArbor,C4.4,WcD08D61711040015_01.ce,65,0.2604182909821109,"{1, 2, 3, 4, 8, 9, 10, 11, 12, 13, 14, 15, 16, 21, 22, 27, 30, 31, 34, 36, 37, 39, 42, 43, 44, 59, 61, 63, 65, 67, 71, 72, 81, 84, 94, 95, 97, 98, 99, 100, 102, 108, 109, 111, 113, 119, 120, 128, 133, 134, 136, 139, 164, 166, 167, 168, 175, 176, 178, 179, 180, 182, 183, 188, 191}"
RefArbor,C4.4,WcD08D61711040030_01.ce,64,0.25178186771025146,"{1, 3, 4, 5, 11, 12, 16, 17, 18, 26, 29, 30, 31, 32, 39, 41, 44, 63, 68, 70, 71, 72, 74, 77, 84, 85, 86, 87, 94, 95, 120, 124, 127, 128, 129, 130, 131, 132, 133, 134, 135, 136, 137, 138, 139, 140, 141, 142, 143, 144, 157, 164, 169, 174, 175, 177, 178, 180, 181, 182, 183, 184, 186, 189}"
RefArbor,C4.4,WcD08D61711040045_01.ce,79,0.2648894068306833,"{11, 12, 19, 20, 23, 27, 28, 43, 44, 52, 53, 55, 59, 61, 68, 69, 76, 79, 82, 83, 85, 88, 90, 96, 97, 98, 100, 101, 102, 103, 111, 120, 121, 126, 127, 128, 129, 130, 131, 132, 133, 134, 135, 136, 137, 138, 139, 140, 144, 145, 146, 147, 149, 150, 151, 152, 154, 155, 156, 157, 166, 167, 168, 169, 170, 174, 175, 176, 177, 178, 179, 180, 181, 182, 183, 184, 185, 191, 192}"
RefArbor,C4.5,WcD0F391711040000_08.ce,49,0.22806113851511217,"{1, 2, 3, 6, 11, 12, 18, 27, 28, 35, 36, 37, 38, 50, 51, 52, 73, 78, 81, 82, 83, 102, 103, 105, 106, 108, 113, 115, 117, 118, 120, 130, 139, 140, 141, 143, 144, 146, 147, 151, 155, 157, 163, 177, 189, 190, 191, 192, 193}"
RefArbor,C4.5,WcD0F391711040015_08.ce,56,0.2519142700821044,"{3, 5, 7, 8, 9, 10, 11, 12, 16, 23, 24, 26, 27, 32, 33, 39, 40, 54, 56, 57, 61, 67, 80, 89, 90, 93, 94, 95, 96, 98, 104, 108, 111, 116, 126, 129, 132, 135, 137, 143, 160, 162, 163, 164, 170, 171, 172, 174, 175, 176, 178, 179, 184, 187, 191, 193}"
RefArbor,C4.5,WcD0F391711040030_08.ce,51,0.24560190581578814,"{1, 2, 11, 14, 19, 26, 27, 28, 29, 41, 53, 65, 66, 68, 69, 70, 71, 76, 78, 81, 82, 83, 86, 91, 92, 116, 120, 121, 124, 125, 126, 127, 128, 129, 130, 131, 132, 133, 134, 135, 136, 137, 138, 139, 140, 141, 159, 161, 166, 171, 179}"
RefArbor,C4.5,WcD0F391711040045_08.ce,71,0.24227595958235282,"{37, 47, 55, 57, 62, 63, 66, 70, 76, 79, 82, 84, 89, 90, 91, 92, 94, 95, 96, 97, 101, 114, 119, 121, 122, 123, 124, 125, 126, 127, 128, 129, 130, 131, 132, 133, 134, 136, 137, 138, 139, 140, 141, 143, 144, 145, 146, 148, 149, 150, 151, 159, 160, 161, 162, 163, 164, 167, 168, 169, 170, 171, 172, 173, 174, 175, 176, 177, 178, 185, 187}"
RefArbor,C4.4,WcD08D61711040100_01.ce,55,0.2223843092315828,"{1, 2, 3, 4, 5, 6, 7, 9, 10, 27, 28, 29, 30, 31, 32, 33, 34, 36, 37, 38, 39, 45, 46, 52, 56, 60, 62, 70, 73, 86, 99, 105, 107, 127, 133, 153, 154, 155, 158, 160, 161, 162, 163, 166, 169, 170, 171, 172, 176, 178, 181, 184, 185, 192, 196}"
RefArbor,C4.4,WcD08D61711040115_01.ce,84,0.23550396555810083,"{2, 3, 10, 11, 12, 13, 14, 15, 16, 17, 18, 19, 20, 21, 22, 23, 24, 25, 26, 27, 28, 29, 30, 31, 32, 33, 34, 35, 36, 37, 38, 39, 40, 41, 42, 43, 44, 45, 46, 47, 48, 49, 50, 51, 52, 53, 54, 55, 56, 57, 58, 59, 60, 61, 62, 63, 64, 65, 66, 67, 68, 69, 70, 71, 72, 82, 83, 104, 105, 106, 107, 110, 111, 120, 121, 123, 134, 136, 141, 144, 165, 169, 173, 187}"
RefArbor,C4.4,WcD08D61711040130_01.ce,72,0.2473450502884166,"{6, 19, 20, 25, 26, 31, 32, 34, 35, 37, 38, 41, 42, 50, 51, 52, 60, 61, 62, 63, 69, 71, 72, 73, 74, 75, 79, 85, 86, 87, 88, 89, 94, 96, 97, 98, 101, 102, 103, 104, 110, 115, 120, 121, 123, 124, 125, 126, 136, 137, 138, 141, 143, 148, 149, 150, 151, 156, 157, 158, 159, 164, 165, 166, 173, 175, 176, 181, 186, 187, 188, 190}"
RefArbor,C4.4,WcD08D61711040145_01.ce,90,0.26693842164813136,"{5, 6, 7, 9, 10, 11, 12, 13, 14, 15, 18, 22, 24, 25, 30, 33, 34, 37, 38, 39, 40, 41, 42, 43, 44, 46, 49, 58, 59, 63, 69, 70, 77, 80, 81, 82, 84, 88, 92, 94, 97, 98, 99, 105, 107, 111, 112, 114, 115, 127, 128, 129, 132, 133, 134, 137, 139, 142, 143, 144, 145, 148, 150, 151, 152, 153, 156, 157, 158, 159, 160, 161, 162, 163, 166, 167, 170, 172, 175, 176, 177, 178, 179, 183, 185, 186, 188, 191, 192, 193}"
RefArbor,C4.5,WcD0F391711040100_08.ce,39,0.21404137230447826,"{1, 2, 3, 4, 6, 7, 23, 24, 25, 26, 27, 28, 29, 31, 33, 34, 35, 36, 39, 40, 41, 42, 53, 58, 102, 120, 122, 150, 152, 158, 159, 160, 166, 167, 168, 173, 182, 188, 193}"
RefArbor,C4.5,WcD0F391711040115_08.ce,62,0.23482344123825266,"{2, 10, 11, 12, 13, 14, 15, 16, 18, 19, 20, 21, 22, 23, 24, 25, 26, 27, 28, 29, 30, 31, 32, 33, 34, 35, 36, 37, 38, 39, 40, 41, 42, 43, 44, 45, 46, 47, 48, 49, 50, 51, 55, 69, 72, 80, 82, 83, 95, 103, 105, 106, 107, 110, 111, 112, 120, 123, 133, 136, 141, 173}"
RefArbor,C4.5,WcD0F391711040130_08.ce,67,0.24676905313073025,"{5, 18, 19, 24, 30, 31, 33, 34, 36, 37, 40, 41, 48, 50, 59, 60, 61, 62, 67, 70, 71, 72, 73, 77, 78, 84, 85, 86, 87, 90, 95, 96, 97, 100, 101, 102, 103, 109, 112, 118, 119, 122, 124, 128, 134, 135, 136, 137, 140, 141, 142, 144, 147, 149, 155, 156, 157, 162, 163, 164, 165, 173, 174, 175, 176, 186, 193}"
RefArbor,C4.5,WcD0F391711040145_08.ce,97,0.26536004963318977,"{1, 2, 4, 6, 7, 8, 9, 10, 11, 14, 18, 19, 21, 26, 28, 29, 30, 31, 32, 33, 34, 35, 36, 37, 38, 39, 42, 49, 51, 53, 54, 56, 64, 66, 67, 73, 75, 76, 77, 80, 82, 92, 93, 94, 95, 100, 101, 106, 107, 110, 119, 123, 124, 125, 127, 128, 129, 132, 133, 135, 138, 139, 140, 143, 144, 147, 148, 149, 150, 151, 152, 153, 155, 156, 157, 162, 163, 165, 168, 169, 170, 171, 172, 173, 174, 175, 178, 179, 180, 181, 183, 186, 187, 188, 189, 192, 193}"
RefArbor,C4.4,WcD08D61711040200_01.ce,65,0.23556007879646926,"{3, 4, 6, 8, 10, 12, 14, 15, 16, 17, 20, 22, 26, 32, 33, 63, 72, 73, 74, 75, 76, 78, 87, 95, 97, 99, 102, 103, 104, 105, 106, 107, 108, 119, 120, 122, 124, 125, 138, 139, 142, 143, 144, 145, 146, 147, 148, 149, 150, 151, 152, 153, 154, 155, 156, 157, 158, 159, 180, 182, 183, 184, 187, 188, 189}"
RefArbor,C4.4,WcD08D61711040215_01.ce,56,0.23215259494910057,"{2, 5, 14, 15, 18, 22, 23, 47, 51, 55, 90, 94, 95, 100, 101, 106, 107, 108, 109, 110, 111, 112, 116, 117, 123, 124, 126, 127, 135, 136, 137, 138, 141, 146, 147, 148, 149, 150, 153, 154, 160, 161, 162, 163, 169, 171, 172, 173, 176, 177, 178, 179, 181, 185, 188, 194}"
RefArbor,C4.4,WcD08D61711040230_01.ce,69,0.26760673974782984,"{1, 4, 6, 7, 16, 17, 18, 22, 24, 29, 31, 33, 37, 38, 39, 45, 46, 47, 56, 57, 58, 67, 68, 75, 76, 77, 81, 82, 83, 84, 85, 89, 92, 93, 94, 95, 96, 97, 101, 103, 104, 108, 109, 110, 111, 113, 114, 115, 117, 128, 129, 139, 141, 142, 147, 148, 150, 151, 152, 155, 157, 168, 169, 170, 175, 176, 181, 182, 185}"
RefArbor,C4.4,WcD08D61711040245_01.ce,85,0.23252762267762736,"{4, 8, 9, 10, 12, 13, 14, 18, 20, 23, 24, 25, 29, 31, 32, 33, 34, 35, 37, 38, 39, 41, 42, 43, 44, 46, 50, 51, 53, 54, 56, 57, 58, 59, 60, 64, 65, 66, 67, 69, 71, 72, 73, 74, 77, 78, 80, 81, 83, 84, 85, 86, 88, 89, 90, 91, 93, 94, 96, 97, 99, 100, 106, 107, 145, 146, 147, 148, 149, 150, 151, 152, 164, 169, 171, 172, 173, 174, 176, 177, 178, 179, 180, 181, 182}"
RefArbor,C4.5,WcD0F391711040200_08.ce,76,0.22629908585698022,"{2, 3, 6, 7, 8, 10, 11, 12, 13, 15, 16, 17, 18, 19, 21, 22, 28, 29, 37, 48, 67, 68, 69, 70, 71, 72, 73, 74, 80, 91, 93, 94, 95, 98, 99, 100, 101, 102, 103, 104, 115, 116, 118, 120, 121, 122, 134, 135, 138, 139, 140, 141, 142, 143, 144, 145, 146, 147, 148, 149, 150, 151, 152, 153, 154, 176, 178, 179, 180, 182, 183, 184, 185, 189, 192, 193}"
RefArbor,C4.5,WcD0F391711040215_08.ce,55,0.226604523538456,"{1, 2, 12, 15, 17, 19, 23, 43, 52, 65, 80, 87, 90, 91, 97, 103, 105, 108, 109, 112, 113, 118, 121, 122, 123, 132, 133, 134, 140, 142, 143, 144, 145, 146, 147, 150, 156, 157, 158, 159, 160, 163, 165, 167, 168, 169, 170, 173, 174, 175, 176, 182, 186, 191, 192}"
RefArbor,C4.5,WcD0F391711040230_08.ce,73,0.252562371029917,"{2, 4, 8, 12, 14, 15, 16, 17, 20, 21, 22, 26, 27, 29, 34, 35, 36, 37, 42, 43, 44, 45, 53, 54, 55, 65, 66, 73, 74, 75, 77, 78, 80, 81, 82, 83, 87, 90, 91, 95, 98, 99, 101, 103, 104, 107, 108, 109, 111, 112, 115, 125, 126, 127, 137, 139, 140, 146, 148, 149, 150, 154, 155, 156, 165, 166, 167, 173, 174, 179, 180, 189, 192}"
RefArbor,C4.5,WcD0F391711040245_08.ce,89,0.2325681796643844,"{2, 3, 4, 6, 7, 8, 11, 14, 16, 17, 18, 19, 22, 23, 26, 27, 28, 29, 31, 32, 34, 36, 40, 41, 44, 45, 47, 48, 49, 50, 51, 52, 53, 54, 57, 58, 59, 60, 65, 66, 67, 68, 71, 72, 73, 74, 76, 78, 79, 82, 83, 84, 85, 87, 88, 89, 90, 91, 93, 94, 99, 100, 101, 109, 139, 140, 141, 142, 143, 144, 145, 152, 160, 162, 163, 165, 168, 169, 170, 171, 172, 173, 174, 175, 188, 190, 191, 192, 193}"
RefArbor,C4.4,WcD08D61711040300_01.ce,53,0.2356110475627141,"{1, 4, 6, 7, 8, 20, 21, 24, 25, 26, 27, 28, 29, 30, 31, 32, 33, 34, 35, 36, 37, 38, 39, 40, 41, 62, 65, 66, 69, 70, 71, 75, 79, 81, 82, 95, 97, 99, 100, 132, 142, 144, 146, 147, 159, 167, 177, 183, 185, 186, 187, 189, 192}"
RefArbor,C4.4,WcD08D61711040315_01.ce,94,0.2456890852358372,"{1, 2, 9, 11, 20, 21, 22, 28, 30, 31, 32, 33, 34, 38, 44, 45, 46, 47, 48, 51, 55, 56, 57, 58, 61, 62, 63, 64, 70, 73, 74, 79, 80, 83, 85, 89, 94, 95, 96, 97, 98, 101, 102, 103, 107, 108, 110, 115, 116, 117, 118, 123, 124, 125, 126, 134, 135, 136, 141, 145, 146, 147, 154, 155, 156, 158, 160, 161, 162, 163, 164, 165, 168, 172, 173, 174, 176, 179, 180, 182, 184, 185, 186, 187, 188, 189, 190, 191, 192, 193, 194, 196, 198, 199}"
RefArbor,C4.4,WcD08D61711040330_01.ce,86,0.2542818851697665,"{7, 9, 20, 21, 22, 27, 28, 30, 31, 32, 36, 47, 48, 49, 55, 56, 61, 62, 65, 71, 74, 78, 79, 80, 82, 83, 84, 87, 90, 93, 94, 95, 99, 102, 103, 104, 105, 106, 107, 108, 109, 110, 111, 112, 113, 117, 118, 121, 122, 126, 127, 128, 129, 130, 131, 132, 133, 135, 136, 137, 138, 139, 141, 142, 143, 144, 147, 148, 150, 154, 155, 156, 159, 160, 161, 163, 164, 165, 166, 169, 170, 175, 176, 177, 185, 187}"
RefArbor,C4.4,WcD08D61711040345_01.ce,61,0.2281477572178287,"{22, 25, 26, 27, 28, 29, 30, 31, 38, 44, 48, 49, 51, 52, 53, 54, 55, 56, 57, 58, 59, 60, 61, 62, 76, 78, 79, 92, 93, 96, 97, 98, 99, 100, 101, 102, 103, 104, 105, 106, 107, 108, 109, 110, 111, 112, 119, 134, 137, 140, 141, 143, 147, 150, 151, 153, 154, 164, 167, 171, 195}"
RefArbor,C4.5,WcD0F391711040300_08.ce,48,0.22711289608496582,"{13, 14, 16, 17, 18, 19, 20, 21, 22, 23, 24, 25, 26, 27, 28, 29, 30, 31, 32, 33, 55, 56, 57, 58, 61, 62, 64, 68, 71, 72, 74, 75, 88, 92, 93, 116, 124, 137, 160, 163, 164, 175, 176, 178, 181, 182, 185, 186}"
RefArbor,C4.5,WcD0F391711040315_08.ce,87,0.24969164210962552,"{1, 3, 12, 13, 14, 18, 20, 22, 23, 24, 25, 26, 30, 36, 37, 38, 39, 40, 43, 45, 47, 48, 49, 50, 53, 54, 55, 56, 61, 62, 66, 71, 72, 75, 77, 86, 87, 88, 89, 90, 93, 99, 100, 102, 107, 108, 109, 110, 115, 116, 117, 126, 127, 138, 139, 146, 147, 148, 149, 151, 152, 153, 154, 155, 156, 159, 160, 163, 165, 166, 167, 168, 171, 172, 174, 175, 177, 178, 179, 180, 181, 182, 183, 184, 185, 187, 189}"
RefArbor,C4.5,WcD0F391711040330_08.ce,94,0.24727758320964935,"{4, 5, 10, 17, 18, 22, 24, 27, 28, 29, 33, 35, 39, 44, 45, 46, 52, 53, 54, 58, 59, 62, 71, 74, 75, 76, 77, 79, 80, 81, 83, 84, 87, 89, 90, 91, 92, 95, 96, 97, 99, 100, 101, 102, 103, 104, 105, 107, 108, 109, 110, 112, 113, 115, 117, 119, 121, 122, 123, 124, 125, 126, 127, 129, 130, 131, 132, 133, 134, 138, 139, 140, 143, 144, 145, 146, 148, 150, 151, 152, 154, 156, 157, 160, 161, 162, 163, 164, 166, 167, 172, 173, 174, 182}"
RefArbor,C4.5,WcD0F391711040345_08.ce,60,0.22875793504244352,"{10, 19, 20, 21, 22, 23, 25, 26, 34, 40, 42, 45, 46, 47, 48, 49, 50, 51, 52, 53, 54, 55, 66, 67, 70, 71, 73, 76, 86, 87, 89, 90, 91, 92, 93, 94, 95, 96, 97, 98, 99, 100, 101, 102, 103, 104, 105, 106, 128, 129, 130, 131, 134, 135, 144, 147, 160, 164, 165, 193}"
RefArbor,C4.4,WcD08D61711040400_01.ce,64,0.2321171380048496,"{40, 43, 44, 50, 56, 58, 61, 62, 65, 66, 74, 76, 85, 86, 87, 93, 95, 96, 97, 98, 99, 103, 109, 110, 111, 112, 113, 116, 118, 120, 121, 122, 123, 126, 127, 128, 129, 134, 138, 139, 144, 145, 148, 150, 159, 160, 161, 162, 163, 166, 167, 168, 172, 173, 175, 176, 180, 181, 182, 183, 188, 189, 190, 191}"
RefArbor,C4.4,WcD08D61711040415_01.ce,76,0.2577374593943995,"{7, 8, 19, 20, 27, 28, 29, 33, 34, 35, 36, 37, 38, 41, 44, 45, 46, 47, 48, 52, 53, 56, 59, 60, 61, 62, 63, 64, 65, 66, 69, 80, 81, 93, 97, 99, 102, 103, 104, 109, 110, 119, 120, 121, 127, 128, 133, 134, 136, 137, 146, 150, 151, 152, 154, 155, 156, 159, 162, 164, 165, 166, 167, 170, 171, 174, 175, 177, 178, 180, 181, 182, 183, 184, 185, 188}"
RefArbor,C4.4,WcD08D61711040430_01.ce,86,0.2374561852982426,"{1, 3, 4, 7, 8, 9, 10, 11, 12, 13, 15, 16, 17, 18, 19, 22, 23, 24, 27, 28, 29, 31, 33, 35, 36, 37, 40, 41, 44, 45, 47, 48, 50, 51, 56, 57, 58, 66, 96, 97, 98, 99, 100, 102, 106, 109, 115, 119, 120, 122, 123, 124, 125, 126, 127, 128, 129, 130, 131, 132, 144, 145, 147, 148, 149, 150, 163, 164, 166, 167, 168, 169, 170, 171, 172, 173, 174, 175, 176, 177, 178, 179, 180, 181, 182, 183}"
RefArbor,C4.4,WcD08D61711040445_01.ce,46,0.22890573224352237,"{13, 15, 16, 19, 20, 22, 26, 29, 30, 32, 33, 43, 46, 49, 50, 53, 78, 82, 121, 122, 128, 133, 134, 136, 139, 140, 143, 144, 152, 154, 162, 163, 164, 165, 171, 173, 174, 175, 176, 177, 181, 187, 188, 189, 190, 191}"
RefArbor,C4.5,WcD0F391711040400_08.ce,58,0.23408939662440859,"{4, 43, 50, 55, 56, 58, 61, 62, 65, 66, 75, 76, 84, 85, 86, 87, 95, 96, 97, 98, 99, 103, 109, 110, 111, 112, 118, 120, 121, 122, 125, 126, 127, 128, 134, 143, 144, 147, 150, 158, 159, 160, 161, 163, 165, 166, 167, 172, 173, 174, 175, 180, 181, 182, 183, 188, 189, 190}"
RefArbor,C4.5,WcD0F391711040415_08.ce,83,0.2627436875240354,"{5, 6, 11, 16, 17, 18, 25, 26, 27, 30, 31, 32, 34, 35, 38, 41, 42, 43, 44, 45, 46, 47, 50, 53, 54, 55, 57, 58, 59, 60, 61, 62, 63, 64, 66, 69, 77, 78, 88, 89, 90, 91, 97, 100, 101, 102, 104, 108, 112, 114, 117, 118, 119, 125, 127, 131, 132, 134, 140, 147, 148, 149, 151, 152, 153, 154, 156, 157, 159, 162, 163, 164, 168, 171, 172, 173, 174, 176, 177, 182, 183, 190, 193}"
RefArbor,C4.5,WcD0F391711040430_08.ce,86,0.23132847906632084,"{2, 3, 4, 5, 6, 7, 8, 10, 11, 12, 13, 14, 15, 16, 17, 18, 19, 20, 23, 24, 25, 26, 28, 29, 30, 32, 34, 35, 36, 37, 40, 42, 43, 44, 46, 52, 53, 62, 64, 65, 83, 92, 93, 94, 95, 96, 98, 107, 110, 113, 115, 117, 120, 122, 123, 124, 125, 126, 127, 128, 139, 140, 142, 144, 145, 146, 159, 160, 162, 163, 164, 165, 166, 167, 168, 169, 170, 171, 172, 173, 174, 175, 176, 177, 178, 179}"
RefArbor,C4.5,WcD0F391711040445_08.ce,43,0.2275677809606042,"{7, 9, 10, 11, 14, 15, 16, 24, 27, 40, 44, 46, 68, 73, 77, 116, 117, 128, 129, 131, 132, 134, 135, 138, 139, 148, 157, 158, 159, 160, 163, 168, 169, 170, 171, 176, 182, 183, 184, 185, 191, 193, 194}"
RefArbor,C4.4,WcD08D61711040500_01.ce,89,0.26223033990919903,"{5, 7, 8, 9, 12, 13, 14, 15, 16, 21, 25, 31, 32, 34, 35, 37, 45, 47, 48, 49, 50, 53, 54, 55, 56, 59, 60, 61, 62, 67, 68, 69, 70, 75, 76, 77, 78, 82, 86, 87, 97, 98, 99, 106, 107, 108, 111, 112, 113, 114, 115, 116, 119, 123, 124, 125, 126, 127, 131, 132, 134, 136, 137, 138, 140, 141, 142, 143, 144, 145, 147, 150, 156, 158, 159, 160, 166, 169, 171, 172, 179, 181, 182, 183, 185, 189, 193, 195, 198}"
RefArbor,C4.4,WcD08D61711040515_01.ce,84,0.24472329281420507,"{1, 2, 8, 10, 14, 15, 30, 31, 32, 34, 35, 36, 37, 39, 40, 42, 43, 45, 46, 47, 48, 51, 53, 55, 56, 57, 59, 60, 61, 62, 63, 64, 65, 66, 68, 69, 73, 75, 76, 77, 78, 79, 80, 81, 82, 83, 84, 85, 87, 88, 89, 90, 91, 94, 95, 96, 99, 100, 101, 103, 106, 108, 109, 110, 112, 113, 116, 119, 120, 122, 128, 129, 138, 148, 159, 168, 169, 170, 171, 172, 174, 183, 186, 191}"
RefArbor,C4.4,WcD08D61711040530_01.ce,60,0.22477229935210732,"{1, 2, 3, 5, 6, 7, 8, 9, 10, 11, 12, 23, 24, 26, 27, 28, 29, 30, 33, 42, 43, 44, 46, 47, 48, 49, 50, 51, 52, 53, 54, 55, 56, 57, 58, 59, 60, 61, 62, 63, 85, 86, 87, 88, 91, 92, 93, 101, 104, 112, 117, 121, 122, 124, 146, 150, 154, 189, 193, 194}"
RefArbor,C4.4,WcD08D61711040545_01.ce,132,0.2529706820905811,"{4, 10, 11, 12, 13, 14, 15, 16, 17, 20, 21, 30, 31, 39, 40, 41, 42, 45, 50, 51, 52, 53, 54, 58, 64, 65, 66, 67, 73, 75, 76, 77, 80, 81, 82, 83, 89, 94, 95, 96, 97, 98, 99, 100, 101, 102, 103, 104, 105, 106, 107, 108, 109, 110, 111, 112, 113, 114, 115, 116, 117, 118, 119, 120, 121, 122, 123, 124, 125, 126, 127, 128, 129, 130, 131, 132, 133, 134, 135, 136, 137, 138, 139, 140, 141, 142, 143, 144, 145, 146, 147, 148, 149, 150, 151, 152, 153, 154, 155, 156, 157, 158, 159, 160, 161, 162, 163, 164, 165, 166, 167, 168, 169, 170, 171, 172, 173, 174, 175, 176, 177, 178, 179, 180, 181, 182, 183, 184, 185, 186, 187, 188}"
RefArbor,C4.5,WcD0F391711040500_08.ce,73,0.2717210575936214,"{1, 4, 5, 6, 7, 13, 22, 23, 26, 28, 29, 37, 38, 39, 40, 41, 44, 45, 46, 48, 51, 52, 53, 55, 59, 60, 61, 62, 66, 67, 68, 69, 74, 78, 79, 80, 84, 89, 90, 98, 99, 101, 103, 104, 105, 106, 107, 108, 111, 116, 117, 120, 123, 125, 126, 128, 131, 132, 133, 134, 135, 139, 150, 151, 163, 164, 172, 173, 174, 177, 180, 190, 191}"
RefArbor,C4.5,WcD0F391711040515_08.ce,86,0.24516189860512272,"{4, 5, 10, 11, 23, 27, 28, 29, 31, 32, 33, 36, 37, 39, 42, 43, 44, 48, 50, 51, 52, 53, 54, 56, 57, 58, 59, 60, 61, 62, 63, 65, 66, 67, 70, 73, 74, 75, 76, 77, 78, 79, 81, 82, 83, 84, 85, 87, 88, 90, 91, 92, 93, 95, 96, 97, 103, 105, 106, 107, 108, 109, 110, 111, 112, 113, 114, 115, 116, 118, 119, 125, 126, 145, 161, 165, 166, 167, 168, 169, 171, 183, 186, 188, 190, 193}"
RefArbor,C4.5,WcD0F391711040530_08.ce,57,0.22262911335143062,"{2, 3, 4, 5, 6, 7, 8, 19, 20, 22, 24, 25, 26, 35, 39, 42, 43, 44, 45, 46, 47, 48, 49, 50, 51, 52, 53, 54, 55, 56, 57, 58, 59, 80, 81, 83, 84, 86, 87, 88, 89, 93, 97, 99, 100, 110, 113, 115, 117, 118, 141, 146, 150, 155, 185, 188, 189}"
RefArbor,C4.5,WcD0F391711040545_08.ce,132,0.24420379924596927,"{1, 7, 8, 9, 10, 13, 17, 18, 25, 26, 27, 36, 37, 38, 39, 44, 46, 47, 48, 49, 50, 54, 60, 61, 62, 63, 64, 67, 71, 72, 73, 74, 77, 78, 79, 80, 89, 91, 92, 93, 94, 95, 96, 97, 98, 99, 100, 101, 102, 103, 104, 105, 106, 107, 108, 109, 110, 111, 112, 113, 114, 115, 116, 117, 118, 119, 120, 121, 122, 123, 124, 125, 126, 127, 128, 129, 130, 131, 132, 133, 134, 135, 136, 137, 138, 139, 140, 141, 142, 143, 144, 145, 146, 147, 148, 149, 150, 151, 152, 153, 154, 155, 156, 157, 158, 159, 160, 161, 162, 163, 164, 165, 166, 167, 168, 169, 170, 171, 172, 173, 174, 175, 176, 177, 178, 179, 180, 181, 182, 183, 184, 189}"
RefArbor,C4.4,WcD08D61711040600_01.ce,166,0.3036142990287968,"{1, 2, 3, 4, 5, 6, 7, 8, 9, 12, 13, 14, 15, 16, 17, 18, 19, 20, 21, 22, 23, 24, 25, 26, 27, 28, 29, 30, 31, 32, 33, 34, 35, 36, 37, 38, 39, 40, 41, 42, 43, 44, 45, 46, 49, 50, 51, 52, 53, 54, 55, 56, 57, 58, 59, 60, 62, 63, 64, 65, 66, 69, 70, 71, 72, 73, 74, 75, 77, 78, 79, 80, 81, 82, 83, 84, 85, 86, 87, 88, 89, 90, 91, 92, 93, 94, 95, 96, 97, 98, 99, 100, 101, 102, 103, 104, 105, 106, 107, 108, 109, 110, 111, 113, 115, 116, 117, 118, 119, 120, 121, 122, 123, 124, 125, 126, 127, 128, 129, 130, 131, 132, 133, 134, 135, 136, 137, 138, 141, 143, 144, 145, 146, 147, 148, 149, 150, 151, 152, 153, 154, 155, 156, 157, 158, 159, 160, 161, 162, 163, 164, 165, 166, 167, 168, 169, 170, 172, 173, 176, 180, 181, 182, 184, 185, 186}"
RefArbor,C4.4,WcD08D61711040615_01.ce,46,0.23855072192278653,"{1, 2, 3, 4, 5, 6, 7, 8, 9, 10, 19, 24, 27, 32, 33, 34, 39, 40, 43, 53, 57, 59, 64, 65, 66, 67, 95, 99, 100, 101, 102, 103, 106, 107, 108, 119, 120, 133, 134, 164, 173, 176, 177, 179, 180, 185}"
RefArbor,C4.4,WcD08D61711040630_01.ce,33,0.24350139292323997,"{11, 12, 13, 29, 35, 38, 41, 46, 47, 48, 49, 50, 52, 53, 54, 66, 80, 107, 119, 125, 126, 134, 140, 144, 146, 160, 161, 165, 181, 184, 185, 188, 192}"
RefArbor,C4.4,WcD08D61711040645_01.ce,172,0.2884498444200681,"{1, 2, 4, 8, 9, 12, 23, 24, 25, 26, 27, 28, 29, 30, 31, 32, 33, 34, 35, 36, 37, 38, 39, 40, 41, 42, 43, 44, 45, 46, 47, 48, 49, 50, 51, 52, 53, 54, 55, 56, 57, 58, 59, 60, 61, 62, 63, 64, 65, 66, 67, 68, 69, 70, 71, 72, 73, 74, 75, 76, 77, 78, 79, 80, 81, 82, 83, 84, 86, 87, 88, 89, 90, 91, 92, 93, 95, 96, 97, 98, 99, 100, 102, 103, 104, 105, 106, 107, 108, 109, 110, 111, 112, 113, 114, 115, 116, 117, 118, 119, 120, 121, 122, 123, 124, 125, 126, 127, 128, 129, 130, 131, 132, 133, 134, 135, 136, 137, 138, 139, 140, 141, 142, 143, 144, 145, 146, 147, 148, 149, 150, 151, 152, 153, 154, 155, 156, 157, 158, 159, 160, 161, 162, 163, 164, 165, 166, 167, 168, 169, 170, 171, 172, 173, 174, 175, 176, 177, 178, 179, 180, 181, 182, 183, 184, 185, 186, 187, 188, 189, 190, 191}"
RefArbor,C4.5,WcD0F391711040600_08.ce,131,0.2925038381688911,"{1, 2, 3, 4, 5, 8, 9, 10, 11, 14, 15, 17, 18, 19, 20, 21, 22, 23, 24, 25, 26, 27, 28, 29, 30, 31, 32, 33, 34, 35, 36, 37, 38, 39, 40, 46, 47, 50, 52, 53, 54, 56, 57, 59, 62, 64, 65, 66, 70, 72, 74, 76, 77, 78, 79, 80, 82, 83, 84, 85, 86, 87, 88, 91, 94, 95, 96, 97, 98, 99, 100, 101, 102, 103, 105, 106, 109, 111, 112, 113, 114, 115, 116, 118, 119, 120, 121, 122, 123, 124, 125, 126, 127, 128, 129, 130, 131, 132, 138, 142, 144, 145, 146, 147, 148, 149, 150, 152, 153, 156, 157, 158, 159, 160, 161, 162, 164, 165, 166, 172, 173, 175, 179, 180, 182, 185, 188, 189, 190, 192, 194}"
RefArbor,C4.5,WcD0F391711040615_08.ce,33,0.2404876185180289,"{1, 26, 27, 28, 33, 37, 51, 53, 58, 59, 60, 61, 76, 82, 85, 88, 93, 94, 95, 96, 97, 99, 101, 102, 113, 114, 127, 166, 168, 170, 173, 179, 182}"
RefArbor,C4.5,WcD0F391711040630_08.ce,40,0.24435101104422044,"{3, 11, 12, 13, 35, 41, 46, 47, 48, 49, 52, 53, 54, 64, 66, 80, 106, 107, 119, 122, 124, 125, 126, 139, 140, 144, 146, 147, 154, 156, 159, 160, 161, 164, 165, 184, 186, 189, 190, 193}"
RefArbor,C4.5,WcD0F391711040645_08.ce,178,0.2833584908575232,"{1, 7, 9, 11, 20, 22, 23, 24, 25, 26, 27, 28, 29, 30, 31, 32, 33, 34, 35, 36, 37, 38, 39, 40, 41, 42, 43, 44, 45, 46, 47, 48, 49, 50, 51, 52, 53, 54, 55, 56, 57, 58, 59, 60, 61, 62, 63, 64, 65, 66, 67, 68, 69, 70, 71, 72, 73, 74, 75, 76, 77, 78, 79, 80, 81, 82, 83, 84, 85, 86, 87, 88, 89, 90, 91, 92, 93, 94, 95, 96, 97, 98, 99, 100, 101, 102, 103, 104, 105, 106, 107, 108, 109, 110, 111, 112, 113, 114, 115, 116, 117, 118, 119, 120, 121, 122, 123, 124, 125, 126, 127, 128, 129, 130, 131, 132, 133, 134, 135, 136, 137, 138, 139, 140, 141, 142, 143, 144, 145, 146, 147, 148, 149, 150, 151, 152, 153, 154, 155, 156, 157, 158, 159, 160, 161, 162, 163, 164, 165, 166, 167, 168, 169, 170, 171, 172, 173, 174, 175, 176, 177, 178, 179, 180, 181, 182, 183, 184, 185, 186, 187, 188, 189, 190, 191, 192, 193, 194}"
RefArbor,C4.4,WcD08D61711040700_01.ce,67,0.22028117754709223,"{1, 2, 3, 4, 5, 6, 7, 8, 9, 10, 11, 12, 13, 14, 15, 16, 17, 18, 19, 20, 21, 22, 23, 24, 25, 26, 27, 28, 29, 38, 41, 44, 45, 46, 52, 53, 58, 76, 77, 79, 82, 93, 116, 119, 124, 128, 133, 139, 140, 141, 142, 143, 144, 145, 148, 149, 150, 151, 163, 164, 165, 172, 183, 187, 188, 190, 191}"
RefArbor,C4.4,WcD08D61711040715_01.ce,62,0.235405827702735,"{10, 11, 15, 18, 21, 22, 23, 26, 28, 34, 35, 36, 37, 38, 39, 40, 47, 51, 56, 57, 58, 59, 60, 61, 62, 63, 67, 70, 73, 74, 75, 78, 84, 85, 86, 87, 88, 89, 94, 95, 96, 101, 102, 106, 119, 129, 132, 133, 144, 147, 154, 160, 165, 175, 176, 177, 178, 181, 182, 183, 184, 185}"
RefArbor,C4.4,WcD08D61711040730_01.ce,47,0.22542570557647593,"{6, 8, 11, 14, 16, 17, 22, 24, 25, 26, 27, 28, 32, 33, 37, 43, 44, 66, 90, 97, 98, 101, 128, 129, 133, 149, 150, 151, 152, 153, 155, 156, 157, 159, 160, 161, 162, 163, 164, 165, 166, 167, 168, 169, 170, 171, 174}"
RefArbor,C4.4,WcD08D61711040745_01.ce,42,0.22264439327077298,"{20, 21, 42, 44, 45, 48, 49, 51, 77, 78, 80, 81, 86, 90, 97, 98, 99, 100, 107, 109, 110, 116, 117, 123, 124, 126, 129, 130, 136, 155, 156, 157, 160, 161, 162, 163, 165, 175, 177, 180, 181, 182}"
RefArbor,C4.5,WcD0F391711040700_08.ce,58,0.21718893078056167,"{1, 2, 3, 4, 5, 6, 7, 8, 9, 10, 11, 12, 13, 14, 15, 16, 17, 18, 19, 20, 21, 22, 23, 24, 33, 34, 40, 41, 42, 49, 72, 74, 75, 88, 89, 99, 104, 114, 115, 120, 131, 135, 136, 137, 138, 139, 144, 145, 146, 147, 158, 159, 160, 167, 168, 171, 183, 186}"
RefArbor,C4.5,WcD0F391711040715_08.ce,67,0.23036744045181928,"{5, 10, 13, 15, 16, 17, 20, 21, 29, 30, 31, 32, 33, 34, 35, 41, 42, 46, 50, 51, 53, 54, 55, 56, 57, 58, 62, 64, 67, 68, 69, 70, 73, 77, 79, 80, 81, 82, 83, 84, 87, 89, 91, 95, 96, 97, 102, 105, 126, 127, 128, 133, 142, 157, 159, 169, 170, 171, 172, 173, 175, 176, 177, 178, 179, 187, 189}"
RefArbor,C4.5,WcD0F391711040730_08.ce,43,0.220324629820742,"{6, 8, 14, 16, 17, 18, 19, 24, 25, 30, 35, 40, 47, 86, 89, 118, 120, 125, 141, 142, 143, 144, 145, 147, 148, 149, 150, 151, 152, 153, 154, 155, 156, 157, 158, 159, 160, 161, 162, 164, 165, 166, 171}"
RefArbor,C4.5,WcD0F391711040745_08.ce,35,0.22586427763478803,"{18, 40, 42, 46, 47, 49, 74, 75, 85, 88, 93, 95, 96, 97, 104, 109, 115, 119, 121, 127, 145, 146, 153, 154, 158, 160, 161, 163, 177, 178, 179, 180, 185, 189, 192}"
RefArbor,C4.4,WcD08D61711040800_01.ce,39,0.2283675394073831,"{1, 2, 3, 4, 5, 6, 7, 16, 17, 19, 21, 22, 23, 27, 34, 35, 36, 38, 39, 41, 46, 63, 64, 65, 80, 91, 97, 98, 114, 161, 167, 169, 173, 182, 184, 185, 186, 189, 192}"
RefArbor,C4.4,WcD08D61711040815_01.ce,34,0.24528579496845096,"{10, 11, 13, 18, 19, 20, 21, 22, 24, 27, 30, 35, 43, 77, 79, 80, 85, 88, 90, 94, 96, 134, 137, 149, 152, 160, 163, 167, 169, 170, 171, 172, 176, 190}"
RefArbor,C4.4,WcD08D61711040830_01.ce,34,0.2479137497651718,"{26, 32, 41, 60, 61, 62, 64, 69, 71, 72, 73, 74, 77, 78, 83, 84, 106, 107, 119, 120, 121, 122, 123, 124, 128, 134, 135, 141, 150, 155, 159, 166, 185, 188}"
RefArbor,C4.4,WcD08D61711040845_01.ce,36,0.2453641004931311,"{8, 10, 24, 27, 28, 29, 34, 35, 57, 83, 89, 107, 108, 110, 111, 113, 118, 121, 122, 134, 137, 142, 143, 145, 162, 163, 165, 166, 169, 173, 175, 176, 179, 185, 186, 191}"
RefArbor,C4.5,WcD0F391711040800_08.ce,35,0.22911218680926945,"{1, 2, 3, 4, 15, 16, 18, 19, 24, 25, 27, 28, 30, 31, 32, 38, 43, 45, 60, 61, 62, 76, 85, 94, 111, 162, 164, 165, 170, 179, 180, 182, 183, 188, 193}"
RefArbor,C4.5,WcD0F391711040815_08.ce,40,0.24350055563160355,"{5, 9, 12, 17, 24, 26, 27, 29, 31, 34, 37, 42, 43, 47, 52, 54, 56, 57, 58, 78, 80, 82, 87, 89, 104, 114, 126, 136, 142, 147, 148, 161, 162, 165, 166, 168, 169, 170, 182, 188}"
RefArbor,C4.5,WcD0F391711040830_08.ce,48,0.24567232195403868,"{6, 24, 28, 29, 32, 36, 40, 41, 46, 54, 56, 57, 59, 60, 65, 70, 71, 73, 74, 76, 78, 79, 80, 98, 101, 103, 111, 112, 114, 115, 116, 117, 118, 119, 120, 122, 130, 132, 135, 145, 146, 151, 153, 154, 161, 162, 164, 184}"
RefArbor,C4.5,WcD0F391711040845_08.ce,43,0.2520736242514913,"{7, 8, 20, 21, 24, 25, 26, 44, 50, 75, 79, 85, 87, 105, 106, 108, 109, 118, 119, 120, 129, 132, 133, 135, 136, 140, 150, 160, 162, 163, 167, 171, 172, 173, 174, 178, 182, 183, 184, 188, 189, 190, 193}"
RefArbor,C4.4,WcD08D61711040900_01.ce,67,0.2493991639207316,"{1, 2, 3, 4, 5, 6, 7, 8, 9, 10, 17, 24, 25, 31, 35, 36, 43, 44, 47, 48, 49, 52, 53, 57, 58, 59, 60, 61, 62, 67, 69, 70, 76, 80, 82, 121, 126, 127, 128, 131, 132, 133, 134, 135, 136, 139, 143, 144, 148, 153, 154, 155, 160, 161, 162, 163, 164, 167, 168, 169, 170, 172, 174, 182, 186, 187, 188}"
RefArbor,C4.4,WcD08D61711040915_01.ce,44,0.2564924808905391,"{2, 3, 4, 8, 42, 43, 44, 64, 65, 73, 76, 79, 81, 84, 92, 94, 96, 98, 103, 104, 105, 110, 111, 125, 127, 129, 130, 131, 132, 133, 141, 144, 145, 148, 154, 155, 156, 158, 161, 163, 173, 183, 194, 196}"
RefArbor,C4.4,WcD08D61711040930_01.ce,55,0.24322461979685236,"{7, 8, 18, 21, 22, 23, 32, 42, 49, 50, 53, 62, 63, 64, 76, 78, 79, 82, 87, 92, 96, 100, 110, 120, 121, 122, 124, 129, 130, 131, 132, 140, 153, 154, 155, 156, 160, 161, 162, 169, 170, 171, 172, 173, 175, 176, 177, 178, 179, 182, 184, 187, 188, 191, 192}"
RefArbor,C4.4,WcD08D61711040945_01.ce,67,0.22056173037381457,"{1, 2, 3, 4, 5, 6, 7, 8, 9, 10, 26, 30, 34, 35, 41, 42, 43, 44, 49, 52, 53, 54, 55, 56, 57, 58, 65, 66, 69, 71, 91, 118, 119, 124, 127, 128, 138, 139, 140, 141, 142, 143, 145, 146, 147, 148, 150, 159, 160, 162, 163, 166, 169, 175, 176, 177, 178, 179, 180, 181, 183, 186, 187, 188, 189, 195, 196}"
RefArbor,C4.5,WcD0F391711040900_08.ce,67,0.2550441755274215,"{1, 2, 3, 4, 5, 6, 12, 20, 21, 24, 31, 32, 39, 43, 44, 45, 47, 48, 49, 53, 54, 55, 56, 58, 63, 65, 67, 68, 72, 76, 88, 99, 119, 121, 122, 124, 127, 128, 129, 130, 131, 132, 134, 135, 138, 139, 140, 144, 149, 150, 151, 156, 157, 158, 159, 160, 163, 164, 165, 168, 173, 182, 183, 184, 188, 189, 190}"
RefArbor,C4.5,WcD0F391711040915_08.ce,52,0.2553780196101126,"{7, 8, 12, 17, 35, 36, 37, 51, 58, 66, 68, 69, 70, 72, 74, 75, 76, 77, 81, 85, 87, 91, 92, 96, 97, 104, 107, 109, 118, 122, 124, 125, 126, 134, 136, 137, 138, 141, 144, 147, 148, 152, 156, 162, 165, 168, 175, 177, 179, 182, 185, 191}"
RefArbor,C4.5,WcD0F391711040930_08.ce,57,0.24245537590308758,"{6, 17, 20, 21, 33, 48, 49, 51, 52, 57, 58, 61, 64, 76, 78, 90, 91, 95, 98, 99, 108, 109, 115, 119, 120, 122, 128, 129, 130, 131, 141, 151, 152, 153, 155, 159, 160, 167, 168, 169, 170, 171, 172, 174, 175, 176, 177, 178, 181, 186, 187, 189, 190, 191, 192, 193, 194}"
RefArbor,C4.5,WcD0F391711040945_08.ce,62,0.21688324729581465,"{1, 2, 3, 4, 5, 6, 7, 22, 23, 27, 31, 32, 38, 39, 40, 49, 50, 53, 54, 55, 62, 63, 66, 88, 115, 116, 118, 120, 121, 123, 124, 126, 128, 135, 136, 137, 138, 139, 140, 142, 143, 144, 147, 159, 160, 165, 171, 172, 173, 174, 175, 176, 177, 178, 181, 182, 183, 184, 185, 186, 192, 193}"
RefArbor,C4.4,WcD08D61711041000_01.ce,49,0.21074265456701574,"{1, 2, 3, 4, 5, 6, 24, 30, 31, 61, 64, 65, 69, 70, 74, 76, 77, 85, 86, 87, 88, 94, 98, 99, 103, 105, 110, 139, 144, 155, 158, 159, 162, 163, 164, 165, 166, 167, 168, 172, 175, 176, 180, 181, 182, 183, 184, 190, 191}"
RefArbor,C4.4,WcD08D61711041015_01.ce,51,0.21140548880474574,"{1, 2, 29, 32, 41, 46, 47, 49, 50, 61, 63, 64, 65, 70, 73, 74, 75, 81, 84, 104, 105, 106, 107, 116, 122, 123, 124, 125, 126, 127, 128, 130, 131, 132, 138, 139, 140, 142, 144, 145, 147, 149, 154, 155, 156, 158, 163, 165, 174, 175, 186}"
RefArbor,C4.4,WcD08D61711041030_01.ce,51,0.25111191878875755,"{7, 17, 19, 21, 23, 24, 28, 34, 41, 42, 43, 44, 45, 46, 53, 72, 79, 82, 89, 92, 94, 96, 97, 99, 133, 135, 138, 144, 145, 147, 148, 149, 150, 151, 152, 153, 154, 155, 156, 160, 161, 162, 163, 164, 165, 167, 177, 178, 181, 186, 192}"
RefArbor,C4.4,WcD08D61711041045_01.ce,37,0.23723573330171768,"{1, 4, 5, 12, 35, 41, 47, 48, 49, 57, 63, 66, 76, 78, 82, 88, 102, 134, 136, 137, 138, 143, 145, 154, 159, 164, 171, 173, 177, 182, 191, 193, 194, 195, 197, 198, 199}"
RefArbor,C4.5,WcD0F391711041000_08.ce,50,0.20801833533076314,"{1, 2, 3, 4, 5, 6, 25, 31, 32, 44, 53, 64, 70, 71, 72, 75, 77, 78, 79, 86, 87, 88, 89, 98, 99, 104, 105, 106, 107, 109, 158, 159, 163, 164, 165, 166, 167, 168, 173, 176, 177, 180, 181, 182, 183, 184, 185, 191, 192, 193}"
RefArbor,C4.5,WcD0F391711041015_08.ce,53,0.20870054792552709,"{1, 19, 28, 31, 32, 34, 40, 42, 44, 45, 47, 48, 61, 62, 63, 68, 69, 70, 72, 73, 83, 103, 104, 105, 106, 112, 114, 115, 121, 122, 123, 124, 125, 127, 131, 137, 138, 139, 140, 141, 142, 143, 144, 146, 154, 157, 161, 162, 163, 164, 173, 174, 185}"
RefArbor,C4.5,WcD0F391711041030_08.ce,49,0.2516346477614239,"{12, 14, 19, 24, 39, 40, 49, 58, 76, 78, 79, 80, 88, 90, 92, 94, 109, 120, 128, 129, 131, 134, 136, 139, 140, 141, 143, 144, 145, 146, 147, 149, 150, 151, 154, 155, 156, 157, 158, 159, 160, 161, 173, 174, 177, 182, 188, 191, 193}"
RefArbor,C4.5,WcD0F391711041045_08.ce,28,0.24139175137287627,"{6, 36, 41, 42, 43, 73, 77, 82, 130, 131, 132, 135, 138, 139, 140, 147, 154, 156, 159, 166, 169, 172, 179, 185, 188, 189, 191, 192}"
RefArbor,C4.4,WcD08D61711041100_01.ce,41,0.24694443405338048,"{1, 2, 3, 5, 6, 9, 31, 37, 40, 51, 58, 61, 64, 68, 78, 81, 82, 83, 84, 97, 98, 99, 103, 118, 120, 126, 129, 143, 144, 146, 148, 153, 154, 157, 158, 160, 164, 175, 177, 185, 186}"
RefArbor,C4.4,WcD08D61711041115_01.ce,31,0.24011611640537925,"{8, 29, 34, 35, 38, 39, 58, 87, 88, 90, 98, 99, 118, 133, 146, 148, 149, 150, 151, 152, 155, 156, 158, 159, 166, 167, 171, 187, 188, 189, 190}"
RefArbor,C4.4,WcD08D61711041130_01.ce,44,0.24190120276303964,"{2, 3, 4, 5, 31, 39, 41, 59, 71, 72, 79, 87, 90, 93, 94, 98, 106, 107, 108, 110, 111, 112, 113, 116, 117, 118, 128, 129, 130, 131, 132, 133, 143, 145, 148, 151, 152, 153, 154, 162, 174, 189, 194, 197}"
RefArbor,C4.4,WcD08D61711041145_01.ce,51,0.23946204705763402,"{1, 2, 5, 17, 18, 19, 20, 33, 45, 46, 47, 50, 59, 60, 61, 66, 69, 70, 71, 72, 86, 88, 100, 101, 111, 112, 113, 115, 117, 123, 125, 129, 137, 149, 155, 156, 158, 159, 160, 161, 163, 166, 167, 174, 176, 177, 180, 181, 182, 184, 190}"
RefArbor,C4.5,WcD0F391711041100_08.ce,49,0.241955309147437,"{1, 2, 3, 4, 6, 10, 32, 38, 41, 46, 52, 56, 58, 59, 61, 62, 65, 67, 79, 81, 82, 83, 84, 85, 98, 99, 100, 109, 119, 120, 121, 124, 130, 138, 143, 144, 149, 153, 154, 155, 158, 159, 160, 161, 176, 178, 186, 187, 190}"
RefArbor,C4.5,WcD0F391711041115_08.ce,35,0.23901387567985846,"{20, 26, 28, 31, 32, 34, 35, 36, 38, 49, 84, 85, 87, 95, 96, 100, 114, 129, 143, 144, 146, 148, 149, 152, 155, 160, 163, 164, 169, 184, 185, 186, 187, 192, 193}"
RefArbor,C4.5,WcD0F391711041130_08.ce,44,0.23940073882211832,"{1, 2, 15, 27, 28, 55, 67, 69, 84, 86, 88, 90, 94, 96, 98, 102, 103, 104, 105, 106, 107, 108, 109, 112, 113, 114, 115, 121, 125, 126, 127, 128, 129, 135, 140, 142, 147, 148, 149, 150, 151, 185, 186, 193}"
RefArbor,C4.5,WcD0F391711041145_08.ce,53,0.23578234244019594,"{1, 2, 3, 6, 17, 18, 19, 20, 28, 34, 45, 46, 47, 48, 51, 60, 61, 67, 70, 71, 72, 82, 89, 101, 105, 113, 114, 116, 117, 118, 119, 121, 126, 129, 130, 150, 153, 154, 156, 158, 159, 161, 164, 166, 167, 168, 175, 177, 180, 181, 182, 185, 190}"
RefArbor,C4.4,WcD08D61711041200_01.ce,40,0.21457652649241762,"{1, 2, 3, 4, 5, 6, 20, 21, 22, 23, 27, 28, 31, 38, 49, 51, 52, 53, 55, 56, 57, 58, 59, 60, 61, 62, 63, 64, 65, 66, 67, 68, 69, 70, 113, 114, 136, 139, 173, 175}"
RefArbor,C4.4,WcD08D61711041215_01.ce,63,0.2375212080056314,"{2, 3, 12, 13, 20, 21, 22, 29, 30, 32, 36, 39, 41, 48, 53, 54, 60, 61, 64, 69, 70, 71, 72, 73, 74, 75, 76, 77, 78, 79, 80, 81, 82, 83, 85, 86, 87, 88, 89, 90, 91, 92, 93, 94, 95, 106, 112, 113, 114, 118, 128, 130, 131, 132, 136, 150, 151, 157, 158, 166, 175, 186, 190}"
RefArbor,C4.4,WcD08D61711041230_01.ce,37,0.2082322945932251,"{9, 10, 22, 23, 24, 25, 26, 49, 54, 55, 62, 63, 65, 68, 69, 70, 91, 93, 94, 110, 118, 128, 129, 137, 138, 142, 159, 166, 169, 170, 176, 184, 187, 194, 195, 196, 197}"
RefArbor,C4.4,WcD08D61711041245_01.ce,33,0.23600603688687108,"{6, 9, 10, 12, 19, 20, 21, 28, 44, 65, 95, 101, 102, 119, 123, 133, 134, 137, 139, 140, 141, 142, 150, 158, 160, 161, 162, 169, 173, 177, 180, 181, 189}"
RefArbor,C4.5,WcD0F391711041200_08.ce,41,0.2114185944001034,"{1, 2, 3, 17, 18, 19, 20, 25, 26, 27, 28, 29, 30, 36, 47, 50, 51, 53, 54, 55, 56, 57, 58, 59, 60, 61, 62, 63, 64, 65, 67, 83, 107, 134, 144, 156, 173, 189, 191, 192, 193}"
RefArbor,C4.5,WcD0F391711041215_08.ce,55,0.23758033177417304,"{9, 14, 17, 18, 19, 25, 26, 33, 35, 36, 38, 50, 57, 60, 64, 67, 69, 72, 73, 74, 75, 76, 77, 79, 80, 81, 82, 83, 84, 85, 86, 88, 89, 90, 91, 92, 94, 103, 109, 110, 126, 127, 128, 129, 133, 141, 147, 154, 162, 163, 164, 172, 183, 184, 185}"
RefArbor,C4.5,WcD0F391711041230_08.ce,33,0.20817300192046098,"{3, 4, 16, 17, 18, 19, 20, 48, 54, 56, 57, 61, 62, 63, 64, 85, 87, 104, 122, 131, 132, 136, 154, 162, 163, 164, 165, 179, 181, 187, 188, 190, 191}"
RefArbor,C4.5,WcD0F391711041245_08.ce,29,0.23525500527312362,"{4, 6, 9, 12, 18, 19, 20, 67, 99, 101, 103, 119, 123, 131, 133, 134, 138, 141, 142, 150, 158, 160, 161, 162, 169, 176, 180, 181, 189}"
RefArbor,C4.4,WcD08D61711041300_01.ce,39,0.23256707122980202,"{1, 2, 4, 5, 6, 23, 26, 48, 54, 59, 63, 71, 72, 77, 83, 84, 85, 86, 87, 88, 89, 95, 103, 104, 113, 125, 128, 132, 144, 146, 150, 157, 159, 161, 162, 163, 186, 188, 191}"
RefArbor,C4.4,WcD08D61711041315_01.ce,40,0.23660751647088138,"{6, 8, 18, 19, 29, 49, 50, 54, 55, 56, 71, 72, 81, 85, 86, 88, 94, 98, 99, 100, 105, 106, 109, 116, 123, 127, 129, 133, 138, 139, 140, 142, 147, 158, 159, 161, 167, 177, 181, 183}"
RefArbor,C4.4,WcD08D61711041330_01.ce,43,0.22309857780039638,"{1, 2, 3, 4, 5, 12, 18, 34, 35, 36, 37, 41, 43, 45, 46, 48, 67, 68, 70, 82, 92, 93, 107, 111, 118, 119, 142, 143, 144, 145, 151, 153, 158, 163, 165, 169, 171, 176, 178, 179, 180, 188, 190}"
RefArbor,C4.4,WcD08D61711041345_01.ce,122,0.24892084912886708,"{3, 4, 5, 17, 23, 36, 53, 54, 55, 56, 57, 58, 59, 61, 68, 71, 72, 73, 78, 79, 80, 81, 82, 83, 84, 85, 86, 87, 88, 89, 90, 91, 92, 93, 94, 95, 97, 99, 100, 101, 102, 103, 104, 105, 106, 107, 108, 109, 110, 111, 112, 113, 114, 115, 116, 117, 118, 119, 120, 121, 122, 123, 124, 125, 126, 127, 128, 129, 130, 131, 132, 133, 134, 135, 136, 137, 139, 140, 141, 142, 143, 144, 146, 147, 149, 150, 151, 152, 153, 154, 159, 160, 161, 162, 163, 164, 165, 166, 167, 168, 169, 171, 172, 173, 174, 175, 177, 178, 179, 180, 183, 184, 185, 186, 187, 188, 189, 190, 193, 195, 196, 197}"
RefArbor,C4.5,WcD0F391711041300_08.ce,40,0.22987519862556272,"{2, 3, 4, 16, 21, 23, 43, 46, 47, 52, 56, 62, 66, 75, 80, 81, 82, 83, 84, 85, 86, 87, 90, 98, 100, 109, 116, 122, 123, 125, 138, 148, 155, 157, 159, 160, 183, 186, 189, 191}"
RefArbor,C4.5,WcD0F391711041315_08.ce,51,0.22950229827059784,"{3, 4, 5, 14, 24, 25, 45, 46, 50, 51, 67, 68, 77, 81, 84, 90, 93, 94, 95, 96, 97, 101, 102, 109, 112, 118, 119, 124, 125, 127, 128, 134, 135, 136, 137, 139, 143, 154, 155, 157, 163, 171, 173, 175, 176, 177, 179, 188, 189, 191, 192}"
RefArbor,C4.5,WcD0F391711041330_08.ce,38,0.23117258023585668,"{1, 6, 8, 18, 25, 28, 30, 35, 36, 38, 39, 41, 42, 44, 48, 61, 62, 76, 86, 87, 101, 112, 113, 135, 136, 137, 139, 147, 158, 159, 163, 169, 170, 173, 174, 184, 191, 193}"
RefArbor,C4.5,WcD0F391711041345_08.ce,112,0.2535992117339893,"{11, 18, 23, 29, 48, 49, 50, 51, 52, 53, 63, 66, 73, 74, 75, 76, 77, 78, 79, 80, 81, 82, 83, 84, 85, 86, 87, 88, 89, 90, 92, 94, 95, 96, 97, 98, 99, 100, 101, 102, 103, 104, 106, 107, 108, 109, 110, 111, 113, 114, 115, 116, 117, 118, 119, 120, 121, 122, 123, 124, 125, 126, 127, 128, 129, 130, 131, 132, 134, 135, 136, 137, 138, 139, 141, 142, 143, 144, 145, 146, 147, 148, 149, 154, 156, 157, 158, 159, 160, 161, 162, 164, 165, 166, 167, 168, 169, 170, 172, 173, 175, 178, 179, 180, 181, 182, 183, 184, 190, 192, 193, 194}"
RefArbor,C4.4,WcD08D61711041400_01.ce,54,0.2140621446400785,"{1, 2, 3, 4, 5, 6, 7, 8, 9, 10, 11, 12, 13, 14, 15, 16, 17, 18, 19, 20, 21, 22, 23, 24, 25, 26, 27, 28, 29, 30, 32, 34, 35, 36, 37, 38, 47, 48, 49, 51, 54, 72, 76, 77, 82, 83, 84, 88, 109, 112, 136, 137, 138, 141}"
RefArbor,C4.4,WcD08D61711041415_01.ce,10,0.21872780088752558,"{121, 122, 124, 125, 126, 139, 147, 156, 164, 178}"
RefArbor,C4.4,WcD08D61711041430_01.ce,11,0.2372621076024621,"{17, 32, 46, 50, 52, 135, 148, 149, 155, 162, 186}"
RefArbor,C4.4,WcD08D61711041445_01.ce,37,0.23517109230341368,"{2, 3, 21, 39, 46, 47, 48, 53, 56, 57, 60, 61, 65, 66, 75, 82, 85, 108, 112, 113, 114, 115, 116, 117, 118, 121, 125, 130, 132, 139, 148, 164, 168, 169, 184, 185, 190}"
RefArbor,C4.5,WcD0F391711041400_08.ce,52,0.21024948749395514,"{1, 2, 3, 4, 5, 6, 7, 8, 9, 10, 11, 12, 13, 14, 15, 16, 17, 18, 19, 20, 21, 22, 23, 24, 25, 27, 28, 29, 30, 32, 33, 34, 36, 44, 45, 46, 48, 52, 70, 74, 75, 80, 81, 82, 85, 86, 107, 120, 133, 134, 135, 166}"
RefArbor,C4.5,WcD0F391711041415_08.ce,10,0.21803318525392062,"{32, 46, 115, 116, 119, 120, 121, 134, 140, 159}"
RefArbor,C4.5,WcD0F391711041430_08.ce,15,0.23664534504713142,"{40, 43, 44, 46, 54, 59, 96, 142, 148, 152, 156, 167, 180, 185, 193}"
RefArbor,C4.5,WcD0F391711041445_08.ce,38,0.236610022446956,"{38, 44, 45, 46, 55, 59, 60, 63, 64, 65, 67, 74, 81, 82, 88, 109, 110, 111, 113, 114, 115, 116, 117, 124, 128, 132, 134, 147, 151, 163, 166, 167, 168, 182, 184, 189, 191, 192}"
RefArbor,C4.4,WcD08D61711041500_01.ce,23,0.2199293828808935,"{1, 2, 3, 4, 5, 6, 7, 29, 41, 42, 56, 74, 79, 86, 119, 164, 170, 173, 180, 186, 187, 189, 190}"
RefArbor,C4.4,WcD08D61711041515_01.ce,10,0.207487151796361,"{11, 39, 42, 48, 61, 68, 69, 70, 73, 140}"
RefArbor,C4.4,WcD08D61711041530_01.ce,15,0.19132419409202345,"{164, 171, 172, 173, 174, 175, 176, 177, 178, 186, 187, 60, 190, 67, 68}"
RefArbor,C4.4,WcD08D61711041545_01.ce,16,0.18118961790967464,"{6, 10, 13, 14, 15, 18, 19, 26, 61, 136, 162, 169, 172, 177, 184, 197}"
RefArbor,C4.5,WcD0F391711041500_08.ce,15,0.22082369097158935,"{1, 2, 3, 4, 38, 53, 71, 83, 166, 167, 170, 183, 184, 186, 187}"
RefArbor,C4.5,WcD0F391711041515_08.ce,11,0.20557750211040093,"{20, 35, 38, 43, 57, 63, 64, 65, 66, 117, 159}"
RefArbor,C4.5,WcD0F391711041530_08.ce,14,0.18971002240611728,"{17, 57, 64, 161, 167, 168, 169, 170, 171, 172, 173, 174, 183, 193}"
RefArbor,C4.5,WcD0F391711041545_08.ce,19,0.17460969682419583,"{4, 5, 9, 10, 13, 14, 43, 44, 56, 130, 152, 157, 160, 169, 171, 172, 179, 184, 192}"
RefArbor,C4.4,WcD08D61711041600_01.ce,34,0.20378605434437186,"{1, 2, 3, 4, 5, 6, 7, 21, 22, 23, 24, 25, 26, 27, 28, 29, 30, 31, 32, 33, 35, 36, 79, 107, 108, 109, 110, 111, 127, 128, 129, 176, 191, 192}"
RefArbor,C4.4,WcD08D61711041615_01.ce,9,0.1784925522271263,"{20, 21, 47, 55, 67, 82, 84, 94, 147}"
RefArbor,C4.4,WcD08D61711041630_01.ce,15,0.18541111174936425,"{24, 27, 37, 39, 51, 52, 72, 73, 79, 88, 89, 90, 96, 106, 163}"
RefArbor,C4.4,WcD08D61711041645_01.ce,10,0.19864715463370966,"{15, 16, 55, 69, 70, 71, 86, 91, 175, 186}"
RefArbor,C4.5,WcD0F391711041600_08.ce,28,0.2067018180410153,"{1, 2, 3, 14, 18, 19, 20, 21, 22, 24, 25, 26, 27, 28, 29, 30, 31, 33, 71, 77, 82, 105, 108, 109, 125, 126, 127, 189}"
RefArbor,C4.5,WcD0F391711041615_08.ce,11,0.17728332905012323,"{17, 20, 21, 39, 46, 54, 66, 68, 84, 94, 147}"
RefArbor,C4.5,WcD0F391711041630_08.ce,15,0.1815594007087113,"{22, 37, 48, 49, 50, 70, 71, 76, 79, 84, 85, 86, 87, 94, 103}"
RefArbor,C4.5,WcD0F391711041645_08.ce,8,0.19745236439311376,"{14, 36, 53, 67, 68, 83, 172, 173}"
RefArbor,C4.4,WcD08D61711041700_01.ce,22,0.19899310802199693,"{1, 2, 3, 4, 5, 6, 7, 81, 82, 84, 85, 101, 118, 125, 145, 146, 184, 189, 190, 191, 192, 194}"
RefArbor,C4.4,WcD08D61711041715_01.ce,27,0.20234610754070415,"{87, 98, 99, 107, 109, 110, 112, 114, 123, 124, 127, 128, 129, 155, 158, 171, 173, 178, 179, 180, 184, 185, 188, 189, 190, 191, 193}"
RefArbor,C4.4,WcD08D61711041730_01.ce,22,0.22454826237504452,"{1, 2, 3, 4, 8, 35, 45, 51, 62, 63, 64, 71, 91, 95, 96, 108, 111, 114, 130, 175, 176, 179}"
RefArbor,C4.4,WcD08D61711041745_01.ce,30,0.2236406076190547,"{17, 24, 31, 52, 58, 78, 80, 81, 83, 86, 87, 90, 91, 93, 98, 99, 100, 109, 110, 130, 135, 139, 156, 158, 160, 163, 179, 183, 190, 196}"
RefArbor,C4.5,WcD0F391711041700_08.ce,18,0.19708413205452643,"{1, 2, 3, 59, 78, 80, 81, 82, 86, 94, 98, 109, 115, 181, 186, 187, 188, 189}"
RefArbor,C4.5,WcD0F391711041715_08.ce,30,0.19837335564258882,"{93, 96, 105, 107, 110, 112, 120, 121, 122, 124, 125, 126, 127, 140, 153, 156, 157, 162, 171, 177, 178, 181, 182, 186, 187, 188, 190, 191, 192, 193}"
RefArbor,C4.5,WcD0F391711041730_08.ce,23,0.22144085443120612,"{1, 5, 15, 25, 31, 32, 34, 43, 44, 47, 60, 68, 87, 92, 93, 102, 108, 127, 158, 165, 172, 173, 176}"
RefArbor,C4.5,WcD0F391711041745_08.ce,33,0.22073629926926194,"{10, 11, 18, 25, 46, 73, 74, 75, 77, 80, 81, 83, 84, 85, 87, 92, 93, 103, 104, 109, 120, 131, 151, 153, 154, 155, 157, 165, 173, 179, 183, 189, 192}"
RefArbor,C4.4,WcD08D61711041800_01.ce,44,0.24490419656008428,"{1, 2, 3, 4, 9, 26, 27, 30, 31, 36, 38, 39, 58, 64, 94, 100, 101, 108, 109, 115, 121, 123, 128, 129, 131, 132, 134, 139, 142, 149, 151, 153, 159, 160, 163, 165, 169, 170, 177, 181, 182, 183, 187, 190}"
RefArbor,C4.4,WcD08D61711041815_01.ce,68,0.23598535399263265,"{1, 5, 6, 7, 8, 9, 13, 14, 17, 32, 42, 44, 46, 47, 48, 50, 51, 52, 53, 54, 55, 56, 57, 58, 59, 61, 62, 63, 64, 65, 66, 71, 77, 78, 81, 89, 91, 92, 94, 95, 96, 102, 115, 116, 117, 118, 121, 127, 128, 130, 131, 132, 133, 134, 140, 143, 146, 148, 149, 150, 153, 159, 166, 170, 171, 176, 186, 191}"
RefArbor,C4.4,WcD08D61711041830_01.ce,59,0.25183841516310557,"{2, 3, 4, 5, 6, 7, 8, 9, 33, 34, 35, 37, 38, 49, 51, 57, 58, 59, 60, 61, 62, 64, 67, 68, 69, 70, 72, 74, 76, 77, 78, 80, 81, 85, 86, 87, 90, 91, 96, 97, 101, 112, 113, 114, 115, 121, 132, 133, 134, 137, 145, 152, 153, 163, 170, 171, 172, 185, 191}"
RefArbor,C4.4,WcD08D61711041845_01.ce,41,0.2336236501712131,"{6, 14, 15, 16, 17, 20, 27, 38, 48, 51, 52, 60, 61, 62, 63, 68, 73, 74, 75, 80, 81, 85, 87, 95, 96, 97, 98, 111, 115, 119, 123, 133, 135, 136, 137, 143, 164, 169, 170, 171, 178}"
RefArbor,C4.5,WcD0F391711041800_08.ce,46,0.24524650803126175,"{1, 2, 3, 4, 5, 8, 30, 31, 33, 34, 36, 38, 43, 58, 59, 65, 66, 98, 102, 109, 110, 119, 123, 124, 129, 132, 134, 135, 139, 145, 150, 152, 153, 160, 169, 170, 171, 172, 176, 178, 179, 181, 182, 183, 190, 191}"
RefArbor,C4.5,WcD0F391711041815_08.ce,74,0.22926792068319557,"{2, 3, 4, 5, 6, 9, 10, 11, 20, 29, 34, 40, 41, 43, 44, 45, 46, 47, 48, 49, 50, 51, 52, 53, 54, 55, 56, 58, 59, 60, 61, 62, 63, 73, 74, 78, 83, 84, 86, 87, 88, 89, 92, 93, 112, 113, 114, 115, 124, 125, 127, 128, 129, 130, 137, 139, 142, 143, 144, 145, 146, 150, 156, 166, 167, 168, 182, 183, 187, 188, 190, 191, 192, 193}"
RefArbor,C4.5,WcD0F391711041830_08.ce,57,0.2466451926819608,"{1, 2, 3, 4, 5, 12, 18, 22, 29, 31, 34, 35, 46, 51, 54, 55, 56, 57, 58, 60, 61, 64, 65, 69, 71, 72, 74, 75, 82, 83, 84, 87, 88, 93, 94, 98, 106, 109, 110, 111, 112, 118, 128, 129, 130, 131, 133, 134, 148, 149, 160, 166, 167, 168, 169, 187, 188}"
RefArbor,C4.5,WcD0F391711041845_08.ce,37,0.23264323745657361,"{1, 2, 9, 10, 11, 12, 13, 33, 34, 41, 44, 47, 48, 56, 57, 58, 59, 69, 71, 81, 91, 92, 93, 94, 100, 111, 114, 131, 132, 133, 150, 160, 165, 166, 173, 174, 181}"
RefArbor,C4.4,WcD08D61711041900_01.ce,81,0.23259827055919863,"{1, 2, 3, 4, 5, 6, 7, 8, 9, 10, 11, 12, 13, 22, 27, 28, 30, 31, 32, 35, 36, 40, 41, 42, 43, 50, 51, 54, 57, 58, 61, 62, 63, 64, 65, 66, 68, 69, 70, 71, 72, 73, 74, 75, 76, 77, 78, 79, 80, 81, 82, 83, 84, 85, 86, 87, 89, 92, 96, 98, 112, 115, 125, 126, 133, 145, 151, 152, 153, 154, 155, 157, 162, 167, 169, 175, 179, 180, 191, 192, 193}"
RefArbor,C4.4,WcD08D61711041915_01.ce,28,0.22855846896244172,"{9, 24, 101, 103, 106, 110, 119, 120, 121, 122, 124, 129, 131, 138, 145, 147, 150, 158, 159, 160, 164, 170, 172, 174, 180, 181, 187, 192}"
RefArbor,C4.4,WcD08D61711041930_01.ce,18,0.23881997049314294,"{9, 10, 29, 41, 44, 47, 49, 50, 51, 52, 53, 54, 81, 112, 128, 153, 154, 157}"
RefArbor,C4.4,WcD08D61711041945_01.ce,42,0.24596531866561944,"{3, 6, 19, 37, 42, 48, 52, 101, 102, 103, 104, 105, 106, 108, 109, 122, 124, 155, 158, 159, 160, 161, 162, 163, 167, 169, 170, 171, 172, 173, 174, 178, 179, 182, 183, 184, 185, 186, 187, 188, 189, 191}"
RefArbor,C4.5,WcD0F391711041900_08.ce,80,0.22998900262667438,"{1, 2, 3, 4, 5, 15, 20, 21, 23, 24, 25, 28, 29, 33, 34, 35, 36, 41, 43, 46, 47, 49, 50, 51, 52, 54, 55, 56, 57, 58, 59, 60, 61, 63, 64, 65, 66, 67, 68, 69, 70, 71, 72, 73, 75, 76, 77, 78, 79, 80, 81, 82, 83, 85, 89, 95, 104, 118, 119, 126, 136, 137, 144, 146, 147, 148, 150, 155, 156, 158, 160, 162, 165, 169, 172, 183, 184, 185, 186, 188}"
RefArbor,C4.5,WcD0F391711041915_08.ce,36,0.23141399378085958,"{95, 96, 97, 98, 100, 101, 114, 116, 117, 119, 124, 126, 139, 140, 141, 143, 144, 145, 146, 148, 150, 152, 153, 155, 159, 162, 164, 165, 166, 167, 168, 169, 179, 181, 182, 188}"
RefArbor,C4.5,WcD0F391711041930_08.ce,20,0.24207409813471162,"{5, 6, 13, 36, 37, 40, 43, 45, 46, 47, 48, 70, 74, 100, 108, 147, 149, 150, 152, 186}"
RefArbor,C4.5,WcD0F391711041945_08.ce,51,0.2440814978650748,"{1, 4, 5, 15, 32, 33, 35, 36, 43, 83, 88, 97, 98, 99, 101, 102, 103, 105, 117, 150, 152, 153, 154, 155, 156, 157, 158, 159, 162, 164, 165, 166, 167, 168, 169, 170, 171, 174, 178, 179, 180, 181, 182, 184, 185, 188, 189, 190, 191, 192, 193}"
RefArbor,C4.4,WcD08D61711042000_01.ce,68,0.25613362329423484,"{1, 2, 3, 4, 5, 6, 7, 8, 9, 10, 11, 12, 13, 15, 16, 17, 18, 19, 21, 22, 28, 29, 30, 31, 32, 33, 37, 38, 39, 50, 51, 59, 75, 98, 99, 100, 106, 119, 120, 121, 122, 123, 124, 125, 126, 127, 139, 143, 144, 145, 146, 147, 149, 150, 152, 164, 165, 166, 167, 168, 169, 170, 171, 175, 176, 179, 181, 185}"
RefArbor,C4.4,WcD08D61711042015_01.ce,76,0.25357645099894577,"{5, 7, 8, 9, 11, 12, 18, 19, 20, 22, 25, 26, 27, 28, 29, 30, 36, 37, 39, 42, 43, 44, 45, 46, 47, 48, 49, 50, 56, 64, 65, 86, 87, 104, 108, 109, 118, 119, 120, 121, 122, 123, 124, 125, 126, 127, 131, 132, 135, 137, 138, 139, 140, 141, 148, 149, 150, 151, 152, 153, 154, 157, 158, 176, 177, 178, 179, 180, 181, 182, 183, 184, 189, 190, 191, 192}"
RefArbor,C4.4,WcD08D61711042030_01.ce,83,0.24754609008669684,"{6, 7, 8, 9, 10, 11, 12, 14, 15, 16, 21, 22, 23, 24, 25, 26, 27, 28, 35, 39, 41, 47, 64, 68, 71, 78, 80, 85, 92, 95, 96, 97, 98, 99, 100, 101, 102, 103, 105, 110, 112, 113, 114, 117, 118, 119, 120, 121, 122, 123, 124, 125, 137, 139, 142, 143, 144, 150, 151, 152, 153, 154, 155, 156, 157, 160, 161, 166, 167, 168, 169, 170, 171, 172, 173, 174, 179, 186, 195, 196, 197, 198, 199}"
RefArbor,C4.4,WcD08D61711042045_01.ce,55,0.24738529973813095,"{1, 2, 11, 12, 19, 20, 21, 23, 29, 37, 38, 40, 44, 45, 46, 53, 70, 71, 104, 106, 107, 108, 109, 110, 111, 112, 123, 124, 125, 127, 128, 129, 130, 131, 132, 133, 134, 137, 138, 139, 140, 143, 145, 146, 147, 149, 172, 173, 174, 175, 176, 178, 179, 188, 189}"
RefArbor,C4.5,WcD0F391711042000_08.ce,66,0.2556735591708513,"{1, 2, 3, 4, 5, 6, 9, 10, 11, 12, 15, 16, 18, 22, 23, 24, 25, 26, 27, 30, 31, 32, 43, 44, 45, 52, 69, 80, 88, 92, 93, 94, 96, 104, 111, 112, 113, 114, 115, 116, 117, 118, 119, 120, 121, 133, 137, 138, 139, 140, 141, 143, 146, 157, 158, 159, 160, 161, 162, 164, 165, 169, 170, 175, 179, 194}"
RefArbor,C4.5,WcD0F391711042015_08.ce,91,0.2506304838787961,"{1, 2, 3, 4, 5, 6, 8, 13, 14, 15, 17, 19, 20, 21, 22, 23, 24, 25, 30, 31, 32, 37, 38, 39, 40, 41, 42, 43, 44, 45, 46, 50, 53, 59, 60, 61, 66, 75, 77, 82, 83, 98, 99, 102, 103, 104, 111, 112, 113, 114, 115, 116, 117, 119, 120, 121, 123, 125, 126, 129, 130, 131, 132, 133, 134, 135, 136, 143, 144, 145, 146, 147, 148, 151, 152, 153, 167, 171, 172, 173, 174, 175, 176, 177, 179, 184, 185, 186, 187, 190, 193}"
RefArbor,C4.5,WcD0F391711042030_08.ce,76,0.2535798630110483,"{1, 2, 3, 4, 5, 8, 9, 10, 14, 15, 16, 17, 18, 19, 20, 21, 22, 28, 33, 34, 53, 65, 72, 74, 89, 90, 91, 92, 93, 94, 95, 96, 99, 106, 107, 111, 112, 113, 114, 115, 116, 117, 118, 119, 133, 135, 136, 137, 138, 143, 144, 145, 146, 147, 148, 149, 150, 154, 155, 160, 161, 162, 163, 164, 165, 166, 167, 175, 177, 180, 182, 189, 190, 191, 192, 193}"
RefArbor,C4.5,WcD0F391711042045_08.ce,55,0.2585053072099397,"{1, 2, 10, 11, 19, 20, 21, 29, 37, 38, 43, 45, 46, 49, 53, 70, 71, 90, 95, 103, 104, 107, 109, 110, 111, 113, 123, 124, 127, 128, 129, 130, 131, 132, 133, 136, 137, 138, 139, 140, 142, 143, 144, 145, 146, 147, 165, 172, 173, 174, 175, 177, 178, 188, 194}"
RefArbor,C4.4,WcD08D61711042100_01.ce,39,0.24015916263454928,"{1, 2, 3, 4, 5, 6, 7, 12, 13, 14, 15, 16, 17, 18, 21, 22, 25, 27, 28, 29, 30, 31, 32, 34, 35, 38, 40, 41, 42, 101, 102, 118, 142, 143, 151, 164, 168, 173, 189}"
RefArbor,C4.4,WcD08D61711042115_01.ce,50,0.24088911189338574,"{2, 9, 21, 22, 28, 29, 41, 42, 43, 44, 45, 46, 47, 48, 51, 52, 53, 54, 56, 59, 63, 64, 67, 68, 69, 70, 74, 75, 79, 112, 113, 116, 121, 122, 124, 125, 126, 127, 128, 138, 158, 159, 162, 163, 166, 174, 180, 181, 187, 188}"
RefArbor,C4.4,WcD08D61711042130_01.ce,21,0.23222317657785518,"{19, 20, 23, 24, 47, 48, 49, 53, 73, 74, 82, 110, 113, 114, 133, 155, 156, 157, 161, 162, 186}"
RefArbor,C4.4,WcD08D61711042145_01.ce,23,0.23139082125265764,"{21, 22, 30, 39, 41, 42, 43, 46, 49, 82, 83, 105, 113, 121, 133, 134, 135, 148, 152, 154, 155, 159, 169}"
RefArbor,C4.5,WcD0F391711042100_08.ce,53,0.23760869494380607,"{1, 2, 3, 4, 10, 11, 12, 13, 14, 15, 16, 19, 20, 22, 23, 24, 25, 26, 27, 28, 29, 30, 31, 32, 33, 35, 36, 38, 39, 41, 46, 47, 48, 72, 74, 86, 87, 96, 98, 99, 100, 110, 132, 133, 141, 149, 162, 163, 165, 168, 171, 190, 191}"
RefArbor,C4.5,WcD0F391711042115_08.ce,62,0.23547993507797424,"{4, 15, 17, 18, 22, 23, 25, 33, 36, 37, 38, 39, 41, 42, 43, 44, 46, 47, 48, 49, 50, 51, 52, 54, 56, 59, 60, 62, 63, 64, 65, 66, 68, 70, 74, 84, 107, 108, 109, 110, 117, 118, 119, 120, 121, 122, 123, 124, 134, 140, 153, 154, 155, 158, 159, 162, 169, 174, 176, 183, 184, 191}"
RefArbor,C4.5,WcD0F391711042130_08.ce,26,0.22909372344952744,"{1, 10, 17, 18, 20, 42, 43, 44, 46, 68, 84, 86, 96, 105, 108, 109, 128, 149, 150, 151, 155, 156, 160, 165, 169, 181}"
RefArbor,C4.5,WcD0F391711042145_08.ce,27,0.233918463084886,"{14, 27, 29, 34, 35, 36, 38, 39, 42, 60, 62, 78, 80, 94, 101, 109, 128, 129, 130, 144, 146, 149, 150, 154, 165, 188, 189}"
RefArbor,C4.4,WcD08D61711042200_01.ce,33,0.2370725588028298,"{1, 2, 3, 4, 5, 6, 10, 18, 19, 23, 24, 25, 27, 28, 33, 34, 35, 68, 83, 84, 87, 94, 99, 118, 124, 140, 141, 142, 145, 148, 156, 157, 189}"
RefArbor,C4.4,WcD08D61711042215_01.ce,47,0.25498389536134547,"{2, 6, 10, 12, 13, 15, 21, 41, 55, 57, 58, 59, 60, 61, 69, 70, 71, 75, 77, 78, 79, 80, 81, 84, 91, 92, 94, 95, 99, 100, 101, 110, 142, 147, 148, 149, 151, 152, 158, 159, 160, 161, 162, 168, 170, 175, 179}"
RefArbor,C4.4,WcD08D61711042230_01.ce,25,0.20963714987384147,"{10, 11, 30, 31, 37, 63, 70, 89, 91, 92, 94, 95, 97, 115, 116, 117, 118, 119, 128, 132, 144, 166, 167, 182, 189}"
RefArbor,C4.4,WcD08D61711042245_01.ce,29,0.22794128313759718,"{30, 35, 38, 39, 40, 43, 49, 50, 53, 54, 55, 62, 66, 71, 72, 73, 74, 75, 99, 109, 110, 111, 112, 115, 119, 120, 122, 135, 165}"
RefArbor,C4.5,WcD0F391711042200_08.ce,43,0.2368810350033522,"{1, 2, 3, 4, 6, 10, 13, 19, 20, 21, 22, 25, 26, 31, 32, 38, 50, 58, 66, 69, 72, 76, 80, 81, 86, 87, 88, 91, 97, 116, 120, 121, 124, 138, 139, 143, 146, 154, 155, 177, 178, 190, 194}"
RefArbor,C4.5,WcD0F391711042215_08.ce,51,0.254552799451753,"{1, 8, 10, 11, 20, 22, 38, 51, 53, 55, 56, 57, 61, 65, 66, 67, 69, 73, 74, 75, 76, 77, 84, 87, 90, 91, 94, 95, 96, 99, 113, 137, 138, 142, 143, 144, 147, 154, 155, 156, 157, 159, 160, 162, 163, 164, 166, 174, 175, 181, 191}"
RefArbor,C4.5,WcD0F391711042230_08.ce,26,0.20916003921159554,"{4, 15, 32, 59, 64, 82, 83, 85, 87, 88, 89, 90, 108, 109, 110, 111, 112, 115, 116, 117, 122, 126, 138, 160, 183, 189}"
RefArbor,C4.5,WcD0F391711042245_08.ce,33,0.2322364857443391,"{4, 7, 31, 32, 35, 37, 40, 47, 49, 50, 51, 52, 54, 58, 59, 62, 63, 68, 69, 70, 71, 100, 105, 106, 107, 108, 109, 115, 116, 131, 132, 171, 180}"
RefArbor,C4.4,WcD08D61711042300_01.ce,34,0.23047801011980804,"{1, 2, 3, 4, 5, 6, 7, 8, 13, 14, 30, 31, 36, 38, 39, 41, 42, 44, 53, 59, 87, 92, 104, 105, 108, 119, 169, 180, 181, 182, 183, 184, 188, 191}"
RefArbor,C4.4,WcD08D61711042315_01.ce,26,0.2312294742106855,"{30, 31, 38, 47, 67, 71, 73, 74, 75, 79, 84, 98, 102, 111, 115, 117, 118, 122, 129, 133, 134, 162, 173, 186, 188, 191}"
RefArbor,C4.4,WcD08D61711042330_01.ce,32,0.23426014916225277,"{7, 14, 30, 32, 35, 36, 43, 44, 45, 46, 47, 48, 62, 73, 74, 75, 83, 88, 96, 97, 98, 99, 100, 102, 108, 110, 114, 121, 124, 135, 136, 140}"
RefArbor,C4.4,WcD08D61711042345_01.ce,31,0.23452122141791934,"{20, 51, 53, 54, 67, 69, 70, 72, 77, 79, 92, 93, 96, 99, 106, 115, 119, 121, 123, 128, 131, 132, 134, 135, 137, 140, 153, 181, 183, 184, 190}"
RefArbor,C4.5,WcD0F391711042300_08.ce,25,0.22896885065605602,"{1, 2, 3, 8, 33, 36, 37, 38, 39, 48, 68, 82, 83, 84, 88, 92, 99, 103, 170, 174, 175, 176, 177, 178, 185}"
RefArbor,C4.5,WcD0F391711042315_08.ce,37,0.23092876728846917,"{18, 19, 23, 24, 25, 32, 34, 41, 61, 65, 67, 68, 69, 73, 78, 85, 92, 94, 95, 96, 105, 108, 111, 114, 119, 121, 127, 130, 155, 164, 165, 179, 180, 181, 182, 184, 185}"
RefArbor,C4.5,WcD0F391711042330_08.ce,38,0.23078215867710464,"{2, 7, 13, 28, 30, 35, 36, 43, 44, 45, 46, 47, 48, 56, 58, 62, 73, 74, 75, 88, 89, 98, 99, 100, 107, 108, 110, 111, 113, 117, 118, 119, 123, 124, 135, 136, 157, 172}"
RefArbor,C4.5,WcD0F391711042345_08.ce,46,0.23762054614766523,"{4, 16, 17, 18, 48, 51, 64, 65, 67, 70, 74, 75, 84, 88, 90, 92, 94, 95, 101, 103, 104, 106, 110, 113, 114, 116, 120, 121, 126, 127, 128, 129, 130, 133, 139, 152, 168, 169, 179, 181, 184, 187, 188, 190, 191, 192}"
