ref_4.5,C4.4,WcD0A251710150000_01.ce,14,0.19395703590843857,"{1, 2, 3, 4, 5, 15, 66, 114, 119, 126, 133, 134, 138, 171}" 
ref_4.5,C4.4,WcD0A251710150015_01.ce,10,0.1835241011569653,"{7, 8, 88, 90, 91, 92, 114, 144, 183, 184}" 
ref_4.5,C4.4,WcD0A251710150030_01.ce,56,0.2193976780723279,"{14, 21, 22, 28, 36, 37, 38, 51, 55, 67, 71, 72, 89, 91, 92, 93, 94, 96, 97, 98, 100, 101, 102, 104, 105, 107, 108, 111, 112, 114, 116, 117, 118, 119, 135, 145, 153, 157, 161, 162, 164, 165, 166, 167, 169, 170, 172, 173, 174, 175, 176, 177, 179, 180, 181, 183}" 
ref_4.5,C4.4,WcD0A251710150045_01.ce,88,0.2275844346953043,"{5, 26, 36, 38, 39, 40, 47, 48, 49, 50, 51, 52, 53, 54, 55, 56, 57, 58, 59, 60, 64, 65, 66, 67, 68, 69, 70, 71, 72, 73, 74, 75, 76, 77, 78, 79, 80, 81, 82, 83, 84, 85, 89, 91, 94, 97, 99, 100, 103, 105, 106, 107, 108, 109, 116, 117, 118, 120, 121, 122, 123, 124, 142, 143, 144, 145, 146, 147, 150, 155, 158, 160, 161, 162, 163, 168, 170, 171, 172, 173, 174, 175, 178, 180, 181, 189, 192, 193}" 
ref_4.5,C4.5,WcD0A001710150000_03.ce,12,0.18897793498024384,"{1, 2, 3, 4, 15, 62, 66, 92, 114, 133, 134, 138}" 
ref_4.5,C4.5,WcD0A001710150015_03.ce,8,0.17188927240558194,"{7, 8, 144, 27, 171, 183, 88, 92}" 
ref_4.5,C4.5,WcD0A001710150030_03.ce,44,0.2110750130969535,"{13, 27, 35, 37, 66, 70, 71, 88, 90, 91, 92, 93, 95, 96, 97, 100, 101, 103, 104, 107, 110, 111, 113, 115, 116, 117, 118, 152, 156, 161, 165, 166, 168, 169, 170, 171, 172, 173, 174, 175, 178, 179, 180, 181}" 
ref_4.5,C4.5,WcD0A001710150045_03.ce,86,0.21503180946975134,"{5, 26, 35, 38, 39, 40, 47, 48, 49, 50, 51, 52, 53, 54, 55, 56, 57, 58, 59, 60, 64, 65, 66, 67, 68, 69, 70, 71, 72, 73, 74, 75, 76, 77, 78, 79, 80, 81, 83, 85, 86, 87, 89, 91, 94, 97, 98, 99, 100, 103, 105, 106, 107, 108, 109, 116, 117, 118, 119, 121, 122, 123, 138, 142, 143, 144, 145, 146, 147, 150, 154, 158, 159, 160, 161, 162, 171, 172, 173, 174, 175, 180, 181, 182, 192, 193}" 
ref_4.5,C4.4,WcD0A251710150100_01.ce,69,0.2073235249087045,"{1, 2, 3, 4, 9, 16, 17, 18, 19, 20, 21, 22, 23, 24, 25, 26, 27, 28, 38, 39, 40, 41, 42, 43, 45, 46, 47, 48, 49, 50, 51, 52, 53, 54, 55, 56, 57, 58, 59, 60, 61, 62, 67, 71, 72, 73, 74, 75, 76, 77, 78, 79, 80, 81, 82, 83, 88, 95, 97, 101, 117, 123, 124, 148, 149, 172, 186, 188, 189}" 
ref_4.5,C4.4,WcD0A251710150115_01.ce,11,0.16766988651202117,"{24, 26, 180, 181, 67, 68, 70, 71, 123, 125, 126}" 
ref_4.5,C4.4,WcD0A251710150130_01.ce,15,0.16815794059319322,"{41, 43, 44, 45, 46, 56, 57, 58, 64, 65, 68, 69, 70, 79, 86}" 
ref_4.5,C4.4,WcD0A251710150145_01.ce,13,0.20393064115895226,"{41, 47, 52, 53, 59, 60, 61, 69, 89, 115, 150, 151, 168}" 
ref_4.5,C4.5,WcD0A001710150100_03.ce,62,0.19471642219124635,"{1, 2, 3, 4, 17, 18, 19, 20, 21, 22, 23, 24, 25, 26, 27, 28, 29, 38, 39, 40, 41, 42, 43, 44, 45, 46, 47, 48, 49, 50, 51, 52, 53, 54, 55, 56, 57, 58, 59, 60, 61, 62, 67, 72, 73, 74, 75, 76, 77, 78, 79, 80, 81, 82, 88, 97, 117, 123, 124, 149, 186, 189}" 
ref_4.5,C4.5,WcD0A001710150115_03.ce,9,0.15771351941693945,"{24, 25, 180, 66, 67, 69, 70, 123, 125}" 
ref_4.5,C4.5,WcD0A001710150130_03.ce,13,0.1505139007642441,"{43, 44, 45, 46, 56, 57, 58, 64, 68, 69, 70, 79, 86}" 
ref_4.5,C4.5,WcD0A001710150145_03.ce,10,0.18435763416321163,"{12, 52, 53, 59, 60, 61, 69, 74, 89, 151}" 
ref_4.5,C4.4,WcD0A251710150200_01.ce,6,0.16474921799765468,"{3, 149, 154, 155, 156, 178}" 
ref_4.5,C4.4,WcD0A251710150215_01.ce,1,0.12471967540049372,{53} 
ref_4.5,C4.4,WcD0A251710150230_01.ce,0,0.16745810695086558,set() 
ref_4.5,C4.4,WcD0A251710150245_01.ce,8,0.15652370886555908,"{82, 97, 99, 100, 107, 110, 181, 191}" 
ref_4.5,C4.5,WcD0A001710150200_03.ce,7,0.14936845616158448,"{3, 149, 154, 155, 156, 171, 178}" 
ref_4.5,C4.5,WcD0A001710150215_03.ce,0,0.12288071412960988,set() 
ref_4.5,C4.5,WcD0A001710150230_03.ce,0,0.15565902762179087,set() 
ref_4.5,C4.5,WcD0A001710150245_03.ce,2,0.15831712035087053,"{107, 191}" 
ref_4.5,C4.4,WcD0A251710150300_01.ce,192,0.301758,"{1, 2, 3, 5, 6, 7, 8, 9, 10, 11, 12, 13, 14, 15, 16, 17, 18, 19, 20, 21, 22, 23, 24, 25, 26, 27, 28, 29, 30, 31, 32, 33, 34, 35, 36, 37, 38, 39, 40, 41, 42, 43, 44, 45, 46, 47, 48, 49, 50, 51, 52, 53, 54, 55, 56, 57, 58, 59, 60, 61, 62, 63, 64, 65, 66, 67, 68, 69, 70, 71, 72, 73, 74, 75, 76, 77, 78, 79, 80, 81, 82, 83, 84, 85, 86, 87, 88, 89, 90, 91, 92, 93, 94, 95, 96, 97, 98, 99, 100, 101, 102, 103, 104, 105, 106, 107, 108, 109, 110, 111, 112, 113, 114, 115, 116, 117, 118, 119, 120, 121, 122, 123, 124, 125, 126, 127, 128, 129, 130, 131, 132, 133, 134, 135, 136, 137, 138, 139, 140, 141, 142, 143, 144, 145, 146, 147, 148, 149, 150, 151, 152, 153, 154, 155, 156, 157, 158, 159, 160, 161, 162, 163, 164, 165, 166, 167, 168, 169, 170, 171, 172, 173, 174, 175, 176, 177, 178, 179, 180, 181, 182, 183, 184, 185, 186, 187, 188, 189, 190, 191, 192, 193}" 
ref_4.5,C4.4,WcD0A251710150315_01.ce,194,-1,"{1, 2, 3, 4, 5, 6, 7, 8, 9, 10, 11, 12, 13, 14, 15, 16, 17, 18, 19, 20, 21, 22, 23, 24, 25, 26, 27, 28, 29, 30, 31, 32, 33, 34, 35, 36, 37, 38, 39, 40, 41, 42, 43, 44, 45, 46, 47, 48, 49, 50, 51, 52, 53, 54, 55, 56, 57, 58, 59, 60, 61, 62, 63, 64, 65, 66, 67, 68, 69, 70, 71, 72, 73, 74, 75, 76, 77, 78, 79, 80, 81, 82, 83, 84, 85, 86, 87, 88, 89, 90, 91, 92, 93, 94, 95, 96, 97, 98, 99, 100, 101, 102, 103, 104, 105, 106, 107, 108, 109, 110, 111, 112, 113, 114, 115, 116, 117, 118, 119, 120, 121, 122, 123, 124, 125, 126, 127, 128, 129, 130, 131, 132, 133, 134, 135, 136, 137, 138, 139, 140, 141, 142, 143, 144, 145, 146, 147, 148, 149, 150, 151, 152, 153, 154, 155, 156, 157, 158, 159, 160, 161, 162, 163, 164, 165, 166, 167, 168, 169, 170, 171, 172, 173, 174, 175, 176, 177, 178, 179, 180, 181, 182, 183, 184, 185, 186, 187, 188, 189, 190, 191, 192, 193, 194}" 
ref_4.5,C4.4,WcD0A251710150330_01.ce,193,-1,"{1, 2, 3, 4, 5, 6, 7, 8, 9, 10, 11, 12, 13, 14, 15, 16, 17, 18, 19, 20, 21, 22, 23, 24, 25, 26, 27, 28, 29, 30, 31, 32, 33, 34, 35, 36, 37, 38, 39, 40, 41, 42, 43, 44, 45, 46, 47, 48, 49, 50, 51, 52, 53, 54, 55, 56, 57, 58, 59, 60, 61, 62, 63, 64, 65, 66, 67, 68, 69, 70, 71, 72, 73, 74, 75, 76, 77, 78, 79, 80, 81, 82, 83, 84, 85, 86, 87, 88, 89, 90, 91, 92, 93, 94, 95, 96, 97, 98, 99, 100, 101, 102, 103, 104, 105, 106, 107, 108, 109, 110, 111, 112, 113, 114, 115, 116, 117, 118, 119, 120, 121, 122, 123, 124, 125, 126, 127, 128, 129, 130, 131, 132, 133, 134, 135, 136, 137, 138, 139, 140, 141, 142, 143, 144, 145, 146, 147, 148, 149, 150, 151, 152, 153, 154, 155, 156, 157, 158, 159, 160, 161, 162, 163, 164, 165, 166, 167, 168, 169, 170, 171, 172, 173, 174, 175, 176, 177, 178, 179, 180, 181, 182, 183, 184, 185, 186, 187, 188, 189, 190, 191, 192, 193}" 
ref_4.5,C4.4,WcD0A251710150345_01.ce,193,-1,"{1, 2, 3, 4, 5, 6, 7, 8, 9, 10, 11, 12, 13, 14, 15, 16, 17, 18, 19, 20, 21, 22, 23, 24, 25, 26, 27, 28, 29, 30, 31, 32, 33, 34, 35, 36, 37, 38, 39, 40, 41, 42, 43, 44, 45, 46, 47, 48, 49, 50, 51, 52, 53, 54, 55, 56, 57, 58, 59, 60, 61, 62, 63, 64, 65, 66, 67, 68, 69, 70, 71, 72, 73, 74, 75, 76, 77, 78, 79, 80, 81, 82, 83, 84, 85, 86, 87, 88, 89, 90, 91, 92, 93, 94, 95, 96, 97, 98, 99, 100, 101, 102, 103, 104, 105, 106, 107, 108, 109, 110, 111, 112, 113, 114, 115, 116, 117, 118, 119, 120, 121, 122, 123, 124, 125, 126, 127, 128, 129, 130, 131, 132, 133, 134, 135, 136, 137, 138, 139, 140, 141, 142, 143, 144, 145, 146, 147, 148, 149, 150, 151, 152, 153, 154, 155, 156, 157, 158, 159, 160, 161, 162, 163, 164, 165, 166, 167, 168, 169, 170, 171, 172, 173, 174, 175, 176, 177, 178, 179, 180, 181, 182, 183, 184, 185, 186, 187, 188, 189, 190, 191, 192, 193}" 
ref_4.5,C4.5,WcD0A001710150300_03.ce,192,0.311035,"{1, 2, 3, 5, 6, 7, 8, 9, 10, 11, 12, 13, 14, 15, 16, 17, 18, 19, 20, 21, 22, 23, 24, 25, 26, 27, 28, 29, 30, 31, 32, 33, 34, 35, 36, 37, 38, 39, 40, 41, 42, 43, 44, 45, 46, 47, 48, 49, 50, 51, 52, 53, 54, 55, 56, 57, 58, 59, 60, 61, 62, 63, 64, 65, 66, 67, 68, 69, 70, 71, 72, 73, 74, 75, 76, 77, 78, 79, 80, 81, 82, 83, 84, 85, 86, 87, 88, 89, 90, 91, 92, 93, 94, 95, 96, 97, 98, 99, 100, 101, 102, 103, 104, 105, 106, 107, 108, 109, 110, 111, 112, 113, 114, 115, 116, 117, 118, 119, 120, 121, 122, 123, 124, 125, 126, 127, 128, 129, 130, 131, 132, 133, 134, 135, 136, 137, 138, 139, 140, 141, 142, 143, 144, 145, 146, 147, 148, 149, 150, 151, 152, 153, 154, 155, 156, 157, 158, 159, 160, 161, 162, 163, 164, 165, 166, 167, 168, 169, 170, 171, 172, 173, 174, 175, 176, 177, 178, 179, 180, 181, 182, 183, 184, 185, 186, 187, 188, 189, 190, 191, 192, 193}" 
ref_4.5,C4.5,WcD0A001710150315_03.ce,194,-1,"{1, 2, 3, 4, 5, 6, 7, 8, 9, 10, 11, 12, 13, 14, 15, 16, 17, 18, 19, 20, 21, 22, 23, 24, 25, 26, 27, 28, 29, 30, 31, 32, 33, 34, 35, 36, 37, 38, 39, 40, 41, 42, 43, 44, 45, 46, 47, 48, 49, 50, 51, 52, 53, 54, 55, 56, 57, 58, 59, 60, 61, 62, 63, 64, 65, 66, 67, 68, 69, 70, 71, 72, 73, 74, 75, 76, 77, 78, 79, 80, 81, 82, 83, 84, 85, 86, 87, 88, 89, 90, 91, 92, 93, 94, 95, 96, 97, 98, 99, 100, 101, 102, 103, 104, 105, 106, 107, 108, 109, 110, 111, 112, 113, 114, 115, 116, 117, 118, 119, 120, 121, 122, 123, 124, 125, 126, 127, 128, 129, 130, 131, 132, 133, 134, 135, 136, 137, 138, 139, 140, 141, 142, 143, 144, 145, 146, 147, 148, 149, 150, 151, 152, 153, 154, 155, 156, 157, 158, 159, 160, 161, 162, 163, 164, 165, 166, 167, 168, 169, 170, 171, 172, 173, 174, 175, 176, 177, 178, 179, 180, 181, 182, 183, 184, 185, 186, 187, 188, 189, 190, 191, 192, 193, 194}" 
ref_4.5,C4.5,WcD0A001710150330_03.ce,193,-1,"{1, 2, 3, 4, 5, 6, 7, 8, 9, 10, 11, 12, 13, 14, 15, 16, 17, 18, 19, 20, 21, 22, 23, 24, 25, 26, 27, 28, 29, 30, 31, 32, 33, 34, 35, 36, 37, 38, 39, 40, 41, 42, 43, 44, 45, 46, 47, 48, 49, 50, 51, 52, 53, 54, 55, 56, 57, 58, 59, 60, 61, 62, 63, 64, 65, 66, 67, 68, 69, 70, 71, 72, 73, 74, 75, 76, 77, 78, 79, 80, 81, 82, 83, 84, 85, 86, 87, 88, 89, 90, 91, 92, 93, 94, 95, 96, 97, 98, 99, 100, 101, 102, 103, 104, 105, 106, 107, 108, 109, 110, 111, 112, 113, 114, 115, 116, 117, 118, 119, 120, 121, 122, 123, 124, 125, 126, 127, 128, 129, 130, 131, 132, 133, 134, 135, 136, 137, 138, 139, 140, 141, 142, 143, 144, 145, 146, 147, 148, 149, 150, 151, 152, 153, 154, 155, 156, 157, 158, 159, 160, 161, 162, 163, 164, 165, 166, 167, 168, 169, 170, 171, 172, 173, 174, 175, 176, 177, 178, 179, 180, 181, 182, 183, 184, 185, 186, 187, 188, 189, 190, 191, 192, 193}" 
ref_4.5,C4.5,WcD0A001710150345_03.ce,194,-1,"{1, 2, 3, 4, 5, 6, 7, 8, 9, 10, 11, 12, 13, 14, 15, 16, 17, 18, 19, 20, 21, 22, 23, 24, 25, 26, 27, 28, 29, 30, 31, 32, 33, 34, 35, 36, 37, 38, 39, 40, 41, 42, 43, 44, 45, 46, 47, 48, 49, 50, 51, 52, 53, 54, 55, 56, 57, 58, 59, 60, 61, 62, 63, 64, 65, 66, 67, 68, 69, 70, 71, 72, 73, 74, 75, 76, 77, 78, 79, 80, 81, 82, 83, 84, 85, 86, 87, 88, 89, 90, 91, 92, 93, 94, 95, 96, 97, 98, 99, 100, 101, 102, 103, 104, 105, 106, 107, 108, 109, 110, 111, 112, 113, 114, 115, 116, 117, 118, 119, 120, 121, 122, 123, 124, 125, 126, 127, 128, 129, 130, 131, 132, 133, 134, 135, 136, 137, 138, 139, 140, 141, 142, 143, 144, 145, 146, 147, 148, 149, 150, 151, 152, 153, 154, 155, 156, 157, 158, 159, 160, 161, 162, 163, 164, 165, 166, 167, 168, 169, 170, 171, 172, 173, 174, 175, 176, 177, 178, 179, 180, 181, 182, 183, 184, 185, 186, 187, 188, 189, 190, 191, 192, 193, 194}" 
ref_4.5,C4.4,WcD0A251710150400_01.ce,24,0.15209162616304228,"{1, 2, 3, 4, 5, 6, 7, 8, 9, 10, 11, 12, 13, 14, 15, 16, 17, 18, 69, 71, 135, 136, 140, 163}" 
ref_4.5,C4.4,WcD0A251710150415_01.ce,15,0.1697601091409019,"{24, 25, 44, 45, 46, 47, 48, 50, 71, 101, 108, 109, 110, 111, 166}" 
ref_4.5,C4.4,WcD0A251710150430_01.ce,5,0.15499524101403783,"{4, 15, 50, 55, 127}" 
ref_4.5,C4.4,WcD0A251710150445_01.ce,6,0.17160196791444232,"{6, 42, 49, 50, 58, 172}" 
ref_4.5,C4.5,WcD0A001710150400_03.ce,24,0.14157404375494198,"{1, 2, 3, 4, 5, 6, 7, 8, 9, 10, 11, 12, 13, 14, 15, 16, 17, 46, 47, 68, 70, 134, 135, 139}" 
ref_4.5,C4.5,WcD0A001710150415_03.ce,10,0.16707099365654016,"{24, 44, 45, 46, 47, 48, 71, 109, 133, 166}" 
ref_4.5,C4.5,WcD0A001710150430_03.ce,5,0.1420006740252071,"{4, 76, 50, 55, 127}" 
ref_4.5,C4.5,WcD0A001710150445_03.ce,4,0.15728020600570614,"{41, 49, 57, 171}" 
ref_4.5,C4.4,WcD0A251710150500_01.ce,3,0.13069751638952828,"{1, 2, 3}" 
ref_4.5,C4.4,WcD0A251710150515_01.ce,0,0.13779072346522203,set() 
ref_4.5,C4.4,WcD0A251710150530_01.ce,4,0.13890705868548958,"{55, 94, 144, 149}" 
ref_4.5,C4.4,WcD0A251710150545_01.ce,18,0.18024448640572235,"{4, 6, 60, 62, 63, 64, 65, 75, 76, 77, 83, 84, 87, 88, 89, 98, 105, 186}" 
ref_4.5,C4.5,WcD0A001710150500_03.ce,3,0.1191783670921835,"{1, 2, 3}" 
ref_4.5,C4.5,WcD0A001710150515_03.ce,0,0.11524701678580462,set() 
ref_4.5,C4.5,WcD0A001710150530_03.ce,3,0.14410436138058444,"{94, 141, 144}" 
ref_4.5,C4.5,WcD0A001710150545_03.ce,16,0.16639346299024105,"{4, 6, 60, 63, 64, 65, 75, 76, 77, 83, 87, 88, 89, 98, 134, 186}" 
ref_4.5,C4.4,WcD0A251710150600_01.ce,15,0.18327361497472985,"{1, 2, 3, 4, 30, 31, 41, 42, 49, 65, 78, 96, 104, 157, 162}" 
ref_4.5,C4.4,WcD0A251710150615_01.ce,3,0.1647523572399265,"{88, 133, 134}" 
ref_4.5,C4.4,WcD0A251710150630_01.ce,4,0.1493264961698969,"{165, 166, 184, 86}" 
ref_4.5,C4.4,WcD0A251710150645_01.ce,16,0.19226206589870354,"{22, 38, 41, 57, 126, 141, 150, 154, 164, 165, 174, 178, 179, 180, 181, 183}" 
ref_4.5,C4.5,WcD0A001710150600_03.ce,13,0.17592346203352788,"{1, 2, 3, 4, 31, 41, 42, 50, 64, 65, 96, 157, 162}" 
ref_4.5,C4.5,WcD0A001710150615_03.ce,1,0.15670907560561573,{134} 
ref_4.5,C4.5,WcD0A001710150630_03.ce,2,0.14216964972582724,"{155, 166}" 
ref_4.5,C4.5,WcD0A001710150645_03.ce,14,0.1893207206247932,"{24, 36, 37, 56, 93, 149, 153, 163, 173, 175, 178, 179, 180, 182}" 
ref_4.5,C4.4,WcD0A251710150700_01.ce,12,0.17935748122407522,"{1, 2, 3, 79, 105, 107, 132, 155, 160, 174, 175, 176}" 
ref_4.5,C4.4,WcD0A251710150715_01.ce,7,0.1904110847403901,"{48, 54, 96, 129, 131, 132, 133}" 
ref_4.5,C4.4,WcD0A251710150730_01.ce,36,0.20984876196947813,"{31, 32, 37, 38, 55, 62, 63, 64, 67, 68, 70, 71, 73, 79, 80, 89, 95, 104, 106, 107, 117, 118, 119, 121, 144, 145, 165, 168, 169, 170, 171, 172, 173, 174, 175, 176}" 
ref_4.5,C4.4,WcD0A251710150745_01.ce,58,0.21119671373680085,"{1, 12, 13, 22, 23, 36, 37, 38, 43, 45, 47, 49, 51, 53, 55, 64, 84, 93, 103, 104, 105, 107, 111, 112, 113, 114, 115, 120, 126, 129, 132, 147, 148, 149, 150, 151, 160, 161, 162, 163, 164, 165, 166, 167, 168, 169, 170, 171, 172, 173, 175, 176, 177, 187, 188, 189, 192, 193}" 
ref_4.5,C4.5,WcD0A001710150700_03.ce,11,0.16015319517707632,"{1, 2, 3, 25, 79, 105, 107, 148, 155, 174, 175}" 
ref_4.5,C4.5,WcD0A001710150715_03.ce,10,0.17215104183804542,"{19, 48, 49, 96, 129, 132, 133, 155, 185, 188}" 
ref_4.5,C4.5,WcD0A001710150730_03.ce,28,0.19546607636547145,"{30, 37, 53, 61, 62, 63, 66, 67, 69, 70, 79, 88, 94, 106, 116, 117, 118, 120, 143, 144, 167, 169, 170, 171, 172, 173, 174, 175}" 
ref_4.5,C4.5,WcD0A001710150745_03.ce,47,0.21135926636111496,"{13, 14, 23, 36, 37, 38, 45, 47, 49, 51, 53, 64, 84, 98, 103, 104, 105, 112, 113, 114, 120, 127, 129, 147, 148, 149, 150, 151, 160, 161, 162, 163, 165, 166, 167, 168, 169, 170, 171, 172, 173, 175, 176, 177, 188, 189, 190}" 
ref_4.5,C4.4,WcD0A251710150800_01.ce,23,0.18247073870712202,"{1, 2, 3, 8, 22, 38, 47, 53, 61, 62, 65, 68, 69, 70, 71, 72, 79, 92, 95, 105, 111, 112, 113}" 
ref_4.5,C4.4,WcD0A251710150815_01.ce,6,0.16868518110423367,"{127, 128, 147, 150, 186, 192}" 
ref_4.5,C4.4,WcD0A251710150830_01.ce,0,0.14922627554330362,set() 
ref_4.5,C4.4,WcD0A251710150845_01.ce,7,0.15444170887329203,"{30, 41, 42, 44, 50, 86, 114}" 
ref_4.5,C4.5,WcD0A001710150800_03.ce,22,0.18042497382229852,"{1, 2, 3, 4, 8, 34, 38, 39, 47, 53, 62, 69, 70, 71, 72, 80, 92, 95, 100, 111, 112, 113}" 
ref_4.5,C4.5,WcD0A001710150815_03.ce,8,0.15784737515736422,"{116, 123, 127, 146, 158, 179, 180, 191}" 
ref_4.5,C4.5,WcD0A001710150830_03.ce,1,0.1381309614808049,{23} 
ref_4.5,C4.5,WcD0A001710150845_03.ce,6,0.15628512758313315,"{41, 42, 44, 50, 54, 114}" 
ref_4.5,C4.4,WcD0A251710150900_01.ce,8,0.18032277941287647,"{2, 3, 4, 35, 36, 90, 161, 162}" 
ref_4.5,C4.4,WcD0A251710150915_01.ce,14,0.16606007968755312,"{40, 58, 59, 60, 61, 62, 65, 116, 123, 124, 132, 137, 148, 149}" 
ref_4.5,C4.4,WcD0A251710150930_01.ce,12,0.16796676152463755,"{3, 9, 14, 54, 146, 163, 164, 165, 166, 168, 169, 173}" 
ref_4.5,C4.4,WcD0A251710150945_01.ce,47,0.20462829524455334,"{4, 5, 16, 39, 56, 65, 70, 71, 73, 74, 75, 76, 78, 79, 80, 81, 82, 83, 109, 113, 114, 116, 124, 145, 147, 148, 149, 150, 151, 152, 154, 155, 156, 157, 158, 161, 165, 166, 167, 168, 171, 181, 185, 186, 187, 188, 189}" 
ref_4.5,C4.5,WcD0A001710150900_03.ce,8,0.1621051971530681,"{1, 2, 3, 35, 68, 157, 160, 161}" 
ref_4.5,C4.5,WcD0A001710150915_03.ce,10,0.15224206667226867,"{138, 149, 58, 59, 60, 61, 62, 63, 65, 116}" 
ref_4.5,C4.5,WcD0A001710150930_03.ce,10,0.1508233204480576,"{3, 146, 164, 165, 166, 168, 169, 171, 173, 54}" 
ref_4.5,C4.5,WcD0A001710150945_03.ce,41,0.20202932325607575,"{56, 70, 71, 74, 75, 76, 77, 79, 80, 81, 82, 83, 89, 109, 113, 114, 124, 147, 148, 150, 151, 152, 154, 155, 156, 157, 158, 161, 162, 164, 165, 166, 167, 168, 171, 181, 185, 186, 187, 188, 189}" 
ref_4.5,C4.4,WcD0A251710151000_01.ce,49,0.21967938187381353,"{1, 2, 3, 7, 9, 17, 18, 19, 20, 21, 22, 24, 25, 42, 45, 48, 49, 50, 53, 55, 57, 58, 59, 81, 82, 83, 84, 85, 90, 112, 120, 121, 122, 123, 124, 130, 131, 132, 135, 147, 164, 170, 173, 182, 183, 184, 185, 188, 189}" 
ref_4.5,C4.4,WcD0A251710151015_01.ce,53,0.23122936838268648,"{18, 20, 21, 22, 23, 24, 25, 26, 27, 28, 29, 38, 39, 42, 64, 67, 68, 69, 71, 77, 78, 79, 80, 85, 86, 87, 89, 91, 117, 127, 128, 129, 130, 131, 132, 138, 139, 140, 143, 144, 145, 146, 154, 156, 158, 161, 162, 171, 172, 179, 182, 187, 190}" 
ref_4.5,C4.4,WcD0A251710151030_01.ce,52,0.21885800889661372,"{1, 3, 7, 8, 9, 14, 22, 28, 30, 31, 32, 33, 37, 38, 39, 40, 41, 54, 55, 56, 59, 60, 63, 65, 72, 73, 75, 77, 84, 85, 86, 87, 91, 92, 93, 94, 98, 110, 114, 115, 118, 120, 127, 128, 132, 134, 151, 153, 155, 156, 173, 174}" 
ref_4.5,C4.4,WcD0A251710151045_01.ce,10,0.18923436644832098,"{13, 15, 32, 33, 118, 166, 180, 183, 184, 192}" 
ref_4.5,C4.5,WcD0A001710151000_03.ce,43,0.20552777276291687,"{1, 2, 3, 4, 17, 18, 19, 20, 21, 22, 24, 25, 45, 48, 49, 50, 51, 55, 57, 58, 59, 66, 68, 81, 82, 83, 84, 90, 112, 121, 122, 123, 124, 130, 131, 132, 170, 173, 179, 182, 183, 184, 185}" 
ref_4.5,C4.5,WcD0A001710151015_03.ce,37,0.2306889767420642,"{17, 20, 21, 22, 23, 24, 26, 27, 28, 37, 38, 43, 52, 70, 76, 77, 78, 79, 83, 86, 88, 127, 128, 129, 130, 131, 137, 138, 144, 155, 161, 170, 171, 178, 181, 184, 189}" 
ref_4.5,C4.5,WcD0A001710151030_03.ce,51,0.21038978887201984,"{1, 3, 7, 8, 9, 14, 22, 31, 33, 37, 38, 39, 40, 42, 43, 54, 55, 56, 59, 60, 63, 72, 73, 74, 75, 77, 78, 84, 85, 86, 87, 91, 92, 93, 98, 110, 114, 115, 118, 119, 128, 129, 132, 134, 153, 156, 159, 165, 173, 174, 175}" 
ref_4.5,C4.5,WcD0A001710151045_03.ce,7,0.18246484044315087,"{12, 14, 32, 33, 52, 166, 180}" 
ref_4.5,C4.4,WcD0A251710151100_01.ce,28,0.16303292345319298,"{1, 2, 3, 4, 11, 50, 81, 96, 97, 114, 139, 140, 141, 153, 154, 156, 157, 158, 159, 166, 181, 182, 185, 186, 188, 191, 192, 193}" 
ref_4.5,C4.4,WcD0A251710151115_01.ce,27,0.20074353613710555,"{17, 84, 106, 107, 111, 119, 120, 121, 122, 123, 125, 141, 142, 153, 154, 155, 156, 157, 158, 159, 160, 161, 163, 171, 181, 188, 189}" 
ref_4.5,C4.4,WcD0A251710151130_01.ce,9,0.19048048329361034,"{69, 70, 88, 141, 153, 156, 168, 179, 187}" 
ref_4.5,C4.4,WcD0A251710151145_01.ce,17,0.1960588258147739,"{28, 33, 35, 36, 51, 52, 71, 90, 91, 109, 110, 117, 118, 120, 134, 138, 154}" 
ref_4.5,C4.5,WcD0A001710151100_03.ce,18,0.15579682618416404,"{1, 2, 3, 10, 95, 96, 97, 137, 139, 140, 153, 180, 181, 182, 184, 185, 191, 192}" 
ref_4.5,C4.5,WcD0A001710151115_03.ce,22,0.2017165163936291,"{17, 75, 84, 107, 111, 119, 120, 122, 123, 141, 142, 155, 156, 157, 158, 159, 160, 161, 163, 171, 181, 188}" 
ref_4.5,C4.5,WcD0A001710151130_03.ce,3,0.18000860868607838,"{70, 153, 188}" 
ref_4.5,C4.5,WcD0A001710151145_03.ce,12,0.19462387216053037,"{19, 27, 32, 34, 35, 51, 108, 116, 117, 119, 133, 137}" 
ref_4.5,C4.4,WcD0A251710151200_01.ce,7,0.17150928920550523,"{1, 2, 3, 16, 69, 90, 106}" 
ref_4.5,C4.4,WcD0A251710151215_01.ce,15,0.2050580469688653,"{11, 68, 79, 82, 83, 89, 91, 92, 100, 118, 120, 155, 161, 192, 193}" 
ref_4.5,C4.4,WcD0A251710151230_01.ce,70,0.23304185268861707,"{1, 2, 3, 4, 5, 6, 7, 8, 14, 15, 16, 17, 18, 19, 20, 22, 24, 25, 31, 32, 37, 65, 67, 72, 73, 75, 76, 80, 82, 88, 99, 103, 104, 107, 108, 109, 110, 111, 112, 127, 133, 134, 136, 140, 141, 145, 146, 147, 148, 149, 150, 151, 152, 153, 155, 158, 159, 160, 163, 164, 165, 166, 167, 168, 169, 170, 172, 191, 193, 194}" 
ref_4.5,C4.4,WcD0A251710151245_01.ce,40,0.2078322744895673,"{1, 2, 3, 4, 7, 11, 12, 26, 27, 28, 30, 32, 40, 41, 45, 55, 56, 64, 65, 66, 70, 71, 75, 89, 91, 114, 115, 129, 138, 153, 154, 155, 161, 163, 165, 167, 168, 169, 170, 171}" 
ref_4.5,C4.5,WcD0A001710151200_03.ce,9,0.17383977012597943,"{1, 2, 3, 15, 62, 69, 70, 90, 106}" 
ref_4.5,C4.5,WcD0A001710151215_03.ce,14,0.19235698038695792,"{11, 79, 82, 83, 90, 91, 92, 121, 134, 145, 154, 168, 193, 194}" 
ref_4.5,C4.5,WcD0A001710151230_03.ce,61,0.22006494190218423,"{1, 3, 4, 5, 6, 7, 13, 14, 15, 16, 18, 20, 21, 23, 24, 30, 31, 36, 66, 70, 72, 73, 75, 79, 80, 81, 96, 99, 100, 105, 106, 107, 108, 109, 110, 111, 126, 132, 135, 137, 138, 139, 144, 145, 146, 147, 148, 149, 150, 154, 158, 159, 162, 163, 164, 165, 166, 167, 168, 169, 175}" 
ref_4.5,C4.5,WcD0A001710151245_03.ce,37,0.20267973529839858,"{1, 2, 3, 4, 7, 11, 12, 17, 27, 31, 32, 33, 40, 45, 49, 50, 51, 55, 62, 64, 65, 71, 75, 89, 91, 115, 129, 154, 158, 161, 162, 163, 165, 167, 169, 170, 171}" 
ref_4.5,C4.4,WcD0A251710151300_01.ce,11,0.16931622263008186,"{1, 2, 3, 10, 25, 34, 65, 71, 72, 130, 132}" 
ref_4.5,C4.4,WcD0A251710151315_01.ce,5,0.16175314759685294,"{31, 96, 110, 114, 175}" 
ref_4.5,C4.4,WcD0A251710151330_01.ce,9,0.1589517409874096,"{19, 42, 65, 66, 136, 188, 189, 190, 192}" 
ref_4.5,C4.4,WcD0A251710151345_01.ce,35,0.16597972217601722,"{19, 32, 70, 71, 72, 73, 74, 75, 77, 81, 83, 105, 106, 107, 108, 110, 123, 128, 130, 132, 136, 137, 161, 163, 175, 178, 179, 180, 183, 184, 185, 186, 187, 188, 189}" 
ref_4.5,C4.5,WcD0A001710151300_03.ce,10,0.16658483819691136,"{1, 2, 3, 4, 10, 132, 138, 65, 71, 72}" 
ref_4.5,C4.5,WcD0A001710151315_03.ce,5,0.15978008437048877,"{33, 96, 82, 178, 31}" 
ref_4.5,C4.5,WcD0A001710151330_03.ce,8,0.16851530587942196,"{42, 66, 104, 136, 188, 189, 190, 192}" 
ref_4.5,C4.5,WcD0A001710151345_03.ce,26,0.17294487292135707,"{17, 31, 64, 70, 71, 72, 73, 74, 75, 76, 77, 80, 82, 106, 107, 127, 135, 136, 138, 158, 174, 177, 178, 179, 186, 187}" 
ref_4.5,C4.4,WcD0A251710151400_01.ce,40,0.15575131632957995,"{1, 2, 3, 4, 5, 17, 18, 19, 20, 39, 40, 53, 54, 55, 57, 58, 59, 60, 66, 68, 70, 80, 81, 82, 83, 84, 101, 118, 121, 128, 129, 130, 131, 142, 143, 144, 145, 175, 190, 193}" 
ref_4.5,C4.4,WcD0A251710151415_01.ce,35,0.17072498202959005,"{1, 3, 4, 11, 13, 14, 16, 33, 34, 35, 36, 37, 42, 48, 49, 56, 65, 74, 85, 90, 96, 97, 114, 117, 136, 137, 138, 145, 150, 152, 162, 163, 164, 165, 166}" 
ref_4.5,C4.4,WcD0A251710151430_01.ce,25,0.17147521916101535,"{52, 83, 84, 85, 92, 107, 113, 114, 125, 126, 127, 135, 144, 145, 146, 156, 157, 158, 159, 160, 161, 162, 163, 175, 177}" 
ref_4.5,C4.4,WcD0A251710151445_01.ce,28,0.16626445200876547,"{17, 18, 21, 42, 43, 53, 54, 55, 62, 74, 76, 89, 90, 117, 118, 119, 120, 121, 122, 123, 124, 125, 126, 131, 166, 167, 180, 188}" 
ref_4.5,C4.5,WcD0A001710151400_03.ce,39,0.14672784618840035,"{1, 2, 3, 17, 18, 19, 20, 39, 40, 53, 54, 55, 56, 58, 59, 60, 68, 69, 70, 80, 81, 82, 83, 84, 101, 118, 121, 122, 126, 129, 130, 131, 143, 144, 145, 164, 175, 190, 193}" 
ref_4.5,C4.5,WcD0A001710151415_03.ce,32,0.15773905871968147,"{1, 4, 11, 12, 13, 14, 15, 16, 34, 35, 36, 37, 48, 49, 75, 85, 90, 97, 117, 118, 137, 138, 145, 151, 152, 162, 163, 164, 165, 166, 170, 171}" 
ref_4.5,C4.5,WcD0A001710151430_03.ce,23,0.16801354154995488,"{14, 80, 83, 84, 91, 104, 105, 112, 113, 124, 125, 126, 134, 143, 144, 145, 155, 156, 157, 159, 160, 161, 162}" 
ref_4.5,C4.5,WcD0A001710151445_03.ce,25,0.15236580670688746,"{17, 18, 42, 43, 50, 53, 54, 55, 74, 86, 89, 90, 119, 120, 121, 122, 123, 124, 125, 126, 127, 131, 135, 167, 180}" 
ref_4.5,C4.4,WcD0A251710151500_01.ce,19,0.15043022244292015,"{1, 2, 3, 75, 95, 110, 111, 112, 115, 119, 120, 123, 124, 125, 126, 142, 149, 175, 187}" 
ref_4.5,C4.4,WcD0A251710151515_01.ce,19,0.14999856118103205,"{50, 79, 92, 93, 94, 95, 96, 111, 117, 134, 135, 136, 137, 138, 139, 140, 141, 168, 169}" 
ref_4.5,C4.4,WcD0A251710151530_01.ce,5,0.15699272668153272,"{6, 53, 58, 127, 132}" 
ref_4.5,C4.4,WcD0A251710151545_01.ce,8,0.1272266979080573,"{7, 27, 28, 64, 66, 104, 114, 150}" 
ref_4.5,C4.5,WcD0A001710151500_03.ce,21,0.13735664298793873,"{1, 2, 3, 71, 72, 75, 88, 110, 111, 112, 113, 114, 120, 121, 123, 124, 126, 142, 147, 150, 175}" 
ref_4.5,C4.5,WcD0A001710151515_03.ce,16,0.13640541162086595,"{49, 50, 91, 92, 93, 94, 95, 134, 135, 136, 137, 138, 140, 141, 168, 183}" 
ref_4.5,C4.5,WcD0A001710151530_03.ce,2,0.1544879929809967,"{6, 127}" 
ref_4.5,C4.5,WcD0A001710151545_03.ce,7,0.128175657685231,"{6, 7, 28, 29, 95, 104, 150}" 
ref_4.5,C4.4,WcD0A251710151600_01.ce,15,0.14113744164918257,"{1, 2, 3, 4, 134, 135, 155, 156, 165, 38, 39, 85, 86, 87, 88}" 
ref_4.5,C4.4,WcD0A251710151615_01.ce,29,0.17780336220184728,"{4, 6, 9, 10, 12, 13, 15, 29, 30, 31, 33, 46, 47, 75, 76, 77, 88, 89, 90, 91, 92, 93, 94, 95, 98, 99, 100, 101, 102}" 
ref_4.5,C4.4,WcD0A251710151630_01.ce,6,0.17385552581375166,"{51, 81, 83, 163, 165, 166}" 
ref_4.5,C4.4,WcD0A251710151645_01.ce,7,0.18747265900890586,"{14, 34, 35, 80, 108, 109, 188}" 
ref_4.5,C4.5,WcD0A001710151600_03.ce,13,0.1377990799012566,"{1, 2, 3, 37, 38, 85, 86, 87, 117, 129, 155, 162, 164}" 
ref_4.5,C4.5,WcD0A001710151615_03.ce,27,0.1705974610240699,"{4, 6, 10, 13, 17, 29, 30, 31, 32, 33, 34, 46, 47, 48, 75, 76, 77, 90, 92, 93, 94, 98, 99, 100, 101, 102, 103}" 
ref_4.5,C4.5,WcD0A001710151630_03.ce,7,0.17266122763514133,"{53, 79, 81, 83, 163, 165, 166}" 
ref_4.5,C4.5,WcD0A001710151645_03.ce,8,0.1726950607163576,"{10, 34, 35, 36, 75, 109, 126, 154}" 
ref_4.5,C4.4,WcD0A251710151700_01.ce,25,0.19640761689207173,"{1, 2, 3, 26, 30, 37, 56, 79, 95, 159, 164, 165, 170, 171, 172, 173, 174, 175, 176, 178, 183, 188, 189, 190, 192}" 
ref_4.5,C4.4,WcD0A251710151715_01.ce,2,0.12465245573155014,"{7, 34}" 
ref_4.5,C4.4,WcD0A251710151730_01.ce,1,0.1434921772790009,{54} 
ref_4.5,C4.4,WcD0A251710151745_01.ce,11,0.16076270786650085,"{37, 67, 68, 110, 111, 124, 127, 139, 140, 155, 174}" 
ref_4.5,C4.5,WcD0A001710151700_03.ce,23,0.18954189079578304,"{1, 2, 3, 26, 50, 56, 159, 160, 164, 165, 170, 171, 172, 173, 174, 175, 179, 188, 189, 190, 191, 192, 193}" 
ref_4.5,C4.5,WcD0A001710151715_03.ce,1,0.110166311296658,{33} 
ref_4.5,C4.5,WcD0A001710151730_03.ce,1,0.13857006684501066,{54} 
ref_4.5,C4.5,WcD0A001710151745_03.ce,7,0.16024092765729334,"{20, 110, 124, 127, 139, 140, 174}" 
ref_4.5,C4.4,WcD0A251710151800_01.ce,8,0.1644045137869543,"{1, 2, 3, 4, 48, 52, 78, 162}" 
ref_4.5,C4.4,WcD0A251710151815_01.ce,12,0.19752084141141008,"{66, 71, 72, 83, 91, 92, 93, 102, 103, 132, 160, 161}" 
ref_4.5,C4.4,WcD0A251710151830_01.ce,6,0.16313162811768647,"{24, 25, 89, 90, 106, 154}" 
ref_4.5,C4.4,WcD0A251710151845_01.ce,39,0.2043533886276413,"{5, 11, 37, 43, 44, 45, 46, 47, 48, 49, 50, 51, 52, 61, 62, 63, 67, 70, 71, 72, 90, 91, 94, 95, 96, 120, 151, 156, 157, 158, 167, 170, 171, 173, 174, 178, 179, 181, 182}" 
ref_4.5,C4.5,WcD0A001710151800_03.ce,7,0.1673393740406412,"{1, 2, 3, 35, 51, 133, 161}" 
ref_4.5,C4.5,WcD0A001710151815_03.ce,10,0.1939821012615876,"{46, 60, 66, 83, 89, 93, 94, 103, 108, 126}" 
ref_4.5,C4.5,WcD0A001710151830_03.ce,4,0.16645634051372668,"{19, 22, 24, 154}" 
ref_4.5,C4.5,WcD0A001710151845_03.ce,31,0.1931841766483877,"{4, 42, 43, 44, 45, 46, 47, 48, 49, 50, 51, 52, 61, 62, 63, 71, 77, 81, 89, 90, 94, 95, 119, 120, 148, 150, 156, 170, 172, 173, 180}" 
ref_4.5,C4.4,WcD0A251710151900_01.ce,44,0.17756970058649835,"{1, 2, 3, 4, 5, 6, 7, 8, 9, 16, 19, 20, 21, 22, 23, 24, 25, 26, 27, 33, 41, 42, 43, 70, 73, 76, 77, 88, 91, 104, 113, 120, 133, 134, 140, 141, 147, 152, 153, 156, 160, 161, 162, 193}" 
ref_4.5,C4.4,WcD0A251710151915_01.ce,41,0.22566254158462093,"{5, 11, 16, 22, 23, 26, 29, 51, 54, 68, 69, 71, 74, 75, 77, 85, 86, 87, 88, 90, 91, 106, 108, 118, 124, 125, 126, 129, 141, 143, 153, 168, 170, 173, 174, 175, 176, 177, 184, 190, 191}" 
ref_4.5,C4.4,WcD0A251710151930_01.ce,39,0.192153537408917,"{1, 2, 3, 11, 13, 19, 27, 36, 37, 42, 43, 44, 52, 59, 60, 61, 62, 63, 76, 85, 112, 122, 124, 128, 129, 133, 136, 137, 140, 141, 154, 161, 163, 171, 185, 187, 189, 190, 194}" 
ref_4.5,C4.4,WcD0A251710151945_01.ce,28,0.19408299957242361,"{3, 5, 7, 8, 9, 10, 16, 18, 21, 22, 26, 32, 33, 37, 40, 42, 127, 128, 129, 130, 131, 132, 133, 134, 181, 191, 192, 193}" 
ref_4.5,C4.5,WcD0A001710151900_03.ce,40,0.17222160886780963,"{1, 2, 3, 4, 5, 6, 7, 8, 9, 10, 19, 20, 21, 22, 23, 24, 25, 26, 27, 40, 42, 43, 70, 71, 74, 78, 107, 113, 121, 129, 134, 140, 141, 149, 153, 156, 160, 161, 162, 193}" 
ref_4.5,C4.5,WcD0A001710151915_03.ce,38,0.20511691475032043,"{11, 16, 29, 33, 51, 69, 70, 71, 75, 85, 87, 91, 100, 103, 105, 108, 118, 124, 129, 142, 143, 146, 153, 156, 157, 168, 170, 171, 173, 174, 175, 176, 178, 181, 184, 190, 191, 194}" 
ref_4.5,C4.5,WcD0A001710151930_03.ce,29,0.2007229165612948,"{26, 35, 36, 41, 42, 43, 51, 58, 59, 60, 61, 62, 77, 83, 84, 85, 107, 111, 136, 139, 140, 153, 156, 159, 170, 177, 188, 191, 193}" 
ref_4.5,C4.5,WcD0A001710151945_03.ce,22,0.18620744736386086,"{1, 5, 9, 10, 16, 18, 19, 22, 26, 33, 40, 42, 125, 128, 129, 130, 132, 134, 135, 157, 191, 193}" 
ref_4.5,C4.4,WcD0A251710152000_01.ce,30,0.1950696129147545,"{1, 2, 3, 4, 5, 6, 8, 15, 27, 28, 46, 59, 65, 72, 78, 83, 91, 96, 106, 108, 111, 112, 113, 115, 135, 136, 137, 148, 162, 176}" 
ref_4.5,C4.4,WcD0A251710152015_01.ce,29,0.18132302658321595,"{24, 25, 47, 48, 49, 55, 77, 79, 81, 82, 83, 86, 103, 104, 115, 121, 126, 131, 132, 134, 135, 136, 141, 150, 168, 184, 185, 191, 193}" 
ref_4.5,C4.4,WcD0A251710152030_01.ce,37,0.18441044071450896,"{8, 13, 26, 27, 28, 29, 36, 48, 51, 55, 60, 62, 67, 68, 99, 105, 116, 136, 137, 138, 139, 143, 148, 150, 151, 160, 161, 162, 163, 165, 168, 175, 176, 179, 183, 184, 185}" 
ref_4.5,C4.4,WcD0A251710152045_01.ce,41,0.18359048554347343,"{1, 2, 31, 54, 55, 60, 65, 66, 71, 72, 85, 86, 89, 92, 95, 107, 108, 117, 122, 123, 124, 125, 126, 127, 128, 130, 131, 132, 133, 134, 135, 136, 137, 162, 163, 164, 165, 166, 167, 169, 170}" 
ref_4.5,C4.5,WcD0A001710152000_03.ce,29,0.19528040779336375,"{1, 2, 3, 4, 5, 6, 8, 28, 42, 46, 47, 62, 65, 72, 96, 106, 108, 109, 113, 115, 135, 136, 137, 148, 152, 154, 162, 165, 176}" 
ref_4.5,C4.5,WcD0A001710152015_03.ce,29,0.18038668318562404,"{24, 29, 30, 36, 39, 54, 55, 76, 78, 79, 81, 82, 95, 109, 111, 120, 130, 131, 135, 140, 149, 161, 162, 167, 175, 183, 184, 190, 191}" 
ref_4.5,C4.5,WcD0A001710152030_03.ce,26,0.19904945820584674,"{11, 21, 26, 27, 28, 29, 40, 51, 67, 87, 100, 105, 137, 138, 143, 149, 150, 151, 152, 163, 168, 169, 176, 184, 185, 194}" 
ref_4.5,C4.5,WcD0A001710152045_03.ce,35,0.17393993639658503,"{1, 2, 24, 30, 42, 54, 55, 59, 64, 84, 85, 88, 107, 121, 122, 123, 124, 125, 126, 127, 130, 131, 132, 133, 134, 135, 136, 148, 161, 162, 163, 164, 165, 166, 169}" 
ref_4.5,C4.4,WcD0A251710152100_01.ce,84,0.2214489893338802,"{1, 2, 3, 5, 6, 7, 8, 9, 10, 13, 20, 21, 25, 30, 35, 41, 44, 45, 48, 50, 51, 52, 54, 56, 58, 60, 61, 62, 64, 71, 76, 77, 80, 81, 82, 88, 95, 96, 100, 106, 107, 108, 109, 111, 112, 114, 119, 122, 123, 124, 125, 126, 127, 129, 130, 132, 133, 135, 136, 137, 138, 139, 140, 156, 159, 160, 162, 164, 165, 166, 169, 170, 171, 173, 174, 175, 177, 179, 185, 187, 190, 191, 192, 193}" 
ref_4.5,C4.4,WcD0A251710152115_01.ce,99,0.22007091580514007,"{1, 3, 4, 5, 8, 14, 15, 16, 17, 18, 25, 27, 30, 33, 34, 35, 36, 37, 38, 39, 40, 41, 42, 43, 44, 45, 46, 47, 48, 49, 50, 51, 53, 55, 56, 57, 60, 62, 63, 66, 71, 74, 75, 76, 77, 78, 80, 82, 89, 94, 95, 97, 98, 100, 103, 104, 109, 110, 111, 112, 114, 115, 122, 124, 128, 129, 130, 131, 132, 133, 135, 136, 137, 138, 139, 141, 142, 143, 151, 152, 153, 154, 157, 162, 165, 166, 174, 175, 176, 178, 179, 180, 181, 182, 183, 185, 186, 187, 188}" 
ref_4.5,C4.4,WcD0A251710152130_01.ce,79,0.17315074217150345,"{2, 3, 4, 5, 7, 13, 14, 17, 18, 19, 21, 22, 23, 24, 36, 37, 51, 53, 57, 76, 77, 78, 79, 80, 82, 83, 84, 85, 86, 87, 98, 99, 100, 101, 102, 107, 108, 110, 116, 117, 118, 119, 120, 122, 123, 125, 126, 127, 128, 129, 130, 133, 134, 135, 136, 137, 141, 142, 143, 144, 145, 147, 148, 149, 150, 151, 152, 153, 154, 161, 163, 165, 166, 167, 174, 178, 179, 180, 194}" 
ref_4.5,C4.4,WcD0A251710152145_01.ce,46,0.19815848419526386,"{1, 2, 3, 15, 16, 17, 20, 21, 25, 27, 30, 31, 33, 35, 36, 57, 94, 95, 96, 97, 98, 100, 101, 102, 107, 109, 110, 116, 119, 120, 121, 128, 130, 131, 132, 133, 134, 135, 136, 137, 138, 186, 187, 188, 189, 191}" 
ref_4.5,C4.5,WcD0A001710152100_03.ce,78,0.20663105688480557,"{1, 2, 3, 6, 7, 8, 9, 10, 12, 14, 20, 36, 41, 46, 48, 51, 52, 56, 61, 62, 65, 71, 73, 76, 77, 81, 82, 83, 88, 89, 91, 93, 95, 96, 97, 100, 102, 106, 107, 108, 109, 110, 112, 120, 121, 123, 124, 125, 126, 127, 130, 131, 132, 134, 135, 136, 138, 139, 140, 141, 142, 151, 156, 159, 161, 162, 164, 165, 166, 170, 171, 174, 179, 185, 186, 190, 191, 193}" 
ref_4.5,C4.5,WcD0A001710152115_03.ce,87,0.19810015143683377,"{1, 4, 5, 8, 9, 15, 16, 17, 18, 25, 26, 31, 33, 34, 35, 36, 37, 38, 39, 41, 43, 44, 45, 47, 48, 49, 50, 51, 53, 55, 56, 57, 58, 61, 66, 74, 75, 76, 77, 78, 80, 82, 95, 97, 100, 103, 104, 110, 114, 115, 116, 122, 123, 124, 127, 128, 129, 130, 131, 132, 133, 135, 136, 137, 138, 139, 140, 141, 143, 151, 152, 153, 154, 155, 157, 163, 165, 170, 174, 175, 176, 178, 181, 182, 186, 187, 188}" 
ref_4.5,C4.5,WcD0A001710152130_03.ce,69,0.17957431490764536,"{1, 2, 4, 10, 12, 13, 15, 16, 18, 21, 22, 23, 35, 36, 39, 47, 54, 65, 75, 78, 80, 81, 82, 83, 84, 86, 87, 98, 99, 100, 106, 107, 109, 111, 116, 117, 118, 119, 120, 122, 126, 127, 129, 132, 133, 134, 135, 136, 137, 142, 143, 144, 145, 146, 147, 148, 149, 150, 151, 153, 160, 161, 164, 165, 166, 177, 178, 179, 193}" 
ref_4.5,C4.5,WcD0A001710152145_03.ce,46,0.19252228150606454,"{1, 2, 4, 5, 13, 15, 18, 20, 21, 27, 28, 30, 31, 33, 34, 35, 36, 39, 45, 95, 97, 98, 99, 100, 101, 102, 107, 109, 110, 111, 120, 121, 131, 132, 133, 134, 135, 136, 137, 138, 140, 173, 187, 188, 189, 191}" 
ref_4.5,C4.4,WcD0A251710152200_01.ce,79,0.1894917142484368,"{1, 2, 3, 27, 31, 32, 33, 34, 35, 36, 37, 38, 39, 40, 41, 42, 47, 48, 49, 50, 51, 52, 53, 54, 55, 56, 57, 58, 59, 60, 83, 87, 88, 96, 103, 108, 109, 110, 114, 115, 123, 125, 131, 137, 138, 140, 141, 142, 143, 147, 148, 149, 151, 154, 155, 156, 157, 158, 159, 160, 163, 164, 165, 166, 167, 169, 170, 172, 173, 174, 176, 177, 178, 182, 183, 184, 185, 186, 188}" 
ref_4.5,C4.4,WcD0A251710152215_01.ce,97,0.2136702120493174,"{1, 4, 8, 13, 14, 19, 30, 31, 33, 35, 38, 39, 40, 41, 44, 45, 46, 47, 48, 51, 52, 54, 55, 57, 58, 60, 61, 63, 65, 66, 67, 77, 78, 80, 84, 85, 86, 87, 88, 90, 93, 94, 95, 102, 105, 106, 107, 111, 112, 113, 115, 116, 117, 123, 124, 125, 126, 130, 133, 134, 135, 136, 137, 138, 140, 141, 142, 146, 149, 150, 155, 156, 158, 160, 162, 167, 169, 170, 171, 172, 173, 174, 176, 177, 179, 180, 181, 183, 184, 185, 187, 188, 190, 191, 192, 193, 194}" 
ref_4.5,C4.4,WcD0A251710152230_01.ce,99,0.17394806577159055,"{1, 2, 4, 5, 6, 7, 12, 13, 14, 26, 27, 28, 34, 35, 36, 38, 40, 42, 46, 47, 49, 50, 51, 53, 54, 57, 63, 64, 66, 67, 68, 69, 70, 71, 72, 73, 74, 79, 80, 81, 82, 83, 84, 85, 86, 87, 88, 92, 93, 94, 95, 96, 97, 98, 99, 100, 102, 103, 104, 108, 110, 112, 113, 114, 115, 116, 117, 129, 130, 131, 132, 136, 137, 138, 139, 146, 148, 149, 150, 151, 152, 153, 154, 155, 156, 157, 158, 178, 179, 180, 181, 182, 183, 184, 185, 186, 187, 192, 193}" 
ref_4.5,C4.4,WcD0A251710152245_01.ce,78,0.19198472047970044,"{1, 2, 3, 4, 5, 6, 7, 10, 11, 12, 15, 16, 17, 18, 27, 28, 29, 30, 33, 36, 39, 40, 41, 42, 43, 44, 47, 48, 49, 50, 51, 60, 61, 62, 66, 69, 70, 71, 73, 74, 76, 77, 81, 83, 84, 85, 92, 93, 94, 95, 98, 99, 109, 138, 148, 149, 150, 152, 154, 155, 156, 157, 158, 159, 160, 161, 162, 163, 164, 165, 166, 167, 168, 169, 170, 171, 174, 191}" 
ref_4.5,C4.5,WcD0A001710152200_03.ce,62,0.19259344622860441,"{1, 2, 3, 4, 5, 25, 31, 32, 33, 34, 35, 36, 37, 38, 39, 40, 41, 42, 47, 48, 49, 50, 51, 52, 53, 54, 55, 56, 57, 58, 59, 60, 62, 84, 88, 103, 107, 110, 113, 116, 123, 131, 137, 138, 140, 148, 149, 152, 155, 156, 165, 166, 167, 170, 172, 173, 174, 177, 178, 186, 187, 194}" 
ref_4.5,C4.5,WcD0A001710152215_03.ce,83,0.21255764029777802,"{3, 4, 13, 18, 22, 29, 30, 31, 32, 33, 37, 39, 40, 43, 44, 45, 46, 47, 50, 51, 52, 54, 56, 57, 59, 60, 62, 63, 65, 66, 76, 84, 85, 86, 87, 91, 92, 93, 94, 101, 102, 105, 106, 111, 112, 115, 116, 117, 123, 124, 129, 130, 132, 133, 134, 135, 136, 138, 140, 141, 142, 144, 145, 148, 149, 153, 157, 161, 167, 168, 169, 170, 171, 172, 173, 174, 179, 185, 186, 187, 189, 191, 192}" 
ref_4.5,C4.5,WcD0A001710152230_03.ce,87,0.1878548452110756,"{5, 6, 7, 12, 13, 14, 26, 27, 28, 29, 33, 34, 35, 36, 38, 39, 40, 41, 42, 43, 50, 53, 54, 55, 57, 63, 66, 67, 68, 69, 70, 71, 72, 73, 74, 75, 79, 80, 82, 83, 84, 85, 86, 87, 92, 94, 95, 96, 97, 99, 100, 104, 105, 108, 110, 112, 113, 114, 115, 116, 117, 129, 130, 132, 137, 138, 139, 148, 149, 150, 151, 152, 153, 154, 156, 157, 158, 179, 180, 181, 182, 184, 185, 186, 187, 192, 193}" 
ref_4.5,C4.5,WcD0A001710152245_03.ce,70,0.1836747784117942,"{1, 2, 3, 4, 5, 6, 10, 11, 12, 15, 16, 17, 18, 27, 28, 29, 30, 33, 36, 39, 40, 42, 43, 44, 48, 49, 50, 51, 61, 62, 66, 70, 71, 74, 75, 76, 77, 81, 82, 84, 85, 92, 93, 94, 95, 98, 99, 101, 109, 150, 152, 155, 156, 157, 158, 159, 160, 161, 162, 163, 164, 165, 166, 167, 168, 169, 170, 171, 172, 174}" 
ref_4.5,C4.4,WcD0A251710152300_01.ce,54,0.21211236134934816,"{1, 2, 3, 4, 7, 8, 15, 17, 21, 37, 48, 50, 51, 56, 62, 63, 64, 65, 69, 70, 71, 72, 73, 75, 78, 79, 96, 117, 118, 133, 149, 156, 157, 158, 165, 166, 167, 170, 171, 172, 173, 174, 175, 176, 177, 179, 180, 181, 182, 183, 185, 186, 189, 190}" 
ref_4.5,C4.4,WcD0A251710152315_01.ce,12,0.16701059029804327,"{19, 135, 136, 174, 64, 85, 86, 87, 89, 90, 91, 92}" 
ref_4.5,C4.4,WcD0A251710152330_01.ce,14,0.15750765511549325,"{141, 142, 143, 144, 145, 184, 185, 186, 61, 62, 63, 64, 192, 193}" 
ref_4.5,C4.4,WcD0A251710152345_01.ce,22,0.1635932626186961,"{28, 34, 52, 53, 54, 55, 56, 60, 66, 81, 97, 98, 99, 102, 135, 148, 149, 150, 151, 152, 154, 158}" 
ref_4.5,C4.5,WcD0A001710152300_03.ce,45,0.19579188190768038,"{1, 2, 3, 15, 36, 37, 47, 48, 50, 55, 62, 63, 64, 65, 69, 70, 71, 72, 73, 75, 78, 117, 155, 156, 157, 159, 164, 166, 169, 170, 171, 172, 173, 174, 175, 176, 177, 178, 181, 182, 183, 184, 185, 188, 189}" 
ref_4.5,C4.5,WcD0A001710152315_03.ce,14,0.1637886822127096,"{18, 28, 39, 51, 53, 60, 86, 87, 88, 90, 91, 92, 136, 175}" 
ref_4.5,C4.5,WcD0A001710152330_03.ce,13,0.13660770537513298,"{62, 63, 64, 101, 141, 142, 143, 144, 145, 184, 185, 186, 193}" 
ref_4.5,C4.5,WcD0A001710152345_03.ce,21,0.1642268344026979,"{21, 33, 52, 53, 54, 55, 56, 59, 71, 75, 95, 96, 97, 101, 147, 148, 149, 150, 151, 153, 159}" 
