RefArbor,C4.4,WcD0C131711080000_07.ce,51,0.25358956105902397,"{1, 2, 3, 4, 5, 7, 20, 32, 42, 45, 47, 48, 56, 58, 59, 61, 62, 63, 64, 66, 67, 70, 71, 75, 81, 93, 96, 100, 101, 102, 103, 105, 113, 120, 127, 137, 140, 141, 146, 147, 150, 151, 152, 153, 158, 160, 161, 164, 165, 172, 193}" 
RefArbor,C4.4,WcD0C131711080015_07.ce,68,0.249332321963263,"{16, 20, 38, 44, 45, 52, 73, 74, 76, 78, 81, 82, 83, 85, 86, 95, 96, 97, 98, 99, 100, 101, 102, 103, 104, 105, 106, 107, 108, 109, 110, 112, 113, 114, 115, 116, 117, 118, 136, 142, 143, 144, 145, 148, 157, 158, 159, 160, 161, 164, 165, 166, 167, 169, 170, 171, 174, 176, 177, 179, 182, 185, 186, 187, 190, 191, 192, 193}" 
RefArbor,C4.4,WcD0C131711080030_07.ce,61,0.23580642786408898,"{2, 4, 5, 8, 9, 10, 11, 12, 15, 17, 18, 19, 20, 24, 25, 26, 33, 37, 42, 43, 45, 50, 52, 53, 54, 57, 58, 59, 60, 61, 62, 63, 64, 65, 69, 70, 72, 73, 74, 75, 76, 77, 79, 83, 84, 85, 88, 93, 97, 107, 108, 114, 119, 121, 125, 129, 147, 157, 158, 159, 182}" 
RefArbor,C4.4,WcD0C131711080045_07.ce,72,0.233057343855727,"{20, 21, 22, 23, 24, 35, 37, 41, 42, 55, 56, 58, 59, 60, 61, 68, 70, 77, 78, 81, 91, 109, 118, 120, 127, 137, 138, 139, 140, 141, 143, 144, 146, 147, 148, 149, 150, 151, 152, 153, 154, 157, 159, 160, 161, 162, 163, 165, 166, 167, 168, 170, 171, 172, 173, 174, 175, 176, 177, 178, 179, 180, 181, 182, 183, 184, 187, 188, 190, 192, 193, 194}" 
RefArbor,C4.5,WcD0C191711080000_01.ce,48,0.25337050721479276,"{1, 2, 3, 4, 6, 10, 12, 19, 28, 31, 41, 46, 47, 55, 56, 57, 58, 60, 61, 63, 65, 66, 69, 70, 74, 87, 95, 100, 101, 102, 104, 119, 126, 136, 139, 140, 143, 145, 146, 149, 150, 151, 152, 157, 160, 164, 171, 192}" 
RefArbor,C4.5,WcD0C191711080015_01.ce,72,0.24963038457824535,"{16, 20, 38, 39, 44, 45, 52, 73, 74, 76, 77, 78, 81, 82, 83, 84, 85, 88, 95, 96, 97, 98, 99, 100, 101, 102, 103, 104, 105, 106, 107, 108, 109, 110, 111, 112, 113, 114, 115, 116, 117, 118, 134, 135, 137, 142, 143, 144, 145, 148, 158, 159, 160, 161, 164, 165, 166, 167, 169, 170, 171, 172, 176, 177, 178, 183, 186, 187, 190, 191, 192, 193}" 
RefArbor,C4.5,WcD0C191711080030_01.ce,64,0.23569634408942908,"{2, 4, 5, 9, 10, 11, 12, 15, 16, 17, 18, 19, 20, 24, 25, 26, 37, 38, 41, 42, 43, 44, 45, 52, 53, 54, 57, 58, 59, 60, 61, 62, 63, 64, 65, 69, 72, 74, 75, 76, 77, 79, 80, 83, 84, 85, 88, 91, 93, 97, 107, 108, 119, 122, 125, 126, 130, 145, 147, 157, 158, 159, 182, 183}" 
RefArbor,C4.5,WcD0C191711080045_01.ce,75,0.22612592816357704,"{1, 4, 19, 20, 21, 22, 23, 36, 41, 45, 55, 60, 67, 69, 76, 77, 80, 81, 83, 87, 90, 108, 109, 117, 119, 126, 134, 136, 137, 138, 139, 140, 142, 143, 146, 147, 148, 149, 150, 151, 152, 153, 154, 156, 157, 159, 160, 161, 162, 164, 165, 166, 167, 169, 170, 171, 172, 173, 174, 175, 176, 177, 178, 179, 180, 181, 182, 183, 186, 187, 189, 190, 191, 192, 193}" 
RefArbor,C4.4,WcD0C131711080100_07.ce,106,0.2279130523874051,"{1, 2, 4, 5, 21, 22, 23, 24, 27, 28, 34, 48, 50, 73, 74, 76, 77, 78, 79, 80, 81, 82, 83, 84, 85, 86, 87, 88, 89, 90, 92, 94, 95, 96, 97, 98, 99, 100, 101, 102, 103, 104, 105, 106, 107, 108, 109, 110, 111, 112, 113, 114, 115, 116, 118, 119, 120, 121, 122, 123, 124, 125, 126, 128, 129, 130, 131, 132, 133, 135, 136, 138, 139, 141, 142, 143, 144, 145, 146, 147, 148, 149, 150, 152, 153, 154, 155, 156, 157, 158, 159, 160, 161, 162, 163, 164, 165, 166, 167, 168, 169, 174, 175, 176, 177, 193}" 
RefArbor,C4.4,WcD0C131711080115_07.ce,47,0.24848182494507504,"{2, 4, 5, 6, 7, 8, 9, 10, 12, 14, 16, 23, 33, 34, 35, 38, 39, 42, 43, 59, 60, 66, 67, 68, 71, 80, 81, 82, 83, 93, 95, 100, 109, 110, 111, 112, 120, 140, 143, 144, 159, 174, 176, 190, 192, 193, 194}" 
RefArbor,C4.4,WcD0C131711080130_07.ce,78,0.24698657355993328,"{1, 13, 14, 29, 30, 32, 33, 34, 35, 36, 37, 38, 39, 40, 41, 42, 43, 44, 45, 46, 47, 48, 49, 50, 51, 52, 53, 54, 55, 56, 57, 58, 59, 60, 61, 62, 63, 64, 65, 66, 67, 68, 69, 71, 72, 75, 76, 77, 82, 86, 112, 113, 114, 115, 116, 118, 119, 120, 121, 122, 123, 124, 126, 133, 134, 135, 147, 159, 166, 167, 168, 169, 170, 171, 172, 174, 175, 189}" 
RefArbor,C4.4,WcD0C131711080145_07.ce,91,0.2595357343948501,"{4, 5, 6, 17, 18, 20, 21, 22, 25, 26, 27, 28, 29, 30, 31, 32, 33, 35, 36, 37, 38, 39, 40, 41, 42, 43, 44, 45, 46, 47, 48, 49, 50, 51, 57, 60, 64, 65, 77, 79, 119, 122, 126, 131, 132, 133, 134, 135, 136, 137, 138, 140, 141, 142, 143, 144, 145, 147, 148, 151, 153, 154, 155, 156, 159, 160, 161, 162, 164, 165, 166, 167, 168, 169, 170, 171, 172, 173, 174, 176, 177, 178, 181, 182, 183, 184, 186, 187, 188, 189, 192}" 
RefArbor,C4.5,WcD0C191711080100_01.ce,98,0.2348543098217574,"{1, 2, 4, 5, 20, 21, 23, 24, 25, 34, 49, 50, 51, 73, 74, 76, 77, 78, 79, 81, 82, 83, 84, 85, 86, 87, 88, 89, 90, 91, 92, 94, 95, 96, 97, 98, 99, 100, 102, 103, 104, 105, 106, 107, 108, 109, 110, 111, 112, 113, 115, 116, 119, 120, 121, 122, 123, 124, 125, 126, 128, 129, 130, 131, 132, 133, 135, 136, 139, 141, 142, 143, 144, 145, 146, 147, 148, 149, 150, 152, 153, 154, 155, 156, 157, 158, 159, 160, 161, 162, 163, 164, 165, 166, 167, 174, 175, 176}" 
RefArbor,C4.5,WcD0C191711080115_01.ce,45,0.249934164202869,"{1, 4, 5, 6, 7, 8, 10, 11, 12, 14, 23, 33, 35, 36, 37, 38, 42, 43, 53, 54, 58, 59, 67, 68, 71, 80, 81, 82, 83, 91, 100, 101, 109, 111, 140, 142, 143, 144, 159, 166, 174, 176, 179, 192, 194}" 
RefArbor,C4.5,WcD0C191711080130_01.ce,77,0.24793326134008764,"{1, 11, 14, 30, 33, 34, 35, 36, 37, 38, 39, 40, 41, 42, 43, 44, 45, 46, 47, 48, 49, 50, 51, 52, 53, 54, 55, 56, 57, 58, 59, 60, 61, 62, 64, 65, 66, 67, 68, 69, 70, 71, 72, 75, 77, 80, 82, 86, 112, 114, 115, 116, 118, 119, 120, 121, 122, 123, 124, 126, 134, 135, 147, 155, 159, 166, 167, 168, 169, 170, 171, 172, 174, 175, 177, 189, 193}" 
RefArbor,C4.5,WcD0C191711080145_01.ce,93,0.2606515269420369,"{4, 5, 12, 16, 17, 18, 21, 22, 25, 26, 27, 28, 29, 30, 32, 33, 34, 35, 36, 37, 38, 39, 40, 41, 42, 43, 44, 45, 46, 47, 48, 49, 50, 51, 53, 60, 63, 65, 66, 77, 79, 81, 90, 104, 119, 131, 132, 133, 134, 135, 137, 138, 140, 141, 142, 143, 144, 145, 147, 148, 149, 151, 153, 154, 155, 156, 159, 160, 161, 162, 164, 165, 166, 167, 168, 169, 171, 172, 173, 174, 175, 176, 177, 178, 181, 182, 183, 184, 186, 187, 188, 189, 192}" 
RefArbor,C4.4,WcD0C131711080200_07.ce,33,0.23063809973358834,"{1, 3, 4, 5, 7, 8, 9, 27, 28, 30, 36, 52, 87, 88, 91, 92, 95, 103, 104, 105, 106, 108, 117, 118, 119, 127, 129, 136, 146, 147, 172, 173, 188}" 
RefArbor,C4.4,WcD0C131711080215_07.ce,100,0.24522733147066825,"{10, 12, 13, 17, 18, 20, 21, 22, 24, 27, 28, 29, 30, 31, 32, 33, 35, 36, 37, 38, 39, 40, 41, 42, 43, 44, 45, 56, 57, 58, 59, 60, 61, 62, 63, 64, 65, 66, 76, 77, 78, 79, 80, 81, 82, 83, 84, 86, 95, 96, 105, 113, 119, 120, 121, 122, 123, 124, 126, 127, 128, 129, 130, 131, 132, 134, 135, 136, 141, 143, 144, 145, 146, 147, 148, 150, 151, 152, 153, 154, 155, 156, 157, 158, 159, 162, 163, 164, 165, 166, 167, 175, 176, 177, 178, 179, 180, 181, 184, 193}" 
RefArbor,C4.4,WcD0C131711080230_07.ce,93,0.25894690499252737,"{2, 3, 4, 5, 6, 7, 8, 9, 10, 11, 12, 13, 14, 17, 24, 25, 26, 27, 28, 29, 30, 31, 32, 33, 35, 44, 46, 47, 53, 55, 56, 57, 61, 64, 69, 80, 81, 82, 90, 91, 92, 93, 94, 95, 96, 97, 101, 102, 109, 115, 116, 117, 118, 119, 120, 121, 122, 123, 124, 126, 128, 129, 130, 131, 136, 138, 139, 140, 141, 142, 143, 144, 145, 146, 147, 149, 150, 152, 156, 157, 159, 160, 162, 168, 169, 170, 171, 172, 173, 176, 177, 178, 182}" 
RefArbor,C4.4,WcD0C131711080245_07.ce,66,0.190852484115442,"{13, 14, 15, 16, 17, 18, 19, 22, 26, 28, 29, 30, 32, 34, 35, 36, 37, 38, 39, 40, 41, 42, 43, 44, 47, 48, 49, 50, 51, 52, 53, 54, 55, 56, 57, 58, 59, 60, 61, 63, 64, 65, 66, 67, 68, 69, 70, 71, 72, 73, 74, 75, 77, 80, 85, 86, 87, 88, 89, 92, 93, 187, 188, 190, 191, 192}" 
RefArbor,C4.5,WcD0C191711080200_01.ce,41,0.23178947910826594,"{1, 5, 6, 7, 8, 9, 27, 28, 29, 30, 36, 51, 52, 53, 87, 88, 91, 92, 93, 95, 96, 98, 99, 104, 105, 106, 108, 109, 117, 118, 119, 120, 127, 134, 136, 144, 171, 172, 173, 182, 188}" 
RefArbor,C4.5,WcD0C191711080215_01.ce,103,0.24480249698914536,"{11, 12, 13, 19, 20, 21, 24, 27, 28, 29, 30, 31, 32, 33, 36, 38, 39, 40, 41, 42, 43, 44, 45, 50, 56, 57, 58, 59, 60, 61, 62, 63, 64, 65, 66, 67, 76, 77, 78, 79, 80, 81, 82, 83, 84, 87, 92, 95, 96, 105, 106, 108, 119, 120, 121, 122, 123, 124, 125, 126, 127, 128, 129, 130, 131, 132, 133, 134, 135, 136, 138, 141, 144, 145, 146, 147, 148, 149, 150, 151, 152, 153, 154, 155, 156, 157, 158, 159, 162, 163, 164, 165, 166, 167, 173, 174, 175, 176, 178, 179, 180, 181, 193}" 
RefArbor,C4.5,WcD0C191711080230_01.ce,105,0.26141148401243064,"{2, 3, 4, 5, 6, 7, 8, 9, 10, 11, 13, 14, 15, 17, 22, 24, 25, 26, 27, 28, 29, 30, 32, 33, 35, 40, 41, 43, 44, 45, 46, 47, 50, 55, 56, 57, 61, 63, 64, 65, 69, 74, 77, 80, 81, 82, 83, 87, 90, 91, 92, 93, 94, 95, 96, 97, 102, 103, 105, 108, 115, 116, 117, 118, 119, 120, 121, 122, 123, 124, 128, 129, 130, 133, 134, 135, 136, 138, 139, 140, 141, 142, 143, 144, 145, 146, 147, 149, 150, 151, 153, 156, 157, 158, 160, 168, 169, 170, 171, 172, 173, 174, 177, 178, 183}" 
RefArbor,C4.5,WcD0C191711080245_01.ce,70,0.18400761041456723,"{13, 14, 15, 16, 17, 18, 19, 22, 24, 26, 28, 29, 30, 34, 35, 36, 37, 38, 39, 40, 41, 42, 43, 44, 47, 48, 49, 50, 51, 52, 53, 54, 55, 56, 57, 58, 59, 60, 61, 62, 63, 64, 65, 66, 67, 68, 69, 70, 71, 72, 73, 74, 75, 77, 85, 88, 89, 90, 91, 92, 93, 94, 96, 99, 187, 188, 190, 191, 192, 193}" 
RefArbor,C4.4,WcD0C131711080300_07.ce,68,0.23353538715110975,"{2, 3, 4, 12, 13, 14, 18, 19, 20, 21, 22, 28, 29, 43, 44, 45, 46, 47, 68, 69, 70, 71, 76, 77, 84, 95, 96, 97, 100, 101, 103, 104, 105, 107, 108, 109, 110, 111, 112, 113, 114, 115, 116, 123, 134, 137, 138, 141, 142, 143, 144, 145, 146, 147, 151, 152, 155, 156, 159, 164, 165, 166, 167, 177, 181, 184, 185, 186}" 
RefArbor,C4.4,WcD0C131711080315_07.ce,76,0.24482940477917145,"{1, 2, 25, 26, 27, 57, 58, 62, 78, 94, 95, 97, 98, 99, 100, 101, 102, 103, 104, 105, 106, 107, 108, 109, 110, 111, 112, 113, 114, 115, 116, 117, 118, 119, 120, 121, 122, 123, 124, 125, 126, 127, 128, 129, 130, 131, 132, 133, 134, 135, 136, 137, 138, 139, 140, 141, 142, 143, 144, 145, 146, 147, 148, 149, 150, 151, 152, 153, 156, 158, 159, 160, 163, 170, 191, 193}" 
RefArbor,C4.4,WcD0C131711080330_07.ce,60,0.23580324239645192,"{1, 8, 11, 17, 21, 22, 23, 24, 31, 38, 39, 46, 55, 56, 58, 63, 64, 74, 75, 76, 77, 78, 80, 82, 83, 86, 98, 103, 109, 110, 111, 112, 113, 124, 126, 130, 131, 134, 135, 144, 145, 147, 149, 150, 164, 171, 172, 175, 176, 179, 180, 181, 182, 188, 189, 190, 191, 192, 193, 194}" 
RefArbor,C4.4,WcD0C131711080345_07.ce,54,0.24148168226594016,"{1, 2, 3, 4, 10, 19, 20, 24, 32, 53, 54, 57, 60, 61, 62, 66, 73, 74, 83, 84, 86, 87, 89, 93, 94, 95, 96, 98, 100, 102, 103, 104, 105, 107, 108, 110, 113, 114, 119, 120, 131, 143, 144, 170, 171, 172, 176, 181, 188, 189, 190, 191, 192, 193}" 
RefArbor,C4.5,WcD0C191711080300_01.ce,65,0.23251354417955186,"{2, 3, 4, 12, 13, 14, 19, 20, 21, 22, 23, 29, 43, 44, 46, 47, 68, 69, 70, 71, 75, 76, 77, 79, 95, 96, 97, 100, 101, 102, 103, 104, 105, 107, 108, 109, 110, 111, 112, 114, 115, 116, 123, 124, 133, 137, 138, 139, 142, 143, 145, 146, 147, 151, 152, 155, 156, 165, 167, 175, 177, 178, 181, 184, 186}" 
RefArbor,C4.5,WcD0C191711080315_01.ce,82,0.24284621465138856,"{1, 2, 5, 25, 26, 27, 42, 57, 58, 59, 62, 75, 76, 78, 87, 88, 91, 94, 95, 97, 98, 99, 100, 101, 102, 103, 104, 105, 106, 107, 108, 109, 110, 111, 112, 113, 114, 115, 116, 117, 118, 119, 120, 121, 122, 123, 124, 125, 126, 127, 128, 129, 130, 131, 132, 133, 134, 135, 136, 137, 138, 139, 140, 141, 142, 143, 144, 145, 146, 147, 148, 149, 150, 151, 152, 153, 156, 158, 159, 168, 180, 194}" 
RefArbor,C4.5,WcD0C191711080330_01.ce,50,0.2403979935876934,"{10, 17, 19, 20, 21, 22, 23, 28, 30, 37, 39, 55, 57, 63, 74, 75, 76, 77, 79, 81, 97, 108, 109, 110, 111, 112, 129, 130, 143, 144, 146, 147, 149, 156, 163, 164, 166, 170, 174, 175, 178, 179, 180, 181, 187, 188, 189, 190, 192, 193}" 
RefArbor,C4.5,WcD0C191711080345_01.ce,47,0.24393737551123676,"{1, 2, 3, 4, 19, 20, 30, 32, 34, 57, 62, 73, 75, 84, 85, 86, 87, 88, 89, 94, 95, 96, 97, 98, 101, 104, 105, 107, 111, 112, 115, 118, 119, 120, 130, 143, 144, 170, 171, 181, 182, 188, 189, 190, 191, 192, 193}" 
RefArbor,C4.4,WcD0C131711080400_07.ce,122,0.24974959211896267,"{4, 5, 6, 9, 10, 14, 15, 16, 17, 18, 19, 20, 21, 22, 24, 25, 26, 27, 28, 29, 30, 31, 32, 34, 35, 36, 37, 39, 40, 41, 42, 43, 44, 45, 46, 47, 48, 49, 51, 52, 54, 55, 56, 57, 59, 63, 65, 86, 87, 88, 90, 92, 93, 94, 95, 96, 97, 99, 100, 101, 102, 103, 104, 105, 106, 108, 110, 111, 112, 113, 114, 115, 116, 117, 118, 119, 123, 124, 125, 126, 127, 128, 129, 130, 131, 132, 133, 135, 139, 140, 142, 143, 148, 149, 153, 155, 159, 160, 161, 162, 163, 164, 165, 166, 167, 168, 169, 170, 171, 172, 173, 174, 177, 181, 186, 187, 188, 189, 190, 191, 192, 193}" 
RefArbor,C4.4,WcD0C131711080415_07.ce,96,0.23196664431309136,"{1, 3, 20, 21, 22, 23, 24, 25, 26, 28, 32, 33, 48, 49, 52, 53, 54, 55, 56, 57, 58, 59, 60, 63, 64, 65, 66, 67, 68, 69, 70, 71, 72, 73, 74, 76, 77, 78, 79, 80, 81, 82, 83, 84, 85, 86, 87, 88, 90, 91, 92, 93, 95, 96, 97, 121, 126, 127, 128, 130, 131, 132, 134, 135, 136, 137, 140, 141, 142, 143, 144, 145, 146, 148, 152, 162, 166, 167, 168, 174, 176, 179, 180, 181, 182, 183, 184, 185, 186, 188, 189, 190, 191, 192, 193, 194}" 
RefArbor,C4.4,WcD0C131711080430_07.ce,67,0.24216051089643548,"{1, 3, 4, 5, 6, 18, 19, 20, 22, 43, 44, 45, 46, 50, 66, 67, 90, 91, 92, 117, 123, 124, 125, 126, 127, 128, 129, 130, 131, 133, 134, 135, 137, 138, 139, 140, 142, 143, 144, 145, 146, 147, 148, 150, 153, 161, 163, 164, 165, 168, 169, 170, 175, 176, 177, 178, 179, 180, 183, 185, 186, 188, 189, 190, 191, 192, 193}" 
RefArbor,C4.4,WcD0C131711080445_07.ce,56,0.24439593799417833,"{1, 2, 3, 4, 18, 19, 36, 38, 46, 48, 50, 65, 70, 71, 72, 79, 81, 106, 107, 122, 127, 137, 139, 140, 141, 143, 145, 146, 147, 149, 150, 152, 153, 154, 156, 158, 160, 163, 166, 167, 170, 172, 173, 176, 180, 181, 182, 183, 186, 187, 188, 189, 190, 191, 192, 193}" 
RefArbor,C4.5,WcD0C191711080400_01.ce,122,0.2522703242793281,"{4, 6, 7, 12, 14, 15, 16, 17, 18, 19, 20, 21, 22, 24, 25, 26, 27, 28, 29, 30, 31, 32, 34, 35, 36, 37, 38, 39, 40, 41, 42, 43, 44, 45, 46, 47, 48, 49, 50, 52, 54, 55, 56, 57, 58, 60, 65, 86, 87, 88, 90, 92, 93, 94, 95, 96, 97, 99, 100, 101, 102, 103, 104, 105, 106, 107, 108, 110, 111, 112, 113, 114, 115, 116, 117, 118, 119, 123, 124, 126, 127, 128, 129, 130, 131, 132, 133, 135, 136, 139, 148, 149, 154, 155, 156, 159, 160, 161, 162, 163, 164, 165, 166, 167, 168, 169, 170, 171, 172, 173, 174, 177, 178, 186, 187, 188, 189, 190, 191, 192, 193, 194}" 
RefArbor,C4.5,WcD0C191711080415_01.ce,98,0.23102327275589205,"{2, 3, 18, 20, 21, 22, 25, 26, 27, 31, 32, 33, 47, 48, 50, 52, 53, 54, 55, 56, 57, 58, 59, 62, 63, 64, 65, 66, 67, 68, 69, 70, 71, 72, 73, 75, 76, 77, 78, 79, 80, 81, 82, 83, 84, 85, 86, 87, 89, 90, 91, 92, 94, 96, 120, 125, 126, 127, 129, 130, 131, 133, 134, 136, 137, 139, 140, 141, 142, 143, 144, 145, 146, 147, 162, 163, 165, 166, 167, 168, 171, 173, 175, 178, 179, 180, 181, 182, 183, 184, 185, 187, 188, 189, 190, 191, 192, 193}" 
RefArbor,C4.5,WcD0C191711080430_01.ce,70,0.23880041555922876,"{1, 3, 4, 5, 6, 19, 20, 21, 22, 43, 44, 45, 50, 62, 67, 68, 78, 91, 92, 116, 117, 118, 123, 124, 125, 126, 127, 128, 129, 130, 131, 132, 133, 134, 135, 137, 138, 140, 142, 143, 144, 145, 146, 147, 148, 150, 152, 154, 164, 165, 168, 169, 170, 172, 173, 175, 176, 177, 178, 179, 180, 181, 183, 185, 186, 188, 189, 190, 191, 193}" 
RefArbor,C4.5,WcD0C191711080445_01.ce,59,0.24525014822857588,"{1, 2, 3, 4, 16, 17, 18, 19, 27, 30, 33, 36, 38, 46, 56, 70, 71, 72, 101, 106, 122, 137, 139, 140, 141, 143, 144, 145, 146, 147, 149, 150, 151, 153, 154, 159, 160, 166, 167, 170, 171, 172, 173, 174, 176, 177, 180, 181, 182, 183, 184, 186, 187, 188, 189, 190, 191, 193, 194}" 
RefArbor,C4.4,WcD0C131711080500_07.ce,92,0.22673407516728786,"{1, 2, 3, 4, 5, 6, 21, 23, 24, 26, 27, 28, 48, 49, 55, 59, 60, 61, 62, 63, 64, 65, 66, 67, 68, 69, 70, 71, 72, 73, 74, 75, 76, 78, 79, 80, 81, 82, 83, 84, 85, 86, 87, 88, 108, 109, 110, 115, 116, 117, 118, 119, 120, 121, 123, 124, 125, 126, 127, 128, 130, 131, 132, 133, 134, 151, 152, 153, 156, 157, 159, 163, 165, 166, 168, 169, 171, 172, 173, 175, 176, 177, 178, 179, 180, 181, 182, 183, 184, 185, 186, 187}" 
RefArbor,C4.4,WcD0C131711080515_07.ce,40,0.24602474302717406,"{17, 19, 20, 21, 26, 43, 45, 46, 47, 50, 51, 69, 75, 78, 79, 80, 97, 103, 135, 136, 137, 153, 167, 168, 169, 172, 173, 174, 175, 176, 177, 178, 179, 180, 181, 182, 183, 184, 185, 186}" 
RefArbor,C4.4,WcD0C131711080530_07.ce,59,0.2328300698449677,"{19, 21, 22, 23, 24, 25, 27, 33, 47, 49, 50, 51, 52, 53, 54, 55, 62, 63, 64, 65, 72, 73, 74, 75, 77, 78, 79, 80, 83, 99, 100, 101, 103, 104, 109, 126, 127, 128, 132, 133, 134, 135, 136, 137, 138, 159, 171, 172, 174, 175, 176, 179, 181, 182, 183, 184, 185, 186, 187}" 
RefArbor,C4.4,WcD0C131711080545_07.ce,75,0.2543518058776292,"{24, 25, 26, 27, 28, 31, 32, 34, 36, 37, 39, 40, 41, 44, 45, 46, 47, 49, 53, 54, 55, 62, 64, 65, 66, 73, 79, 84, 88, 89, 90, 91, 92, 93, 95, 96, 97, 99, 100, 101, 104, 106, 108, 111, 117, 120, 121, 122, 126, 131, 133, 136, 138, 142, 145, 146, 147, 148, 149, 154, 157, 161, 162, 163, 164, 165, 166, 167, 169, 178, 179, 180, 181, 188, 193}" 
RefArbor,C4.5,WcD0C191711080500_01.ce,93,0.2242878367080955,"{1, 2, 3, 4, 5, 20, 22, 23, 24, 26, 33, 48, 49, 53, 58, 59, 60, 61, 62, 63, 64, 65, 66, 67, 68, 69, 70, 71, 72, 73, 74, 75, 76, 77, 78, 79, 80, 81, 82, 83, 85, 86, 87, 107, 108, 109, 111, 112, 115, 116, 117, 118, 119, 120, 121, 123, 125, 127, 128, 129, 130, 131, 132, 133, 151, 152, 156, 158, 159, 160, 161, 162, 164, 165, 167, 168, 169, 170, 171, 172, 174, 175, 176, 177, 178, 179, 180, 181, 182, 183, 184, 185, 186}" 
RefArbor,C4.5,WcD0C191711080515_01.ce,38,0.24577405577297295,"{16, 17, 19, 20, 21, 43, 44, 45, 47, 51, 61, 69, 71, 75, 78, 79, 80, 103, 104, 134, 136, 137, 168, 173, 174, 175, 176, 177, 178, 179, 180, 181, 182, 183, 184, 185, 186, 189}" 
RefArbor,C4.5,WcD0C191711080530_01.ce,59,0.23398862497693848,"{20, 21, 22, 23, 25, 33, 50, 51, 52, 53, 54, 55, 56, 63, 64, 72, 73, 74, 75, 77, 78, 79, 80, 83, 84, 95, 99, 100, 101, 102, 103, 104, 125, 127, 128, 132, 133, 136, 137, 138, 159, 167, 171, 172, 173, 175, 176, 177, 178, 179, 180, 181, 182, 183, 184, 185, 186, 187, 194}" 
RefArbor,C4.5,WcD0C191711080545_01.ce,61,0.2544311789039576,"{11, 24, 25, 26, 27, 28, 33, 35, 37, 39, 40, 41, 44, 45, 46, 47, 54, 63, 64, 65, 66, 73, 79, 84, 88, 89, 90, 91, 92, 93, 96, 99, 100, 101, 102, 108, 110, 112, 114, 120, 121, 122, 142, 143, 146, 147, 148, 149, 153, 154, 163, 165, 166, 167, 169, 173, 178, 179, 180, 188, 193}" 
RefArbor,C4.4,WcD0C131711080600_07.ce,50,0.2392228105838696,"{1, 2, 3, 4, 8, 9, 12, 13, 14, 15, 16, 17, 19, 20, 22, 23, 25, 26, 27, 45, 46, 49, 81, 88, 89, 91, 97, 105, 106, 107, 108, 112, 113, 114, 122, 123, 137, 138, 139, 141, 142, 143, 144, 162, 163, 164, 182, 183, 184, 185}" 
RefArbor,C4.4,WcD0C131711080615_07.ce,71,0.2469594398530508,"{2, 3, 4, 5, 7, 8, 9, 10, 11, 14, 18, 20, 26, 27, 28, 29, 30, 31, 32, 34, 35, 36, 37, 39, 40, 41, 43, 44, 45, 46, 69, 70, 71, 72, 73, 75, 76, 77, 78, 79, 80, 83, 84, 88, 89, 93, 104, 105, 121, 127, 128, 130, 131, 132, 133, 146, 147, 148, 150, 151, 153, 154, 156, 159, 161, 162, 163, 164, 165, 172, 184}" 
RefArbor,C4.4,WcD0C131711080630_07.ce,88,0.2394401011161412,"{8, 9, 13, 14, 15, 16, 17, 19, 20, 21, 22, 24, 28, 29, 37, 40, 41, 42, 44, 47, 56, 69, 72, 73, 74, 75, 86, 87, 88, 89, 90, 92, 93, 114, 115, 116, 126, 132, 133, 134, 135, 136, 140, 141, 142, 144, 145, 146, 147, 148, 149, 150, 151, 153, 154, 155, 156, 157, 158, 160, 161, 162, 163, 164, 165, 167, 168, 169, 170, 171, 172, 173, 175, 176, 177, 179, 180, 181, 182, 183, 184, 185, 186, 189, 190, 191, 192, 193}" 
RefArbor,C4.4,WcD0C131711080645_07.ce,47,0.22124581145717057,"{1, 2, 3, 28, 43, 57, 61, 76, 77, 78, 79, 80, 85, 86, 95, 96, 98, 101, 102, 103, 104, 105, 106, 107, 108, 109, 110, 112, 113, 115, 116, 146, 148, 149, 150, 151, 152, 153, 154, 155, 156, 157, 158, 187, 190, 191, 192}" 
RefArbor,C4.5,WcD0C191711080600_01.ce,57,0.23252412457225807,"{1, 2, 3, 4, 8, 9, 12, 13, 14, 15, 16, 17, 19, 20, 22, 23, 26, 27, 36, 45, 46, 47, 49, 52, 57, 81, 101, 104, 105, 106, 107, 108, 112, 113, 114, 122, 123, 137, 138, 139, 141, 142, 143, 144, 162, 163, 164, 172, 175, 177, 179, 182, 183, 184, 185, 188, 193}" 
RefArbor,C4.5,WcD0C191711080615_01.ce,71,0.24729922657965486,"{2, 3, 4, 5, 7, 8, 9, 11, 12, 20, 27, 28, 29, 30, 31, 32, 33, 34, 35, 36, 37, 38, 39, 40, 41, 43, 44, 45, 46, 63, 69, 70, 71, 72, 73, 76, 77, 78, 79, 80, 81, 83, 84, 88, 89, 104, 105, 106, 121, 130, 131, 132, 133, 134, 140, 142, 144, 147, 148, 149, 151, 152, 154, 155, 159, 161, 162, 163, 165, 172, 190}" 
RefArbor,C4.5,WcD0C191711080630_01.ce,90,0.2394881217053579,"{1, 8, 9, 14, 15, 16, 17, 18, 19, 20, 21, 22, 23, 24, 28, 29, 30, 31, 32, 41, 42, 72, 73, 74, 75, 86, 87, 88, 89, 90, 91, 92, 93, 95, 99, 101, 114, 115, 116, 121, 133, 134, 135, 136, 140, 141, 142, 144, 145, 146, 147, 148, 149, 150, 151, 153, 155, 156, 157, 158, 159, 160, 161, 162, 163, 164, 165, 167, 168, 169, 170, 171, 172, 173, 175, 176, 177, 179, 180, 181, 182, 183, 184, 185, 186, 189, 190, 191, 192, 193}" 
RefArbor,C4.5,WcD0C191711080645_01.ce,50,0.2252461164882194,"{1, 2, 3, 28, 42, 43, 44, 50, 54, 61, 76, 77, 78, 79, 85, 86, 95, 96, 98, 99, 100, 102, 103, 104, 105, 106, 107, 108, 109, 110, 116, 117, 126, 146, 148, 149, 150, 151, 152, 153, 154, 155, 156, 157, 158, 165, 170, 190, 191, 194}" 
RefArbor,C4.4,WcD0C131711080700_07.ce,34,0.2284561381993066,"{1, 2, 3, 4, 5, 6, 11, 12, 13, 14, 15, 16, 31, 32, 63, 65, 74, 88, 103, 110, 112, 118, 128, 129, 134, 138, 148, 158, 162, 167, 168, 169, 181, 182}" 
RefArbor,C4.4,WcD0C131711080715_07.ce,22,0.21558017758159223,"{11, 13, 16, 24, 29, 36, 53, 54, 65, 70, 76, 95, 133, 137, 138, 144, 145, 148, 149, 159, 167, 168}" 
RefArbor,C4.4,WcD0C131711080730_07.ce,28,0.22119994841041934,"{13, 46, 48, 51, 63, 69, 84, 92, 93, 98, 112, 115, 116, 121, 123, 126, 127, 131, 135, 150, 152, 153, 154, 158, 172, 173, 176, 184}" 
RefArbor,C4.4,WcD0C131711080745_07.ce,43,0.21462034938854077,"{47, 50, 54, 58, 61, 73, 87, 88, 89, 92, 93, 94, 108, 118, 121, 122, 123, 124, 125, 126, 127, 128, 129, 130, 133, 135, 136, 137, 138, 139, 140, 141, 151, 153, 157, 158, 159, 173, 175, 176, 177, 185, 186}" 
RefArbor,C4.5,WcD0C191711080700_01.ce,33,0.22783969175866348,"{1, 2, 3, 4, 5, 6, 7, 10, 11, 12, 13, 14, 15, 22, 30, 31, 64, 87, 90, 102, 103, 109, 128, 132, 133, 136, 144, 161, 166, 167, 168, 178, 181}" 
RefArbor,C4.5,WcD0C191711080715_01.ce,25,0.21538331567644073,"{11, 16, 24, 29, 37, 54, 66, 76, 87, 95, 96, 114, 136, 137, 138, 143, 145, 147, 148, 149, 157, 159, 160, 167, 168}" 
RefArbor,C4.5,WcD0C191711080730_01.ce,25,0.2229579840430323,"{13, 14, 18, 92, 93, 115, 116, 118, 120, 121, 123, 132, 135, 150, 152, 153, 154, 155, 158, 169, 172, 174, 176, 182, 187}" 
RefArbor,C4.5,WcD0C191711080745_01.ce,44,0.2120249482715246,"{46, 47, 49, 53, 54, 57, 60, 86, 88, 89, 91, 92, 93, 107, 108, 117, 118, 120, 121, 122, 124, 125, 126, 128, 129, 132, 134, 135, 137, 139, 140, 145, 146, 152, 154, 157, 158, 172, 175, 182, 183, 184, 185, 186}" 
RefArbor,C4.4,WcD0C131711080800_07.ce,40,0.2105411872097248,"{1, 2, 3, 4, 7, 12, 32, 34, 41, 52, 56, 62, 64, 68, 74, 78, 88, 93, 94, 95, 96, 98, 99, 100, 101, 103, 104, 105, 106, 107, 113, 114, 130, 131, 133, 136, 137, 143, 144, 146}" 
RefArbor,C4.4,WcD0C131711080815_07.ce,32,0.213364356352849,"{8, 9, 30, 31, 32, 76, 84, 85, 92, 96, 115, 122, 123, 124, 141, 143, 151, 152, 153, 154, 158, 159, 160, 166, 167, 168, 179, 183, 186, 190, 191, 192}" 
RefArbor,C4.4,WcD0C131711080830_07.ce,39,0.23136203488631013,"{13, 14, 15, 16, 17, 19, 20, 23, 24, 25, 27, 33, 37, 38, 41, 43, 50, 51, 52, 53, 54, 130, 140, 141, 143, 144, 147, 148, 149, 150, 151, 152, 173, 178, 179, 180, 181, 182, 192}" 
RefArbor,C4.4,WcD0C131711080845_07.ce,36,0.23759250187513253,"{9, 10, 23, 31, 32, 33, 34, 36, 53, 54, 58, 59, 60, 61, 62, 63, 64, 65, 66, 67, 85, 95, 101, 103, 105, 108, 115, 142, 157, 167, 174, 179, 183, 184, 187, 188}" 
RefArbor,C4.5,WcD0C191711080800_01.ce,46,0.20722385319986203,"{1, 2, 3, 4, 12, 34, 35, 52, 54, 62, 63, 64, 68, 69, 73, 74, 75, 87, 88, 94, 96, 97, 98, 99, 100, 101, 102, 103, 104, 105, 106, 107, 108, 109, 114, 118, 130, 133, 134, 137, 139, 142, 143, 144, 145, 146}" 
RefArbor,C4.5,WcD0C191711080815_01.ce,37,0.20963104251650974,"{8, 9, 31, 32, 33, 39, 76, 85, 94, 96, 97, 115, 123, 124, 140, 141, 142, 143, 144, 151, 152, 153, 154, 155, 158, 160, 165, 166, 167, 171, 172, 180, 183, 186, 190, 191, 192}" 
RefArbor,C4.5,WcD0C191711080830_01.ce,38,0.2287299832415377,"{12, 13, 14, 15, 16, 17, 18, 19, 23, 27, 32, 33, 36, 37, 49, 50, 51, 52, 53, 78, 139, 140, 142, 144, 146, 148, 149, 150, 151, 173, 175, 177, 178, 179, 180, 181, 182, 191}" 
RefArbor,C4.5,WcD0C191711080845_01.ce,43,0.23719186396823919,"{10, 15, 21, 28, 29, 30, 31, 32, 42, 49, 50, 53, 55, 58, 59, 60, 61, 62, 63, 64, 65, 66, 67, 95, 96, 101, 105, 108, 123, 143, 155, 162, 167, 168, 180, 181, 182, 184, 185, 186, 188, 189, 191}" 
RefArbor,C4.4,WcD0C131711080900_07.ce,55,0.24462135778751268,"{1, 2, 3, 4, 5, 6, 8, 21, 23, 24, 32, 33, 34, 38, 79, 80, 85, 86, 87, 93, 102, 104, 110, 111, 114, 115, 120, 122, 123, 132, 133, 134, 135, 136, 137, 140, 142, 149, 150, 151, 152, 155, 166, 167, 170, 172, 174, 176, 177, 180, 182, 183, 184, 192, 194}" 
RefArbor,C4.4,WcD0C131711080915_07.ce,78,0.25932398944794766,"{2, 5, 6, 7, 8, 11, 13, 14, 15, 16, 17, 30, 36, 37, 38, 40, 42, 43, 44, 45, 47, 54, 55, 56, 59, 64, 65, 66, 70, 76, 77, 80, 81, 85, 86, 87, 88, 89, 91, 92, 93, 94, 95, 96, 101, 102, 111, 112, 117, 122, 123, 124, 126, 127, 128, 129, 130, 131, 132, 133, 134, 139, 142, 146, 149, 155, 157, 165, 167, 170, 171, 186, 188, 189, 190, 191, 192, 193}" 
RefArbor,C4.4,WcD0C131711080930_07.ce,28,0.1927166389957894,"{2, 3, 4, 5, 6, 7, 8, 13, 16, 17, 18, 19, 21, 24, 25, 26, 29, 30, 31, 86, 111, 112, 132, 142, 151, 179, 191, 193}" 
RefArbor,C4.4,WcD0C131711080945_07.ce,60,0.2518109412963971,"{14, 16, 26, 35, 37, 40, 41, 42, 43, 45, 47, 49, 50, 51, 54, 55, 56, 57, 58, 63, 64, 65, 66, 67, 71, 75, 76, 83, 92, 98, 100, 101, 102, 108, 109, 113, 121, 128, 129, 130, 133, 135, 137, 143, 144, 148, 155, 161, 162, 163, 164, 165, 167, 173, 176, 177, 178, 179, 184, 185}" 
RefArbor,C4.5,WcD0C191711080900_01.ce,53,0.2465339426774065,"{1, 2, 3, 4, 5, 6, 8, 9, 11, 17, 24, 32, 33, 34, 35, 47, 79, 80, 86, 87, 93, 104, 105, 112, 114, 115, 120, 122, 123, 124, 134, 135, 136, 137, 140, 142, 149, 150, 151, 152, 153, 166, 169, 170, 171, 172, 177, 178, 182, 183, 184, 192, 194}" 
RefArbor,C4.5,WcD0C191711080915_01.ce,75,0.2549038045553978,"{2, 5, 6, 7, 8, 10, 14, 15, 16, 17, 18, 27, 34, 36, 37, 38, 42, 43, 44, 45, 51, 54, 55, 56, 61, 62, 65, 66, 67, 76, 77, 80, 81, 83, 86, 87, 88, 89, 92, 93, 94, 95, 96, 102, 105, 106, 107, 111, 112, 114, 119, 122, 123, 124, 127, 128, 129, 130, 131, 132, 133, 134, 140, 143, 146, 161, 162, 170, 171, 172, 180, 188, 189, 190, 192}" 
RefArbor,C4.5,WcD0C191711080930_01.ce,32,0.18859094632855022,"{1, 2, 3, 4, 5, 6, 7, 8, 10, 12, 13, 14, 15, 16, 17, 18, 19, 24, 26, 27, 29, 30, 31, 32, 36, 111, 112, 133, 179, 180, 191, 193}" 
RefArbor,C4.5,WcD0C191711080945_01.ce,60,0.2529921777137119,"{13, 15, 25, 31, 34, 36, 39, 40, 41, 42, 46, 48, 49, 50, 53, 54, 55, 56, 57, 58, 62, 64, 65, 66, 70, 71, 74, 75, 76, 82, 91, 100, 101, 104, 107, 108, 112, 120, 127, 128, 129, 131, 134, 137, 142, 143, 147, 154, 160, 161, 162, 163, 164, 171, 176, 177, 178, 179, 183, 184}" 
RefArbor,C4.4,WcD0C131711081000_07.ce,64,0.27041688417241366,"{1, 2, 3, 4, 8, 9, 10, 12, 13, 14, 15, 16, 17, 18, 25, 27, 29, 31, 32, 37, 38, 40, 42, 43, 47, 48, 49, 53, 58, 64, 65, 74, 91, 92, 93, 94, 99, 102, 105, 106, 108, 111, 112, 113, 114, 115, 116, 120, 125, 141, 142, 143, 145, 149, 150, 158, 159, 161, 162, 164, 165, 171, 177, 187}" 
RefArbor,C4.4,WcD0C131711081015_07.ce,42,0.25355589163221764,"{15, 28, 29, 30, 32, 34, 35, 44, 45, 47, 63, 65, 66, 67, 69, 70, 78, 79, 80, 81, 82, 83, 86, 87, 88, 89, 90, 92, 97, 98, 99, 100, 101, 102, 104, 124, 125, 161, 169, 171, 172, 177}" 
RefArbor,C4.4,WcD0C131711081030_07.ce,61,0.2337593125793165,"{8, 12, 13, 16, 33, 39, 43, 44, 45, 47, 49, 51, 54, 58, 59, 61, 63, 64, 65, 80, 82, 84, 90, 108, 112, 127, 128, 129, 130, 131, 134, 135, 139, 141, 142, 144, 145, 146, 147, 148, 149, 152, 153, 154, 156, 157, 159, 160, 162, 163, 166, 172, 176, 177, 178, 179, 180, 181, 187, 193, 194}" 
RefArbor,C4.4,WcD0C131711081045_07.ce,92,0.24898247630777737,"{1, 6, 8, 9, 11, 15, 16, 17, 18, 22, 23, 24, 25, 28, 40, 41, 44, 45, 46, 47, 48, 49, 50, 52, 53, 54, 55, 56, 64, 65, 66, 67, 70, 71, 75, 76, 77, 78, 79, 80, 81, 82, 84, 85, 86, 87, 88, 89, 90, 91, 99, 100, 101, 109, 110, 121, 124, 130, 131, 133, 135, 136, 138, 140, 141, 142, 143, 144, 146, 147, 148, 150, 151, 153, 156, 171, 172, 173, 174, 175, 176, 178, 181, 183, 184, 186, 187, 188, 189, 191, 192, 193}" 
RefArbor,C4.5,WcD0C191711081000_01.ce,67,0.2709069525651637,"{1, 2, 3, 4, 9, 13, 14, 15, 16, 17, 18, 22, 28, 29, 30, 31, 32, 33, 38, 39, 40, 43, 47, 48, 49, 52, 53, 54, 59, 66, 74, 82, 89, 92, 93, 94, 95, 99, 105, 106, 108, 111, 113, 114, 115, 116, 120, 124, 125, 126, 141, 142, 143, 144, 145, 146, 149, 150, 159, 161, 162, 163, 164, 165, 171, 182, 187}" 
RefArbor,C4.5,WcD0C191711081015_01.ce,39,0.25373959922695744,"{22, 32, 33, 35, 44, 45, 47, 63, 64, 65, 67, 69, 70, 75, 79, 81, 82, 83, 87, 88, 89, 90, 92, 97, 98, 99, 100, 101, 102, 124, 125, 126, 142, 149, 171, 172, 173, 185, 189}" 
RefArbor,C4.5,WcD0C191711081030_01.ce,55,0.23683400352318357,"{1, 7, 12, 15, 17, 38, 42, 43, 44, 49, 53, 57, 58, 60, 62, 63, 64, 79, 84, 89, 97, 112, 118, 127, 128, 129, 130, 133, 134, 138, 139, 140, 141, 142, 143, 144, 145, 146, 147, 148, 149, 151, 152, 154, 155, 158, 161, 164, 171, 175, 176, 177, 179, 180, 189}" 
RefArbor,C4.5,WcD0C191711081045_01.ce,89,0.2512369485706272,"{1, 2, 8, 9, 11, 15, 16, 17, 18, 21, 22, 23, 24, 26, 29, 40, 41, 42, 43, 45, 46, 48, 49, 52, 55, 56, 57, 62, 64, 65, 66, 67, 70, 71, 75, 76, 77, 78, 79, 80, 81, 82, 84, 85, 86, 87, 89, 91, 99, 100, 101, 106, 109, 110, 111, 124, 130, 131, 133, 134, 136, 138, 141, 142, 143, 145, 146, 147, 148, 149, 153, 156, 171, 172, 173, 174, 175, 176, 177, 181, 182, 184, 186, 187, 188, 189, 191, 192, 193}" 
RefArbor,C4.4,WcD0C131711081100_07.ce,48,0.22803976970233877,"{1, 2, 3, 4, 5, 17, 21, 22, 23, 24, 25, 26, 30, 42, 43, 44, 48, 53, 62, 84, 85, 86, 87, 89, 92, 93, 106, 108, 122, 123, 126, 127, 135, 142, 143, 147, 148, 150, 157, 159, 160, 164, 165, 168, 169, 182, 187, 191}" 
RefArbor,C4.4,WcD0C131711081115_07.ce,49,0.22673545629799327,"{2, 9, 15, 24, 39, 40, 42, 43, 44, 46, 48, 50, 53, 55, 56, 69, 70, 72, 74, 83, 86, 91, 92, 104, 111, 115, 126, 131, 132, 133, 136, 139, 140, 146, 152, 153, 154, 155, 158, 161, 163, 171, 173, 176, 177, 178, 179, 180, 181}" 
RefArbor,C4.4,WcD0C131711081130_07.ce,48,0.234846764539935,"{17, 24, 34, 37, 44, 45, 51, 56, 57, 58, 59, 60, 63, 64, 68, 70, 84, 85, 87, 90, 125, 126, 127, 130, 132, 133, 139, 140, 141, 144, 151, 156, 163, 164, 166, 167, 168, 169, 170, 171, 172, 173, 174, 175, 179, 180, 183, 188}" 
RefArbor,C4.4,WcD0C131711081145_07.ce,51,0.24146559109461918,"{1, 18, 19, 20, 22, 30, 43, 44, 45, 49, 56, 61, 62, 63, 64, 65, 66, 68, 69, 70, 74, 80, 93, 104, 106, 107, 122, 123, 124, 129, 130, 133, 134, 135, 136, 148, 156, 157, 166, 167, 171, 173, 174, 183, 185, 186, 187, 188, 189, 191, 193}" 
RefArbor,C4.5,WcD0C191711081100_01.ce,46,0.23185973291554524,"{1, 2, 3, 4, 5, 22, 23, 25, 26, 27, 30, 35, 42, 43, 53, 67, 84, 85, 86, 87, 89, 92, 108, 112, 120, 121, 122, 123, 124, 126, 127, 128, 142, 143, 145, 150, 151, 157, 159, 160, 168, 170, 185, 188, 191, 192}" 
RefArbor,C4.5,WcD0C191711081115_01.ce,53,0.22779917738905056,"{8, 14, 15, 23, 30, 38, 39, 41, 42, 43, 44, 47, 52, 54, 55, 68, 69, 71, 73, 90, 91, 93, 114, 115, 126, 130, 131, 132, 136, 138, 139, 140, 145, 148, 151, 153, 154, 157, 158, 160, 162, 170, 172, 173, 175, 176, 177, 178, 179, 180, 182, 184, 192}" 
RefArbor,C4.5,WcD0C191711081130_01.ce,47,0.23489379421865805,"{2, 24, 34, 44, 45, 51, 56, 57, 58, 60, 63, 66, 68, 69, 70, 84, 87, 96, 112, 118, 121, 126, 127, 132, 133, 136, 140, 141, 144, 145, 151, 156, 163, 164, 165, 166, 167, 168, 169, 170, 171, 172, 173, 174, 175, 180, 183}" 
RefArbor,C4.5,WcD0C191711081145_01.ce,49,0.24343665188943098,"{16, 19, 20, 22, 23, 41, 44, 45, 46, 49, 50, 61, 62, 63, 64, 65, 66, 68, 69, 70, 74, 80, 94, 101, 105, 107, 122, 123, 124, 131, 133, 134, 135, 136, 148, 157, 166, 167, 173, 174, 181, 183, 186, 187, 188, 189, 191, 193, 194}" 
RefArbor,C4.4,WcD0C131711081200_07.ce,49,0.23425719162349648,"{1, 2, 3, 4, 5, 21, 22, 26, 27, 28, 29, 30, 32, 33, 35, 37, 46, 48, 52, 61, 63, 68, 69, 70, 73, 74, 75, 76, 80, 95, 97, 98, 99, 100, 101, 102, 108, 109, 111, 123, 131, 144, 146, 156, 172, 177, 178, 181, 189}" 
RefArbor,C4.4,WcD0C131711081215_07.ce,59,0.21297436378961054,"{18, 33, 37, 39, 40, 41, 42, 43, 44, 59, 60, 61, 64, 66, 67, 68, 69, 70, 71, 72, 73, 75, 77, 78, 79, 80, 86, 87, 88, 94, 121, 123, 129, 130, 131, 133, 137, 138, 140, 142, 143, 144, 145, 148, 149, 151, 152, 155, 156, 164, 167, 168, 169, 170, 174, 175, 177, 179, 180}" 
RefArbor,C4.4,WcD0C131711081230_07.ce,65,0.2242079159058369,"{3, 4, 5, 6, 7, 8, 9, 10, 11, 13, 17, 18, 19, 27, 33, 34, 35, 36, 37, 40, 45, 46, 50, 51, 52, 53, 54, 57, 58, 59, 60, 62, 63, 64, 111, 112, 115, 116, 117, 118, 120, 121, 123, 128, 129, 130, 131, 133, 134, 136, 138, 139, 140, 144, 153, 154, 156, 158, 161, 162, 165, 170, 182, 183, 190}" 
RefArbor,C4.4,WcD0C131711081245_07.ce,80,0.2634320918488093,"{16, 23, 24, 29, 30, 31, 32, 33, 34, 35, 36, 37, 40, 41, 42, 50, 52, 54, 55, 56, 57, 59, 62, 63, 65, 67, 69, 70, 75, 76, 78, 81, 82, 83, 84, 85, 87, 89, 90, 91, 95, 96, 97, 103, 104, 108, 110, 111, 113, 114, 115, 116, 119, 121, 122, 123, 125, 128, 130, 134, 142, 143, 144, 145, 146, 147, 148, 151, 152, 154, 155, 156, 159, 160, 161, 162, 180, 182, 185, 186}" 
RefArbor,C4.5,WcD0C191711081200_01.ce,53,0.23294843125853767,"{1, 2, 3, 4, 6, 9, 15, 17, 20, 21, 22, 25, 26, 27, 28, 31, 32, 36, 44, 48, 51, 62, 67, 70, 71, 72, 73, 74, 75, 76, 96, 97, 98, 99, 100, 101, 102, 107, 110, 111, 130, 131, 143, 153, 155, 164, 171, 176, 177, 178, 180, 188, 192}" 
RefArbor,C4.5,WcD0C191711081215_01.ce,63,0.21508017057215553,"{18, 33, 36, 37, 38, 40, 41, 42, 44, 58, 59, 60, 61, 62, 63, 64, 66, 68, 69, 70, 72, 73, 75, 77, 78, 79, 80, 81, 86, 87, 88, 89, 92, 94, 95, 121, 123, 124, 129, 131, 137, 138, 140, 142, 143, 144, 146, 147, 148, 149, 151, 152, 155, 156, 157, 167, 168, 169, 174, 175, 177, 179, 180}" 
RefArbor,C4.5,WcD0C191711081230_01.ce,65,0.22264561798976307,"{4, 5, 6, 7, 8, 9, 10, 11, 12, 13, 18, 19, 23, 29, 33, 34, 35, 36, 37, 39, 40, 41, 46, 48, 50, 52, 53, 59, 60, 62, 63, 64, 66, 112, 115, 116, 117, 118, 123, 126, 128, 129, 130, 132, 133, 134, 138, 139, 140, 144, 146, 153, 154, 156, 157, 161, 162, 163, 165, 170, 176, 179, 181, 183, 190}" 
RefArbor,C4.5,WcD0C191711081245_01.ce,86,0.261022614697334,"{10, 16, 24, 25, 29, 30, 31, 32, 33, 35, 36, 37, 41, 42, 43, 48, 50, 51, 53, 55, 56, 57, 59, 62, 63, 66, 68, 70, 71, 75, 77, 78, 81, 82, 83, 85, 87, 89, 90, 91, 92, 93, 95, 96, 97, 98, 101, 103, 104, 105, 107, 108, 110, 113, 114, 115, 116, 119, 121, 122, 123, 125, 126, 127, 129, 130, 135, 142, 143, 144, 145, 146, 147, 148, 152, 155, 156, 157, 160, 161, 162, 181, 182, 184, 185, 186}" 
RefArbor,C4.4,WcD0C131711081300_07.ce,24,0.24779457152990672,"{1, 2, 3, 4, 14, 15, 22, 46, 64, 65, 76, 77, 85, 86, 94, 95, 96, 97, 99, 100, 101, 102, 119, 183}" 
RefArbor,C4.4,WcD0C131711081315_07.ce,45,0.23818127837565817,"{27, 30, 45, 46, 47, 63, 64, 65, 66, 67, 68, 69, 70, 71, 72, 73, 74, 75, 76, 77, 81, 83, 84, 89, 107, 110, 118, 119, 131, 132, 137, 138, 140, 141, 142, 150, 151, 159, 160, 161, 162, 184, 185, 186, 187}" 
RefArbor,C4.4,WcD0C131711081330_07.ce,56,0.21406329344037742,"{4, 10, 15, 16, 17, 18, 21, 24, 25, 26, 38, 39, 40, 60, 61, 62, 63, 64, 65, 66, 67, 68, 69, 70, 84, 85, 86, 93, 108, 109, 110, 111, 113, 122, 125, 126, 127, 142, 143, 144, 145, 146, 165, 166, 168, 174, 175, 180, 181, 182, 188, 189, 190, 191, 192, 193}" 
RefArbor,C4.4,WcD0C131711081345_07.ce,62,0.24458888903349554,"{1, 5, 23, 24, 26, 40, 44, 45, 46, 47, 50, 52, 53, 54, 55, 56, 57, 60, 61, 62, 63, 64, 65, 66, 70, 73, 75, 76, 78, 80, 81, 83, 84, 85, 86, 87, 90, 91, 98, 99, 100, 103, 104, 111, 121, 143, 146, 160, 174, 175, 176, 179, 180, 182, 184, 185, 186, 187, 188, 189, 190, 191}" 
RefArbor,C4.5,WcD0C191711081300_01.ce,25,0.24806680406581844,"{1, 2, 3, 4, 14, 15, 22, 39, 64, 65, 71, 77, 79, 86, 94, 95, 96, 97, 100, 101, 102, 103, 111, 119, 149}" 
RefArbor,C4.5,WcD0C191711081315_01.ce,43,0.23480435910284633,"{29, 44, 45, 46, 62, 63, 64, 65, 66, 67, 68, 69, 70, 71, 72, 73, 74, 75, 76, 80, 82, 83, 88, 107, 109, 117, 118, 131, 136, 137, 139, 140, 142, 149, 150, 153, 159, 160, 161, 162, 183, 185, 186}" 
RefArbor,C4.5,WcD0C191711081330_01.ce,57,0.2145485181119805,"{4, 15, 16, 17, 18, 21, 25, 26, 39, 40, 56, 60, 61, 62, 63, 64, 65, 66, 67, 68, 69, 70, 84, 85, 86, 93, 94, 108, 109, 110, 111, 114, 118, 122, 123, 125, 126, 127, 143, 144, 145, 146, 165, 166, 167, 168, 171, 174, 181, 182, 187, 188, 189, 190, 191, 192, 193}" 
RefArbor,C4.5,WcD0C191711081345_01.ce,72,0.23837828923367155,"{1, 4, 13, 23, 24, 25, 26, 28, 40, 45, 46, 47, 50, 53, 54, 55, 56, 58, 60, 61, 62, 63, 64, 65, 66, 67, 69, 70, 73, 75, 76, 78, 79, 80, 81, 82, 83, 84, 85, 86, 87, 90, 91, 92, 98, 100, 101, 104, 105, 111, 146, 160, 163, 164, 165, 170, 175, 176, 177, 179, 181, 182, 183, 184, 185, 186, 187, 188, 189, 191, 193, 194}" 
RefArbor,C4.4,WcD0C131711081400_07.ce,118,0.29266052052530755,"{1, 2, 3, 4, 5, 7, 8, 16, 19, 20, 25, 26, 27, 28, 29, 30, 31, 32, 33, 34, 35, 37, 39, 40, 41, 42, 43, 44, 45, 48, 49, 50, 52, 55, 56, 57, 58, 59, 61, 62, 63, 64, 65, 68, 71, 73, 78, 80, 83, 85, 86, 87, 88, 89, 95, 97, 105, 106, 109, 116, 117, 119, 120, 121, 122, 123, 124, 125, 126, 127, 128, 129, 130, 131, 132, 133, 134, 135, 137, 138, 139, 140, 141, 144, 147, 148, 151, 156, 157, 158, 159, 161, 162, 164, 165, 166, 168, 169, 170, 171, 172, 173, 174, 175, 176, 177, 178, 180, 181, 182, 183, 184, 185, 186, 190, 191, 193, 194}" 
RefArbor,C4.4,WcD0C131711081415_07.ce,133,0.29863296212576795,"{1, 3, 4, 5, 6, 7, 8, 9, 10, 11, 12, 14, 16, 22, 23, 24, 25, 26, 27, 28, 29, 30, 31, 32, 33, 34, 35, 36, 38, 39, 40, 41, 42, 43, 44, 45, 46, 48, 49, 50, 51, 52, 53, 54, 55, 56, 57, 58, 59, 60, 61, 62, 63, 64, 65, 67, 68, 69, 70, 71, 72, 75, 76, 77, 78, 79, 80, 81, 83, 84, 87, 89, 90, 92, 94, 95, 96, 97, 100, 101, 102, 104, 105, 106, 109, 110, 111, 114, 115, 116, 117, 118, 119, 120, 123, 128, 129, 130, 131, 135, 136, 137, 139, 140, 142, 143, 144, 145, 146, 147, 148, 153, 158, 162, 165, 166, 169, 170, 174, 177, 178, 180, 181, 182, 184, 185, 186, 187, 188, 189, 191, 192, 193}" 
RefArbor,C4.4,WcD0C131711081430_07.ce,125,0.29434019722205207,"{12, 15, 16, 20, 21, 22, 24, 25, 26, 31, 32, 34, 35, 36, 38, 39, 40, 41, 42, 43, 44, 45, 46, 47, 48, 49, 50, 51, 52, 53, 55, 56, 58, 59, 61, 62, 66, 68, 69, 70, 71, 72, 74, 75, 78, 79, 80, 81, 83, 89, 90, 91, 94, 95, 96, 97, 98, 102, 103, 109, 110, 111, 112, 113, 114, 116, 117, 118, 119, 120, 121, 123, 124, 125, 127, 128, 129, 130, 132, 134, 135, 136, 137, 138, 139, 140, 141, 142, 143, 144, 145, 146, 147, 148, 150, 151, 152, 153, 154, 155, 156, 157, 158, 159, 160, 161, 163, 172, 173, 174, 175, 176, 177, 178, 179, 181, 182, 185, 186, 187, 188, 189, 190, 192, 193}" 
RefArbor,C4.4,WcD0C131711081445_07.ce,121,0.3003263073757275,"{1, 2, 3, 4, 5, 7, 8, 9, 10, 11, 12, 14, 16, 17, 19, 20, 21, 22, 23, 24, 26, 27, 30, 34, 35, 36, 37, 38, 39, 40, 41, 42, 43, 44, 45, 46, 47, 52, 54, 56, 57, 58, 59, 62, 63, 71, 73, 78, 80, 82, 83, 84, 85, 86, 87, 90, 91, 92, 93, 94, 95, 96, 97, 99, 101, 102, 111, 112, 113, 116, 118, 119, 121, 122, 123, 124, 125, 127, 128, 130, 131, 135, 136, 137, 139, 140, 141, 142, 144, 145, 146, 147, 149, 150, 151, 152, 153, 154, 155, 156, 157, 158, 159, 161, 163, 164, 167, 169, 171, 172, 174, 175, 177, 179, 180, 181, 182, 186, 188, 189, 194}" 
RefArbor,C4.5,WcD0C191711081400_01.ce,117,0.2954354315410545,"{1, 2, 3, 4, 5, 7, 15, 17, 24, 25, 26, 28, 29, 30, 31, 32, 33, 34, 37, 39, 41, 42, 43, 48, 49, 50, 54, 55, 56, 57, 58, 59, 60, 61, 62, 63, 64, 65, 66, 67, 70, 78, 79, 81, 82, 86, 87, 88, 92, 94, 95, 96, 103, 104, 105, 107, 111, 112, 115, 116, 118, 119, 120, 121, 122, 123, 124, 125, 126, 127, 128, 129, 130, 131, 132, 134, 135, 136, 137, 138, 139, 140, 142, 144, 146, 147, 148, 150, 155, 156, 158, 160, 161, 163, 164, 165, 166, 167, 168, 169, 170, 171, 172, 173, 174, 175, 176, 180, 181, 182, 183, 184, 185, 186, 189, 190, 193}" 
RefArbor,C4.5,WcD0C191711081415_01.ce,124,0.3013899338786338,"{1, 2, 4, 5, 6, 7, 8, 9, 10, 11, 12, 13, 14, 16, 17, 18, 20, 22, 23, 26, 28, 29, 30, 31, 32, 33, 35, 36, 37, 39, 40, 41, 42, 44, 45, 46, 48, 49, 50, 51, 52, 54, 55, 56, 57, 58, 60, 61, 62, 63, 64, 65, 67, 68, 69, 70, 71, 72, 73, 75, 76, 77, 78, 79, 81, 83, 84, 85, 87, 89, 90, 92, 94, 95, 96, 97, 100, 101, 102, 104, 105, 106, 109, 110, 111, 113, 115, 117, 120, 121, 122, 128, 129, 130, 131, 137, 138, 139, 140, 141, 143, 145, 146, 147, 148, 153, 154, 155, 164, 165, 169, 170, 171, 172, 175, 178, 182, 184, 185, 186, 187, 188, 192, 193}" 
RefArbor,C4.5,WcD0C191711081430_01.ce,125,0.2934286421130027,"{1, 4, 5, 6, 7, 11, 16, 17, 21, 22, 25, 26, 31, 32, 33, 34, 35, 36, 37, 38, 39, 40, 43, 44, 45, 46, 47, 48, 49, 50, 51, 52, 53, 54, 56, 57, 58, 59, 61, 62, 64, 68, 70, 71, 72, 75, 78, 79, 81, 83, 89, 91, 92, 95, 96, 97, 98, 99, 102, 103, 109, 110, 111, 112, 113, 114, 116, 117, 118, 119, 121, 123, 124, 125, 127, 128, 129, 130, 131, 134, 135, 136, 137, 138, 139, 140, 141, 142, 143, 144, 145, 146, 147, 148, 149, 150, 151, 152, 153, 154, 155, 156, 158, 159, 160, 161, 166, 171, 173, 174, 175, 176, 177, 179, 181, 182, 185, 186, 187, 188, 189, 190, 192, 193, 194}" 
RefArbor,C4.5,WcD0C191711081445_01.ce,118,0.30151703995544904,"{1, 2, 3, 4, 5, 7, 8, 9, 10, 11, 16, 18, 19, 21, 22, 23, 25, 26, 29, 30, 34, 35, 36, 37, 38, 39, 40, 41, 42, 43, 44, 45, 49, 51, 55, 58, 61, 62, 63, 65, 66, 68, 70, 72, 74, 76, 77, 78, 79, 82, 86, 88, 90, 92, 93, 94, 95, 96, 97, 100, 101, 104, 111, 112, 114, 115, 116, 117, 120, 123, 124, 126, 127, 128, 130, 134, 135, 136, 139, 140, 141, 142, 143, 145, 146, 148, 149, 150, 151, 152, 154, 157, 158, 160, 161, 162, 163, 166, 167, 169, 171, 172, 174, 175, 176, 177, 178, 179, 180, 181, 182, 183, 185, 186, 187, 188, 189, 193}" 
RefArbor,C4.4,WcD0C131711081500_07.ce,52,0.2512225068051871,"{1, 2, 3, 4, 25, 28, 30, 50, 63, 64, 65, 66, 67, 69, 70, 81, 83, 87, 88, 93, 96, 99, 100, 102, 103, 108, 112, 113, 114, 118, 119, 122, 123, 125, 130, 135, 136, 146, 149, 151, 164, 167, 168, 172, 173, 176, 181, 183, 184, 189, 190, 193}" 
RefArbor,C4.4,WcD0C131711081515_07.ce,54,0.23584913114248204,"{6, 7, 9, 10, 12, 13, 16, 25, 26, 27, 31, 38, 42, 45, 46, 52, 54, 56, 57, 58, 59, 60, 75, 76, 77, 78, 79, 80, 81, 82, 84, 85, 95, 98, 99, 104, 134, 138, 142, 144, 147, 155, 156, 157, 158, 159, 162, 163, 164, 165, 166, 167, 172, 175}" 
RefArbor,C4.4,WcD0C131711081530_07.ce,43,0.2150609159911054,"{7, 8, 10, 12, 19, 20, 28, 29, 33, 34, 38, 46, 54, 55, 62, 63, 64, 69, 70, 71, 72, 74, 75, 82, 85, 100, 113, 114, 115, 120, 121, 122, 127, 128, 131, 164, 165, 166, 168, 169, 170, 176, 183}" 
RefArbor,C4.4,WcD0C131711081545_07.ce,56,0.2446784112024881,"{5, 8, 11, 12, 18, 19, 21, 26, 46, 50, 59, 74, 95, 96, 101, 107, 108, 109, 110, 122, 125, 126, 127, 128, 135, 136, 137, 138, 139, 140, 141, 143, 144, 145, 146, 147, 152, 155, 157, 158, 162, 163, 164, 165, 167, 168, 172, 173, 182, 183, 184, 186, 187, 188, 189, 192}" 
RefArbor,C4.5,WcD0C191711081500_01.ce,54,0.24593793964008512,"{1, 2, 3, 4, 20, 25, 26, 28, 38, 50, 63, 64, 65, 66, 67, 69, 70, 72, 76, 85, 88, 89, 95, 102, 103, 108, 109, 110, 112, 113, 114, 115, 118, 119, 120, 123, 124, 125, 126, 128, 133, 136, 149, 151, 165, 167, 168, 173, 183, 184, 185, 189, 190, 193}" 
RefArbor,C4.5,WcD0C191711081515_01.ce,58,0.23466807844204698,"{5, 6, 7, 9, 10, 11, 12, 13, 15, 17, 19, 24, 25, 26, 27, 31, 38, 39, 42, 43, 45, 46, 49, 54, 56, 57, 58, 59, 60, 76, 77, 78, 79, 80, 81, 82, 83, 85, 87, 95, 98, 99, 104, 112, 144, 145, 147, 148, 155, 156, 157, 158, 159, 162, 164, 165, 166, 167}" 
RefArbor,C4.5,WcD0C191711081530_01.ce,39,0.21623885814415147,"{4, 7, 8, 9, 19, 24, 27, 28, 29, 32, 33, 46, 53, 54, 61, 62, 63, 64, 69, 70, 71, 73, 74, 75, 81, 99, 107, 113, 114, 120, 121, 127, 163, 164, 165, 167, 168, 175, 185}" 
RefArbor,C4.5,WcD0C191711081545_01.ce,62,0.24959195245275143,"{1, 6, 8, 11, 12, 13, 18, 21, 23, 25, 38, 46, 50, 59, 72, 74, 75, 96, 99, 100, 107, 108, 109, 110, 114, 119, 121, 123, 125, 126, 127, 128, 134, 135, 136, 137, 138, 139, 140, 141, 144, 145, 146, 147, 148, 154, 155, 158, 163, 164, 165, 168, 169, 171, 172, 173, 183, 184, 187, 188, 189, 192}" 
RefArbor,C4.4,WcD0C131711081600_07.ce,91,0.2613567877305737,"{1, 2, 3, 4, 5, 7, 13, 15, 16, 17, 18, 19, 20, 21, 22, 23, 24, 27, 28, 29, 30, 31, 32, 33, 42, 47, 48, 49, 50, 51, 52, 59, 64, 65, 77, 80, 82, 90, 91, 92, 93, 94, 95, 96, 97, 100, 103, 104, 122, 124, 126, 129, 132, 133, 136, 137, 138, 139, 140, 145, 148, 149, 150, 151, 152, 153, 154, 156, 158, 159, 160, 161, 162, 163, 164, 168, 171, 173, 174, 175, 176, 177, 178, 179, 180, 181, 186, 190, 192, 193, 194}" 
RefArbor,C4.4,WcD0C131711081615_07.ce,57,0.2177807102307462,"{1, 7, 8, 9, 10, 11, 12, 13, 14, 15, 16, 17, 24, 30, 39, 52, 53, 54, 61, 64, 65, 66, 67, 68, 69, 71, 72, 77, 87, 92, 93, 94, 95, 96, 105, 111, 128, 129, 130, 139, 140, 141, 142, 143, 144, 145, 147, 148, 169, 181, 182, 186, 189, 190, 191, 192, 193}" 
RefArbor,C4.4,WcD0C131711081630_07.ce,55,0.2334302982425635,"{1, 3, 4, 15, 23, 24, 26, 27, 28, 29, 31, 32, 33, 34, 36, 40, 41, 42, 56, 57, 59, 61, 62, 65, 66, 67, 68, 73, 80, 84, 85, 93, 94, 95, 107, 113, 114, 116, 139, 141, 148, 155, 160, 162, 164, 166, 167, 173, 174, 176, 180, 184, 187, 189, 190}" 
RefArbor,C4.4,WcD0C131711081645_07.ce,50,0.25294021571787373,"{3, 6, 17, 21, 32, 37, 45, 46, 47, 49, 51, 56, 61, 67, 73, 75, 80, 83, 89, 91, 96, 103, 104, 105, 106, 112, 132, 133, 140, 141, 150, 152, 155, 161, 164, 165, 166, 168, 169, 170, 171, 172, 173, 174, 175, 185, 186, 187, 188, 192}" 
RefArbor,C4.5,WcD0C191711081600_01.ce,95,0.2597505719874709,"{1, 2, 3, 4, 5, 6, 13, 15, 16, 17, 18, 19, 20, 21, 22, 23, 28, 29, 30, 31, 32, 33, 34, 42, 43, 47, 48, 49, 50, 51, 52, 53, 58, 59, 65, 67, 77, 80, 82, 86, 91, 92, 94, 95, 96, 97, 104, 106, 107, 122, 127, 129, 132, 135, 137, 138, 139, 140, 141, 143, 145, 146, 148, 149, 150, 151, 152, 153, 154, 157, 158, 159, 160, 161, 162, 163, 164, 166, 168, 169, 172, 173, 174, 175, 176, 177, 178, 179, 180, 181, 184, 186, 192, 193, 194}" 
RefArbor,C4.5,WcD0C191711081615_01.ce,60,0.2154973242960292,"{1, 7, 8, 9, 10, 11, 12, 13, 14, 15, 16, 17, 18, 24, 30, 39, 50, 52, 53, 54, 58, 60, 64, 65, 66, 67, 68, 69, 72, 77, 87, 93, 94, 95, 96, 97, 105, 106, 107, 111, 113, 126, 128, 130, 140, 141, 142, 143, 144, 145, 148, 169, 181, 182, 186, 189, 190, 191, 192, 193}" 
RefArbor,C4.5,WcD0C191711081630_01.ce,53,0.23546881247177712,"{1, 4, 15, 24, 26, 27, 28, 29, 31, 32, 33, 34, 35, 40, 41, 42, 56, 57, 58, 59, 61, 62, 64, 65, 66, 67, 68, 73, 85, 93, 94, 95, 101, 105, 114, 115, 127, 128, 138, 139, 140, 141, 150, 154, 160, 164, 167, 168, 171, 174, 180, 188, 190}" 
RefArbor,C4.5,WcD0C191711081645_01.ce,47,0.25813654670841407,"{2, 6, 13, 26, 45, 46, 47, 48, 49, 55, 60, 66, 72, 75, 78, 103, 104, 105, 131, 132, 137, 139, 141, 143, 147, 149, 154, 156, 158, 163, 164, 165, 166, 167, 168, 169, 170, 171, 172, 173, 174, 184, 185, 186, 187, 188, 193}" 
RefArbor,C4.4,WcD0C131711081700_07.ce,54,0.22429071169277834,"{1, 2, 3, 4, 7, 8, 15, 19, 42, 43, 44, 45, 46, 47, 48, 49, 50, 51, 52, 79, 82, 83, 85, 86, 87, 88, 89, 90, 91, 93, 94, 95, 97, 99, 100, 101, 102, 103, 104, 105, 106, 107, 109, 110, 111, 112, 113, 118, 135, 137, 139, 145, 149, 173}" 
RefArbor,C4.4,WcD0C131711081715_07.ce,60,0.2326001672453414,"{13, 19, 29, 30, 37, 41, 47, 48, 49, 55, 56, 57, 58, 63, 64, 69, 75, 76, 78, 80, 88, 89, 90, 91, 92, 98, 99, 100, 101, 103, 106, 120, 121, 122, 143, 144, 148, 150, 164, 173, 174, 175, 176, 177, 178, 179, 180, 181, 182, 183, 184, 185, 186, 187, 188, 189, 190, 191, 192, 193}" 
RefArbor,C4.4,WcD0C131711081730_07.ce,64,0.22107161045224422,"{1, 2, 3, 4, 5, 6, 9, 10, 11, 20, 24, 25, 26, 27, 28, 29, 56, 57, 58, 59, 60, 61, 62, 78, 87, 88, 96, 97, 99, 100, 102, 103, 105, 106, 107, 119, 120, 121, 122, 123, 125, 132, 135, 136, 137, 138, 146, 158, 160, 161, 162, 163, 164, 165, 166, 167, 168, 169, 179, 180, 181, 182, 183, 184}" 
RefArbor,C4.4,WcD0C131711081745_07.ce,67,0.24020475231473515,"{1, 5, 6, 7, 9, 10, 11, 12, 17, 27, 33, 34, 41, 42, 43, 44, 45, 46, 47, 48, 49, 50, 51, 57, 59, 64, 74, 75, 76, 77, 78, 93, 94, 95, 96, 104, 105, 106, 107, 110, 111, 112, 114, 116, 117, 119, 120, 121, 123, 126, 128, 129, 131, 133, 134, 135, 136, 137, 138, 139, 140, 165, 178, 181, 182, 188, 190}" 
RefArbor,C4.5,WcD0C191711081700_01.ce,56,0.22347045068568525,"{1, 2, 3, 4, 6, 15, 19, 27, 30, 36, 38, 42, 43, 44, 45, 46, 47, 48, 49, 50, 51, 52, 54, 79, 83, 84, 85, 86, 87, 88, 89, 90, 91, 93, 94, 95, 97, 98, 99, 100, 101, 102, 103, 104, 105, 106, 107, 109, 111, 112, 113, 118, 135, 137, 139, 186}" 
RefArbor,C4.5,WcD0C191711081715_01.ce,62,0.2316916400485266,"{2, 13, 18, 19, 29, 30, 41, 47, 48, 49, 54, 56, 57, 58, 62, 64, 67, 70, 71, 75, 76, 77, 88, 89, 90, 91, 92, 99, 100, 101, 109, 113, 120, 121, 122, 131, 134, 144, 148, 150, 159, 174, 175, 176, 177, 178, 179, 180, 181, 182, 183, 184, 185, 186, 187, 188, 189, 190, 191, 192, 193, 194}" 
RefArbor,C4.5,WcD0C191711081730_01.ce,72,0.21108315663220412,"{1, 2, 3, 4, 5, 9, 10, 11, 19, 20, 23, 24, 25, 26, 28, 30, 56, 57, 58, 59, 60, 61, 62, 77, 86, 87, 89, 95, 96, 98, 99, 101, 102, 105, 106, 107, 118, 119, 120, 121, 122, 124, 125, 131, 132, 134, 135, 136, 137, 138, 142, 145, 153, 159, 160, 161, 162, 163, 164, 165, 166, 167, 168, 169, 178, 179, 180, 181, 182, 183, 184, 193}" 
RefArbor,C4.5,WcD0C191711081745_01.ce,64,0.24140137423346336,"{1, 5, 6, 7, 9, 10, 11, 12, 17, 41, 42, 43, 44, 45, 46, 47, 48, 49, 50, 51, 57, 58, 73, 75, 76, 77, 78, 79, 94, 95, 96, 97, 105, 106, 107, 109, 111, 112, 113, 114, 115, 117, 118, 119, 120, 121, 122, 126, 128, 129, 131, 132, 133, 134, 136, 137, 138, 139, 140, 152, 174, 181, 188, 190}" 
RefArbor,C4.4,WcD0C131711081800_07.ce,29,0.20277579589773953,"{1, 2, 3, 4, 12, 13, 14, 34, 35, 37, 50, 51, 52, 75, 76, 78, 80, 82, 117, 127, 128, 132, 152, 153, 156, 171, 172, 173, 192}" 
RefArbor,C4.4,WcD0C131711081815_07.ce,48,0.2126695050166071,"{11, 20, 21, 24, 25, 26, 27, 28, 51, 52, 53, 54, 55, 56, 63, 69, 76, 77, 78, 79, 89, 92, 93, 101, 119, 120, 121, 122, 123, 124, 125, 129, 132, 133, 145, 154, 155, 163, 165, 166, 167, 174, 176, 178, 185, 186, 187, 188}" 
RefArbor,C4.4,WcD0C131711081830_07.ce,36,0.22606275945026236,"{2, 12, 13, 14, 15, 33, 37, 55, 65, 83, 95, 97, 100, 110, 114, 120, 121, 122, 146, 147, 148, 149, 150, 152, 153, 154, 155, 156, 157, 158, 159, 161, 175, 190, 191, 192}" 
RefArbor,C4.4,WcD0C131711081845_07.ce,32,0.22489266476941033,"{13, 14, 32, 33, 42, 67, 77, 78, 80, 87, 88, 91, 92, 96, 110, 118, 120, 142, 143, 144, 145, 146, 147, 148, 149, 150, 152, 153, 154, 155, 156, 157}" 
RefArbor,C4.5,WcD0C191711081800_01.ce,31,0.20276530103093246,"{1, 2, 3, 4, 9, 13, 14, 15, 33, 35, 36, 37, 38, 50, 51, 52, 53, 54, 75, 80, 83, 85, 123, 129, 153, 155, 166, 172, 173, 174, 192}" 
RefArbor,C4.5,WcD0C191711081815_01.ce,50,0.20735885855550973,"{20, 22, 23, 24, 25, 26, 27, 50, 51, 52, 53, 54, 55, 63, 66, 68, 69, 75, 76, 77, 78, 79, 88, 91, 92, 100, 118, 119, 120, 121, 122, 124, 131, 132, 143, 144, 145, 154, 163, 164, 166, 173, 174, 176, 177, 182, 185, 186, 187, 188}" 
RefArbor,C4.5,WcD0C191711081830_01.ce,35,0.22860374116826424,"{2, 3, 12, 13, 14, 15, 34, 37, 55, 84, 97, 98, 110, 120, 121, 122, 123, 148, 149, 150, 152, 153, 154, 155, 156, 158, 159, 161, 162, 174, 175, 176, 190, 191, 192}" 
RefArbor,C4.5,WcD0C191711081845_01.ce,36,0.22452714772939325,"{10, 13, 14, 15, 33, 43, 67, 68, 76, 80, 81, 88, 89, 91, 92, 98, 100, 110, 112, 118, 119, 131, 143, 144, 145, 147, 148, 149, 150, 151, 152, 153, 154, 155, 156, 157}" 
RefArbor,C4.4,WcD0C131711081900_07.ce,48,0.22431609677470807,"{1, 2, 3, 4, 5, 6, 13, 14, 15, 16, 17, 18, 19, 21, 22, 23, 25, 26, 32, 33, 34, 42, 43, 44, 52, 66, 71, 78, 80, 82, 86, 87, 88, 91, 94, 96, 98, 107, 109, 112, 113, 114, 116, 148, 149, 150, 151, 163}" 
RefArbor,C4.4,WcD0C131711081915_07.ce,36,0.21043767595044033,"{30, 37, 46, 53, 54, 55, 56, 63, 65, 66, 67, 68, 69, 70, 81, 85, 89, 90, 91, 92, 93, 104, 128, 144, 145, 146, 148, 149, 155, 158, 159, 164, 168, 170, 183, 193}" 
RefArbor,C4.4,WcD0C131711081930_07.ce,45,0.24209010656937072,"{24, 25, 29, 31, 32, 33, 34, 35, 36, 75, 76, 87, 88, 92, 93, 100, 103, 104, 107, 108, 109, 110, 119, 122, 126, 135, 138, 139, 140, 143, 149, 152, 153, 155, 166, 174, 175, 178, 179, 181, 185, 186, 191, 193, 194}" 
RefArbor,C4.4,WcD0C131711081945_07.ce,31,0.22615172113305163,"{2, 8, 11, 27, 31, 37, 38, 39, 58, 59, 60, 61, 63, 73, 74, 75, 88, 91, 94, 95, 100, 101, 110, 160, 171, 175, 177, 180, 189, 191, 193}" 
RefArbor,C4.5,WcD0C191711081900_01.ce,54,0.22110368779634826,"{1, 2, 3, 4, 5, 14, 15, 16, 17, 18, 21, 22, 24, 27, 28, 29, 30, 31, 32, 33, 39, 41, 42, 43, 48, 54, 56, 65, 66, 67, 69, 71, 77, 78, 79, 81, 83, 84, 87, 90, 91, 104, 106, 107, 113, 115, 117, 131, 146, 147, 148, 149, 150, 163}" 
RefArbor,C4.5,WcD0C191711081915_01.ce,29,0.21403119681782096,"{19, 31, 41, 49, 54, 55, 56, 63, 64, 65, 66, 67, 69, 70, 84, 89, 90, 91, 93, 107, 144, 146, 149, 154, 155, 164, 168, 180, 193}" 
RefArbor,C4.5,WcD0C191711081930_01.ce,55,0.23476527730341334,"{7, 13, 16, 21, 24, 25, 26, 33, 34, 35, 36, 37, 41, 59, 61, 75, 76, 80, 87, 88, 90, 92, 93, 94, 101, 105, 107, 108, 109, 120, 123, 125, 126, 129, 135, 136, 138, 139, 140, 143, 150, 152, 153, 156, 175, 176, 178, 179, 180, 181, 182, 186, 187, 193, 194}" 
RefArbor,C4.5,WcD0C191711081945_01.ce,33,0.22548858214781675,"{2, 8, 15, 27, 31, 33, 37, 38, 39, 40, 58, 59, 60, 61, 62, 64, 73, 75, 91, 93, 94, 95, 110, 111, 141, 158, 160, 171, 175, 176, 183, 189, 193}" 
RefArbor,C4.4,WcD0C131711082000_07.ce,18,0.21638700618910747,"{1, 2, 3, 4, 6, 11, 29, 52, 53, 71, 100, 127, 128, 129, 130, 131, 132, 164}" 
RefArbor,C4.4,WcD0C131711082015_07.ce,32,0.2179588671984138,"{44, 45, 46, 47, 48, 49, 51, 93, 95, 96, 99, 101, 114, 115, 123, 124, 126, 127, 128, 129, 130, 135, 139, 141, 142, 143, 145, 146, 161, 181, 187, 189}" 
RefArbor,C4.4,WcD0C131711082030_07.ce,66,0.22786112369477812,"{14, 15, 21, 22, 23, 24, 28, 29, 30, 31, 32, 35, 36, 37, 38, 39, 41, 44, 45, 47, 48, 49, 51, 52, 53, 54, 55, 56, 58, 63, 64, 65, 66, 67, 74, 75, 77, 78, 84, 90, 91, 113, 114, 115, 134, 135, 138, 139, 141, 142, 149, 164, 166, 168, 170, 173, 174, 176, 177, 179, 182, 183, 185, 187, 188, 193}" 
RefArbor,C4.4,WcD0C131711082045_07.ce,55,0.24387346595339277,"{1, 2, 3, 4, 5, 6, 7, 8, 9, 10, 21, 29, 30, 43, 44, 48, 52, 53, 58, 62, 63, 64, 65, 66, 67, 68, 69, 80, 81, 82, 83, 85, 88, 98, 99, 102, 106, 108, 109, 112, 113, 117, 126, 127, 128, 131, 136, 137, 140, 146, 163, 171, 176, 184, 185}" 
RefArbor,C4.5,WcD0C191711082000_01.ce,20,0.21869952929051734,"{1, 2, 3, 4, 6, 9, 15, 17, 52, 65, 88, 92, 104, 127, 128, 129, 130, 133, 147, 164}" 
RefArbor,C4.5,WcD0C191711082015_01.ce,38,0.2134360850454343,"{1, 23, 26, 27, 38, 44, 45, 46, 47, 48, 52, 72, 92, 93, 94, 95, 96, 98, 113, 114, 122, 123, 124, 125, 126, 127, 128, 129, 130, 135, 138, 140, 141, 142, 144, 145, 147, 186}" 
RefArbor,C4.5,WcD0C191711082030_01.ce,60,0.23309940462762552,"{15, 16, 21, 22, 23, 24, 28, 29, 30, 31, 32, 33, 36, 38, 39, 40, 45, 47, 48, 49, 51, 52, 53, 54, 55, 57, 63, 64, 65, 66, 67, 68, 73, 74, 75, 78, 79, 85, 90, 112, 113, 114, 115, 118, 135, 138, 139, 142, 164, 166, 170, 174, 177, 179, 182, 183, 184, 185, 188, 193}" 
RefArbor,C4.5,WcD0C191711082045_01.ce,50,0.24975281573203664,"{1, 2, 3, 4, 5, 6, 7, 8, 9, 10, 15, 21, 23, 29, 30, 33, 37, 43, 44, 51, 58, 63, 64, 65, 66, 67, 68, 69, 70, 77, 80, 81, 88, 96, 99, 106, 108, 109, 112, 113, 115, 125, 127, 128, 137, 167, 171, 177, 185, 194}" 
RefArbor,C4.4,WcD0C131711082100_07.ce,106,0.2648151899242956,"{1, 2, 3, 4, 8, 10, 11, 15, 16, 18, 19, 20, 21, 22, 23, 24, 25, 26, 32, 33, 34, 39, 45, 48, 54, 65, 66, 71, 72, 74, 76, 78, 79, 81, 84, 85, 86, 87, 88, 89, 90, 91, 92, 93, 95, 96, 103, 106, 107, 108, 109, 110, 111, 113, 114, 115, 116, 117, 118, 119, 120, 122, 123, 124, 125, 126, 127, 128, 129, 130, 131, 132, 133, 134, 135, 137, 139, 141, 144, 145, 146, 147, 148, 151, 152, 153, 155, 156, 161, 162, 163, 165, 166, 167, 168, 169, 170, 171, 172, 173, 174, 178, 179, 191, 192, 193}" 
RefArbor,C4.4,WcD0C131711082115_07.ce,49,0.2142380886247747,"{1, 2, 6, 8, 10, 12, 21, 22, 24, 34, 40, 41, 57, 66, 67, 77, 78, 79, 82, 97, 98, 108, 110, 111, 113, 127, 128, 129, 131, 134, 140, 141, 143, 144, 151, 154, 157, 162, 164, 165, 167, 168, 171, 172, 180, 184, 186, 191, 192}" 
RefArbor,C4.4,WcD0C131711082130_07.ce,77,0.26155898734667954,"{9, 10, 11, 20, 21, 30, 34, 35, 36, 37, 39, 40, 41, 42, 43, 44, 45, 46, 47, 49, 50, 51, 54, 57, 58, 59, 60, 61, 68, 70, 71, 73, 88, 91, 95, 96, 97, 101, 103, 105, 110, 111, 115, 116, 118, 122, 123, 130, 131, 132, 133, 139, 141, 142, 143, 144, 145, 146, 147, 148, 149, 150, 154, 156, 170, 171, 172, 173, 174, 175, 179, 180, 181, 183, 184, 185, 188}" 
RefArbor,C4.4,WcD0C131711082145_07.ce,46,0.245155940932081,"{9, 14, 16, 17, 21, 22, 24, 28, 33, 52, 58, 59, 67, 68, 70, 72, 74, 75, 80, 83, 85, 92, 97, 98, 101, 107, 122, 123, 124, 125, 128, 129, 131, 135, 136, 137, 140, 141, 142, 146, 150, 155, 158, 172, 184, 189}" 
RefArbor,C4.5,WcD0C191711082100_01.ce,110,0.2574985342230621,"{1, 2, 3, 4, 9, 10, 15, 16, 17, 18, 19, 20, 21, 22, 23, 24, 25, 26, 30, 32, 33, 34, 39, 45, 50, 67, 71, 74, 75, 78, 79, 81, 84, 85, 86, 87, 88, 89, 90, 91, 92, 95, 103, 105, 106, 107, 108, 109, 110, 112, 113, 114, 115, 116, 117, 118, 119, 120, 121, 122, 123, 124, 125, 126, 127, 128, 129, 130, 131, 132, 133, 134, 135, 136, 138, 139, 140, 141, 144, 145, 146, 147, 148, 149, 151, 152, 154, 155, 158, 160, 161, 162, 164, 165, 166, 167, 168, 169, 170, 171, 172, 177, 178, 179, 182, 186, 188, 190, 191, 192}" 
RefArbor,C4.5,WcD0C191711082115_01.ce,38,0.22132221888344125,"{1, 2, 6, 11, 12, 19, 22, 34, 41, 44, 66, 67, 77, 78, 79, 98, 99, 108, 109, 111, 114, 122, 127, 128, 129, 141, 144, 148, 155, 166, 167, 168, 171, 173, 185, 186, 191, 192}" 
RefArbor,C4.5,WcD0C191711082130_01.ce,82,0.26559078633297,"{10, 11, 21, 22, 23, 27, 29, 35, 36, 40, 41, 43, 44, 45, 46, 47, 49, 50, 51, 52, 54, 57, 58, 59, 60, 61, 62, 68, 70, 71, 72, 81, 84, 95, 96, 97, 99, 101, 103, 105, 106, 110, 111, 115, 116, 120, 126, 127, 128, 129, 130, 131, 132, 133, 139, 142, 143, 144, 145, 146, 147, 150, 151, 153, 155, 156, 162, 163, 167, 170, 171, 173, 174, 175, 176, 179, 181, 183, 184, 185, 188, 189}" 
RefArbor,C4.5,WcD0C191711082145_01.ce,45,0.24778509036704044,"{13, 16, 20, 21, 26, 28, 40, 58, 67, 72, 73, 74, 75, 79, 80, 82, 83, 85, 91, 92, 97, 98, 100, 101, 106, 113, 118, 122, 123, 124, 127, 128, 130, 131, 134, 135, 136, 141, 142, 145, 149, 150, 158, 179, 188}" 
RefArbor,C4.4,WcD0C131711082200_07.ce,48,0.25530737240435003,"{1, 2, 3, 4, 8, 9, 10, 11, 25, 32, 37, 38, 45, 46, 52, 53, 54, 56, 57, 62, 63, 80, 81, 82, 83, 107, 108, 109, 121, 122, 125, 140, 141, 143, 144, 145, 147, 148, 149, 151, 155, 157, 161, 166, 167, 172, 180, 186}" 
RefArbor,C4.4,WcD0C131711082215_07.ce,63,0.24102760139126667,"{2, 4, 6, 8, 11, 29, 30, 31, 33, 44, 58, 64, 65, 66, 67, 68, 69, 71, 74, 75, 78, 82, 84, 85, 86, 87, 88, 91, 92, 93, 94, 95, 99, 100, 102, 107, 115, 118, 119, 120, 124, 130, 137, 142, 144, 145, 146, 147, 148, 150, 151, 153, 154, 155, 159, 166, 167, 173, 174, 175, 180, 181, 192}" 
RefArbor,C4.4,WcD0C131711082230_07.ce,39,0.20455996438048074,"{3, 4, 19, 36, 37, 38, 58, 68, 69, 71, 73, 74, 80, 81, 82, 83, 95, 105, 107, 108, 110, 111, 113, 114, 115, 118, 136, 140, 146, 147, 149, 157, 163, 164, 171, 176, 189, 190, 191}" 
RefArbor,C4.4,WcD0C131711082245_07.ce,71,0.24348501744645232,"{12, 13, 17, 19, 20, 21, 22, 23, 24, 25, 35, 36, 38, 40, 44, 45, 46, 47, 48, 49, 50, 51, 52, 53, 54, 55, 56, 57, 58, 60, 61, 64, 65, 69, 74, 80, 83, 93, 94, 95, 97, 104, 105, 111, 112, 113, 114, 119, 120, 122, 124, 125, 126, 127, 131, 133, 134, 143, 147, 155, 156, 158, 159, 160, 163, 164, 165, 166, 169, 172, 173}" 
RefArbor,C4.5,WcD0C191711082200_01.ce,50,0.24425635548040686,"{1, 2, 3, 4, 9, 10, 11, 26, 30, 32, 38, 40, 45, 46, 51, 52, 53, 55, 56, 57, 63, 64, 72, 81, 82, 83, 107, 108, 109, 110, 121, 122, 125, 128, 135, 140, 141, 143, 145, 147, 148, 151, 157, 158, 166, 167, 172, 180, 184, 186}" 
RefArbor,C4.5,WcD0C191711082215_01.ce,52,0.24492285695527855,"{29, 30, 31, 42, 60, 64, 65, 66, 67, 68, 69, 74, 75, 78, 79, 84, 85, 86, 87, 88, 90, 91, 92, 93, 94, 95, 96, 99, 100, 101, 107, 119, 120, 140, 142, 144, 145, 146, 147, 148, 150, 151, 154, 155, 159, 160, 166, 174, 175, 181, 182, 192}" 
RefArbor,C4.5,WcD0C191711082230_01.ce,34,0.2052465596430522,"{3, 8, 37, 38, 57, 67, 68, 71, 73, 80, 81, 82, 94, 104, 106, 107, 109, 110, 113, 117, 118, 127, 139, 140, 145, 146, 148, 154, 157, 163, 164, 188, 189, 190}" 
RefArbor,C4.5,WcD0C191711082245_01.ce,70,0.2430888999679693,"{7, 13, 17, 20, 21, 22, 23, 24, 25, 37, 38, 41, 44, 45, 46, 47, 48, 49, 50, 51, 52, 53, 54, 55, 56, 57, 58, 61, 64, 65, 83, 90, 93, 94, 95, 100, 105, 111, 112, 113, 114, 116, 118, 119, 120, 125, 126, 127, 132, 133, 134, 154, 155, 156, 157, 158, 159, 160, 161, 162, 163, 164, 165, 166, 169, 172, 173, 176, 178, 186}" 
RefArbor,C4.4,WcD0C131711082300_07.ce,76,0.2534176992307474,"{1, 2, 3, 4, 8, 9, 10, 11, 14, 19, 21, 27, 33, 34, 38, 40, 42, 43, 46, 47, 48, 50, 51, 52, 53, 54, 56, 58, 64, 65, 66, 67, 79, 81, 82, 83, 84, 85, 86, 89, 90, 91, 98, 101, 102, 103, 104, 107, 108, 109, 114, 116, 122, 123, 125, 130, 131, 135, 137, 138, 140, 142, 145, 152, 153, 154, 156, 158, 159, 160, 178, 187, 189, 192, 193, 194}" 
RefArbor,C4.4,WcD0C131711082315_07.ce,69,0.24435370226178849,"{1, 2, 3, 5, 19, 20, 21, 22, 23, 24, 25, 26, 27, 29, 31, 32, 33, 34, 35, 36, 38, 39, 40, 41, 42, 43, 44, 45, 46, 47, 48, 50, 52, 69, 84, 85, 86, 87, 88, 92, 98, 109, 110, 111, 112, 113, 114, 115, 116, 117, 121, 125, 128, 133, 141, 152, 154, 155, 162, 167, 169, 171, 172, 173, 178, 182, 183, 184, 187}" 
RefArbor,C4.4,WcD0C131711082330_07.ce,44,0.2504719497754664,"{1, 20, 23, 47, 66, 70, 72, 73, 74, 91, 92, 97, 98, 99, 107, 117, 121, 122, 123, 124, 125, 126, 127, 128, 129, 130, 131, 132, 133, 136, 137, 138, 139, 140, 142, 143, 144, 145, 146, 148, 150, 151, 170, 181}" 
RefArbor,C4.4,WcD0C131711082345_07.ce,51,0.2445368583356639,"{5, 6, 7, 8, 9, 16, 19, 31, 49, 51, 52, 58, 64, 74, 78, 79, 84, 85, 88, 92, 95, 96, 128, 129, 130, 132, 133, 134, 138, 139, 141, 143, 145, 147, 149, 150, 151, 154, 155, 156, 159, 162, 166, 168, 169, 172, 177, 180, 183, 185, 187}" 
RefArbor,C4.5,WcD0C191711082300_01.ce,69,0.2591393576010467,"{1, 2, 3, 4, 7, 8, 9, 10, 12, 14, 20, 27, 32, 33, 34, 36, 38, 42, 45, 46, 49, 50, 51, 52, 53, 55, 57, 61, 63, 64, 66, 80, 81, 82, 83, 84, 85, 90, 101, 102, 106, 107, 108, 115, 119, 120, 122, 124, 126, 130, 131, 135, 137, 140, 141, 148, 151, 152, 153, 155, 157, 158, 159, 163, 173, 187, 190, 191, 193}" 
RefArbor,C4.5,WcD0C191711082315_01.ce,79,0.2388004187635445,"{2, 3, 4, 5, 6, 10, 18, 20, 21, 22, 23, 24, 25, 26, 27, 30, 31, 32, 33, 34, 35, 36, 37, 38, 39, 40, 41, 43, 44, 45, 46, 48, 49, 52, 69, 70, 80, 84, 85, 86, 87, 88, 89, 90, 92, 93, 95, 99, 109, 110, 111, 112, 114, 115, 116, 117, 119, 121, 122, 126, 128, 129, 133, 141, 142, 155, 156, 157, 158, 163, 170, 172, 173, 174, 178, 183, 184, 185, 188}" 
RefArbor,C4.5,WcD0C191711082330_01.ce,44,0.253144302517871,"{20, 21, 30, 43, 47, 63, 70, 72, 73, 74, 91, 92, 93, 99, 105, 110, 122, 123, 124, 125, 126, 127, 128, 129, 130, 132, 133, 134, 138, 139, 140, 142, 143, 144, 145, 146, 148, 151, 178, 181, 182, 185, 193, 194}" 
RefArbor,C4.5,WcD0C191711082345_01.ce,55,0.245417299419905,"{4, 7, 8, 9, 45, 47, 48, 49, 50, 51, 56, 65, 73, 77, 78, 79, 83, 84, 85, 95, 106, 108, 119, 124, 125, 126, 127, 128, 129, 131, 132, 133, 138, 140, 141, 143, 144, 146, 148, 149, 150, 153, 154, 155, 161, 163, 165, 168, 169, 171, 182, 183, 184, 186, 188}" 
