Ref4.5,C4.4,WcD0A251710290000_01.ce,24,0.1964411372552858,"{1, 2, 3, 20, 38, 72, 73, 74, 75, 76, 77, 78, 82, 86, 87, 88, 89, 91, 94, 95, 122, 129, 167, 189}" 
Ref4.5,C4.4,WcD0A251710290015_01.ce,11,0.19565633523313547,"{7, 32, 42, 130, 135, 153, 154, 161, 173, 174, 190}" 
Ref4.5,C4.4,WcD0A251710290030_01.ce,58,0.21449120457237053,"{4, 6, 12, 13, 22, 25, 26, 27, 28, 29, 58, 61, 62, 76, 77, 85, 86, 90, 91, 92, 93, 95, 97, 101, 102, 103, 104, 110, 111, 116, 130, 135, 143, 144, 145, 146, 147, 148, 150, 151, 152, 153, 155, 156, 157, 158, 160, 162, 163, 164, 165, 166, 167, 171, 172, 173, 174, 184}" 
Ref4.5,C4.4,WcD0A251710290045_01.ce,40,0.23244131353944741,"{10, 16, 17, 18, 19, 20, 23, 24, 25, 26, 27, 34, 41, 45, 46, 47, 68, 87, 89, 94, 95, 96, 100, 101, 104, 106, 107, 108, 113, 116, 120, 133, 135, 142, 143, 157, 169, 189, 190, 191}" 
Ref4.5,C4.5,WcD0A001710290000_03.ce,22,0.1881411109395657,"{1, 2, 3, 20, 38, 72, 73, 74, 75, 76, 77, 78, 82, 86, 87, 95, 117, 122, 123, 129, 167, 189}" 
Ref4.5,C4.5,WcD0A001710290015_03.ce,8,0.17670802122903081,"{7, 32, 42, 113, 135, 142, 153, 154}" 
Ref4.5,C4.5,WcD0A001710290030_03.ce,51,0.208743594318865,"{4, 6, 12, 13, 25, 26, 27, 28, 29, 58, 61, 76, 77, 79, 81, 85, 86, 90, 91, 92, 93, 97, 102, 103, 104, 110, 111, 116, 128, 130, 135, 144, 145, 146, 148, 150, 151, 152, 153, 155, 156, 160, 163, 164, 165, 166, 167, 171, 172, 173, 184}" 
Ref4.5,C4.5,WcD0A001710290045_03.ce,36,0.22295855627403166,"{7, 16, 17, 19, 23, 24, 25, 26, 27, 45, 46, 47, 84, 86, 89, 94, 95, 96, 100, 101, 106, 107, 108, 120, 127, 131, 135, 136, 138, 139, 148, 157, 165, 169, 189, 191}" 
Ref4.5,C4.4,WcD0A251710290100_01.ce,34,0.2090158808928545,"{1, 2, 3, 9, 16, 31, 32, 34, 37, 38, 46, 61, 62, 63, 78, 88, 91, 97, 101, 109, 113, 119, 120, 131, 156, 157, 159, 160, 163, 178, 179, 181, 190, 191}" 
Ref4.5,C4.4,WcD0A251710290115_01.ce,28,0.20355051464208032,"{4, 5, 21, 22, 23, 27, 28, 30, 33, 107, 113, 114, 115, 135, 148, 149, 150, 151, 152, 153, 166, 168, 169, 172, 173, 176, 189, 191}" 
Ref4.5,C4.4,WcD0A251710290130_01.ce,16,0.1948638879443433,"{5, 6, 38, 43, 50, 56, 57, 58, 59, 68, 69, 73, 169, 170, 171, 172}" 
Ref4.5,C4.4,WcD0A251710290145_01.ce,39,0.1986736305040338,"{12, 45, 47, 48, 49, 51, 52, 53, 59, 61, 68, 69, 70, 71, 72, 73, 88, 89, 91, 93, 94, 142, 156, 157, 164, 168, 176, 177, 178, 179, 180, 181, 182, 186, 187, 188, 189, 190, 191}" 
Ref4.5,C4.5,WcD0A001710290100_03.ce,28,0.1982371479025841,"{1, 2, 3, 9, 16, 31, 32, 34, 37, 38, 53, 61, 62, 63, 88, 91, 97, 101, 119, 132, 159, 160, 161, 162, 179, 181, 190, 191}" 
Ref4.5,C4.5,WcD0A001710290115_03.ce,26,0.18888282187964017,"{4, 5, 21, 22, 23, 24, 27, 28, 29, 30, 33, 52, 107, 115, 123, 149, 150, 151, 153, 166, 168, 169, 171, 173, 176, 192}" 
Ref4.5,C4.5,WcD0A001710290130_03.ce,15,0.18263819578844565,"{5, 6, 38, 43, 56, 57, 58, 59, 68, 69, 163, 169, 170, 171, 172}" 
Ref4.5,C4.5,WcD0A001710290145_03.ce,29,0.1942379721616075,"{45, 47, 51, 53, 68, 69, 70, 71, 72, 73, 88, 89, 93, 142, 156, 157, 164, 176, 178, 179, 180, 181, 182, 186, 187, 188, 189, 190, 191}" 
Ref4.5,C4.4,WcD0A251710290200_01.ce,38,0.20539482419661143,"{1, 2, 3, 4, 12, 38, 47, 48, 49, 77, 84, 85, 86, 87, 88, 100, 104, 109, 112, 113, 114, 117, 120, 150, 152, 153, 158, 159, 160, 161, 164, 165, 166, 167, 171, 175, 179, 185}" 
Ref4.5,C4.4,WcD0A251710290215_01.ce,15,0.15994761236095115,"{2, 3, 4, 30, 31, 32, 33, 34, 42, 44, 45, 50, 55, 56, 177}" 
Ref4.5,C4.4,WcD0A251710290230_01.ce,12,0.16724977780062916,"{30, 58, 79, 80, 82, 83, 84, 85, 89, 100, 101, 146}" 
Ref4.5,C4.4,WcD0A251710290245_01.ce,3,0.16263525072449947,"{43, 94, 97}" 
Ref4.5,C4.5,WcD0A001710290200_03.ce,30,0.20198526793214774,"{1, 2, 3, 4, 19, 38, 47, 84, 85, 86, 87, 100, 104, 109, 113, 114, 117, 148, 150, 152, 153, 158, 159, 160, 164, 165, 166, 167, 179, 185}" 
Ref4.5,C4.5,WcD0A001710290215_03.ce,15,0.15172802341948552,"{2, 3, 4, 30, 31, 32, 33, 34, 36, 42, 44, 45, 55, 133, 177}" 
Ref4.5,C4.5,WcD0A001710290230_03.ce,8,0.16659792929034348,"{79, 80, 82, 83, 85, 89, 146, 100}" 
Ref4.5,C4.5,WcD0A001710290245_03.ce,1,0.15301099471734791,{94} 
Ref4.5,C4.4,WcD0A251710290300_01.ce,194,-1,"{1, 2, 3, 4, 5, 6, 7, 8, 9, 10, 11, 12, 13, 14, 15, 16, 17, 18, 19, 20, 21, 22, 23, 24, 25, 26, 27, 28, 29, 30, 31, 32, 33, 34, 35, 36, 37, 38, 39, 40, 41, 42, 43, 44, 45, 46, 47, 48, 49, 50, 51, 52, 53, 54, 55, 56, 57, 58, 59, 60, 61, 62, 63, 64, 65, 66, 67, 68, 69, 70, 71, 72, 73, 74, 75, 76, 77, 78, 79, 80, 81, 82, 83, 84, 85, 86, 87, 88, 89, 90, 91, 92, 93, 94, 95, 96, 97, 98, 99, 100, 101, 102, 103, 104, 105, 106, 107, 108, 109, 110, 111, 112, 113, 114, 115, 116, 117, 118, 119, 120, 121, 122, 123, 124, 125, 126, 127, 128, 129, 130, 131, 132, 133, 134, 135, 136, 137, 138, 139, 140, 141, 142, 143, 144, 145, 146, 147, 148, 149, 150, 151, 152, 153, 154, 155, 156, 157, 158, 159, 160, 161, 162, 163, 164, 165, 166, 167, 168, 169, 170, 171, 172, 173, 174, 175, 176, 177, 178, 179, 180, 181, 182, 183, 184, 185, 186, 187, 188, 189, 190, 191, 192, 193, 194}" 
Ref4.5,C4.4,WcD0A251710290315_01.ce,193,-1,"{1, 2, 3, 4, 5, 6, 7, 8, 9, 10, 11, 12, 13, 14, 15, 16, 17, 18, 19, 20, 21, 22, 23, 24, 25, 26, 27, 28, 29, 30, 31, 32, 33, 34, 35, 36, 37, 38, 39, 40, 41, 42, 43, 44, 45, 46, 47, 48, 49, 50, 51, 52, 53, 54, 55, 56, 57, 58, 59, 60, 61, 62, 63, 64, 65, 66, 67, 68, 69, 70, 71, 72, 73, 74, 75, 76, 77, 78, 79, 80, 81, 82, 83, 84, 85, 86, 87, 88, 89, 90, 91, 92, 93, 94, 95, 96, 97, 98, 99, 100, 101, 102, 103, 104, 105, 106, 107, 108, 109, 110, 111, 112, 113, 114, 115, 116, 117, 118, 119, 120, 121, 122, 123, 124, 125, 126, 127, 128, 129, 130, 131, 132, 133, 134, 135, 136, 137, 138, 139, 140, 141, 142, 143, 144, 145, 146, 147, 148, 149, 150, 151, 152, 153, 154, 155, 156, 157, 158, 159, 160, 161, 162, 163, 164, 165, 166, 167, 168, 169, 170, 171, 172, 173, 174, 175, 176, 177, 178, 179, 180, 181, 182, 183, 184, 185, 186, 187, 188, 189, 190, 191, 192, 193}" 
Ref4.5,C4.4,WcD0A251710290330_01.ce,194,-1,"{1, 2, 3, 4, 5, 6, 7, 8, 9, 10, 11, 12, 13, 14, 15, 16, 17, 18, 19, 20, 21, 22, 23, 24, 25, 26, 27, 28, 29, 30, 31, 32, 33, 34, 35, 36, 37, 38, 39, 40, 41, 42, 43, 44, 45, 46, 47, 48, 49, 50, 51, 52, 53, 54, 55, 56, 57, 58, 59, 60, 61, 62, 63, 64, 65, 66, 67, 68, 69, 70, 71, 72, 73, 74, 75, 76, 77, 78, 79, 80, 81, 82, 83, 84, 85, 86, 87, 88, 89, 90, 91, 92, 93, 94, 95, 96, 97, 98, 99, 100, 101, 102, 103, 104, 105, 106, 107, 108, 109, 110, 111, 112, 113, 114, 115, 116, 117, 118, 119, 120, 121, 122, 123, 124, 125, 126, 127, 128, 129, 130, 131, 132, 133, 134, 135, 136, 137, 138, 139, 140, 141, 142, 143, 144, 145, 146, 147, 148, 149, 150, 151, 152, 153, 154, 155, 156, 157, 158, 159, 160, 161, 162, 163, 164, 165, 166, 167, 168, 169, 170, 171, 172, 173, 174, 175, 176, 177, 178, 179, 180, 181, 182, 183, 184, 185, 186, 187, 188, 189, 190, 191, 192, 193, 194}" 
Ref4.5,C4.4,WcD0A251710290345_01.ce,193,-1,"{1, 2, 3, 4, 5, 6, 7, 8, 9, 10, 11, 12, 13, 14, 15, 16, 17, 18, 19, 20, 21, 22, 23, 24, 25, 26, 27, 28, 29, 30, 31, 32, 33, 34, 35, 36, 37, 38, 39, 40, 41, 42, 43, 44, 45, 46, 47, 48, 49, 50, 51, 52, 53, 54, 55, 56, 57, 58, 59, 60, 61, 62, 63, 64, 65, 66, 67, 68, 69, 70, 71, 72, 73, 74, 75, 76, 77, 78, 79, 80, 81, 82, 83, 84, 85, 86, 87, 88, 89, 90, 91, 92, 93, 94, 95, 96, 97, 98, 99, 100, 101, 102, 103, 104, 105, 106, 107, 108, 109, 110, 111, 112, 113, 114, 115, 116, 117, 118, 119, 120, 121, 122, 123, 124, 125, 126, 127, 128, 129, 130, 131, 132, 133, 134, 135, 136, 137, 138, 139, 140, 141, 142, 143, 144, 145, 146, 147, 148, 149, 150, 151, 152, 153, 154, 155, 156, 157, 158, 159, 160, 161, 162, 163, 164, 165, 166, 167, 168, 169, 170, 171, 172, 173, 174, 175, 176, 177, 178, 179, 180, 181, 182, 183, 184, 185, 186, 187, 188, 189, 190, 191, 192, 193}" 
Ref4.5,C4.5,WcD0A001710290300_03.ce,194,-1,"{1, 2, 3, 4, 5, 6, 7, 8, 9, 10, 11, 12, 13, 14, 15, 16, 17, 18, 19, 20, 21, 22, 23, 24, 25, 26, 27, 28, 29, 30, 31, 32, 33, 34, 35, 36, 37, 38, 39, 40, 41, 42, 43, 44, 45, 46, 47, 48, 49, 50, 51, 52, 53, 54, 55, 56, 57, 58, 59, 60, 61, 62, 63, 64, 65, 66, 67, 68, 69, 70, 71, 72, 73, 74, 75, 76, 77, 78, 79, 80, 81, 82, 83, 84, 85, 86, 87, 88, 89, 90, 91, 92, 93, 94, 95, 96, 97, 98, 99, 100, 101, 102, 103, 104, 105, 106, 107, 108, 109, 110, 111, 112, 113, 114, 115, 116, 117, 118, 119, 120, 121, 122, 123, 124, 125, 126, 127, 128, 129, 130, 131, 132, 133, 134, 135, 136, 137, 138, 139, 140, 141, 142, 143, 144, 145, 146, 147, 148, 149, 150, 151, 152, 153, 154, 155, 156, 157, 158, 159, 160, 161, 162, 163, 164, 165, 166, 167, 168, 169, 170, 171, 172, 173, 174, 175, 176, 177, 178, 179, 180, 181, 182, 183, 184, 185, 186, 187, 188, 189, 190, 191, 192, 193, 194}" 
Ref4.5,C4.5,WcD0A001710290315_03.ce,193,-1,"{1, 2, 3, 4, 5, 6, 7, 8, 9, 10, 11, 12, 13, 14, 15, 16, 17, 18, 19, 20, 21, 22, 23, 24, 25, 26, 27, 28, 29, 30, 31, 32, 33, 34, 35, 36, 37, 38, 39, 40, 41, 42, 43, 44, 45, 46, 47, 48, 49, 50, 51, 52, 53, 54, 55, 56, 57, 58, 59, 60, 61, 62, 63, 64, 65, 66, 67, 68, 69, 70, 71, 72, 73, 74, 75, 76, 77, 78, 79, 80, 81, 82, 83, 84, 85, 86, 87, 88, 89, 90, 91, 92, 93, 94, 95, 96, 97, 98, 99, 100, 101, 102, 103, 104, 105, 106, 107, 108, 109, 110, 111, 112, 113, 114, 115, 116, 117, 118, 119, 120, 121, 122, 123, 124, 125, 126, 127, 128, 129, 130, 131, 132, 133, 134, 135, 136, 137, 138, 139, 140, 141, 142, 143, 144, 145, 146, 147, 148, 149, 150, 151, 152, 153, 154, 155, 156, 157, 158, 159, 160, 161, 162, 163, 164, 165, 166, 167, 168, 169, 170, 171, 172, 173, 174, 175, 176, 177, 178, 179, 180, 181, 182, 183, 184, 185, 186, 187, 188, 189, 190, 191, 192, 193}" 
Ref4.5,C4.5,WcD0A001710290330_03.ce,194,-1,"{1, 2, 3, 4, 5, 6, 7, 8, 9, 10, 11, 12, 13, 14, 15, 16, 17, 18, 19, 20, 21, 22, 23, 24, 25, 26, 27, 28, 29, 30, 31, 32, 33, 34, 35, 36, 37, 38, 39, 40, 41, 42, 43, 44, 45, 46, 47, 48, 49, 50, 51, 52, 53, 54, 55, 56, 57, 58, 59, 60, 61, 62, 63, 64, 65, 66, 67, 68, 69, 70, 71, 72, 73, 74, 75, 76, 77, 78, 79, 80, 81, 82, 83, 84, 85, 86, 87, 88, 89, 90, 91, 92, 93, 94, 95, 96, 97, 98, 99, 100, 101, 102, 103, 104, 105, 106, 107, 108, 109, 110, 111, 112, 113, 114, 115, 116, 117, 118, 119, 120, 121, 122, 123, 124, 125, 126, 127, 128, 129, 130, 131, 132, 133, 134, 135, 136, 137, 138, 139, 140, 141, 142, 143, 144, 145, 146, 147, 148, 149, 150, 151, 152, 153, 154, 155, 156, 157, 158, 159, 160, 161, 162, 163, 164, 165, 166, 167, 168, 169, 170, 171, 172, 173, 174, 175, 176, 177, 178, 179, 180, 181, 182, 183, 184, 185, 186, 187, 188, 189, 190, 191, 192, 193, 194}" 
Ref4.5,C4.5,WcD0A001710290345_03.ce,193,-1,"{1, 2, 3, 4, 5, 6, 7, 8, 9, 10, 11, 12, 13, 14, 15, 16, 17, 18, 19, 20, 21, 22, 23, 24, 25, 26, 27, 28, 29, 30, 31, 32, 33, 34, 35, 36, 37, 38, 39, 40, 41, 42, 43, 44, 45, 46, 47, 48, 49, 50, 51, 52, 53, 54, 55, 56, 57, 58, 59, 60, 61, 62, 63, 64, 65, 66, 67, 68, 69, 70, 71, 72, 73, 74, 75, 76, 77, 78, 79, 80, 81, 82, 83, 84, 85, 86, 87, 88, 89, 90, 91, 92, 93, 94, 95, 96, 97, 98, 99, 100, 101, 102, 103, 104, 105, 106, 107, 108, 109, 110, 111, 112, 113, 114, 115, 116, 117, 118, 119, 120, 121, 122, 123, 124, 125, 126, 127, 128, 129, 130, 131, 132, 133, 134, 135, 136, 137, 138, 139, 140, 141, 142, 143, 144, 145, 146, 147, 148, 149, 150, 151, 152, 153, 154, 155, 156, 157, 158, 159, 160, 161, 162, 163, 164, 165, 166, 167, 168, 169, 170, 171, 172, 173, 174, 175, 176, 177, 178, 179, 180, 181, 182, 183, 184, 185, 186, 187, 188, 189, 190, 191, 192, 193}" 
Ref4.5,C4.4,WcD0A251710290400_01.ce,21,0.1615212957448662,"{1, 2, 3, 4, 5, 6, 7, 8, 9, 10, 11, 12, 13, 14, 15, 16, 17, 21, 152, 155, 180}" 
Ref4.5,C4.4,WcD0A251710290415_01.ce,7,0.16305316749433446,"{137, 154, 56, 100, 109, 111, 121}" 
Ref4.5,C4.4,WcD0A251710290430_01.ce,12,0.1808199930026694,"{26, 78, 80, 81, 88, 128, 129, 130, 131, 168, 169, 174}" 
Ref4.5,C4.4,WcD0A251710290445_01.ce,9,0.16434289002229993,"{8, 9, 10, 11, 12, 13, 61, 62, 179}" 
Ref4.5,C4.5,WcD0A001710290400_03.ce,20,0.16346350267451693,"{1, 2, 3, 4, 5, 6, 7, 8, 9, 10, 11, 12, 13, 14, 15, 16, 17, 152, 155, 180}" 
Ref4.5,C4.5,WcD0A001710290415_03.ce,6,0.1584742131188225,"{100, 111, 121, 122, 137, 154}" 
Ref4.5,C4.5,WcD0A001710290430_03.ce,9,0.1741755936488697,"{52, 78, 81, 88, 129, 131, 168, 169, 174}" 
Ref4.5,C4.5,WcD0A001710290445_03.ce,8,0.1586637002206103,"{8, 9, 10, 11, 12, 13, 62, 71}" 
Ref4.5,C4.4,WcD0A251710290500_01.ce,4,0.14757920709353448,"{1, 2, 3, 4}" 
Ref4.5,C4.4,WcD0A251710290515_01.ce,1,0.1431004508846959,{179} 
Ref4.5,C4.4,WcD0A251710290530_01.ce,25,0.198457271544283,"{54, 56, 60, 61, 62, 82, 96, 97, 98, 99, 100, 113, 114, 115, 116, 119, 120, 123, 137, 139, 145, 146, 178, 183, 190}" 
Ref4.5,C4.4,WcD0A251710290545_01.ce,20,0.18531692214238096,"{3, 4, 5, 15, 16, 67, 69, 110, 116, 117, 118, 119, 153, 186, 187, 188, 191, 192, 193, 194}" 
Ref4.5,C4.5,WcD0A001710290500_03.ce,4,0.13770585118581116,"{1, 2, 3, 4}" 
Ref4.5,C4.5,WcD0A001710290515_03.ce,3,0.14163641243133088,"{38, 179, 180}" 
Ref4.5,C4.5,WcD0A001710290530_03.ce,18,0.1906696025058347,"{54, 56, 60, 61, 98, 99, 100, 113, 115, 116, 118, 120, 123, 139, 145, 178, 183, 190}" 
Ref4.5,C4.5,WcD0A001710290545_03.ce,22,0.18455278818333917,"{3, 4, 5, 6, 15, 16, 28, 67, 69, 110, 116, 117, 118, 119, 185, 186, 187, 190, 191, 192, 193, 194}" 
Ref4.5,C4.4,WcD0A251710290600_01.ce,30,0.21621600262764173,"{1, 2, 3, 15, 16, 17, 18, 19, 20, 34, 35, 36, 60, 75, 89, 103, 104, 111, 123, 125, 126, 127, 128, 129, 133, 134, 135, 138, 187, 188}" 
Ref4.5,C4.4,WcD0A251710290615_01.ce,42,0.2102203798687222,"{1, 26, 27, 28, 29, 30, 42, 46, 51, 54, 55, 56, 92, 93, 94, 95, 96, 97, 100, 101, 102, 103, 106, 107, 108, 109, 113, 121, 138, 139, 165, 166, 167, 168, 169, 171, 177, 179, 180, 184, 190, 191}" 
Ref4.5,C4.4,WcD0A251710290630_01.ce,4,0.18472770101888128,"{21, 55, 189, 190}" 
Ref4.5,C4.4,WcD0A251710290645_01.ce,18,0.19565383156001442,"{9, 10, 52, 79, 97, 131, 133, 134, 135, 136, 137, 139, 141, 145, 156, 184, 185, 191}" 
Ref4.5,C4.5,WcD0A001710290600_03.ce,27,0.20094929863607996,"{1, 2, 3, 15, 16, 17, 18, 19, 20, 35, 36, 38, 89, 103, 104, 111, 123, 125, 126, 127, 128, 129, 132, 135, 138, 159, 187}" 
Ref4.5,C4.5,WcD0A001710290615_03.ce,34,0.19759376475320328,"{26, 27, 28, 29, 30, 42, 46, 51, 56, 88, 92, 93, 94, 95, 96, 100, 102, 103, 106, 107, 108, 109, 113, 117, 138, 139, 165, 166, 167, 168, 177, 179, 180, 190}" 
Ref4.5,C4.5,WcD0A001710290630_03.ce,4,0.1779648777428784,"{43, 55, 189, 190}" 
Ref4.5,C4.5,WcD0A001710290645_03.ce,16,0.1941925607131399,"{9, 79, 131, 133, 134, 135, 136, 137, 139, 141, 145, 156, 159, 184, 185, 191}" 
Ref4.5,C4.4,WcD0A251710290700_01.ce,18,0.19026673291041984,"{1, 2, 3, 4, 36, 50, 54, 57, 70, 96, 97, 98, 99, 170, 171, 188, 189, 193}" 
Ref4.5,C4.4,WcD0A251710290715_01.ce,41,0.23457031229965739,"{6, 17, 37, 61, 63, 70, 90, 91, 92, 93, 94, 95, 108, 111, 112, 117, 118, 119, 120, 122, 136, 141, 144, 145, 146, 147, 149, 150, 159, 160, 161, 162, 163, 167, 172, 177, 187, 189, 190, 192, 193}" 
Ref4.5,C4.4,WcD0A251710290730_01.ce,32,0.2242199016952175,"{1, 2, 3, 16, 52, 53, 54, 55, 56, 57, 58, 59, 69, 76, 79, 80, 81, 83, 84, 87, 88, 102, 105, 112, 124, 125, 127, 168, 175, 177, 182, 185}" 
Ref4.5,C4.4,WcD0A251710290745_01.ce,26,0.19930587466825056,"{1, 2, 6, 11, 36, 37, 38, 49, 50, 52, 90, 91, 98, 109, 112, 117, 118, 119, 120, 121, 130, 131, 162, 166, 167, 168}" 
Ref4.5,C4.5,WcD0A001710290700_03.ce,13,0.17978948219275415,"{1, 2, 3, 4, 36, 38, 54, 57, 97, 98, 99, 170, 189}" 
Ref4.5,C4.5,WcD0A001710290715_03.ce,32,0.22013548583260886,"{6, 17, 37, 61, 70, 90, 91, 93, 94, 95, 112, 117, 118, 119, 120, 122, 130, 136, 141, 144, 145, 146, 147, 150, 155, 159, 160, 161, 162, 163, 172, 189}" 
Ref4.5,C4.5,WcD0A001710290730_03.ce,25,0.21086372496163935,"{3, 52, 53, 54, 55, 56, 57, 58, 59, 76, 79, 80, 81, 84, 87, 88, 97, 105, 112, 124, 125, 168, 177, 181, 182}" 
Ref4.5,C4.5,WcD0A001710290745_03.ce,26,0.19199676311322827,"{1, 2, 6, 11, 36, 37, 38, 49, 50, 52, 76, 91, 98, 109, 112, 113, 117, 118, 119, 120, 121, 131, 162, 163, 166, 167}" 
Ref4.5,C4.4,WcD0A251710290800_01.ce,14,0.15978208453540713,"{1, 2, 3, 10, 11, 85, 111, 136, 154, 155, 156, 167, 179, 188}" 
Ref4.5,C4.4,WcD0A251710290815_01.ce,3,0.15060891841844692,"{21, 24, 25}" 
Ref4.5,C4.4,WcD0A251710290830_01.ce,11,0.18745600513714017,"{21, 22, 63, 69, 72, 75, 85, 151, 167, 177, 186}" 
Ref4.5,C4.4,WcD0A251710290845_01.ce,7,0.15883387007978,"{23, 24, 27, 30, 158, 165, 114}" 
Ref4.5,C4.5,WcD0A001710290800_03.ce,12,0.15177149573921447,"{1, 2, 3, 10, 11, 85, 111, 137, 146, 149, 154, 167}" 
Ref4.5,C4.5,WcD0A001710290815_03.ce,1,0.14923237117522914,{21} 
Ref4.5,C4.5,WcD0A001710290830_03.ce,7,0.17983952119874955,"{22, 177, 60, 63, 69, 72, 85}" 
Ref4.5,C4.5,WcD0A001710290845_03.ce,3,0.15384507201914577,"{23, 30, 114}" 
Ref4.5,C4.4,WcD0A251710290900_01.ce,11,0.15257115256399426,"{1, 2, 3, 13, 22, 36, 37, 38, 121, 151, 156}" 
Ref4.5,C4.4,WcD0A251710290915_01.ce,11,0.15678343268490885,"{24, 26, 27, 28, 30, 32, 33, 35, 73, 95, 112}" 
Ref4.5,C4.4,WcD0A251710290930_01.ce,15,0.19671646224669123,"{15, 16, 17, 18, 19, 144, 145, 147, 148, 149, 150, 151, 152, 153, 155}" 
Ref4.5,C4.4,WcD0A251710290945_01.ce,38,0.20430773286023532,"{22, 23, 25, 26, 49, 60, 67, 72, 73, 75, 83, 84, 85, 86, 87, 89, 95, 123, 126, 127, 130, 131, 151, 156, 165, 166, 176, 177, 183, 184, 185, 186, 187, 188, 189, 190, 191, 192}" 
Ref4.5,C4.5,WcD0A001710290900_03.ce,11,0.15837797086152514,"{1, 2, 3, 13, 22, 156, 37, 38, 167, 104, 151}" 
Ref4.5,C4.5,WcD0A001710290915_03.ce,7,0.14743747436909907,"{26, 27, 28, 32, 33, 35, 73}" 
Ref4.5,C4.5,WcD0A001710290930_03.ce,13,0.18219661241657525,"{15, 16, 17, 18, 144, 145, 148, 150, 151, 152, 154, 157, 160}" 
Ref4.5,C4.5,WcD0A001710290945_03.ce,38,0.19785738857869692,"{12, 22, 23, 25, 26, 49, 67, 70, 73, 83, 84, 85, 86, 87, 89, 95, 123, 126, 127, 131, 147, 151, 156, 165, 166, 168, 176, 177, 183, 184, 185, 186, 187, 188, 189, 190, 191, 192}" 
Ref4.5,C4.4,WcD0A251710291000_01.ce,45,0.20090514597999043,"{1, 2, 3, 4, 9, 11, 18, 19, 23, 24, 31, 38, 39, 54, 55, 56, 57, 58, 59, 60, 73, 78, 83, 84, 85, 86, 87, 88, 90, 91, 96, 105, 116, 117, 118, 140, 158, 159, 160, 176, 177, 183, 187, 189, 191}" 
Ref4.5,C4.4,WcD0A251710291015_01.ce,54,0.22704200808853098,"{5, 15, 16, 17, 18, 20, 21, 22, 25, 26, 27, 32, 33, 41, 44, 45, 46, 47, 50, 51, 53, 62, 67, 76, 77, 78, 79, 80, 81, 83, 84, 85, 86, 87, 90, 92, 93, 95, 101, 104, 121, 122, 123, 124, 146, 147, 156, 157, 159, 161, 162, 172, 180, 183}" 
Ref4.5,C4.4,WcD0A251710291030_01.ce,26,0.19608687707074118,"{8, 9, 23, 24, 25, 26, 27, 28, 30, 67, 68, 69, 83, 84, 92, 105, 111, 112, 120, 121, 122, 123, 126, 127, 169, 172}" 
Ref4.5,C4.4,WcD0A251710291045_01.ce,14,0.19650425905493943,"{23, 24, 31, 39, 118, 177, 179, 180, 181, 182, 184, 185, 186, 187}" 
Ref4.5,C4.5,WcD0A001710291000_03.ce,38,0.2088667541036755,"{1, 2, 3, 4, 11, 24, 31, 33, 38, 39, 54, 55, 56, 57, 58, 59, 60, 73, 83, 84, 85, 86, 87, 88, 90, 91, 96, 105, 116, 117, 118, 140, 158, 159, 160, 176, 183, 189}" 
Ref4.5,C4.5,WcD0A001710291015_03.ce,53,0.21990753888659587,"{5, 15, 16, 17, 18, 19, 20, 21, 22, 25, 26, 27, 31, 32, 33, 41, 44, 45, 46, 47, 51, 52, 53, 62, 76, 77, 78, 79, 80, 81, 83, 84, 85, 87, 90, 92, 93, 95, 101, 104, 121, 122, 123, 124, 146, 147, 161, 162, 172, 173, 180, 183, 188}" 
Ref4.5,C4.5,WcD0A001710291030_03.ce,25,0.19887630013850371,"{8, 9, 23, 24, 25, 26, 27, 30, 67, 68, 69, 79, 83, 84, 92, 111, 112, 120, 121, 122, 126, 127, 128, 169, 172}" 
Ref4.5,C4.5,WcD0A001710291045_03.ce,10,0.1792711589251854,"{22, 23, 30, 117, 155, 176, 180, 183, 184, 186}" 
Ref4.5,C4.4,WcD0A251710291100_01.ce,34,0.1925046057431953,"{1, 2, 3, 4, 9, 10, 11, 12, 31, 54, 55, 56, 59, 61, 64, 65, 66, 123, 124, 125, 126, 132, 136, 141, 142, 143, 144, 145, 146, 147, 148, 152, 153, 187}" 
Ref4.5,C4.4,WcD0A251710291115_01.ce,27,0.20317418432631731,"{7, 8, 13, 15, 17, 33, 35, 36, 42, 45, 49, 56, 64, 65, 75, 76, 98, 99, 108, 135, 137, 152, 156, 175, 179, 183, 187}" 
Ref4.5,C4.4,WcD0A251710291130_01.ce,24,0.20798440395865708,"{23, 24, 25, 32, 52, 56, 62, 84, 85, 97, 101, 112, 133, 134, 135, 136, 137, 138, 139, 150, 165, 174, 178, 185}" 
Ref4.5,C4.4,WcD0A251710291145_01.ce,16,0.17699076609090453,"{6, 7, 8, 21, 24, 54, 61, 70, 86, 91, 98, 114, 115, 116, 119, 133}" 
Ref4.5,C4.5,WcD0A001710291100_03.ce,25,0.1921917039475456,"{1, 2, 3, 4, 5, 10, 11, 12, 31, 54, 55, 58, 59, 61, 64, 66, 70, 124, 125, 141, 142, 144, 147, 153, 187}" 
Ref4.5,C4.5,WcD0A001710291115_03.ce,22,0.1951581775881242,"{2, 7, 8, 13, 15, 16, 17, 35, 37, 42, 45, 49, 55, 65, 75, 98, 99, 108, 114, 137, 152, 175}" 
Ref4.5,C4.5,WcD0A001710291130_03.ce,27,0.2093993614013461,"{23, 24, 25, 32, 52, 62, 65, 68, 77, 83, 84, 85, 101, 104, 106, 108, 133, 134, 135, 136, 137, 138, 139, 147, 165, 174, 178}" 
Ref4.5,C4.5,WcD0A001710291145_03.ce,11,0.17237923339091057,"{6, 21, 30, 36, 61, 70, 98, 115, 119, 120, 133}" 
Ref4.5,C4.4,WcD0A251710291200_01.ce,14,0.15028992134745994,"{1, 2, 3, 4, 42, 43, 44, 45, 46, 84, 119, 120, 121, 151}" 
Ref4.5,C4.4,WcD0A251710291215_01.ce,25,0.18127278719085368,"{119, 121, 124, 138, 139, 144, 145, 149, 150, 151, 152, 153, 161, 162, 163, 167, 169, 170, 182, 183, 184, 185, 190, 191, 193}" 
Ref4.5,C4.4,WcD0A251710291230_01.ce,77,0.23596206692519198,"{3, 4, 5, 8, 10, 15, 16, 21, 22, 23, 27, 31, 40, 43, 44, 45, 51, 54, 55, 56, 60, 64, 65, 66, 67, 69, 71, 72, 73, 75, 76, 77, 78, 79, 80, 81, 82, 83, 84, 85, 86, 88, 93, 94, 98, 99, 100, 106, 107, 108, 109, 110, 111, 112, 113, 114, 115, 116, 117, 118, 119, 120, 124, 125, 127, 130, 134, 140, 162, 163, 164, 165, 166, 167, 177, 192, 193}" 
Ref4.5,C4.4,WcD0A251710291245_01.ce,48,0.19019343392565793,"{1, 3, 6, 7, 33, 36, 41, 42, 43, 55, 57, 66, 67, 68, 70, 71, 79, 84, 85, 86, 87, 88, 89, 90, 91, 92, 93, 94, 95, 96, 97, 98, 99, 101, 102, 103, 109, 111, 131, 150, 153, 165, 166, 167, 168, 169, 170, 171}" 
Ref4.5,C4.5,WcD0A001710291200_03.ce,13,0.14927420550252277,"{1, 2, 3, 4, 42, 43, 44, 45, 46, 84, 119, 120, 121}" 
Ref4.5,C4.5,WcD0A001710291215_03.ce,21,0.18959569828579553,"{119, 120, 121, 138, 140, 144, 145, 150, 151, 153, 155, 161, 167, 170, 171, 182, 183, 184, 185, 190, 191}" 
Ref4.5,C4.5,WcD0A001710291230_03.ce,79,0.233444183392226,"{3, 4, 5, 10, 16, 21, 22, 23, 27, 30, 38, 40, 42, 43, 44, 45, 47, 51, 55, 56, 60, 64, 65, 66, 67, 69, 71, 72, 73, 75, 76, 78, 79, 80, 81, 82, 83, 85, 86, 88, 92, 93, 96, 97, 98, 99, 107, 108, 109, 110, 111, 112, 113, 114, 115, 116, 117, 118, 119, 120, 123, 124, 125, 126, 127, 130, 135, 162, 163, 164, 165, 166, 167, 177, 183, 184, 190, 192, 193}" 
Ref4.5,C4.5,WcD0A001710291245_03.ce,38,0.1973947525574239,"{3, 7, 8, 31, 33, 42, 43, 68, 70, 84, 85, 86, 87, 88, 89, 90, 91, 92, 93, 94, 95, 97, 98, 99, 100, 101, 102, 103, 111, 144, 150, 165, 166, 167, 168, 169, 170, 171}" 
Ref4.5,C4.4,WcD0A251710291300_01.ce,10,0.16657265587111045,"{1, 2, 3, 32, 45, 50, 51, 56, 86, 177}" 
Ref4.5,C4.4,WcD0A251710291315_01.ce,11,0.1981469272742344,"{15, 36, 58, 59, 74, 97, 115, 118, 142, 143, 175}" 
Ref4.5,C4.4,WcD0A251710291330_01.ce,8,0.1686908539504631,"{30, 31, 79, 80, 141, 192, 193, 194}" 
Ref4.5,C4.4,WcD0A251710291345_01.ce,6,0.1558394860320954,"{1, 4, 98, 99, 103, 109}" 
Ref4.5,C4.5,WcD0A001710291300_03.ce,8,0.14824846569392774,"{1, 2, 3, 32, 45, 50, 51, 177}" 
Ref4.5,C4.5,WcD0A001710291315_03.ce,8,0.19383663595687578,"{36, 58, 59, 115, 118, 142, 143, 175}" 
Ref4.5,C4.5,WcD0A001710291330_03.ce,7,0.16990067897004052,"{30, 31, 79, 80, 139, 192, 194}" 
Ref4.5,C4.5,WcD0A001710291345_03.ce,9,0.14852219145417847,"{1, 2, 3, 4, 61, 96, 109, 112, 146}" 
Ref4.5,C4.4,WcD0A251710291400_01.ce,20,0.180624297091321,"{1, 2, 3, 6, 48, 49, 50, 51, 89, 92, 98, 106, 142, 151, 181, 185, 186, 187, 188, 193}" 
Ref4.5,C4.4,WcD0A251710291415_01.ce,8,0.1265841747490414,"{58, 77, 108, 110, 161, 169, 170, 171}" 
Ref4.5,C4.4,WcD0A251710291430_01.ce,9,0.1475790747869681,"{30, 34, 87, 117, 118, 130, 137, 166, 168}" 
Ref4.5,C4.4,WcD0A251710291445_01.ce,13,0.15969710941296714,"{22, 23, 26, 68, 71, 96, 106, 107, 108, 109, 110, 111, 139}" 
Ref4.5,C4.5,WcD0A001710291400_03.ce,15,0.17637596228322436,"{1, 2, 3, 14, 49, 50, 51, 56, 91, 106, 142, 151, 181, 185, 186}" 
Ref4.5,C4.5,WcD0A001710291415_03.ce,5,0.14090805899952571,"{76, 107, 109, 160, 170}" 
Ref4.5,C4.5,WcD0A001710291430_03.ce,10,0.13838807574668474,"{30, 34, 37, 87, 117, 118, 130, 137, 166, 168}" 
Ref4.5,C4.5,WcD0A001710291445_03.ce,13,0.1566994734998173,"{7, 23, 24, 47, 96, 106, 107, 108, 109, 110, 111, 139, 186}" 
Ref4.5,C4.4,WcD0A251710291500_01.ce,12,0.15327864318193413,"{1, 2, 3, 31, 70, 102, 116, 117, 118, 122, 130, 151}" 
Ref4.5,C4.4,WcD0A251710291515_01.ce,26,0.17556100202544975,"{19, 31, 33, 44, 46, 47, 48, 49, 50, 52, 130, 131, 132, 135, 136, 165, 166, 167, 168, 169, 170, 174, 176, 177, 180, 192}" 
Ref4.5,C4.4,WcD0A251710291530_01.ce,11,0.15501407741047335,"{18, 76, 81, 82, 96, 114, 123, 125, 126, 127, 145}" 
Ref4.5,C4.4,WcD0A251710291545_01.ce,25,0.18047631757965377,"{54, 55, 67, 68, 75, 77, 82, 93, 95, 96, 102, 131, 134, 135, 136, 137, 138, 139, 140, 141, 142, 143, 144, 145, 146}" 
Ref4.5,C4.5,WcD0A001710291500_03.ce,9,0.16202978226391404,"{1, 2, 3, 70, 71, 18, 29, 116, 117}" 
Ref4.5,C4.5,WcD0A001710291515_03.ce,24,0.16301278159894267,"{32, 44, 45, 46, 47, 48, 49, 50, 52, 130, 131, 132, 135, 136, 165, 166, 167, 168, 169, 170, 174, 176, 177, 180}" 
Ref4.5,C4.5,WcD0A001710291530_03.ce,11,0.1585229277744141,"{140, 145, 18, 81, 82, 96, 114, 123, 125, 126, 127}" 
Ref4.5,C4.5,WcD0A001710291545_03.ce,23,0.1783975486264088,"{67, 68, 75, 77, 93, 95, 96, 97, 102, 131, 134, 135, 136, 137, 138, 139, 140, 141, 142, 143, 144, 145, 146}" 
Ref4.5,C4.4,WcD0A251710291600_01.ce,37,0.18820126554902386,"{1, 2, 3, 4, 21, 34, 35, 36, 37, 38, 39, 69, 70, 71, 72, 96, 100, 103, 123, 130, 136, 142, 154, 155, 170, 172, 179, 180, 181, 182, 183, 184, 185, 186, 187, 188, 189}" 
Ref4.5,C4.4,WcD0A251710291615_01.ce,13,0.16462577564920686,"{4, 15, 25, 27, 63, 91, 129, 130, 141, 142, 179, 188, 192}" 
Ref4.5,C4.4,WcD0A251710291630_01.ce,41,0.19183403764649934,"{2, 3, 4, 5, 6, 7, 8, 9, 10, 11, 12, 14, 15, 16, 17, 18, 21, 29, 48, 49, 51, 52, 67, 77, 107, 109, 123, 124, 153, 154, 155, 157, 158, 159, 160, 161, 162, 163, 167, 168, 175}" 
Ref4.5,C4.4,WcD0A251710291645_01.ce,8,0.19392724166485284,"{12, 14, 158, 161, 164, 165, 171, 178}" 
Ref4.5,C4.5,WcD0A001710291600_03.ce,32,0.19640612478275687,"{1, 2, 3, 4, 32, 33, 35, 36, 38, 39, 70, 71, 103, 109, 129, 136, 142, 154, 155, 157, 158, 171, 180, 181, 182, 183, 184, 185, 186, 187, 188, 189}" 
Ref4.5,C4.5,WcD0A001710291615_03.ce,12,0.1557643409753573,"{4, 15, 16, 25, 27, 63, 128, 130, 142, 179, 188, 192}" 
Ref4.5,C4.5,WcD0A001710291630_03.ce,34,0.18200524561678927,"{2, 3, 4, 5, 6, 9, 11, 12, 13, 14, 15, 16, 17, 18, 21, 49, 51, 52, 67, 90, 98, 109, 145, 153, 154, 155, 157, 158, 159, 160, 161, 162, 163, 175}" 
Ref4.5,C4.5,WcD0A001710291645_03.ce,9,0.19357371277901145,"{12, 158, 160, 165, 166, 171, 176, 61, 75}" 
Ref4.5,C4.4,WcD0A251710291700_01.ce,12,0.17602308621576349,"{1, 2, 3, 4, 29, 36, 39, 41, 43, 44, 45, 46}" 
Ref4.5,C4.4,WcD0A251710291715_01.ce,2,0.1611151591809694,"{145, 148}" 
Ref4.5,C4.4,WcD0A251710291730_01.ce,3,0.1723091223695395,"{85, 87, 97}" 
Ref4.5,C4.4,WcD0A251710291745_01.ce,5,0.17975554593780324,"{49, 179, 180, 184, 186}" 
Ref4.5,C4.5,WcD0A001710291700_03.ce,17,0.1731183123274965,"{1, 2, 3, 4, 12, 29, 36, 39, 40, 41, 43, 44, 45, 47, 48, 60, 69}" 
Ref4.5,C4.5,WcD0A001710291715_03.ce,2,0.15314618762866103,"{145, 148}" 
Ref4.5,C4.5,WcD0A001710291730_03.ce,4,0.17576387336496338,"{85, 97, 113, 156}" 
Ref4.5,C4.5,WcD0A001710291745_03.ce,7,0.16825306317286762,"{41, 178, 179, 183, 185, 186, 91}" 
Ref4.5,C4.4,WcD0A251710291800_01.ce,14,0.1812932173714139,"{1, 2, 3, 36, 37, 74, 83, 113, 134, 135, 137, 151, 156, 157}" 
Ref4.5,C4.4,WcD0A251710291815_01.ce,6,0.1917241131027648,"{38, 39, 75, 83, 84, 160}" 
Ref4.5,C4.4,WcD0A251710291830_01.ce,21,0.1680050489191832,"{106, 107, 111, 112, 114, 115, 116, 117, 118, 119, 120, 121, 125, 143, 145, 146, 147, 163, 169, 173, 178}" 
Ref4.5,C4.4,WcD0A251710291845_01.ce,31,0.17280144902849276,"{5, 7, 8, 35, 36, 47, 48, 49, 57, 62, 63, 64, 65, 69, 70, 71, 72, 73, 74, 76, 82, 83, 91, 92, 97, 102, 139, 159, 166, 174, 175}" 
Ref4.5,C4.5,WcD0A001710291800_03.ce,12,0.17854966914984502,"{1, 2, 3, 36, 37, 74, 83, 86, 122, 135, 148, 154}" 
Ref4.5,C4.5,WcD0A001710291815_03.ce,7,0.18505857235487183,"{38, 39, 75, 76, 83, 160, 161}" 
Ref4.5,C4.5,WcD0A001710291830_03.ce,19,0.15493601762731435,"{105, 106, 111, 113, 114, 115, 116, 117, 118, 119, 121, 130, 142, 144, 145, 162, 172, 173, 177}" 
Ref4.5,C4.5,WcD0A001710291845_03.ce,22,0.17746014941446414,"{7, 8, 35, 36, 48, 49, 63, 64, 65, 70, 72, 73, 74, 76, 83, 88, 91, 92, 98, 102, 159, 166}" 
Ref4.5,C4.4,WcD0A251710291900_01.ce,65,0.19112881497835202,"{1, 2, 3, 4, 5, 7, 8, 9, 10, 11, 13, 27, 28, 32, 35, 36, 50, 58, 59, 60, 61, 62, 63, 74, 79, 83, 84, 90, 96, 97, 99, 107, 108, 109, 113, 114, 115, 116, 117, 118, 119, 120, 122, 123, 124, 127, 128, 129, 130, 142, 143, 144, 145, 146, 151, 152, 159, 160, 164, 166, 173, 174, 177, 178, 180}" 
Ref4.5,C4.4,WcD0A251710291915_01.ce,46,0.17494015672776422,"{1, 5, 6, 13, 22, 23, 27, 28, 29, 30, 31, 40, 41, 42, 43, 44, 49, 53, 55, 63, 66, 72, 74, 80, 87, 88, 94, 104, 110, 111, 122, 123, 136, 137, 138, 139, 140, 141, 143, 144, 149, 152, 159, 165, 167, 192}" 
Ref4.5,C4.4,WcD0A251710291930_01.ce,67,0.20625973837609546,"{3, 4, 8, 9, 10, 11, 12, 14, 16, 17, 19, 20, 24, 25, 26, 36, 37, 40, 46, 48, 61, 62, 63, 64, 65, 82, 83, 88, 94, 95, 96, 99, 109, 116, 117, 119, 121, 122, 123, 124, 125, 126, 129, 133, 138, 144, 149, 150, 151, 152, 153, 154, 155, 156, 157, 160, 162, 163, 164, 165, 169, 175, 176, 177, 179, 182, 184}" 
Ref4.5,C4.4,WcD0A251710291945_01.ce,33,0.2018075474321573,"{10, 14, 16, 18, 19, 20, 24, 25, 26, 27, 28, 31, 36, 55, 98, 105, 113, 117, 127, 134, 138, 142, 173, 174, 175, 177, 179, 180, 181, 183, 184, 188, 193}" 
Ref4.5,C4.5,WcD0A001710291900_03.ce,50,0.17902010984222674,"{1, 2, 3, 4, 5, 7, 8, 9, 10, 11, 13, 28, 31, 32, 35, 50, 58, 60, 62, 63, 74, 83, 84, 90, 96, 97, 107, 108, 113, 114, 115, 116, 117, 118, 119, 120, 121, 124, 127, 129, 138, 142, 146, 152, 162, 164, 174, 178, 181, 182}" 
Ref4.5,C4.5,WcD0A001710291915_03.ce,42,0.1688029355834439,"{1, 5, 6, 13, 17, 22, 23, 24, 27, 28, 29, 30, 31, 41, 42, 43, 44, 49, 53, 63, 72, 74, 77, 80, 87, 88, 104, 110, 111, 112, 122, 136, 137, 138, 139, 140, 142, 143, 149, 159, 167, 192}" 
Ref4.5,C4.5,WcD0A001710291930_03.ce,49,0.19438612573200026,"{3, 4, 9, 10, 14, 17, 18, 24, 36, 37, 46, 48, 53, 61, 63, 64, 65, 82, 83, 84, 88, 94, 96, 109, 110, 116, 117, 121, 122, 123, 124, 126, 129, 130, 138, 150, 152, 153, 154, 155, 157, 160, 165, 169, 175, 177, 179, 182, 184}" 
Ref4.5,C4.5,WcD0A001710291945_03.ce,26,0.20087883654823774,"{10, 15, 17, 19, 24, 27, 28, 29, 36, 55, 65, 96, 98, 105, 113, 117, 121, 142, 173, 174, 175, 179, 180, 181, 184, 188}" 
Ref4.5,C4.4,WcD0A251710292000_01.ce,60,0.18801784394002874,"{1, 2, 3, 17, 18, 25, 30, 31, 34, 43, 44, 46, 56, 59, 65, 67, 68, 74, 75, 79, 80, 83, 84, 89, 90, 94, 96, 107, 116, 118, 119, 120, 125, 131, 133, 134, 135, 136, 137, 139, 140, 146, 150, 151, 152, 155, 166, 169, 170, 171, 172, 176, 177, 178, 181, 186, 187, 188, 189, 190}" 
Ref4.5,C4.4,WcD0A251710292015_01.ce,42,0.17346781678661424,"{11, 38, 39, 68, 69, 70, 73, 75, 77, 78, 80, 84, 88, 90, 100, 102, 112, 113, 114, 121, 122, 123, 124, 125, 126, 130, 131, 132, 133, 141, 145, 146, 147, 149, 154, 155, 162, 178, 179, 181, 183, 190}" 
Ref4.5,C4.4,WcD0A251710292030_01.ce,45,0.17631494405948792,"{9, 19, 49, 50, 54, 58, 71, 72, 73, 80, 83, 85, 88, 89, 96, 101, 102, 105, 106, 109, 117, 118, 123, 124, 129, 130, 131, 145, 149, 150, 151, 152, 163, 165, 168, 169, 173, 174, 175, 176, 177, 178, 186, 187, 191}" 
Ref4.5,C4.4,WcD0A251710292045_01.ce,72,0.22064683019535108,"{4, 13, 14, 17, 18, 19, 27, 31, 35, 43, 44, 59, 62, 63, 66, 68, 70, 71, 74, 78, 79, 85, 86, 91, 94, 95, 96, 99, 101, 102, 103, 104, 107, 109, 110, 113, 114, 116, 117, 119, 120, 121, 122, 123, 124, 125, 127, 128, 131, 132, 141, 144, 148, 149, 155, 167, 168, 174, 179, 180, 182, 183, 184, 185, 186, 187, 188, 189, 190, 191, 192, 193}" 
Ref4.5,C4.5,WcD0A001710292000_03.ce,48,0.19587100500866117,"{1, 2, 3, 17, 18, 25, 30, 32, 43, 44, 46, 56, 59, 65, 74, 75, 77, 79, 80, 90, 93, 94, 96, 107, 116, 117, 121, 131, 133, 136, 137, 140, 144, 146, 147, 150, 151, 152, 155, 169, 171, 172, 173, 176, 178, 186, 187, 188}" 
Ref4.5,C4.5,WcD0A001710292015_03.ce,34,0.17754139750972486,"{4, 11, 51, 69, 70, 74, 77, 80, 88, 90, 100, 101, 102, 113, 114, 121, 122, 124, 125, 126, 128, 130, 131, 132, 141, 146, 149, 155, 162, 178, 182, 190, 191, 192}" 
Ref4.5,C4.5,WcD0A001710292030_03.ce,36,0.17230403848012418,"{9, 11, 19, 49, 58, 71, 72, 83, 87, 89, 90, 96, 100, 102, 106, 109, 117, 118, 119, 129, 130, 131, 145, 149, 150, 151, 152, 162, 163, 165, 169, 173, 175, 176, 178, 187}" 
Ref4.5,C4.5,WcD0A001710292045_03.ce,67,0.20792479142517492,"{4, 7, 13, 14, 16, 17, 18, 19, 27, 31, 32, 35, 43, 44, 62, 63, 67, 68, 70, 71, 74, 75, 85, 86, 87, 95, 96, 99, 101, 102, 103, 104, 105, 107, 111, 113, 114, 117, 119, 121, 122, 123, 125, 127, 128, 129, 132, 144, 149, 155, 158, 167, 168, 173, 179, 182, 183, 184, 185, 186, 187, 188, 189, 190, 191, 192, 193}" 
Ref4.5,C4.4,WcD0A251710292100_01.ce,88,0.1894440885161497,"{1, 2, 3, 4, 5, 6, 34, 35, 36, 37, 38, 39, 40, 41, 42, 47, 53, 54, 55, 56, 57, 58, 61, 63, 64, 65, 66, 74, 75, 76, 77, 78, 79, 86, 88, 89, 91, 99, 101, 102, 103, 105, 109, 112, 113, 114, 115, 116, 122, 123, 124, 126, 128, 129, 130, 131, 140, 141, 142, 143, 144, 145, 146, 147, 148, 151, 152, 153, 154, 155, 158, 159, 160, 161, 162, 163, 164, 165, 166, 167, 168, 170, 172, 173, 175, 176, 177, 187}" 
Ref4.5,C4.4,WcD0A251710292115_01.ce,104,0.21520674934671646,"{7, 8, 9, 10, 11, 12, 13, 21, 22, 26, 27, 28, 30, 34, 35, 36, 37, 39, 40, 42, 43, 44, 45, 46, 48, 55, 57, 59, 61, 66, 68, 69, 71, 72, 73, 75, 76, 77, 78, 80, 81, 84, 85, 86, 89, 90, 91, 92, 93, 94, 95, 99, 101, 102, 103, 104, 105, 115, 116, 117, 120, 121, 123, 124, 125, 134, 142, 143, 144, 146, 148, 149, 150, 152, 153, 154, 155, 157, 158, 159, 160, 161, 162, 163, 165, 166, 167, 168, 170, 171, 172, 173, 175, 176, 177, 178, 182, 185, 186, 188, 189, 190, 191, 194}" 
Ref4.5,C4.4,WcD0A251710292130_01.ce,96,0.21251146042374253,"{2, 3, 4, 5, 6, 9, 14, 15, 17, 18, 19, 21, 38, 39, 40, 41, 42, 43, 45, 46, 47, 48, 49, 52, 53, 54, 55, 57, 58, 60, 61, 62, 63, 64, 65, 66, 67, 68, 69, 73, 74, 75, 80, 81, 82, 83, 92, 94, 97, 102, 103, 104, 105, 106, 107, 108, 110, 112, 115, 119, 120, 121, 128, 129, 130, 131, 132, 135, 138, 139, 140, 141, 142, 143, 145, 146, 151, 152, 153, 155, 156, 157, 158, 163, 164, 168, 173, 174, 179, 180, 184, 186, 187, 188, 189, 193}" 
Ref4.5,C4.4,WcD0A251710292145_01.ce,42,0.18562791927651617,"{1, 2, 3, 4, 5, 6, 7, 8, 9, 15, 16, 18, 19, 20, 21, 22, 25, 27, 30, 31, 32, 34, 35, 36, 37, 38, 39, 41, 42, 43, 44, 45, 46, 49, 50, 51, 52, 53, 92, 164, 170, 182}" 
Ref4.5,C4.5,WcD0A001710292100_03.ce,85,0.18312829317020934,"{1, 2, 3, 4, 5, 6, 35, 36, 37, 38, 39, 40, 41, 42, 46, 47, 51, 54, 55, 56, 57, 58, 60, 61, 62, 63, 64, 65, 74, 75, 76, 78, 79, 86, 87, 88, 89, 90, 91, 100, 101, 102, 103, 105, 107, 110, 111, 112, 113, 114, 115, 116, 122, 124, 126, 128, 129, 130, 131, 139, 140, 141, 142, 144, 145, 146, 147, 148, 151, 152, 154, 160, 161, 162, 163, 164, 165, 166, 167, 168, 169, 172, 173, 176, 177}" 
Ref4.5,C4.5,WcD0A001710292115_03.ce,96,0.21413022891882913,"{6, 7, 8, 9, 10, 11, 12, 13, 21, 22, 25, 26, 27, 28, 29, 34, 35, 36, 38, 39, 41, 42, 43, 45, 56, 58, 60, 67, 68, 70, 71, 72, 73, 74, 75, 76, 78, 79, 80, 81, 84, 85, 86, 88, 89, 90, 91, 92, 93, 94, 96, 98, 100, 101, 102, 103, 104, 112, 115, 116, 119, 120, 123, 126, 133, 142, 143, 145, 147, 149, 152, 153, 154, 156, 157, 158, 159, 160, 161, 162, 164, 165, 166, 167, 169, 171, 174, 175, 176, 177, 181, 185, 188, 189, 190, 193}" 
Ref4.5,C4.5,WcD0A001710292130_03.ce,86,0.21251910765639564,"{1, 3, 4, 5, 6, 7, 9, 14, 15, 17, 18, 19, 38, 39, 40, 41, 42, 43, 44, 45, 46, 47, 48, 49, 53, 54, 55, 57, 58, 61, 62, 63, 64, 65, 66, 67, 68, 69, 73, 74, 75, 80, 81, 82, 83, 84, 96, 103, 104, 105, 106, 107, 108, 112, 115, 119, 120, 121, 128, 129, 130, 135, 139, 140, 141, 142, 143, 145, 146, 151, 152, 153, 155, 156, 158, 164, 168, 173, 174, 182, 184, 186, 187, 188, 189, 193}" 
Ref4.5,C4.5,WcD0A001710292145_03.ce,36,0.17822041998629937,"{1, 2, 3, 4, 5, 7, 8, 9, 10, 15, 16, 18, 20, 21, 22, 27, 30, 31, 32, 35, 36, 38, 39, 41, 43, 44, 45, 46, 49, 50, 51, 53, 87, 127, 133, 170}" 
Ref4.5,C4.4,WcD0A251710292200_01.ce,81,0.2107562144645245,"{1, 2, 3, 4, 7, 8, 9, 12, 34, 43, 44, 46, 64, 65, 67, 68, 70, 71, 72, 73, 74, 75, 76, 77, 79, 80, 81, 82, 83, 84, 86, 87, 88, 90, 93, 94, 95, 96, 101, 102, 105, 106, 107, 108, 109, 110, 112, 113, 114, 116, 119, 120, 121, 133, 135, 137, 140, 141, 143, 145, 146, 147, 148, 149, 150, 151, 152, 157, 159, 162, 163, 169, 171, 177, 178, 179, 180, 181, 186, 188, 194}" 
Ref4.5,C4.4,WcD0A251710292215_01.ce,83,0.1887700279758124,"{12, 13, 14, 15, 16, 22, 23, 24, 25, 26, 27, 28, 29, 30, 33, 36, 37, 38, 39, 40, 41, 42, 43, 44, 45, 46, 47, 58, 59, 60, 65, 66, 67, 69, 70, 73, 74, 76, 77, 78, 79, 81, 82, 83, 84, 86, 87, 92, 93, 98, 99, 100, 102, 103, 104, 108, 120, 121, 122, 123, 124, 125, 139, 140, 143, 144, 151, 152, 154, 156, 158, 160, 165, 171, 172, 173, 182, 183, 184, 185, 187, 188, 189}" 
Ref4.5,C4.4,WcD0A251710292230_01.ce,84,0.22722887305888043,"{6, 8, 9, 10, 14, 15, 16, 18, 19, 20, 22, 23, 24, 27, 28, 33, 35, 37, 38, 39, 40, 43, 45, 51, 52, 56, 57, 58, 59, 60, 61, 62, 65, 70, 71, 72, 73, 74, 77, 78, 79, 81, 82, 83, 84, 87, 88, 89, 90, 91, 92, 93, 94, 99, 100, 101, 102, 111, 112, 113, 116, 121, 122, 128, 129, 138, 139, 140, 141, 142, 144, 152, 157, 161, 164, 169, 174, 175, 176, 179, 180, 185, 189, 194}" 
Ref4.5,C4.4,WcD0A251710292245_01.ce,66,0.18601827883129882,"{1, 2, 3, 6, 7, 12, 13, 14, 15, 16, 18, 29, 32, 33, 34, 35, 42, 46, 53, 55, 56, 57, 58, 61, 62, 65, 69, 70, 80, 82, 83, 85, 86, 87, 92, 93, 94, 98, 99, 100, 101, 103, 116, 119, 120, 125, 126, 129, 130, 131, 136, 137, 141, 173, 180, 181, 182, 183, 184, 185, 186, 187, 188, 189, 190, 191}" 
Ref4.5,C4.5,WcD0A001710292200_03.ce,76,0.2058832737169933,"{1, 2, 3, 6, 7, 8, 33, 42, 43, 46, 64, 67, 69, 70, 71, 72, 73, 74, 75, 76, 78, 79, 80, 81, 82, 83, 85, 86, 87, 89, 92, 93, 94, 95, 100, 101, 104, 105, 106, 107, 108, 109, 112, 113, 115, 119, 120, 132, 134, 135, 136, 137, 141, 144, 145, 146, 147, 148, 149, 150, 151, 156, 158, 161, 162, 168, 170, 176, 177, 178, 179, 180, 185, 186, 187, 193}" 
Ref4.5,C4.5,WcD0A001710292215_03.ce,74,0.19463599634339462,"{12, 13, 14, 15, 16, 22, 23, 24, 26, 27, 28, 29, 30, 36, 37, 38, 39, 40, 41, 42, 43, 44, 46, 47, 58, 60, 66, 67, 69, 70, 74, 76, 77, 78, 79, 81, 82, 83, 84, 85, 86, 93, 94, 98, 99, 102, 103, 104, 108, 120, 121, 122, 123, 126, 129, 139, 140, 141, 143, 144, 152, 154, 156, 160, 165, 171, 172, 173, 182, 183, 184, 185, 187, 189}" 
Ref4.5,C4.5,WcD0A001710292230_03.ce,89,0.220852115834503,"{1, 3, 6, 8, 10, 14, 16, 18, 19, 20, 21, 23, 24, 27, 31, 33, 34, 35, 36, 37, 38, 39, 40, 42, 43, 45, 51, 52, 54, 55, 56, 57, 58, 59, 60, 61, 62, 64, 65, 70, 73, 74, 78, 79, 80, 81, 82, 83, 84, 87, 88, 89, 90, 91, 92, 93, 96, 98, 99, 100, 101, 102, 109, 112, 113, 116, 119, 121, 122, 128, 129, 130, 133, 138, 139, 140, 141, 142, 149, 152, 157, 161, 169, 174, 179, 185, 189, 190, 194}" 
Ref4.5,C4.5,WcD0A001710292245_03.ce,51,0.19785072847108826,"{2, 3, 6, 7, 13, 15, 16, 30, 34, 46, 53, 54, 55, 56, 57, 58, 61, 62, 65, 70, 82, 83, 87, 88, 92, 94, 98, 99, 100, 101, 103, 116, 117, 118, 119, 129, 130, 131, 137, 180, 181, 182, 183, 184, 185, 186, 187, 188, 189, 190, 191}" 
Ref4.5,C4.4,WcD0A251710292300_01.ce,26,0.20531665430607526,"{1, 2, 3, 17, 20, 47, 65, 84, 106, 107, 108, 109, 111, 112, 115, 117, 129, 133, 134, 142, 143, 144, 145, 150, 169, 193}" 
Ref4.5,C4.4,WcD0A251710292315_01.ce,26,0.22091859199167233,"{23, 40, 58, 59, 67, 70, 71, 80, 81, 84, 85, 86, 87, 88, 89, 92, 96, 97, 113, 115, 116, 118, 124, 126, 145, 146}" 
Ref4.5,C4.4,WcD0A251710292330_01.ce,3,0.15008261151432903,"{161, 138, 140}" 
Ref4.5,C4.4,WcD0A251710292345_01.ce,2,0.15629352656316106,"{188, 31}" 
Ref4.5,C4.5,WcD0A001710292300_03.ce,19,0.19839360974595832,"{1, 2, 3, 20, 47, 106, 108, 109, 110, 111, 112, 118, 129, 143, 144, 145, 150, 167, 169}" 
Ref4.5,C4.5,WcD0A001710292315_03.ce,21,0.21533624611928587,"{27, 30, 40, 58, 59, 70, 71, 85, 86, 87, 90, 92, 96, 97, 105, 115, 118, 124, 137, 143, 145}" 
Ref4.5,C4.5,WcD0A001710292330_03.ce,4,0.14734468000735998,"{161, 138, 140, 179}" 
Ref4.5,C4.5,WcD0A001710292345_03.ce,4,0.146243451523206,"{83, 31, 188, 189}" 
