Ref4.5,C4.4,WcD0F331710290000_04.ce,28,0.17110042700924274,"{1, 2, 3, 4, 30, 37, 38, 39, 40, 59, 65, 81, 86, 89, 94, 95, 101, 102, 103, 112, 115, 147, 151, 152, 153, 170, 177, 178}" 
Ref4.5,C4.4,WcD0F331710290015_04.ce,14,0.15848807898539888,"{33, 63, 71, 85, 86, 97, 138, 139, 145, 146, 165, 167, 173, 179}" 
Ref4.5,C4.4,WcD0F331710290030_04.ce,27,0.15293275439639603,"{1, 28, 40, 41, 54, 59, 65, 66, 98, 117, 122, 127, 129, 130, 131, 134, 135, 136, 149, 151, 152, 153, 159, 166, 167, 172, 173}" 
Ref4.5,C4.4,WcD0F331710290045_04.ce,22,0.17067696462109966,"{15, 26, 27, 46, 54, 59, 63, 64, 74, 88, 103, 113, 114, 124, 133, 146, 153, 154, 160, 178, 192, 193}" 
Ref4.5,C4.5,WcD0A001710290000_08.ce,21,0.17712989168587998,"{1, 2, 3, 7, 37, 38, 59, 65, 81, 89, 94, 95, 101, 102, 112, 124, 151, 152, 170, 177, 178}" 
Ref4.5,C4.5,WcD0A001710290015_08.ce,15,0.1555158966738255,"{20, 64, 77, 86, 87, 98, 139, 145, 146, 153, 166, 167, 174, 180, 186}" 
Ref4.5,C4.5,WcD0A001710290030_08.ce,21,0.15239389276685184,"{28, 40, 54, 59, 65, 66, 122, 129, 130, 134, 135, 136, 137, 149, 151, 152, 165, 166, 167, 172, 191}" 
Ref4.5,C4.5,WcD0A001710290045_08.ce,18,0.1583055933137129,"{12, 15, 25, 26, 27, 63, 74, 87, 103, 114, 122, 124, 133, 153, 160, 178, 191, 192}" 
Ref4.5,C4.4,WcD0F331710290100_04.ce,24,0.15717500062707632,"{1, 2, 3, 59, 66, 72, 73, 78, 91, 99, 105, 110, 111, 116, 120, 130, 136, 149, 158, 159, 161, 162, 163, 184}" 
Ref4.5,C4.4,WcD0F331710290115_04.ce,33,0.14063121826233688,"{19, 36, 37, 38, 39, 40, 45, 50, 51, 52, 58, 67, 73, 117, 125, 126, 127, 128, 130, 137, 138, 149, 152, 153, 171, 172, 175, 176, 177, 178, 179, 180, 181}" 
Ref4.5,C4.4,WcD0F331710290130_04.ce,28,0.13797173502666515,"{7, 19, 20, 21, 22, 23, 24, 25, 69, 70, 78, 79, 80, 98, 99, 103, 118, 122, 123, 124, 126, 157, 158, 173, 181, 188, 189, 194}" 
Ref4.5,C4.4,WcD0F331710290145_04.ce,29,0.19350321933218698,"{1, 22, 23, 37, 38, 39, 40, 41, 57, 58, 63, 64, 77, 103, 104, 105, 111, 112, 119, 128, 129, 130, 149, 162, 163, 165, 166, 174, 185}" 
Ref4.5,C4.5,WcD0A001710290100_08.ce,18,0.16145237828091263,"{1, 2, 3, 43, 60, 73, 100, 111, 112, 120, 121, 131, 150, 159, 160, 162, 163, 164}" 
Ref4.5,C4.5,WcD0A001710290115_08.ce,32,0.1505787499712563,"{27, 33, 35, 36, 37, 38, 39, 45, 50, 51, 52, 58, 67, 73, 93, 125, 126, 127, 128, 130, 137, 138, 152, 153, 171, 175, 176, 177, 178, 179, 180, 181}" 
Ref4.5,C4.5,WcD0A001710290130_08.ce,29,0.1447775000324639,"{19, 20, 21, 22, 23, 24, 32, 68, 69, 70, 79, 80, 84, 98, 99, 103, 117, 121, 122, 123, 130, 156, 157, 158, 173, 180, 181, 188, 189}" 
Ref4.5,C4.5,WcD0A001710290145_08.ce,26,0.20365213382186906,"{1, 23, 38, 39, 40, 41, 42, 58, 59, 64, 80, 104, 105, 106, 112, 113, 120, 129, 130, 131, 134, 163, 164, 166, 170, 186}" 
Ref4.5,C4.4,WcD0F331710290200_04.ce,25,0.15631745995537458,"{1, 2, 3, 5, 13, 19, 20, 31, 48, 57, 67, 83, 102, 103, 104, 109, 110, 111, 125, 136, 153, 157, 168, 171, 175}" 
Ref4.5,C4.4,WcD0F331710290215_04.ce,22,0.14641938798157977,"{8, 14, 21, 22, 23, 36, 37, 43, 65, 66, 77, 99, 119, 132, 139, 140, 141, 167, 168, 169, 173, 189}" 
Ref4.5,C4.4,WcD0F331710290230_04.ce,27,0.1529675564451445,"{19, 26, 27, 35, 36, 37, 41, 42, 43, 44, 45, 46, 47, 51, 52, 97, 98, 103, 146, 152, 153, 154, 161, 162, 163, 187, 188}" 
Ref4.5,C4.4,WcD0F331710290245_04.ce,36,0.16759256910155063,"{1, 26, 32, 40, 42, 48, 53, 54, 55, 75, 81, 82, 89, 90, 91, 96, 97, 98, 99, 100, 105, 106, 107, 108, 109, 110, 111, 118, 126, 131, 132, 133, 134, 160, 168, 176}" 
Ref4.5,C4.5,WcD0A001710290200_08.ce,22,0.15244317401479354,"{1, 2, 3, 5, 12, 19, 57, 67, 102, 103, 104, 108, 109, 120, 124, 135, 153, 157, 158, 165, 174, 178}" 
Ref4.5,C4.5,WcD0A001710290215_08.ce,18,0.15259853450067584,"{14, 21, 22, 35, 43, 65, 77, 98, 99, 132, 139, 140, 141, 152, 167, 168, 181, 189}" 
Ref4.5,C4.5,WcD0A001710290230_08.ce,29,0.14775957050810973,"{27, 36, 37, 42, 43, 44, 45, 46, 47, 48, 51, 52, 53, 64, 67, 70, 98, 99, 104, 124, 147, 152, 153, 154, 155, 163, 164, 188, 192}" 
Ref4.5,C4.5,WcD0A001710290245_08.ce,31,0.1719438031150321,"{26, 32, 40, 47, 48, 53, 54, 81, 89, 90, 94, 96, 97, 98, 99, 104, 105, 106, 107, 109, 110, 111, 118, 131, 132, 133, 134, 151, 168, 175, 176}" 
Ref4.5,C4.4,WcD0F331710290300_04.ce,32,0.16855642237541127,"{1, 2, 3, 4, 47, 51, 52, 53, 61, 73, 97, 112, 121, 131, 145, 161, 162, 165, 166, 167, 168, 169, 171, 172, 175, 180, 181, 182, 183, 184, 185, 193}" 
Ref4.5,C4.4,WcD0F331710290315_04.ce,40,0.19419938130168507,"{5, 6, 50, 51, 52, 53, 56, 59, 62, 70, 71, 72, 76, 77, 78, 79, 80, 108, 115, 121, 123, 127, 128, 137, 138, 140, 141, 144, 146, 147, 148, 149, 165, 167, 168, 169, 180, 181, 183, 191}" 
Ref4.5,C4.4,WcD0F331710290330_04.ce,50,0.21422075265030738,"{1, 11, 14, 15, 41, 44, 45, 46, 47, 48, 52, 54, 55, 57, 66, 78, 84, 85, 96, 97, 98, 103, 104, 105, 107, 116, 117, 120, 128, 129, 130, 131, 132, 133, 135, 136, 137, 138, 139, 140, 141, 150, 154, 158, 176, 177, 180, 190, 193, 194}" 
Ref4.5,C4.4,WcD0F331710290345_04.ce,46,0.21066590497267473,"{6, 7, 15, 16, 17, 23, 24, 45, 46, 47, 48, 52, 53, 54, 55, 63, 66, 69, 71, 73, 80, 81, 82, 83, 87, 88, 89, 90, 91, 92, 101, 104, 107, 108, 109, 114, 115, 116, 126, 127, 128, 129, 135, 141, 191, 192}" 
Ref4.5,C4.5,WcD0A001710290300_08.ce,36,0.14726629796951482,"{1, 2, 3, 18, 47, 50, 51, 52, 53, 61, 71, 74, 87, 96, 97, 101, 121, 130, 131, 138, 145, 161, 165, 166, 167, 168, 169, 171, 172, 175, 180, 181, 182, 183, 184, 193}" 
Ref4.5,C4.5,WcD0A001710290315_08.ce,33,0.18344278745972273,"{6, 7, 52, 53, 57, 71, 72, 73, 77, 78, 80, 112, 122, 124, 126, 129, 135, 137, 138, 140, 142, 144, 147, 149, 150, 166, 168, 169, 170, 173, 180, 182, 184}" 
Ref4.5,C4.5,WcD0A001710290330_08.ce,43,0.21164972153515355,"{10, 14, 40, 41, 43, 46, 47, 48, 50, 52, 54, 57, 66, 78, 83, 84, 95, 96, 97, 103, 104, 106, 107, 114, 129, 130, 131, 132, 133, 136, 137, 138, 140, 141, 149, 150, 153, 154, 159, 176, 177, 180, 190}" 
Ref4.5,C4.5,WcD0A001710290345_08.ce,42,0.20686400013801212,"{1, 7, 16, 17, 21, 24, 25, 27, 39, 46, 47, 48, 50, 52, 54, 55, 67, 76, 77, 81, 82, 83, 84, 88, 89, 90, 91, 92, 102, 105, 108, 109, 110, 115, 116, 127, 128, 129, 133, 135, 192, 193}" 
Ref4.5,C4.4,WcD0F331710290400_04.ce,35,0.18463761372367501,"{5, 6, 7, 10, 16, 21, 22, 29, 30, 31, 32, 33, 35, 41, 42, 45, 69, 77, 111, 112, 114, 115, 116, 117, 118, 119, 122, 154, 169, 171, 188, 189, 191, 192, 193}" 
Ref4.5,C4.4,WcD0F331710290415_04.ce,11,0.19382923703724797,"{1, 8, 68, 94, 120, 145, 147, 150, 163, 176, 179}" 
Ref4.5,C4.4,WcD0F331710290430_04.ce,24,0.2034043083111814,"{17, 26, 31, 32, 33, 37, 38, 71, 72, 76, 79, 81, 85, 87, 88, 90, 129, 136, 138, 139, 140, 141, 142, 148}" 
Ref4.5,C4.4,WcD0F331710290445_04.ce,27,0.19117823581995044,"{39, 41, 44, 45, 60, 61, 63, 66, 70, 74, 75, 104, 105, 124, 148, 149, 150, 152, 153, 154, 155, 167, 168, 173, 174, 175, 177}" 
Ref4.5,C4.5,WcD0A001710290400_08.ce,33,0.19031458905033014,"{5, 6, 21, 22, 29, 30, 31, 32, 33, 35, 41, 45, 69, 77, 110, 111, 112, 113, 114, 115, 116, 117, 118, 119, 121, 122, 123, 130, 169, 187, 188, 191, 192}" 
Ref4.5,C4.5,WcD0A001710290415_08.ce,12,0.1951642080775224,"{1, 63, 65, 68, 94, 145, 147, 150, 162, 163, 175, 176}" 
Ref4.5,C4.5,WcD0A001710290430_08.ce,20,0.1988303234330644,"{1, 26, 27, 32, 38, 47, 48, 72, 73, 80, 82, 86, 90, 91, 105, 135, 140, 141, 152, 188}" 
Ref4.5,C4.5,WcD0A001710290445_08.ce,23,0.18844385725054602,"{39, 41, 44, 60, 61, 66, 70, 74, 104, 105, 124, 148, 149, 152, 153, 154, 155, 159, 167, 168, 173, 174, 177}" 
Ref4.5,C4.4,WcD0F331710290500_04.ce,22,0.15417164038547482,"{1, 2, 3, 4, 23, 36, 37, 42, 43, 44, 45, 46, 47, 48, 156, 157, 158, 160, 166, 167, 168, 171}" 
Ref4.5,C4.4,WcD0F331710290515_04.ce,13,0.17128324753330632,"{47, 92, 97, 121, 122, 125, 147, 168, 173, 174, 175, 176, 178}" 
Ref4.5,C4.4,WcD0F331710290530_04.ce,6,0.14796795975135815,"{2, 8, 9, 15, 113, 122}" 
Ref4.5,C4.4,WcD0F331710290545_04.ce,17,0.1686449997636262,"{29, 41, 42, 43, 44, 49, 53, 54, 66, 67, 83, 137, 146, 147, 148, 153, 156}" 
Ref4.5,C4.5,WcD0A001710290500_08.ce,22,0.1564011622496725,"{1, 2, 3, 25, 36, 37, 42, 43, 44, 45, 46, 47, 156, 157, 158, 159, 165, 167, 168, 170, 171, 184}" 
Ref4.5,C4.5,WcD0A001710290515_08.ce,14,0.1708351737838412,"{88, 91, 93, 94, 97, 98, 122, 126, 148, 169, 174, 175, 176, 179}" 
Ref4.5,C4.5,WcD0A001710290530_08.ce,5,0.1336039034075535,"{6, 8, 9, 15, 122}" 
Ref4.5,C4.5,WcD0A001710290545_08.ce,15,0.16591959770877704,"{41, 42, 47, 48, 53, 54, 66, 67, 83, 137, 140, 147, 153, 155, 156}" 
Ref4.5,C4.4,WcD0F331710290600_04.ce,22,0.18758011834256355,"{1, 2, 3, 22, 23, 24, 25, 26, 27, 28, 29, 34, 36, 37, 38, 39, 40, 42, 65, 89, 90, 170}" 
Ref4.5,C4.4,WcD0F331710290615_04.ce,27,0.22256019357736434,"{5, 11, 13, 21, 22, 27, 32, 33, 34, 37, 47, 48, 51, 60, 61, 62, 63, 66, 68, 70, 79, 118, 121, 170, 180, 183, 184}" 
Ref4.5,C4.4,WcD0F331710290630_04.ce,19,0.18206001194466373,"{2, 3, 12, 13, 14, 16, 18, 19, 20, 21, 24, 88, 121, 122, 127, 133, 140, 141, 145}" 
Ref4.5,C4.4,WcD0F331710290645_04.ce,30,0.22623704976516765,"{1, 10, 11, 22, 23, 24, 25, 26, 27, 28, 29, 30, 31, 32, 33, 34, 35, 36, 50, 54, 55, 56, 65, 69, 80, 126, 129, 164, 166, 167}" 
Ref4.5,C4.5,WcD0A001710290600_08.ce,21,0.18045765937023264,"{1, 2, 3, 4, 20, 21, 23, 24, 25, 26, 27, 28, 29, 35, 37, 38, 39, 40, 90, 170, 178}" 
Ref4.5,C4.5,WcD0A001710290615_08.ce,23,0.21322634938697066,"{13, 19, 21, 22, 33, 34, 47, 48, 59, 60, 61, 62, 64, 68, 70, 71, 79, 118, 119, 169, 177, 178, 183}" 
Ref4.5,C4.5,WcD0A001710290630_08.ce,13,0.18533619087444275,"{3, 4, 13, 14, 15, 17, 19, 20, 39, 52, 122, 134, 141}" 
Ref4.5,C4.5,WcD0A001710290645_08.ce,34,0.22284165645314322,"{3, 11, 12, 23, 24, 25, 26, 27, 28, 29, 30, 31, 32, 33, 34, 35, 36, 37, 40, 51, 54, 55, 56, 58, 70, 79, 82, 85, 127, 129, 130, 163, 167, 178}" 
Ref4.5,C4.4,WcD0F331710290700_04.ce,24,0.21197467042319626,"{1, 2, 3, 4, 11, 22, 23, 24, 25, 26, 27, 28, 29, 41, 42, 43, 45, 46, 67, 113, 119, 127, 186, 190}" 
Ref4.5,C4.4,WcD0F331710290715_04.ce,30,0.2178765251919604,"{1, 4, 7, 8, 15, 32, 40, 42, 55, 56, 57, 65, 66, 76, 77, 78, 86, 87, 93, 94, 97, 100, 103, 107, 108, 110, 139, 146, 151, 159}" 
Ref4.5,C4.4,WcD0F331710290730_04.ce,18,0.19582573267613115,"{27, 32, 41, 42, 50, 109, 111, 117, 119, 120, 125, 130, 131, 132, 133, 164, 167, 178}" 
Ref4.5,C4.4,WcD0F331710290745_04.ce,13,0.17438727969513665,"{33, 34, 38, 158, 184, 185, 187, 188, 190, 191, 192, 193, 194}" 
Ref4.5,C4.5,WcD0A001710290700_08.ce,18,0.20366086127528754,"{1, 2, 3, 21, 22, 23, 24, 27, 28, 41, 42, 43, 45, 46, 106, 112, 126, 186}" 
Ref4.5,C4.5,WcD0A001710290715_08.ce,21,0.2143174774170343,"{2, 8, 9, 33, 40, 41, 43, 66, 67, 78, 79, 87, 88, 94, 98, 101, 108, 109, 140, 147, 159}" 
Ref4.5,C4.5,WcD0A001710290730_08.ce,15,0.18938946032364953,"{26, 27, 41, 108, 109, 117, 119, 120, 130, 131, 132, 152, 163, 164, 167}" 
Ref4.5,C4.5,WcD0A001710290745_08.ce,13,0.15565599081880602,"{11, 33, 34, 157, 183, 184, 186, 187, 188, 190, 191, 192, 193}" 
Ref4.5,C4.4,WcD0F331710290800_04.ce,50,0.2291803400573907,"{1, 2, 3, 14, 18, 21, 37, 38, 40, 47, 54, 56, 57, 58, 63, 65, 66, 96, 97, 111, 112, 114, 116, 117, 118, 119, 124, 125, 126, 127, 129, 130, 136, 150, 151, 153, 156, 161, 163, 164, 165, 179, 181, 182, 183, 185, 186, 190, 192, 193}" 
Ref4.5,C4.4,WcD0F331710290815_04.ce,58,0.2157314693947954,"{6, 7, 8, 10, 11, 12, 13, 40, 41, 42, 49, 51, 52, 58, 59, 60, 61, 62, 63, 65, 66, 68, 69, 70, 71, 72, 73, 74, 75, 76, 77, 79, 80, 81, 82, 83, 84, 91, 100, 103, 115, 116, 123, 124, 134, 135, 136, 137, 138, 139, 140, 141, 142, 147, 148, 165, 166, 167}" 
Ref4.5,C4.4,WcD0F331710290830_04.ce,40,0.2338119986815901,"{4, 13, 17, 30, 31, 39, 51, 57, 65, 66, 68, 70, 71, 83, 84, 86, 91, 94, 95, 96, 97, 99, 100, 102, 103, 105, 106, 111, 112, 128, 129, 156, 157, 164, 169, 174, 177, 181, 191, 193}" 
Ref4.5,C4.4,WcD0F331710290845_04.ce,18,0.2100468958526962,"{7, 8, 23, 28, 37, 44, 50, 98, 124, 126, 131, 138, 139, 151, 152, 182, 184, 187}" 
Ref4.5,C4.5,WcD0A001710290800_08.ce,50,0.2105972927881507,"{1, 2, 3, 4, 15, 18, 22, 32, 38, 48, 55, 56, 57, 58, 59, 63, 64, 66, 67, 70, 71, 97, 101, 112, 113, 115, 117, 118, 119, 120, 125, 127, 128, 130, 131, 150, 151, 153, 155, 156, 164, 165, 166, 180, 182, 183, 186, 187, 191, 193}" 
Ref4.5,C4.5,WcD0A001710290815_08.ce,51,0.21292870189494534,"{6, 7, 8, 9, 10, 11, 12, 13, 41, 42, 51, 57, 58, 59, 62, 63, 64, 65, 67, 68, 69, 70, 71, 72, 73, 74, 76, 77, 79, 80, 81, 82, 83, 84, 85, 115, 123, 124, 126, 129, 133, 135, 136, 137, 138, 139, 141, 142, 148, 165, 166}" 
Ref4.5,C4.5,WcD0A001710290830_08.ce,25,0.2327910181451232,"{13, 30, 36, 37, 50, 51, 65, 67, 68, 70, 72, 76, 83, 85, 91, 94, 96, 99, 105, 128, 141, 156, 157, 169, 191}" 
Ref4.5,C4.5,WcD0A001710290845_08.ce,13,0.19564608166264238,"{4, 8, 9, 12, 29, 37, 45, 127, 132, 140, 152, 172, 188}" 
Ref4.5,C4.4,WcD0F331710290900_04.ce,12,0.16676234402053403,"{1, 2, 3, 4, 32, 101, 103, 116, 140, 168, 169, 178}" 
Ref4.5,C4.4,WcD0F331710290915_04.ce,21,0.2084697280398319,"{3, 8, 9, 22, 26, 28, 29, 37, 49, 51, 52, 53, 54, 55, 69, 73, 152, 181, 182, 183, 194}" 
Ref4.5,C4.4,WcD0F331710290930_04.ce,40,0.22697961678595582,"{4, 16, 17, 18, 24, 25, 26, 33, 34, 35, 36, 37, 40, 41, 48, 53, 57, 62, 71, 72, 78, 79, 82, 86, 87, 96, 100, 102, 111, 120, 121, 127, 128, 151, 170, 171, 172, 176, 191, 193}" 
Ref4.5,C4.4,WcD0F331710290945_04.ce,39,0.2173447335535512,"{5, 8, 21, 31, 36, 37, 38, 39, 56, 69, 86, 87, 88, 99, 102, 106, 115, 116, 121, 122, 123, 124, 125, 127, 128, 130, 131, 135, 157, 160, 161, 162, 163, 164, 166, 169, 173, 184, 185}" 
Ref4.5,C4.5,WcD0A001710290900_08.ce,12,0.17161840786745408,"{1, 2, 3, 31, 32, 99, 101, 115, 140, 168, 172, 178}" 
Ref4.5,C4.5,WcD0A001710290915_08.ce,21,0.20178316859549453,"{8, 9, 21, 22, 26, 28, 36, 37, 50, 51, 52, 53, 54, 55, 69, 72, 90, 152, 181, 182, 183}" 
Ref4.5,C4.5,WcD0A001710290930_08.ce,31,0.21906036922879354,"{17, 18, 25, 26, 31, 34, 35, 36, 37, 38, 41, 44, 49, 64, 69, 72, 73, 87, 97, 103, 112, 121, 122, 128, 129, 149, 171, 172, 186, 192, 194}" 
Ref4.5,C4.5,WcD0A001710290945_08.ce,27,0.21261649923987466,"{5, 8, 21, 37, 38, 71, 86, 99, 106, 115, 122, 124, 127, 128, 129, 130, 134, 135, 146, 157, 160, 161, 162, 164, 167, 169, 184}" 
Ref4.5,C4.4,WcD0F331710291000_04.ce,71,0.21744571433894747,"{1, 2, 3, 21, 22, 24, 25, 26, 27, 28, 31, 32, 33, 34, 35, 36, 37, 38, 39, 40, 41, 42, 43, 44, 46, 47, 52, 53, 65, 66, 67, 68, 69, 71, 72, 73, 74, 80, 82, 83, 84, 87, 91, 92, 93, 94, 95, 98, 99, 109, 119, 120, 121, 122, 123, 124, 135, 136, 137, 138, 139, 155, 156, 162, 169, 185, 186, 188, 191, 192, 193}" 
Ref4.5,C4.4,WcD0F331710291015_04.ce,66,0.21788746625142452,"{1, 3, 8, 9, 10, 11, 12, 13, 14, 15, 16, 21, 25, 31, 33, 34, 35, 38, 39, 40, 49, 50, 51, 52, 53, 54, 56, 60, 61, 62, 63, 71, 73, 74, 75, 76, 79, 80, 81, 82, 88, 89, 90, 98, 100, 103, 104, 105, 107, 117, 118, 120, 121, 122, 134, 140, 141, 154, 158, 159, 160, 173, 174, 189, 192, 193}" 
Ref4.5,C4.4,WcD0F331710291030_04.ce,49,0.21887773344462372,"{11, 16, 17, 18, 21, 22, 27, 28, 35, 39, 41, 42, 44, 51, 52, 56, 57, 58, 61, 65, 66, 81, 82, 83, 92, 93, 94, 101, 102, 103, 123, 135, 136, 151, 155, 156, 164, 165, 166, 167, 168, 169, 175, 176, 177, 178, 179, 180, 194}" 
Ref4.5,C4.4,WcD0F331710291045_04.ce,55,0.21052254169931667,"{1, 2, 13, 14, 17, 19, 25, 26, 29, 30, 33, 34, 55, 58, 59, 60, 61, 62, 66, 72, 74, 75, 77, 78, 79, 80, 84, 93, 100, 101, 104, 105, 111, 112, 113, 114, 115, 116, 117, 118, 119, 120, 121, 122, 123, 128, 138, 148, 149, 150, 169, 177, 178, 186, 187}" 
Ref4.5,C4.5,WcD0A001710291000_08.ce,61,0.22648036014374362,"{1, 2, 3, 5, 15, 23, 25, 26, 27, 32, 33, 34, 35, 36, 37, 38, 39, 40, 41, 42, 44, 45, 47, 48, 54, 65, 66, 67, 72, 73, 74, 80, 83, 84, 85, 92, 93, 94, 96, 99, 100, 109, 120, 121, 122, 123, 124, 125, 135, 136, 137, 138, 139, 140, 156, 157, 163, 169, 186, 192, 193}" 
Ref4.5,C4.5,WcD0A001710291015_08.ce,63,0.2124399089115964,"{1, 2, 3, 4, 8, 9, 13, 14, 21, 22, 26, 32, 34, 35, 36, 39, 40, 41, 50, 51, 52, 53, 54, 55, 60, 62, 63, 64, 66, 71, 72, 74, 75, 76, 77, 79, 80, 82, 83, 89, 90, 99, 103, 104, 105, 107, 115, 116, 118, 120, 121, 122, 135, 140, 141, 148, 155, 159, 160, 161, 174, 175, 190}" 
Ref4.5,C4.5,WcD0A001710291030_08.ce,47,0.2199286090799704,"{16, 21, 22, 26, 27, 34, 35, 41, 42, 49, 51, 52, 56, 57, 58, 64, 65, 66, 80, 82, 83, 92, 93, 94, 100, 101, 102, 103, 104, 114, 123, 135, 136, 155, 163, 164, 165, 166, 167, 168, 174, 175, 176, 177, 178, 179, 180}" 
Ref4.5,C4.5,WcD0A001710291045_08.ce,53,0.21200529208390528,"{1, 2, 14, 15, 26, 27, 30, 31, 37, 58, 59, 60, 61, 62, 66, 72, 74, 75, 77, 78, 79, 80, 81, 82, 85, 86, 93, 94, 104, 105, 106, 112, 113, 114, 115, 116, 117, 118, 119, 120, 121, 122, 123, 124, 129, 143, 149, 150, 151, 170, 178, 187, 189}" 
Ref4.5,C4.4,WcD0F331710291100_04.ce,68,0.22266673605782508,"{1, 2, 3, 5, 6, 10, 11, 12, 18, 19, 22, 30, 31, 32, 34, 40, 41, 42, 43, 46, 48, 50, 52, 55, 61, 62, 72, 73, 76, 79, 80, 82, 84, 86, 87, 88, 97, 100, 103, 104, 106, 108, 117, 118, 119, 120, 128, 129, 130, 139, 140, 142, 152, 153, 160, 172, 174, 175, 177, 178, 179, 180, 183, 184, 185, 186, 187, 192}" 
Ref4.5,C4.4,WcD0F331710291115_04.ce,55,0.20025593466736571,"{2, 6, 7, 10, 17, 21, 35, 36, 44, 45, 51, 52, 53, 54, 55, 56, 61, 62, 64, 66, 70, 71, 72, 74, 82, 83, 84, 85, 86, 96, 98, 99, 100, 101, 102, 103, 104, 105, 106, 107, 110, 130, 131, 140, 141, 143, 145, 146, 147, 160, 161, 176, 184, 188, 189}" 
Ref4.5,C4.4,WcD0F331710291130_04.ce,49,0.22018120453964618,"{17, 22, 27, 28, 29, 30, 32, 37, 38, 40, 41, 42, 43, 47, 48, 49, 50, 52, 53, 54, 60, 74, 75, 76, 77, 83, 84, 85, 86, 88, 103, 105, 106, 112, 113, 122, 136, 149, 155, 163, 169, 170, 171, 172, 173, 174, 175, 188, 193}" 
Ref4.5,C4.4,WcD0F331710291145_04.ce,71,0.20146870582141946,"{1, 2, 3, 4, 5, 6, 7, 8, 9, 10, 11, 12, 13, 21, 33, 34, 35, 37, 44, 46, 72, 73, 74, 75, 80, 81, 82, 83, 84, 85, 86, 87, 89, 93, 94, 95, 96, 98, 101, 103, 104, 123, 125, 130, 131, 133, 134, 135, 136, 142, 143, 147, 148, 149, 150, 151, 152, 153, 154, 155, 156, 157, 158, 159, 171, 172, 180, 181, 182, 184, 191}" 
Ref4.5,C4.5,WcD0A001710291100_08.ce,63,0.23467703940186316,"{1, 2, 3, 5, 10, 11, 17, 18, 21, 25, 31, 32, 41, 42, 43, 45, 46, 52, 60, 61, 71, 73, 76, 78, 79, 81, 86, 87, 88, 89, 102, 103, 104, 106, 107, 116, 117, 118, 119, 120, 123, 125, 128, 129, 130, 139, 142, 152, 153, 171, 172, 174, 176, 177, 178, 179, 180, 183, 184, 185, 186, 187, 192}" 
Ref4.5,C4.5,WcD0A001710291115_08.ce,55,0.19794847367727644,"{5, 6, 7, 16, 21, 23, 35, 36, 43, 44, 50, 51, 52, 54, 55, 56, 58, 60, 61, 62, 66, 70, 71, 72, 73, 75, 76, 81, 82, 83, 84, 85, 94, 96, 98, 99, 100, 101, 102, 103, 105, 106, 109, 130, 131, 140, 143, 145, 146, 147, 160, 161, 176, 188, 189}" 
Ref4.5,C4.5,WcD0A001710291130_08.ce,36,0.20173373057347702,"{18, 28, 29, 30, 31, 38, 41, 43, 44, 48, 49, 50, 51, 53, 54, 84, 85, 86, 87, 103, 104, 106, 107, 113, 122, 136, 150, 155, 164, 170, 171, 172, 173, 174, 175, 194}" 
Ref4.5,C4.5,WcD0A001710291145_08.ce,72,0.1953040998224137,"{1, 2, 3, 4, 5, 6, 7, 8, 9, 10, 11, 12, 13, 15, 21, 33, 34, 72, 73, 74, 75, 79, 80, 81, 82, 83, 84, 85, 86, 87, 89, 92, 94, 95, 96, 97, 98, 100, 102, 103, 112, 120, 123, 126, 130, 133, 134, 135, 136, 137, 140, 141, 142, 143, 147, 148, 149, 150, 151, 152, 153, 154, 155, 156, 157, 158, 159, 171, 172, 180, 181, 191}" 
Ref4.5,C4.4,WcD0F331710291200_04.ce,57,0.23378689684954365,"{1, 2, 3, 4, 5, 16, 27, 36, 37, 41, 47, 48, 49, 54, 59, 67, 68, 72, 81, 92, 94, 95, 99, 100, 101, 102, 105, 106, 107, 118, 119, 121, 122, 123, 124, 126, 127, 131, 133, 134, 135, 136, 146, 148, 149, 151, 152, 154, 155, 156, 157, 160, 161, 162, 164, 174, 191}" 
Ref4.5,C4.4,WcD0F331710291215_04.ce,31,0.20743251362444096,"{10, 18, 19, 20, 21, 24, 25, 26, 27, 29, 34, 35, 42, 64, 65, 70, 71, 77, 80, 81, 83, 84, 89, 90, 91, 139, 142, 143, 146, 179, 188}" 
Ref4.5,C4.4,WcD0F331710291230_04.ce,38,0.2124053075645178,"{18, 34, 35, 36, 38, 40, 43, 55, 58, 59, 60, 61, 62, 65, 67, 68, 69, 73, 77, 78, 95, 100, 110, 120, 121, 123, 127, 137, 138, 144, 146, 147, 150, 151, 155, 159, 175, 177}" 
Ref4.5,C4.4,WcD0F331710291245_04.ce,41,0.20369911832478718,"{11, 15, 25, 40, 42, 44, 45, 46, 96, 97, 98, 99, 100, 109, 110, 111, 116, 119, 120, 122, 125, 126, 131, 132, 133, 134, 135, 136, 137, 138, 146, 147, 149, 150, 151, 152, 154, 191, 192, 193, 194}" 
Ref4.5,C4.5,WcD0A001710291200_08.ce,49,0.22596919758615902,"{1, 2, 3, 5, 9, 22, 23, 27, 34, 36, 37, 47, 48, 67, 70, 72, 99, 100, 102, 104, 106, 115, 117, 118, 119, 121, 122, 123, 126, 131, 133, 134, 135, 136, 138, 148, 149, 150, 151, 152, 154, 156, 160, 161, 162, 170, 174, 188, 191}" 
Ref4.5,C4.5,WcD0A001710291215_08.ce,25,0.2074316824663625,"{11, 19, 20, 24, 25, 26, 27, 28, 35, 43, 65, 69, 71, 72, 77, 80, 81, 84, 91, 118, 133, 143, 144, 159, 179}" 
Ref4.5,C4.5,WcD0A001710291230_08.ce,34,0.20612119596344639,"{17, 18, 29, 34, 35, 38, 40, 55, 58, 59, 60, 61, 64, 65, 67, 68, 69, 72, 73, 77, 84, 100, 120, 121, 130, 133, 137, 138, 145, 146, 150, 155, 174, 177}" 
Ref4.5,C4.5,WcD0A001710291245_08.ce,32,0.2074089602380211,"{10, 11, 15, 42, 44, 45, 46, 96, 97, 98, 109, 110, 114, 115, 116, 119, 120, 121, 122, 125, 126, 131, 132, 133, 134, 135, 136, 137, 146, 154, 191, 192}" 
Ref4.5,C4.4,WcD0F331710291300_04.ce,51,0.24417674734187525,"{1, 2, 3, 4, 9, 10, 11, 12, 13, 14, 16, 21, 33, 34, 38, 40, 41, 42, 48, 49, 50, 51, 52, 59, 60, 61, 63, 66, 76, 87, 88, 89, 90, 91, 105, 108, 116, 121, 130, 148, 154, 155, 156, 159, 160, 162, 163, 166, 181, 182, 193}" 
Ref4.5,C4.4,WcD0F331710291315_04.ce,52,0.21384631375205992,"{1, 2, 5, 6, 7, 8, 10, 11, 12, 24, 27, 29, 30, 31, 32, 33, 34, 36, 38, 41, 51, 55, 62, 65, 66, 67, 68, 69, 80, 81, 82, 92, 104, 105, 107, 108, 119, 120, 121, 134, 135, 150, 155, 156, 157, 169, 170, 175, 176, 182, 183, 184}" 
Ref4.5,C4.4,WcD0F331710291330_04.ce,52,0.2237784496663618,"{1, 4, 5, 11, 14, 16, 18, 19, 20, 23, 24, 28, 32, 33, 43, 47, 48, 63, 65, 66, 68, 69, 70, 90, 91, 116, 117, 118, 122, 123, 130, 136, 140, 141, 142, 143, 144, 159, 160, 161, 182, 183, 184, 185, 186, 187, 188, 189, 190, 191, 192, 193}" 
Ref4.5,C4.4,WcD0F331710291345_04.ce,56,0.22547058629906877,"{1, 2, 8, 11, 27, 28, 32, 33, 34, 35, 37, 38, 39, 45, 47, 50, 51, 56, 57, 60, 66, 67, 69, 77, 78, 80, 81, 82, 83, 96, 97, 98, 99, 100, 101, 102, 103, 104, 105, 106, 107, 108, 133, 134, 144, 149, 157, 168, 169, 170, 171, 172, 173, 177, 178, 183}" 
Ref4.5,C4.5,WcD0A001710291300_08.ce,49,0.22051115348423456,"{1, 2, 3, 4, 5, 9, 11, 12, 14, 15, 33, 34, 41, 42, 43, 49, 50, 51, 52, 60, 61, 62, 66, 67, 76, 87, 88, 89, 90, 91, 92, 93, 106, 108, 121, 130, 131, 152, 155, 156, 157, 160, 162, 163, 164, 167, 182, 193, 194}" 
Ref4.5,C4.5,WcD0A001710291315_08.ce,46,0.21827492252181965,"{1, 5, 6, 7, 11, 17, 26, 28, 29, 30, 31, 32, 36, 38, 41, 49, 50, 62, 63, 65, 66, 67, 69, 81, 82, 92, 104, 105, 107, 108, 119, 120, 121, 134, 135, 150, 154, 155, 156, 157, 169, 170, 176, 182, 183, 187}" 
Ref4.5,C4.5,WcD0A001710291330_08.ce,50,0.2146043101709506,"{2, 5, 6, 13, 17, 19, 20, 21, 24, 25, 33, 43, 51, 52, 66, 67, 68, 69, 70, 71, 72, 90, 91, 117, 118, 123, 124, 131, 132, 136, 137, 140, 141, 142, 143, 144, 145, 160, 161, 183, 184, 185, 186, 187, 188, 189, 190, 191, 192, 193}" 
Ref4.5,C4.5,WcD0A001710291345_08.ce,56,0.2190384115075533,"{1, 2, 3, 9, 28, 33, 34, 35, 37, 38, 39, 40, 45, 47, 51, 52, 57, 58, 60, 67, 77, 78, 80, 81, 82, 83, 84, 87, 96, 97, 98, 99, 100, 101, 102, 103, 104, 105, 106, 107, 108, 124, 134, 135, 147, 150, 158, 169, 170, 171, 172, 173, 175, 176, 183, 184}" 
Ref4.5,C4.4,WcD0F331710291400_04.ce,56,0.23731145844222712,"{1, 2, 3, 4, 5, 8, 12, 13, 20, 21, 23, 24, 27, 28, 29, 30, 39, 40, 41, 47, 49, 50, 51, 53, 54, 55, 56, 58, 73, 74, 91, 96, 117, 120, 164, 167, 169, 171, 172, 173, 174, 175, 176, 177, 179, 180, 181, 183, 185, 188, 189, 190, 191, 192, 193, 194}" 
Ref4.5,C4.4,WcD0F331710291415_04.ce,43,0.2319648401449666,"{3, 11, 12, 14, 16, 18, 19, 20, 21, 26, 27, 28, 29, 30, 32, 33, 38, 39, 41, 42, 43, 45, 47, 52, 54, 56, 58, 59, 62, 72, 94, 95, 97, 99, 100, 101, 102, 113, 144, 146, 150, 171, 185}" 
Ref4.5,C4.4,WcD0F331710291430_04.ce,22,0.22421262927397706,"{29, 35, 51, 52, 54, 67, 71, 76, 78, 85, 87, 88, 89, 98, 127, 135, 147, 152, 162, 179, 192, 193}" 
Ref4.5,C4.4,WcD0F331710291445_04.ce,29,0.2132841195657318,"{7, 8, 9, 12, 22, 52, 53, 54, 55, 61, 64, 86, 127, 136, 137, 138, 140, 153, 161, 162, 163, 164, 165, 166, 173, 174, 178, 179, 181}" 
Ref4.5,C4.5,WcD0A001710291400_08.ce,50,0.22537706315428122,"{1, 2, 3, 4, 8, 12, 19, 20, 23, 24, 26, 27, 28, 29, 34, 36, 37, 40, 49, 53, 54, 55, 56, 73, 74, 96, 97, 108, 109, 120, 163, 166, 168, 169, 172, 173, 175, 176, 177, 178, 179, 180, 182, 186, 187, 188, 189, 190, 191, 193}" 
Ref4.5,C4.5,WcD0A001710291415_08.ce,45,0.22582254503003124,"{9, 15, 17, 18, 19, 20, 27, 28, 29, 30, 31, 32, 34, 35, 36, 39, 40, 42, 43, 44, 47, 48, 49, 53, 54, 55, 56, 58, 63, 72, 95, 96, 98, 99, 100, 101, 114, 135, 142, 146, 147, 148, 154, 176, 186}" 
Ref4.5,C4.5,WcD0A001710291430_08.ce,20,0.21133707948775482,"{4, 11, 29, 51, 67, 70, 71, 75, 78, 83, 87, 88, 103, 121, 130, 151, 152, 178, 191, 193}" 
Ref4.5,C4.5,WcD0A001710291445_08.ce,29,0.21109441393152273,"{7, 8, 9, 12, 22, 38, 51, 53, 54, 56, 57, 70, 84, 123, 126, 133, 136, 137, 140, 153, 161, 162, 163, 164, 165, 173, 177, 178, 181}" 
Ref4.5,C4.4,WcD0F331710291500_04.ce,25,0.23383179843256227,"{1, 2, 3, 12, 17, 18, 24, 29, 31, 34, 57, 62, 71, 79, 83, 99, 115, 120, 125, 127, 129, 160, 162, 163, 173}" 
Ref4.5,C4.4,WcD0F331710291515_04.ce,16,0.21755788174550436,"{37, 38, 50, 75, 78, 79, 80, 81, 98, 103, 104, 108, 109, 121, 181, 182}" 
Ref4.5,C4.4,WcD0F331710291530_04.ce,58,0.21335403058286176,"{2, 3, 4, 24, 26, 27, 29, 31, 33, 35, 36, 37, 38, 39, 40, 41, 42, 43, 44, 45, 46, 50, 64, 68, 78, 79, 80, 81, 84, 87, 119, 121, 122, 123, 132, 133, 134, 135, 136, 137, 150, 151, 152, 153, 157, 162, 163, 165, 166, 167, 168, 169, 170, 171, 172, 173, 174, 180}" 
Ref4.5,C4.4,WcD0F331710291545_04.ce,57,0.23369925345834688,"{8, 9, 22, 23, 25, 26, 27, 28, 29, 33, 35, 37, 42, 45, 46, 51, 54, 59, 65, 74, 85, 89, 90, 91, 92, 94, 96, 97, 111, 113, 114, 115, 116, 119, 125, 126, 139, 143, 144, 148, 150, 151, 153, 160, 161, 165, 166, 167, 171, 175, 178, 179, 186, 187, 191, 192, 193}" 
Ref4.5,C4.5,WcD0A001710291500_08.ce,15,0.2244945776608119,"{1, 2, 3, 4, 13, 18, 25, 30, 58, 70, 84, 92, 126, 161, 163}" 
Ref4.5,C4.5,WcD0A001710291515_08.ce,14,0.21493328448949564,"{37, 54, 74, 78, 81, 86, 99, 103, 108, 109, 121, 181, 182, 193}" 
Ref4.5,C4.5,WcD0A001710291530_08.ce,47,0.21756300198577266,"{1, 2, 3, 24, 26, 31, 34, 35, 36, 37, 38, 39, 40, 41, 42, 44, 49, 63, 65, 67, 78, 79, 83, 85, 87, 122, 133, 134, 135, 136, 149, 150, 151, 152, 157, 162, 163, 165, 166, 167, 168, 169, 170, 171, 172, 173, 179}" 
Ref4.5,C4.5,WcD0A001710291545_08.ce,45,0.23268393838335136,"{9, 10, 23, 24, 26, 27, 28, 33, 42, 43, 46, 47, 51, 54, 55, 60, 70, 90, 91, 92, 95, 98, 114, 115, 119, 120, 126, 144, 145, 150, 158, 162, 166, 168, 169, 171, 172, 176, 179, 181, 187, 188, 192, 193, 194}" 
Ref4.5,C4.4,WcD0F331710291600_04.ce,46,0.2315937127055036,"{1, 2, 3, 18, 21, 24, 27, 29, 30, 33, 34, 36, 37, 38, 41, 62, 63, 64, 72, 73, 76, 84, 89, 90, 93, 100, 106, 107, 123, 132, 133, 135, 162, 163, 164, 165, 167, 168, 169, 170, 172, 178, 181, 191, 192, 193}" 
Ref4.5,C4.4,WcD0F331710291615_04.ce,49,0.22609743097587837,"{3, 9, 10, 11, 15, 16, 21, 22, 24, 25, 27, 35, 36, 37, 38, 58, 59, 60, 61, 64, 65, 66, 83, 86, 95, 96, 97, 98, 100, 103, 105, 106, 107, 110, 114, 135, 144, 147, 148, 151, 152, 154, 174, 183, 184, 185, 186, 188, 194}" 
Ref4.5,C4.4,WcD0F331710291630_04.ce,61,0.23081353273008082,"{8, 10, 11, 21, 24, 25, 26, 27, 28, 29, 31, 33, 34, 35, 40, 51, 53, 54, 56, 65, 66, 67, 75, 76, 77, 82, 84, 86, 91, 101, 106, 115, 116, 117, 118, 119, 121, 122, 123, 124, 125, 126, 127, 129, 131, 132, 133, 134, 135, 136, 142, 144, 145, 146, 147, 175, 176, 177, 178, 179, 182}" 
Ref4.5,C4.4,WcD0F331710291645_04.ce,47,0.2267374784144091,"{1, 6, 7, 8, 9, 12, 14, 15, 20, 23, 33, 36, 50, 58, 69, 70, 71, 72, 73, 74, 92, 93, 95, 96, 97, 98, 99, 104, 105, 115, 116, 136, 138, 145, 146, 153, 155, 159, 164, 173, 174, 179, 181, 182, 183, 187, 192}" 
Ref4.5,C4.5,WcD0A001710291600_08.ce,42,0.2212232581492781,"{1, 2, 3, 22, 23, 25, 26, 27, 29, 30, 33, 35, 36, 39, 40, 49, 62, 63, 64, 65, 72, 75, 84, 86, 88, 89, 90, 91, 99, 107, 108, 133, 162, 163, 164, 167, 168, 169, 170, 175, 183, 191}" 
Ref4.5,C4.5,WcD0A001710291615_08.ce,42,0.2170879699146625,"{3, 8, 9, 10, 12, 14, 15, 17, 21, 24, 25, 35, 36, 37, 40, 52, 57, 58, 60, 64, 65, 66, 83, 86, 95, 96, 97, 98, 103, 105, 106, 109, 110, 113, 114, 147, 151, 159, 182, 183, 185, 186}" 
Ref4.5,C4.5,WcD0A001710291630_08.ce,45,0.2302966084654901,"{1, 5, 21, 25, 26, 27, 28, 30, 34, 35, 36, 39, 53, 54, 66, 67, 83, 85, 92, 95, 97, 102, 106, 107, 116, 117, 118, 119, 120, 122, 126, 129, 132, 133, 134, 135, 136, 145, 146, 175, 176, 177, 178, 179, 193}" 
Ref4.5,C4.5,WcD0A001710291645_08.ce,40,0.22445643734213352,"{1, 6, 8, 12, 14, 15, 32, 41, 46, 49, 50, 57, 58, 65, 68, 70, 71, 72, 91, 93, 95, 96, 97, 104, 115, 119, 122, 123, 130, 131, 138, 145, 153, 155, 158, 164, 173, 181, 183, 187}" 
Ref4.5,C4.4,WcD0F331710291700_04.ce,16,0.18956359893753016,"{1, 2, 3, 5, 6, 7, 29, 78, 84, 113, 117, 142, 163, 176, 179, 189}" 
Ref4.5,C4.4,WcD0F331710291715_04.ce,12,0.17901405178496752,"{1, 2, 3, 35, 36, 41, 105, 127, 128, 136, 167, 185}" 
Ref4.5,C4.4,WcD0F331710291730_04.ce,20,0.19766715242929322,"{17, 19, 20, 24, 25, 28, 29, 32, 33, 63, 66, 67, 77, 81, 112, 114, 117, 148, 153, 190}" 
Ref4.5,C4.4,WcD0F331710291745_04.ce,17,0.18060709377470624,"{14, 40, 41, 42, 43, 44, 46, 66, 74, 75, 86, 91, 92, 95, 96, 97, 98}" 
Ref4.5,C4.5,WcD0A001710291700_08.ce,15,0.186707167842458,"{1, 2, 3, 4, 6, 7, 91, 103, 114, 131, 143, 177, 180, 189, 190}" 
Ref4.5,C4.5,WcD0A001710291715_08.ce,9,0.18544617361957053,"{2, 35, 37, 99, 126, 128, 137, 186, 189}" 
Ref4.5,C4.5,WcD0A001710291730_08.ce,20,0.19709467789910473,"{17, 19, 23, 24, 25, 28, 29, 31, 32, 56, 63, 67, 77, 81, 112, 123, 152, 153, 190, 191}" 
Ref4.5,C4.5,WcD0A001710291745_08.ce,20,0.17468516954567984,"{15, 20, 150, 40, 41, 42, 43, 44, 73, 75, 76, 84, 86, 92, 93, 95, 96, 97, 98, 99}" 
Ref4.5,C4.4,WcD0F331710291800_04.ce,16,0.17784334318750467,"{1, 2, 3, 4, 40, 126, 127, 130, 131, 132, 135, 167, 169, 176, 185, 191}" 
Ref4.5,C4.4,WcD0F331710291815_04.ce,42,0.20996450186043247,"{35, 41, 43, 45, 47, 51, 54, 55, 69, 74, 76, 77, 84, 85, 134, 136, 143, 150, 151, 153, 157, 161, 163, 164, 165, 166, 167, 168, 169, 170, 173, 174, 176, 183, 184, 185, 186, 187, 191, 192, 193, 194}" 
Ref4.5,C4.4,WcD0F331710291830_04.ce,51,0.22131431443239166,"{1, 2, 3, 4, 5, 6, 7, 9, 30, 34, 36, 40, 41, 43, 44, 48, 50, 51, 52, 54, 55, 56, 57, 62, 63, 65, 66, 74, 95, 99, 101, 102, 103, 104, 105, 110, 111, 128, 140, 144, 148, 151, 152, 154, 157, 158, 165, 166, 175, 179, 180}" 
Ref4.5,C4.4,WcD0F331710291845_04.ce,27,0.22093572324543623,"{21, 25, 27, 51, 52, 53, 56, 57, 58, 59, 67, 119, 120, 121, 136, 137, 139, 142, 144, 147, 167, 183, 188, 190, 191, 192, 193}" 
Ref4.5,C4.5,WcD0A001710291800_08.ce,13,0.18025066365754316,"{1, 2, 3, 4, 126, 127, 129, 130, 132, 135, 177, 185, 190}" 
Ref4.5,C4.5,WcD0A001710291815_08.ce,33,0.22019876163639004,"{35, 38, 40, 42, 43, 46, 48, 68, 73, 75, 76, 83, 84, 85, 150, 160, 163, 164, 165, 166, 168, 169, 170, 173, 174, 176, 183, 184, 185, 186, 191, 192, 193}" 
Ref4.5,C4.5,WcD0A001710291830_08.ce,41,0.22102286281505304,"{1, 2, 3, 4, 7, 8, 13, 30, 34, 35, 36, 37, 41, 42, 44, 50, 51, 52, 54, 55, 57, 63, 64, 66, 75, 86, 94, 96, 102, 103, 105, 111, 139, 148, 151, 152, 153, 158, 159, 167, 180}" 
Ref4.5,C4.5,WcD0A001710291845_08.ce,23,0.22330713517156195,"{3, 19, 24, 37, 50, 51, 52, 56, 58, 67, 116, 119, 120, 124, 136, 139, 141, 142, 146, 167, 190, 191, 193}" 
Ref4.5,C4.4,WcD0F331710291900_04.ce,23,0.17216339249300872,"{1, 4, 10, 11, 15, 17, 18, 20, 21, 22, 24, 97, 111, 112, 113, 145, 153, 167, 178, 179, 180, 181, 191}" 
Ref4.5,C4.4,WcD0F331710291915_04.ce,22,0.18712327536373696,"{32, 36, 82, 108, 114, 116, 117, 118, 122, 126, 131, 135, 136, 139, 140, 149, 160, 186, 187, 188, 189, 190}" 
Ref4.5,C4.4,WcD0F331710291930_04.ce,19,0.17654067282882405,"{10, 11, 31, 50, 51, 52, 53, 54, 55, 58, 69, 125, 129, 141, 153, 159, 184, 185, 193}" 
Ref4.5,C4.4,WcD0F331710291945_04.ce,21,0.17428068319050524,"{2, 3, 6, 10, 11, 19, 25, 26, 29, 31, 105, 107, 112, 113, 114, 142, 150, 189, 190, 192, 193}" 
Ref4.5,C4.5,WcD0A001710291900_08.ce,16,0.1705099959394046,"{10, 16, 19, 20, 21, 23, 24, 96, 111, 112, 144, 145, 167, 178, 179, 180}" 
Ref4.5,C4.5,WcD0A001710291915_08.ce,16,0.18707669321622605,"{16, 25, 30, 32, 83, 91, 114, 123, 126, 131, 136, 140, 141, 150, 188, 189}" 
Ref4.5,C4.5,WcD0A001710291930_08.ce,10,0.17029314329919112,"{10, 13, 49, 50, 54, 68, 125, 153, 180, 184}" 
Ref4.5,C4.5,WcD0A001710291945_08.ce,16,0.1791666037118853,"{3, 6, 12, 19, 26, 27, 31, 32, 106, 108, 113, 114, 147, 189, 190, 193}" 
Ref4.5,C4.4,WcD0F331710292000_04.ce,3,0.15476636501135013,"{103, 130, 131}" 
Ref4.5,C4.4,WcD0F331710292015_04.ce,4,0.14885277037651817,"{66, 67, 68, 167}" 
Ref4.5,C4.4,WcD0F331710292030_04.ce,10,0.1798030436450918,"{12, 18, 20, 21, 22, 24, 29, 30, 31, 152}" 
Ref4.5,C4.4,WcD0F331710292045_04.ce,9,0.14888431790151122,"{42, 43, 68, 69, 70, 71, 73, 140, 168}" 
Ref4.5,C4.5,WcD0A001710292000_08.ce,3,0.16868296309413172,"{1, 104, 131}" 
Ref4.5,C4.5,WcD0A001710292015_08.ce,3,0.15462054725366395,"{66, 67, 167}" 
Ref4.5,C4.5,WcD0A001710292030_08.ce,5,0.16342992973610215,"{21, 22, 23, 30, 152}" 
Ref4.5,C4.5,WcD0A001710292045_08.ce,5,0.14466535747763704,"{42, 68, 69, 70, 168}" 
Ref4.5,C4.4,WcD0F331710292100_04.ce,44,0.23239628067781226,"{1, 2, 4, 5, 6, 7, 8, 9, 10, 25, 27, 28, 29, 35, 40, 51, 58, 60, 61, 76, 93, 98, 103, 104, 111, 115, 116, 118, 124, 128, 129, 130, 135, 136, 140, 141, 155, 159, 171, 172, 186, 187, 188, 189}" 
Ref4.5,C4.4,WcD0F331710292115_04.ce,35,0.21687189660247408,"{14, 15, 17, 18, 25, 26, 35, 36, 51, 52, 56, 57, 58, 59, 61, 73, 76, 86, 87, 88, 89, 90, 93, 94, 95, 96, 97, 107, 108, 109, 110, 111, 112, 124, 125}" 
Ref4.5,C4.4,WcD0F331710292130_04.ce,33,0.22887486401787943,"{17, 24, 26, 37, 39, 40, 41, 42, 44, 52, 67, 72, 77, 78, 101, 105, 112, 120, 121, 126, 132, 152, 153, 154, 155, 156, 157, 159, 164, 174, 176, 190, 191}" 
Ref4.5,C4.4,WcD0F331710292145_04.ce,56,0.23217203872129696,"{3, 14, 15, 16, 17, 18, 19, 20, 23, 24, 26, 29, 34, 38, 51, 53, 55, 56, 58, 62, 64, 67, 68, 69, 70, 71, 74, 75, 76, 77, 79, 80, 90, 92, 101, 105, 106, 107, 116, 117, 139, 140, 142, 143, 144, 149, 150, 157, 163, 164, 165, 178, 179, 184, 191, 192}" 
Ref4.5,C4.5,WcD0A001710292100_08.ce,35,0.2196691875086266,"{1, 2, 5, 7, 8, 9, 10, 23, 25, 27, 28, 29, 51, 58, 59, 61, 73, 76, 95, 102, 104, 115, 116, 128, 129, 135, 136, 140, 142, 170, 171, 185, 186, 187, 188}" 
Ref4.5,C4.5,WcD0A001710292115_08.ce,35,0.20966633130704676,"{15, 16, 18, 26, 27, 36, 37, 43, 51, 52, 57, 58, 60, 73, 74, 86, 87, 88, 89, 90, 91, 94, 95, 96, 97, 107, 108, 109, 110, 111, 112, 113, 125, 174, 185}" 
Ref4.5,C4.5,WcD0A001710292130_08.ce,23,0.2280645285426605,"{6, 16, 23, 28, 39, 40, 41, 43, 54, 67, 72, 73, 77, 89, 100, 111, 120, 121, 152, 153, 154, 155, 156}" 
Ref4.5,C4.5,WcD0A001710292145_08.ce,46,0.22800990684513175,"{14, 15, 16, 17, 18, 19, 23, 25, 29, 33, 34, 38, 42, 51, 54, 55, 58, 67, 68, 69, 70, 73, 74, 75, 76, 77, 79, 80, 85, 90, 91, 105, 106, 116, 138, 139, 142, 143, 145, 149, 157, 162, 163, 164, 178, 191}" 
Ref4.5,C4.4,WcD0F331710292200_04.ce,48,0.22848136139162786,"{1, 2, 3, 20, 23, 24, 25, 27, 28, 35, 40, 42, 44, 46, 47, 49, 52, 53, 55, 56, 69, 70, 71, 73, 74, 75, 76, 78, 85, 95, 96, 98, 99, 102, 103, 105, 119, 120, 122, 123, 128, 130, 137, 149, 166, 167, 175, 188}" 
Ref4.5,C4.4,WcD0F331710292215_04.ce,58,0.21795809000843977,"{2, 3, 4, 6, 25, 26, 27, 28, 29, 30, 32, 33, 38, 40, 41, 46, 47, 48, 53, 55, 57, 58, 61, 71, 72, 74, 75, 76, 77, 79, 80, 81, 82, 83, 84, 85, 96, 99, 100, 103, 104, 108, 109, 120, 127, 128, 149, 165, 166, 171, 172, 173, 174, 177, 187, 188, 190, 191}" 
Ref4.5,C4.4,WcD0F331710292230_04.ce,46,0.22749743629692318,"{11, 14, 19, 31, 44, 52, 59, 60, 61, 65, 66, 67, 68, 70, 75, 76, 77, 79, 85, 88, 89, 90, 92, 93, 94, 95, 98, 101, 102, 105, 106, 123, 126, 138, 139, 146, 147, 148, 149, 153, 178, 179, 180, 185, 186, 193}" 
Ref4.5,C4.4,WcD0F331710292245_04.ce,34,0.20480771624273433,"{9, 11, 14, 25, 33, 43, 44, 47, 48, 49, 52, 53, 54, 58, 87, 88, 97, 102, 103, 109, 113, 115, 132, 148, 160, 161, 166, 167, 168, 173, 177, 189, 190, 193}" 
Ref4.5,C4.5,WcD0A001710292200_08.ce,51,0.21456879251065106,"{1, 2, 3, 4, 24, 25, 27, 28, 36, 38, 39, 40, 41, 43, 45, 47, 48, 50, 53, 54, 56, 57, 70, 71, 72, 73, 74, 75, 76, 81, 86, 91, 96, 97, 99, 100, 103, 105, 120, 121, 123, 124, 125, 128, 131, 137, 138, 150, 167, 168, 175}" 
Ref4.5,C4.5,WcD0A001710292215_08.ce,48,0.2071056324786538,"{2, 3, 25, 26, 28, 29, 32, 34, 39, 40, 45, 47, 53, 55, 57, 68, 71, 74, 75, 76, 77, 79, 80, 81, 82, 83, 84, 85, 96, 98, 99, 103, 108, 109, 127, 128, 147, 149, 165, 171, 172, 173, 175, 177, 186, 187, 188, 190}" 
Ref4.5,C4.5,WcD0A001710292230_08.ce,46,0.21287888929885188,"{30, 31, 36, 44, 57, 60, 64, 65, 66, 67, 68, 70, 74, 75, 76, 78, 79, 88, 89, 90, 93, 94, 95, 98, 100, 101, 105, 115, 126, 137, 138, 139, 147, 148, 149, 152, 153, 174, 177, 178, 179, 180, 182, 184, 185, 186}" 
Ref4.5,C4.5,WcD0A001710292245_08.ce,29,0.2128638746348136,"{1, 2, 44, 49, 53, 54, 56, 63, 88, 97, 103, 104, 116, 133, 140, 142, 149, 152, 161, 162, 163, 168, 169, 172, 177, 178, 184, 190, 191}" 
Ref4.5,C4.4,WcD0F331710292300_04.ce,22,0.20106517076220504,"{1, 2, 3, 4, 5, 7, 10, 11, 12, 13, 17, 18, 19, 21, 147, 148, 169, 170, 171, 67, 124, 127}" 
Ref4.5,C4.4,WcD0F331710292315_04.ce,4,0.19475989939488655,"{79, 156, 179, 182}" 
Ref4.5,C4.4,WcD0F331710292330_04.ce,5,0.1910583904165996,"{62, 80, 87, 127, 171}" 
Ref4.5,C4.4,WcD0F331710292345_04.ce,9,0.2108977367090294,"{10, 14, 20, 21, 59, 92, 115, 120, 140}" 
Ref4.5,C4.5,WcD0A001710292300_08.ce,15,0.21561972910183708,"{1, 2, 3, 7, 10, 11, 12, 13, 18, 19, 146, 147, 169, 170, 129}" 
Ref4.5,C4.5,WcD0A001710292315_08.ce,3,0.18964398934227236,"{80, 125, 183}" 
Ref4.5,C4.5,WcD0A001710292330_08.ce,3,0.18737334555264448,"{64, 179, 88}" 
Ref4.5,C4.5,WcD0A001710292345_08.ce,6,0.1968827882881269,"{14, 20, 21, 144, 140, 121}" 
