Ref4.5,C4.4,WcD08D01710260000_03.ce,60,0.23530907038814317,"{1, 2, 3, 4, 5, 6, 7, 15, 24, 25, 26, 28, 30, 31, 33, 38, 39, 40, 41, 45, 52, 53, 58, 61, 62, 66, 67, 70, 71, 78, 94, 102, 110, 112, 113, 118, 120, 122, 123, 124, 125, 126, 128, 131, 137, 138, 139, 140, 142, 143, 147, 151, 160, 161, 171, 172, 173, 182, 184, 186}"
Ref4.5,C4.4,WcD08D01710260015_03.ce,41,0.21761521678109996,"{1, 3, 4, 5, 12, 13, 15, 22, 23, 24, 25, 27, 29, 30, 32, 33, 34, 35, 37, 41, 42, 44, 45, 46, 47, 48, 49, 66, 76, 105, 116, 123, 168, 169, 175, 178, 181, 190, 192, 194, 197}"
Ref4.5,C4.4,WcD08D01710260030_03.ce,51,0.2307552249222284,"{6, 7, 8, 10, 11, 12, 16, 17, 29, 32, 34, 36, 39, 41, 42, 43, 44, 45, 47, 48, 49, 53, 61, 63, 66, 70, 71, 73, 75, 78, 81, 83, 85, 91, 94, 95, 98, 100, 101, 103, 118, 126, 143, 148, 150, 153, 155, 171, 179, 180, 185}"
Ref4.5,C4.4,WcD08D01710260045_03.ce,12,0.1922412646139863,"{40, 41, 42, 82, 83, 84, 134, 151, 153, 156, 184, 185}"
Ref4.5,C4.5,WcD0F391710260000_01.ce,50,0.23145258980629857,"{1, 2, 3, 12, 13, 21, 22, 23, 24, 26, 27, 28, 30, 35, 36, 37, 38, 42, 55, 58, 59, 67, 91, 94, 99, 106, 107, 108, 114, 119, 120, 121, 122, 123, 128, 133, 134, 135, 136, 138, 140, 149, 156, 157, 159, 168, 170, 179, 182, 193}"
Ref4.5,C4.5,WcD0F391710260015_01.ce,48,0.2059267738997085,"{1, 2, 9, 10, 11, 14, 15, 16, 18, 19, 20, 21, 23, 26, 27, 28, 29, 30, 31, 32, 34, 37, 38, 40, 41, 42, 43, 44, 45, 47, 48, 55, 72, 73, 112, 119, 120, 132, 139, 160, 165, 166, 171, 177, 179, 188, 190, 191}"
Ref4.5,C4.5,WcD0F391710260030_01.ce,43,0.23880404931275287,"{1, 8, 10, 12, 17, 19, 29, 41, 43, 47, 48, 49, 50, 53, 66, 71, 72, 73, 75, 83, 84, 85, 89, 92, 93, 95, 99, 100, 101, 104, 105, 106, 107, 112, 116, 118, 126, 143, 180, 181, 185, 186, 192}"
Ref4.5,C4.5,WcD0F391710260045_01.ce,9,0.18763774296452332,"{31, 33, 34, 75, 76, 146, 172, 177, 186}"
Ref4.5,C4.4,WcD08D01710260100_03.ce,62,0.22924154190286805,"{1, 2, 3, 4, 5, 6, 7, 24, 25, 27, 28, 32, 33, 34, 35, 36, 65, 66, 70, 71, 76, 79, 80, 84, 94, 95, 96, 97, 98, 99, 107, 108, 119, 126, 127, 128, 129, 130, 131, 132, 134, 135, 136, 137, 138, 139, 140, 141, 163, 166, 172, 175, 176, 177, 178, 179, 180, 181, 182, 183, 184, 185}"
Ref4.5,C4.4,WcD08D01710260115_03.ce,8,0.20250869380675457,"{19, 21, 28, 119, 140, 142, 144, 145}"
Ref4.5,C4.4,WcD08D01710260130_03.ce,35,0.19325422623197802,"{7, 41, 96, 97, 98, 99, 102, 103, 104, 105, 108, 109, 110, 111, 114, 115, 122, 124, 125, 130, 131, 132, 133, 139, 140, 141, 143, 145, 146, 147, 148, 149, 150, 151, 162}"
Ref4.5,C4.4,WcD08D01710260145_03.ce,86,0.24430541695876842,"{1, 10, 11, 12, 19, 27, 28, 29, 30, 32, 33, 34, 35, 36, 37, 38, 39, 40, 42, 43, 44, 48, 50, 51, 53, 59, 60, 61, 62, 63, 64, 66, 67, 68, 72, 73, 74, 77, 81, 82, 83, 85, 86, 88, 91, 92, 94, 95, 96, 97, 98, 99, 103, 106, 107, 108, 109, 114, 115, 116, 117, 118, 119, 120, 122, 127, 128, 129, 130, 131, 135, 136, 137, 139, 147, 148, 150, 166, 167, 168, 169, 173, 175, 176, 191, 192}"
Ref4.5,C4.5,WcD0F391710260100_01.ce,61,0.21624176959458843,"{1, 2, 3, 4, 5, 23, 24, 25, 28, 29, 30, 31, 32, 33, 45, 60, 61, 62, 64, 66, 67, 74, 75, 76, 91, 93, 94, 95, 103, 123, 124, 125, 126, 127, 128, 129, 130, 131, 132, 133, 134, 135, 136, 137, 139, 159, 162, 163, 169, 171, 172, 173, 174, 175, 176, 177, 178, 179, 180, 181, 182}"
Ref4.5,C4.5,WcD0F391710260115_01.ce,5,0.19626760278959385,"{140, 143, 17, 18, 24}"
Ref4.5,C4.5,WcD0F391710260130_01.ce,35,0.18820956848317585,"{6, 96, 97, 99, 103, 104, 105, 106, 107, 108, 110, 114, 117, 121, 122, 124, 125, 130, 131, 132, 133, 135, 139, 140, 142, 143, 145, 146, 147, 148, 150, 152, 162, 187, 190}"
Ref4.5,C4.5,WcD0F391710260145_01.ce,84,0.23917693085473005,"{5, 7, 15, 25, 26, 28, 30, 31, 32, 33, 34, 35, 38, 39, 45, 46, 47, 48, 50, 55, 56, 57, 58, 59, 61, 62, 63, 64, 65, 68, 69, 72, 75, 77, 79, 81, 84, 87, 90, 91, 92, 93, 94, 95, 97, 99, 102, 103, 106, 109, 110, 111, 112, 113, 114, 115, 117, 118, 122, 123, 124, 125, 126, 128, 130, 131, 132, 135, 139, 142, 143, 144, 146, 162, 163, 164, 168, 170, 171, 172, 180, 185, 186, 187}"
Ref4.5,C4.4,WcD08D01710260200_03.ce,52,0.2156166842368334,"{1, 2, 3, 4, 5, 6, 7, 8, 24, 27, 28, 32, 33, 34, 35, 36, 54, 64, 65, 66, 70, 71, 76, 78, 79, 80, 94, 95, 97, 98, 99, 106, 108, 119, 127, 128, 129, 130, 131, 132, 133, 134, 135, 136, 137, 138, 139, 140, 141, 143, 163, 170}"
Ref4.5,C4.4,WcD08D01710260215_03.ce,23,0.17888767394289182,"{11, 16, 26, 27, 32, 52, 60, 97, 101, 106, 121, 130, 131, 140, 141, 171, 172, 182, 183, 184, 185, 186, 187}"
Ref4.5,C4.4,WcD08D01710260230_03.ce,26,0.17328775922173356,"{15, 16, 18, 19, 21, 23, 24, 25, 26, 27, 32, 68, 75, 77, 100, 105, 155, 156, 157, 158, 162, 165, 170, 171, 172, 173}"
Ref4.5,C4.4,WcD08D01710260245_03.ce,17,0.168043265778317,"{9, 12, 14, 15, 16, 54, 55, 56, 58, 64, 85, 86, 88, 90, 91, 105, 160}"
Ref4.5,C4.5,WcD0F391710260200_01.ce,42,0.20200702337382856,"{1, 2, 3, 22, 23, 24, 28, 29, 30, 31, 32, 59, 61, 63, 65, 66, 73, 74, 76, 90, 92, 94, 95, 102, 103, 122, 123, 124, 125, 126, 127, 128, 129, 130, 131, 132, 133, 134, 135, 136, 138, 158}"
Ref4.5,C4.5,WcD0F391710260215_01.ce,21,0.15174161725076504,"{9, 10, 14, 21, 25, 42, 50, 81, 99, 119, 120, 124, 125, 139, 169, 170, 180, 181, 182, 183, 185}"
Ref4.5,C4.5,WcD0F391710260230_01.ce,22,0.1487974555921972,"{14, 18, 19, 20, 22, 24, 25, 26, 52, 67, 74, 76, 100, 102, 154, 155, 156, 157, 162, 170, 171, 172}"
Ref4.5,C4.5,WcD0F391710260245_01.ce,13,0.14523645465665067,"{7, 11, 51, 52, 54, 81, 86, 87, 97, 98, 146, 147, 155}"
Ref4.5,C4.4,WcD08D01710260300_03.ce,53,0.22703494678568303,"{1, 2, 3, 4, 5, 6, 7, 8, 20, 37, 38, 41, 42, 43, 44, 46, 50, 52, 53, 54, 57, 62, 70, 74, 78, 82, 83, 114, 122, 123, 124, 125, 132, 135, 136, 138, 139, 144, 149, 150, 151, 152, 154, 155, 156, 159, 172, 175, 183, 184, 185, 194, 195}"
Ref4.5,C4.4,WcD08D01710260315_03.ce,80,0.24597538898876034,"{1, 9, 11, 12, 13, 14, 23, 26, 27, 28, 29, 30, 31, 32, 33, 34, 35, 36, 37, 38, 39, 40, 41, 42, 43, 44, 51, 52, 53, 54, 59, 60, 61, 62, 63, 71, 72, 73, 74, 79, 80, 81, 86, 87, 88, 89, 91, 92, 93, 94, 99, 100, 107, 108, 110, 114, 115, 123, 124, 130, 133, 136, 137, 147, 148, 149, 150, 156, 157, 159, 171, 172, 176, 178, 180, 183, 184, 185, 186, 189}"
Ref4.5,C4.4,WcD08D01710260330_03.ce,78,0.20620252913906703,"{3, 4, 5, 6, 9, 10, 11, 13, 14, 19, 30, 31, 32, 33, 35, 37, 38, 39, 40, 41, 42, 43, 44, 45, 46, 47, 51, 53, 54, 56, 57, 58, 75, 85, 86, 105, 120, 124, 125, 129, 132, 134, 137, 138, 139, 140, 141, 142, 143, 145, 148, 149, 150, 151, 152, 153, 154, 155, 156, 158, 159, 162, 163, 164, 165, 166, 167, 170, 171, 172, 173, 174, 175, 176, 177, 178, 180, 181}"
Ref4.5,C4.4,WcD08D01710260345_03.ce,45,0.2061746443824334,"{10, 21, 24, 33, 34, 35, 36, 38, 39, 40, 41, 42, 43, 44, 45, 46, 48, 50, 51, 59, 61, 62, 64, 67, 68, 71, 72, 76, 77, 79, 80, 82, 83, 84, 85, 87, 89, 99, 125, 127, 135, 137, 145, 163, 166}"
Ref4.5,C4.5,WcD0F391710260300_01.ce,47,0.2048105532800834,"{1, 2, 3, 16, 23, 24, 32, 33, 34, 35, 38, 40, 46, 48, 49, 53, 66, 70, 73, 74, 75, 77, 78, 86, 102, 109, 110, 117, 119, 131, 133, 139, 144, 145, 146, 147, 148, 150, 151, 167, 168, 170, 179, 181, 183, 190, 193}"
Ref4.5,C4.5,WcD0F391710260315_01.ce,73,0.23718466362516735,"{1, 9, 11, 12, 15, 22, 23, 25, 26, 27, 28, 29, 30, 32, 33, 34, 35, 36, 37, 38, 39, 40, 41, 42, 43, 51, 52, 53, 59, 60, 61, 62, 63, 70, 71, 80, 85, 86, 88, 90, 91, 92, 93, 94, 95, 96, 98, 99, 100, 107, 108, 109, 114, 115, 116, 117, 121, 129, 130, 136, 137, 138, 153, 155, 156, 157, 169, 171, 175, 177, 192, 193, 194}"
Ref4.5,C4.5,WcD0F391710260330_01.ce,56,0.1969116480528341,"{3, 4, 13, 27, 28, 32, 34, 35, 36, 37, 38, 39, 41, 47, 48, 51, 118, 119, 123, 124, 126, 128, 129, 132, 133, 134, 135, 136, 137, 138, 139, 143, 144, 146, 147, 148, 149, 150, 151, 154, 157, 158, 159, 160, 161, 162, 164, 166, 167, 168, 169, 170, 172, 173, 175, 176}"
Ref4.5,C4.5,WcD0F391710260345_01.ce,36,0.19978759018050474,"{16, 20, 29, 30, 31, 34, 36, 37, 39, 40, 41, 46, 47, 53, 54, 56, 62, 64, 65, 67, 71, 73, 75, 77, 78, 79, 80, 94, 120, 122, 131, 132, 140, 158, 191, 192}"
Ref4.5,C4.4,WcD08D01710260400_03.ce,79,0.23859317625190749,"{2, 3, 4, 14, 15, 16, 17, 18, 19, 20, 23, 39, 44, 47, 48, 58, 59, 63, 64, 65, 66, 73, 78, 85, 88, 89, 90, 91, 92, 94, 95, 96, 97, 98, 99, 100, 101, 102, 103, 104, 106, 110, 111, 114, 115, 117, 118, 119, 120, 121, 122, 123, 124, 132, 134, 136, 137, 139, 142, 143, 144, 145, 146, 153, 158, 159, 161, 162, 164, 165, 166, 170, 175, 179, 181, 185, 186, 188, 197}"
Ref4.5,C4.4,WcD08D01710260415_03.ce,50,0.21127120793648207,"{7, 9, 32, 37, 58, 60, 61, 62, 63, 64, 67, 68, 69, 72, 73, 74, 75, 76, 77, 80, 81, 83, 84, 85, 86, 88, 91, 93, 94, 95, 96, 98, 99, 102, 103, 105, 106, 107, 108, 109, 110, 130, 174, 175, 176, 177, 178, 180, 182, 188}"
Ref4.5,C4.4,WcD08D01710260430_03.ce,86,0.2280942084233712,"{13, 14, 15, 21, 30, 31, 35, 36, 37, 38, 45, 46, 52, 53, 54, 55, 57, 58, 60, 61, 62, 63, 64, 65, 66, 67, 68, 85, 87, 88, 89, 90, 91, 93, 97, 99, 100, 101, 102, 103, 104, 106, 110, 111, 112, 114, 115, 116, 118, 119, 120, 121, 122, 123, 124, 125, 126, 127, 128, 129, 132, 133, 134, 138, 139, 140, 141, 142, 143, 148, 155, 156, 157, 158, 159, 161, 162, 163, 164, 168, 169, 170, 188, 189, 190, 194}"
Ref4.5,C4.4,WcD08D01710260445_03.ce,38,0.21390253094017586,"{1, 2, 16, 18, 19, 32, 38, 39, 40, 41, 42, 44, 45, 46, 48, 49, 50, 51, 52, 53, 54, 55, 61, 62, 63, 64, 109, 110, 125, 126, 141, 147, 154, 169, 173, 181, 195, 196}"
Ref4.5,C4.5,WcD0F391710260400_01.ce,77,0.23571910640033403,"{3, 9, 10, 11, 12, 13, 14, 15, 18, 19, 35, 39, 43, 44, 54, 55, 59, 60, 61, 62, 74, 81, 82, 84, 85, 86, 87, 88, 90, 91, 92, 93, 94, 95, 96, 97, 98, 99, 105, 106, 107, 109, 110, 111, 112, 113, 114, 115, 116, 117, 118, 119, 120, 126, 131, 132, 135, 140, 152, 155, 158, 160, 161, 162, 163, 164, 165, 166, 171, 176, 179, 180, 182, 183, 184, 186, 192}"
Ref4.5,C4.5,WcD0F391710260415_01.ce,51,0.22390488600435557,"{6, 55, 56, 57, 58, 59, 60, 61, 62, 64, 65, 66, 67, 70, 71, 72, 73, 74, 75, 77, 79, 81, 82, 83, 84, 85, 86, 89, 90, 91, 92, 93, 94, 95, 97, 101, 103, 104, 105, 107, 108, 110, 161, 172, 173, 175, 176, 177, 179, 180, 185}"
Ref4.5,C4.5,WcD0F391710260430_01.ce,99,0.23201653502828773,"{2, 7, 8, 9, 15, 16, 25, 27, 29, 31, 32, 39, 40, 46, 47, 48, 49, 51, 52, 53, 54, 55, 56, 57, 58, 59, 60, 61, 62, 63, 79, 80, 81, 82, 83, 84, 85, 87, 89, 91, 92, 94, 95, 96, 97, 98, 99, 101, 105, 106, 107, 108, 109, 110, 112, 114, 115, 116, 117, 118, 120, 121, 123, 124, 127, 128, 129, 130, 132, 133, 134, 135, 136, 137, 138, 149, 150, 151, 152, 153, 154, 156, 157, 158, 159, 160, 161, 162, 164, 166, 167, 182, 183, 184, 186, 188, 190, 191, 192}"
Ref4.5,C4.5,WcD0F391710260445_01.ce,25,0.2126025958018551,"{12, 13, 14, 15, 37, 38, 42, 44, 45, 46, 47, 48, 49, 51, 58, 59, 60, 61, 70, 106, 107, 158, 181, 191, 192}"
Ref4.5,C4.4,WcD08D01710260500_03.ce,66,0.22795334247882984,"{3, 10, 11, 12, 13, 19, 28, 29, 30, 34, 38, 43, 47, 48, 49, 50, 57, 58, 76, 77, 78, 84, 85, 92, 95, 97, 98, 99, 105, 112, 113, 114, 116, 117, 119, 120, 121, 122, 123, 124, 125, 126, 142, 146, 147, 150, 152, 154, 155, 163, 167, 168, 171, 172, 174, 175, 176, 177, 178, 179, 180, 181, 185, 186, 189, 191}"
Ref4.5,C4.4,WcD08D01710260515_03.ce,45,0.22550341969652785,"{1, 2, 3, 4, 7, 13, 21, 22, 26, 34, 42, 55, 93, 96, 99, 118, 124, 125, 127, 128, 131, 132, 133, 134, 135, 136, 137, 138, 139, 140, 141, 142, 148, 149, 151, 152, 166, 176, 178, 179, 184, 185, 186, 187, 188}"
Ref4.5,C4.4,WcD08D01710260530_03.ce,56,0.22034745827118252,"{1, 2, 3, 8, 13, 14, 15, 16, 30, 41, 42, 43, 44, 45, 52, 53, 60, 63, 64, 69, 70, 71, 72, 73, 74, 75, 76, 77, 82, 83, 87, 88, 89, 90, 91, 94, 95, 96, 97, 98, 99, 100, 101, 103, 106, 107, 108, 109, 110, 111, 112, 113, 115, 117, 152, 184}"
Ref4.5,C4.4,WcD08D01710260545_03.ce,65,0.23317990447820866,"{3, 19, 26, 45, 46, 50, 51, 52, 53, 54, 55, 56, 58, 61, 62, 63, 65, 66, 67, 68, 69, 70, 74, 75, 76, 77, 82, 85, 86, 87, 90, 91, 98, 99, 102, 103, 104, 107, 108, 109, 110, 111, 112, 113, 115, 118, 119, 121, 125, 126, 127, 132, 133, 135, 136, 139, 140, 141, 142, 143, 146, 147, 149, 155, 197}"
Ref4.5,C4.5,WcD0F391710260500_01.ce,66,0.225063338835221,"{2, 9, 10, 11, 12, 18, 26, 27, 28, 30, 32, 35, 36, 41, 45, 46, 47, 48, 55, 56, 57, 66, 74, 75, 76, 83, 84, 94, 95, 96, 97, 98, 104, 112, 115, 119, 120, 121, 122, 123, 124, 125, 133, 139, 144, 145, 148, 151, 152, 153, 165, 167, 168, 169, 171, 173, 174, 175, 176, 177, 178, 179, 184, 190, 192, 193}"
Ref4.5,C4.5,WcD0F391710260515_01.ce,36,0.22662295851755,"{2, 3, 4, 6, 12, 20, 29, 33, 42, 55, 58, 79, 105, 127, 128, 132, 134, 135, 136, 137, 138, 147, 148, 149, 150, 165, 166, 177, 178, 179, 184, 186, 187, 188, 191, 192}"
Ref4.5,C4.5,WcD0F391710260530_01.ce,60,0.21107606085172073,"{2, 7, 9, 10, 16, 19, 23, 24, 35, 36, 37, 38, 39, 46, 47, 48, 59, 60, 63, 64, 65, 66, 67, 68, 69, 70, 71, 72, 75, 77, 81, 82, 83, 84, 85, 88, 90, 91, 93, 95, 96, 100, 101, 102, 104, 105, 106, 107, 108, 110, 111, 112, 126, 144, 159, 167, 170, 179, 188, 190}"
Ref4.5,C4.5,WcD0F391710260545_01.ce,66,0.22609377203860098,"{11, 21, 40, 44, 45, 46, 47, 48, 49, 50, 51, 53, 56, 57, 61, 62, 63, 64, 66, 68, 69, 70, 71, 76, 77, 78, 79, 80, 81, 83, 84, 85, 86, 93, 95, 97, 98, 103, 104, 105, 107, 109, 111, 113, 115, 116, 118, 119, 120, 121, 123, 125, 126, 127, 129, 130, 134, 135, 136, 138, 141, 142, 160, 191, 192, 193}"
Ref4.5,C4.4,WcD08D01710260600_03.ce,51,0.2011443531132463,"{1, 5, 11, 12, 19, 20, 21, 25, 41, 45, 56, 57, 58, 95, 98, 99, 100, 101, 102, 103, 104, 105, 106, 119, 120, 121, 122, 123, 124, 125, 126, 127, 128, 129, 130, 131, 132, 133, 136, 137, 164, 165, 166, 170, 171, 173, 181, 184, 186, 187, 188}"
Ref4.5,C4.4,WcD08D01710260615_03.ce,61,0.22629451062545425,"{29, 31, 32, 33, 34, 35, 38, 39, 46, 51, 52, 53, 54, 55, 56, 57, 58, 59, 60, 61, 62, 63, 64, 65, 66, 67, 68, 70, 71, 72, 91, 98, 119, 120, 121, 122, 123, 124, 125, 132, 133, 134, 150, 155, 159, 162, 164, 166, 171, 177, 180, 181, 182, 183, 184, 185, 186, 187, 188, 189, 190}"
Ref4.5,C4.4,WcD08D01710260630_03.ce,23,0.21757159906429027,"{1, 2, 3, 4, 5, 21, 31, 33, 37, 66, 69, 73, 74, 75, 76, 92, 116, 122, 139, 151, 156, 168, 184}"
Ref4.5,C4.4,WcD08D01710260645_03.ce,56,0.20852354828387956,"{1, 34, 36, 68, 72, 90, 91, 92, 93, 101, 102, 103, 104, 106, 107, 111, 115, 117, 122, 123, 126, 128, 131, 132, 133, 134, 135, 136, 137, 138, 139, 140, 141, 142, 143, 144, 145, 146, 147, 148, 149, 150, 157, 174, 175, 176, 177, 178, 179, 183, 184, 185, 186, 187, 195, 196}"
Ref4.5,C4.5,WcD0F391710260600_01.ce,50,0.1997135664512749,"{2, 9, 10, 18, 19, 20, 23, 39, 45, 55, 57, 96, 97, 98, 100, 101, 102, 103, 104, 105, 106, 111, 118, 119, 121, 122, 123, 124, 125, 126, 127, 128, 129, 130, 131, 132, 133, 134, 135, 163, 164, 168, 169, 171, 172, 183, 184, 185, 186, 187}"
Ref4.5,C4.5,WcD0F391710260615_01.ce,67,0.23100285087250919,"{26, 29, 30, 31, 32, 33, 41, 43, 44, 48, 49, 50, 51, 52, 53, 54, 55, 56, 57, 58, 59, 60, 61, 62, 63, 64, 65, 67, 69, 83, 88, 95, 96, 103, 117, 118, 119, 120, 121, 122, 123, 129, 130, 131, 152, 153, 156, 157, 161, 169, 175, 177, 178, 179, 180, 181, 182, 183, 184, 185, 186, 187, 188, 189, 190, 191, 192}"
Ref4.5,C4.5,WcD0F391710260630_01.ce,16,0.22270181266719732,"{20, 46, 60, 61, 68, 69, 70, 111, 118, 121, 133, 143, 145, 162, 178, 189}"
Ref4.5,C4.5,WcD0F391710260645_01.ce,52,0.21898996183230152,"{28, 41, 48, 66, 67, 84, 85, 86, 87, 96, 97, 98, 100, 101, 107, 110, 111, 121, 122, 126, 127, 128, 129, 130, 131, 132, 133, 134, 135, 136, 137, 138, 139, 140, 141, 142, 143, 144, 168, 169, 170, 171, 172, 173, 177, 178, 179, 180, 181, 189, 190, 191}"
Ref4.5,C4.4,WcD08D01710260700_03.ce,60,0.19907012968309637,"{2, 3, 4, 5, 6, 10, 11, 12, 14, 20, 21, 22, 47, 48, 54, 55, 56, 57, 58, 59, 60, 61, 62, 63, 64, 65, 72, 73, 75, 77, 78, 79, 80, 86, 100, 106, 108, 109, 110, 111, 112, 113, 114, 115, 124, 125, 133, 134, 135, 136, 137, 144, 151, 154, 156, 157, 160, 161, 164, 165}"
Ref4.5,C4.4,WcD08D01710260715_03.ce,90,0.20370880471761502,"{15, 29, 34, 35, 54, 66, 69, 79, 80, 81, 82, 83, 84, 85, 86, 87, 88, 89, 93, 94, 96, 97, 98, 99, 101, 102, 103, 106, 107, 108, 109, 110, 111, 112, 113, 114, 115, 116, 117, 118, 119, 120, 121, 122, 123, 124, 125, 126, 127, 128, 132, 133, 134, 135, 136, 137, 138, 139, 140, 143, 144, 145, 146, 147, 148, 149, 150, 151, 152, 153, 154, 155, 156, 157, 158, 159, 160, 161, 162, 163, 164, 165, 166, 167, 168, 174, 175, 176, 178, 190}"
Ref4.5,C4.4,WcD08D01710260730_03.ce,73,0.2277536457400595,"{1, 9, 13, 20, 21, 22, 23, 24, 27, 28, 29, 30, 31, 33, 35, 37, 38, 40, 41, 68, 69, 74, 76, 77, 78, 83, 84, 85, 86, 88, 89, 90, 91, 94, 97, 98, 100, 101, 102, 103, 104, 105, 106, 107, 112, 114, 115, 116, 118, 126, 127, 129, 132, 134, 149, 152, 153, 156, 163, 164, 165, 166, 167, 181, 182, 183, 184, 185, 186, 189, 193, 195, 196}"
Ref4.5,C4.4,WcD08D01710260745_03.ce,75,0.20432756119924625,"{8, 12, 15, 16, 17, 20, 21, 30, 33, 35, 42, 43, 44, 45, 46, 59, 84, 85, 86, 87, 88, 89, 90, 91, 92, 93, 94, 95, 96, 97, 99, 100, 101, 102, 103, 104, 105, 106, 107, 108, 109, 110, 111, 112, 113, 114, 115, 116, 117, 118, 119, 120, 121, 122, 123, 124, 125, 126, 127, 128, 132, 133, 134, 135, 136, 149, 162, 163, 165, 166, 167, 169, 170, 171, 175}"
Ref4.5,C4.5,WcD0F391710260700_01.ce,54,0.20957902663952116,"{1, 3, 7, 8, 9, 10, 11, 12, 18, 19, 20, 24, 44, 45, 52, 53, 54, 56, 57, 58, 59, 60, 61, 62, 63, 70, 73, 74, 75, 76, 77, 78, 84, 97, 104, 106, 107, 108, 111, 112, 121, 122, 123, 131, 132, 133, 134, 135, 141, 149, 154, 159, 162, 192}"
Ref4.5,C4.5,WcD0F391710260715_01.ce,88,0.20911677372090842,"{22, 31, 32, 33, 67, 76, 77, 78, 79, 80, 81, 82, 83, 84, 85, 86, 87, 94, 95, 96, 97, 99, 100, 101, 104, 105, 106, 107, 108, 109, 110, 112, 113, 114, 115, 116, 117, 118, 119, 120, 121, 122, 123, 124, 125, 128, 130, 131, 132, 133, 134, 135, 136, 137, 139, 142, 143, 144, 145, 146, 147, 148, 149, 150, 151, 152, 153, 154, 155, 156, 157, 158, 159, 160, 161, 162, 163, 164, 165, 167, 171, 172, 173, 174, 179, 187, 188, 189}"
Ref4.5,C4.5,WcD0F391710260730_01.ce,76,0.23141325939793775,"{8, 10, 15, 16, 17, 18, 22, 23, 24, 25, 26, 31, 34, 35, 62, 63, 68, 71, 72, 73, 75, 78, 79, 80, 82, 83, 84, 85, 88, 89, 90, 91, 92, 95, 96, 97, 99, 100, 101, 103, 105, 106, 107, 108, 109, 110, 111, 113, 120, 121, 122, 123, 124, 126, 138, 144, 145, 147, 151, 153, 157, 158, 159, 161, 162, 166, 175, 176, 177, 178, 179, 184, 185, 187, 189, 190}"
Ref4.5,C4.5,WcD0F391710260745_01.ce,74,0.2116095812449427,"{10, 12, 13, 14, 17, 18, 27, 32, 40, 41, 42, 43, 56, 57, 81, 82, 83, 84, 85, 86, 87, 88, 89, 90, 91, 92, 93, 94, 96, 98, 99, 100, 101, 102, 103, 104, 105, 106, 107, 108, 109, 110, 111, 112, 113, 114, 115, 116, 117, 118, 119, 120, 121, 122, 123, 124, 125, 126, 129, 130, 131, 132, 133, 146, 160, 161, 162, 163, 164, 166, 168, 187, 192, 193}"
Ref4.5,C4.4,WcD08D01710260800_03.ce,49,0.22633166416096773,"{1, 2, 3, 12, 13, 14, 15, 16, 17, 18, 19, 28, 29, 45, 56, 57, 58, 59, 60, 61, 62, 63, 64, 65, 66, 67, 75, 76, 77, 88, 105, 106, 113, 114, 115, 116, 124, 127, 129, 136, 145, 146, 147, 148, 149, 150, 151, 166, 167}"
Ref4.5,C4.4,WcD08D01710260815_03.ce,53,0.19595018122571578,"{6, 22, 23, 37, 50, 65, 78, 90, 92, 112, 113, 114, 115, 116, 117, 118, 119, 120, 121, 122, 123, 124, 125, 126, 127, 130, 155, 156, 157, 158, 159, 160, 161, 162, 163, 164, 165, 166, 167, 168, 169, 170, 171, 172, 173, 174, 175, 176, 181, 182, 183, 185, 186}"
Ref4.5,C4.4,WcD08D01710260830_03.ce,48,0.2009777718163111,"{1, 2, 3, 4, 5, 6, 7, 8, 9, 10, 11, 12, 13, 14, 15, 16, 17, 22, 23, 24, 47, 48, 49, 50, 69, 84, 85, 86, 87, 88, 89, 90, 91, 92, 135, 169, 170, 171, 172, 173, 174, 175, 176, 185, 186, 191, 195, 196}"
Ref4.5,C4.4,WcD08D01710260845_03.ce,101,0.247882760068477,"{5, 9, 10, 11, 12, 14, 15, 16, 17, 18, 19, 20, 22, 23, 24, 25, 26, 27, 28, 29, 34, 35, 40, 42, 44, 48, 49, 53, 56, 58, 59, 60, 61, 68, 69, 71, 72, 79, 80, 81, 84, 87, 88, 89, 90, 91, 92, 93, 94, 95, 96, 97, 98, 99, 104, 108, 112, 113, 117, 118, 129, 130, 131, 133, 134, 135, 136, 138, 139, 144, 145, 146, 147, 148, 149, 151, 152, 153, 154, 155, 156, 157, 158, 159, 160, 161, 162, 163, 164, 165, 166, 167, 168, 171, 175, 176, 179, 184, 185, 186, 187}"
Ref4.5,C4.5,WcD0F391710260800_01.ce,51,0.20880751342202492,"{9, 10, 11, 12, 13, 14, 15, 16, 17, 20, 26, 34, 42, 43, 44, 49, 53, 54, 55, 56, 58, 60, 61, 62, 63, 64, 73, 74, 83, 85, 102, 103, 104, 110, 111, 112, 113, 124, 125, 126, 127, 133, 143, 144, 145, 146, 147, 148, 149, 164, 172}"
Ref4.5,C4.5,WcD0F391710260815_01.ce,58,0.20667898548939628,"{7, 30, 79, 92, 113, 114, 115, 116, 117, 118, 119, 120, 121, 122, 123, 124, 125, 126, 127, 128, 131, 133, 151, 157, 158, 159, 160, 161, 162, 163, 164, 165, 166, 167, 168, 169, 170, 171, 172, 173, 174, 175, 176, 177, 178, 182, 183, 184, 185, 186, 187, 188, 189, 190, 191, 192, 193, 194}"
Ref4.5,C4.5,WcD0F391710260830_01.ce,49,0.18859461876605432,"{1, 2, 3, 4, 5, 6, 7, 8, 9, 10, 11, 15, 16, 17, 18, 40, 41, 42, 43, 44, 50, 56, 77, 78, 79, 80, 81, 82, 83, 84, 85, 104, 117, 135, 162, 163, 164, 165, 166, 167, 168, 169, 179, 184, 185, 188, 189, 190, 191}"
Ref4.5,C4.5,WcD0F391710260845_01.ce,112,0.248576979361985,"{1, 6, 7, 8, 9, 10, 11, 12, 13, 14, 15, 16, 17, 18, 20, 21, 22, 23, 24, 25, 26, 32, 33, 39, 40, 42, 43, 44, 45, 46, 47, 49, 50, 52, 53, 55, 56, 57, 60, 65, 67, 68, 69, 70, 76, 77, 78, 82, 84, 85, 86, 87, 88, 89, 90, 91, 92, 93, 94, 95, 96, 101, 106, 109, 110, 114, 115, 116, 125, 127, 128, 130, 131, 132, 133, 135, 136, 141, 142, 143, 144, 145, 146, 147, 148, 149, 150, 151, 152, 153, 154, 155, 156, 157, 158, 159, 160, 161, 162, 163, 164, 165, 168, 172, 173, 174, 182, 183, 184, 192, 193, 194}"
Ref4.5,C4.4,WcD08D01710260900_03.ce,62,0.20751963823449399,"{1, 2, 3, 6, 12, 13, 14, 15, 23, 26, 39, 42, 48, 58, 61, 71, 72, 73, 74, 77, 79, 81, 82, 85, 86, 89, 90, 91, 92, 94, 96, 97, 98, 99, 100, 101, 102, 103, 108, 110, 111, 113, 114, 120, 121, 122, 123, 124, 135, 136, 140, 141, 152, 153, 159, 163, 165, 171, 172, 173, 174, 176}"
Ref4.5,C4.4,WcD08D01710260915_03.ce,48,0.21088964416335218,"{6, 7, 8, 9, 10, 11, 12, 19, 20, 23, 25, 26, 34, 35, 45, 60, 68, 69, 70, 72, 73, 74, 75, 76, 77, 78, 79, 80, 87, 88, 89, 90, 92, 93, 95, 100, 101, 102, 118, 128, 137, 138, 139, 140, 141, 142, 157, 189}"
Ref4.5,C4.4,WcD08D01710260930_03.ce,63,0.2247010070710555,"{21, 36, 38, 48, 59, 79, 86, 88, 89, 91, 102, 104, 109, 111, 114, 115, 119, 121, 123, 127, 128, 129, 131, 132, 133, 134, 135, 136, 137, 140, 142, 145, 147, 150, 151, 152, 153, 154, 155, 156, 157, 158, 159, 160, 161, 162, 163, 164, 165, 166, 167, 168, 169, 170, 171, 172, 173, 174, 175, 176, 177, 178, 190}"
Ref4.5,C4.4,WcD08D01710260945_03.ce,41,0.19936715826763496,"{5, 6, 29, 30, 31, 32, 43, 48, 59, 60, 63, 67, 68, 69, 70, 71, 72, 73, 74, 75, 87, 89, 90, 91, 92, 93, 94, 95, 96, 100, 106, 107, 108, 112, 114, 126, 129, 155, 156, 157, 180}"
Ref4.5,C4.5,WcD0F391710260900_01.ce,56,0.20649864942846557,"{9, 10, 20, 22, 38, 40, 43, 54, 68, 69, 70, 75, 76, 77, 79, 80, 81, 83, 85, 86, 87, 88, 91, 92, 93, 94, 95, 96, 97, 98, 102, 103, 104, 108, 110, 111, 116, 117, 118, 119, 120, 121, 132, 133, 137, 148, 149, 160, 161, 168, 169, 170, 171, 172, 173, 177}"
Ref4.5,C4.5,WcD0F391710260915_01.ce,51,0.20745590780249104,"{4, 7, 8, 9, 10, 12, 20, 23, 25, 26, 27, 32, 34, 36, 49, 60, 61, 70, 71, 73, 74, 75, 76, 77, 78, 79, 80, 81, 85, 87, 88, 89, 90, 91, 92, 93, 94, 100, 101, 102, 103, 105, 130, 137, 138, 139, 140, 141, 142, 162, 190}"
Ref4.5,C4.5,WcD0F391710260930_01.ce,67,0.22225279069116197,"{56, 75, 83, 84, 87, 88, 89, 90, 91, 92, 94, 96, 99, 100, 101, 103, 104, 109, 111, 113, 114, 115, 116, 117, 118, 125, 126, 128, 129, 131, 132, 133, 135, 136, 137, 138, 143, 146, 147, 148, 149, 150, 151, 152, 153, 154, 155, 156, 157, 158, 159, 160, 161, 162, 163, 164, 165, 166, 167, 168, 169, 170, 171, 172, 173, 174, 175}"
Ref4.5,C4.5,WcD0F391710260945_01.ce,42,0.20574697168565806,"{2, 3, 25, 26, 27, 28, 44, 45, 55, 56, 59, 63, 64, 65, 66, 67, 68, 69, 70, 71, 84, 85, 86, 87, 88, 89, 90, 91, 92, 102, 103, 104, 105, 110, 118, 152, 165, 173, 185, 191, 192, 193}"
Ref4.5,C4.4,WcD08D01710261000_03.ce,56,0.21650500309592216,"{1, 2, 3, 6, 12, 13, 14, 16, 24, 25, 26, 27, 35, 36, 38, 40, 43, 50, 51, 52, 54, 56, 57, 65, 66, 71, 83, 85, 86, 87, 97, 98, 99, 102, 104, 105, 123, 124, 125, 126, 127, 129, 143, 144, 145, 148, 154, 155, 156, 157, 158, 159, 160, 161, 162, 183}"
Ref4.5,C4.4,WcD08D01710261015_03.ce,39,0.2066678237274133,"{15, 20, 21, 22, 30, 31, 32, 33, 52, 53, 54, 55, 61, 62, 71, 72, 87, 100, 101, 102, 114, 115, 116, 117, 118, 119, 120, 121, 142, 143, 144, 151, 152, 153, 155, 169, 196, 197, 198}"
Ref4.5,C4.4,WcD08D01710261030_03.ce,38,0.21605732895806043,"{1, 9, 20, 24, 37, 49, 50, 51, 53, 61, 67, 71, 72, 74, 75, 76, 77, 78, 81, 83, 84, 105, 106, 107, 117, 118, 119, 148, 150, 151, 152, 153, 156, 161, 164, 165, 173, 190}"
Ref4.5,C4.4,WcD08D01710261045_03.ce,91,0.23029973048978442,"{2, 3, 4, 5, 6, 7, 8, 9, 10, 11, 12, 13, 16, 18, 19, 20, 21, 24, 25, 26, 27, 28, 30, 31, 32, 33, 35, 36, 39, 40, 44, 46, 47, 48, 49, 50, 51, 52, 53, 54, 56, 58, 59, 60, 61, 62, 68, 69, 70, 71, 72, 73, 74, 75, 76, 77, 79, 81, 83, 85, 86, 88, 89, 90, 91, 92, 93, 94, 95, 100, 107, 114, 115, 116, 129, 133, 141, 160, 164, 165, 166, 167, 168, 170, 172, 177, 181, 183, 193, 194, 195}"
Ref4.5,C4.5,WcD0F391710261000_01.ce,53,0.21206714854209047,"{3, 4, 9, 10, 12, 13, 21, 22, 24, 31, 32, 33, 48, 50, 52, 53, 61, 62, 63, 67, 80, 81, 82, 83, 93, 94, 95, 98, 100, 107, 109, 116, 118, 119, 120, 122, 123, 132, 139, 140, 144, 145, 151, 152, 153, 154, 155, 156, 157, 158, 159, 172, 174}"
Ref4.5,C4.5,WcD0F391710261015_01.ce,40,0.20769338971874476,"{12, 13, 14, 23, 24, 25, 26, 45, 46, 47, 48, 53, 54, 61, 64, 65, 80, 93, 94, 107, 108, 109, 110, 111, 112, 113, 135, 136, 143, 144, 145, 146, 152, 161, 167, 169, 189, 190, 191, 192}"
Ref4.5,C4.5,WcD0F391710261030_01.ce,43,0.19698695252732906,"{6, 10, 45, 46, 47, 48, 54, 57, 64, 66, 67, 68, 69, 70, 71, 72, 73, 74, 75, 78, 79, 80, 101, 102, 103, 114, 133, 146, 147, 148, 149, 150, 152, 153, 155, 157, 158, 159, 161, 170, 187, 192, 193}"
Ref4.5,C4.5,WcD0F391710261045_01.ce,89,0.21725726321067224,"{1, 2, 3, 4, 5, 6, 7, 8, 9, 10, 12, 15, 16, 17, 19, 21, 22, 23, 24, 26, 27, 28, 29, 30, 31, 33, 34, 36, 37, 38, 39, 40, 41, 42, 43, 44, 45, 46, 47, 48, 50, 51, 52, 53, 56, 57, 58, 59, 60, 65, 68, 69, 70, 71, 72, 74, 75, 76, 77, 78, 79, 82, 83, 86, 87, 88, 89, 90, 91, 92, 105, 110, 111, 112, 115, 135, 157, 161, 162, 164, 165, 166, 168, 169, 170, 174, 179, 191, 192}"
Ref4.5,C4.4,WcD08D01710261100_03.ce,64,0.22825181194377922,"{3, 4, 9, 10, 12, 15, 23, 24, 25, 26, 28, 29, 30, 31, 32, 33, 34, 37, 39, 47, 48, 52, 55, 56, 57, 58, 62, 64, 66, 67, 68, 77, 78, 79, 85, 86, 87, 89, 90, 92, 93, 102, 103, 107, 111, 115, 116, 120, 123, 124, 130, 140, 142, 151, 152, 153, 154, 155, 156, 157, 158, 159, 160, 162}"
Ref4.5,C4.4,WcD08D01710261115_03.ce,86,0.2310039657146027,"{10, 11, 12, 13, 14, 15, 16, 17, 18, 19, 20, 21, 22, 23, 26, 27, 43, 50, 52, 53, 54, 55, 56, 57, 58, 59, 60, 61, 62, 63, 64, 65, 66, 67, 68, 69, 70, 81, 82, 83, 84, 85, 86, 87, 88, 89, 90, 91, 92, 93, 94, 95, 96, 97, 98, 99, 100, 101, 102, 103, 104, 105, 106, 107, 108, 109, 110, 111, 112, 113, 114, 115, 117, 118, 119, 120, 121, 131, 134, 160, 164, 176, 178, 179, 180, 181}"
Ref4.5,C4.4,WcD08D01710261130_03.ce,49,0.2114781918948082,"{7, 17, 22, 33, 35, 36, 37, 39, 40, 42, 44, 45, 46, 47, 48, 49, 50, 51, 52, 53, 54, 55, 58, 59, 60, 61, 62, 91, 92, 106, 107, 110, 111, 116, 117, 118, 127, 128, 167, 169, 173, 174, 175, 177, 184, 186, 188, 189, 193}"
Ref4.5,C4.4,WcD08D01710261145_03.ce,56,0.21096305209210528,"{1, 2, 4, 5, 7, 8, 9, 10, 11, 12, 13, 14, 15, 16, 17, 18, 19, 20, 23, 24, 25, 26, 27, 30, 32, 34, 35, 36, 50, 51, 52, 53, 54, 56, 66, 70, 73, 74, 75, 76, 77, 78, 79, 80, 82, 83, 88, 89, 93, 115, 138, 160, 169, 170, 195, 196}"
Ref4.5,C4.5,WcD0F391710261100_01.ce,65,0.21980735682193064,"{2, 10, 11, 13, 15, 16, 23, 24, 25, 27, 29, 30, 31, 32, 33, 34, 35, 41, 47, 48, 49, 52, 55, 56, 57, 59, 65, 66, 67, 68, 78, 79, 85, 87, 89, 90, 92, 93, 102, 103, 104, 113, 115, 116, 117, 123, 124, 131, 139, 141, 142, 150, 151, 152, 154, 155, 156, 157, 158, 159, 160, 161, 162, 169, 189}"
Ref4.5,C4.5,WcD0F391710261115_01.ce,88,0.23034351793603328,"{2, 3, 4, 5, 6, 7, 8, 9, 10, 11, 12, 13, 14, 15, 16, 18, 19, 44, 45, 46, 47, 48, 49, 50, 51, 52, 53, 54, 55, 56, 57, 58, 59, 60, 61, 62, 73, 74, 75, 76, 77, 78, 79, 80, 81, 82, 83, 84, 85, 86, 87, 88, 89, 90, 91, 92, 93, 94, 95, 96, 97, 98, 99, 100, 101, 102, 103, 104, 105, 106, 107, 108, 109, 110, 111, 112, 113, 115, 121, 125, 128, 130, 156, 169, 171, 172, 173, 174}"
Ref4.5,C4.5,WcD0F391710261130_01.ce,53,0.21431891152831695,"{13, 29, 32, 33, 36, 37, 38, 39, 40, 41, 42, 43, 44, 45, 46, 47, 48, 49, 50, 51, 54, 56, 57, 58, 59, 88, 99, 103, 107, 108, 112, 113, 115, 123, 124, 125, 145, 163, 165, 166, 167, 169, 170, 171, 174, 175, 181, 183, 185, 186, 189, 190, 193}"
Ref4.5,C4.5,WcD0F391710261145_01.ce,50,0.2038379318935517,"{1, 4, 5, 6, 7, 8, 9, 10, 11, 12, 13, 14, 15, 16, 18, 20, 21, 22, 23, 24, 29, 31, 32, 40, 42, 47, 48, 49, 50, 65, 67, 70, 71, 72, 73, 74, 75, 76, 78, 79, 80, 85, 86, 88, 89, 93, 165, 167, 191, 192}"
Ref4.5,C4.4,WcD08D01710261200_03.ce,71,0.22861010507668414,"{9, 17, 20, 21, 23, 24, 25, 26, 28, 30, 40, 42, 61, 62, 63, 64, 65, 70, 71, 76, 77, 78, 79, 80, 82, 83, 84, 85, 86, 87, 88, 89, 91, 92, 93, 94, 95, 96, 99, 100, 107, 108, 111, 112, 113, 114, 116, 117, 118, 119, 127, 128, 134, 142, 143, 144, 145, 146, 148, 149, 157, 158, 160, 161, 165, 168, 169, 177, 178, 182, 183}"
Ref4.5,C4.4,WcD08D01710261215_03.ce,51,0.22261044051855186,"{1, 7, 8, 13, 16, 17, 22, 23, 31, 38, 39, 40, 42, 63, 65, 67, 69, 70, 71, 74, 107, 109, 112, 113, 115, 116, 120, 125, 127, 129, 133, 138, 139, 140, 150, 159, 174, 175, 176, 177, 178, 179, 180, 181, 182, 187, 189, 190, 191, 193, 194}"
Ref4.5,C4.4,WcD08D01710261230_03.ce,117,0.21617242226322644,"{1, 2, 3, 4, 5, 6, 7, 8, 9, 10, 11, 12, 13, 14, 15, 16, 17, 18, 29, 32, 34, 41, 42, 43, 44, 68, 75, 76, 77, 78, 79, 80, 81, 82, 83, 84, 85, 86, 87, 88, 89, 90, 91, 92, 93, 94, 96, 97, 98, 99, 100, 105, 106, 107, 108, 109, 110, 111, 112, 113, 114, 116, 118, 122, 123, 125, 127, 128, 129, 130, 131, 132, 133, 134, 135, 136, 137, 138, 142, 143, 144, 145, 146, 147, 148, 149, 150, 151, 152, 154, 155, 156, 157, 158, 159, 160, 161, 162, 164, 165, 167, 168, 169, 170, 171, 172, 173, 175, 177, 179, 181, 182, 184, 187, 188, 189, 193}"
Ref4.5,C4.4,WcD08D01710261245_03.ce,56,0.21562349012207005,"{2, 3, 4, 5, 7, 8, 9, 10, 11, 12, 13, 14, 15, 16, 17, 18, 19, 20, 21, 22, 23, 24, 25, 27, 28, 29, 30, 31, 32, 33, 35, 36, 38, 39, 40, 41, 42, 44, 45, 46, 47, 48, 49, 51, 61, 93, 95, 132, 161, 167, 174, 186, 189, 195, 196, 197}"
Ref4.5,C4.5,WcD0F391710261200_01.ce,69,0.2256897535305512,"{21, 23, 24, 25, 26, 27, 28, 29, 31, 41, 43, 61, 62, 63, 64, 65, 66, 71, 72, 76, 77, 78, 79, 80, 81, 82, 83, 84, 85, 86, 87, 88, 90, 91, 93, 94, 95, 96, 97, 99, 100, 107, 108, 111, 113, 114, 116, 117, 118, 119, 127, 128, 129, 135, 143, 144, 145, 147, 148, 149, 150, 159, 160, 161, 169, 178, 179, 183, 188}"
Ref4.5,C4.5,WcD0F391710261215_01.ce,48,0.21901242944989432,"{2, 3, 9, 11, 18, 19, 33, 34, 35, 36, 56, 58, 64, 65, 66, 67, 104, 107, 108, 111, 112, 116, 123, 128, 129, 134, 135, 136, 146, 171, 172, 173, 174, 175, 176, 177, 182, 183, 184, 185, 187, 188, 189, 190, 191, 192, 193, 194}"
Ref4.5,C4.5,WcD0F391710261230_01.ce,121,0.22230847710297805,"{1, 2, 3, 4, 5, 6, 7, 8, 9, 10, 11, 12, 13, 14, 21, 24, 30, 37, 38, 39, 64, 70, 71, 72, 73, 74, 75, 76, 77, 78, 79, 80, 81, 82, 83, 84, 85, 86, 87, 88, 89, 90, 92, 93, 94, 95, 100, 101, 102, 103, 104, 105, 106, 107, 108, 109, 110, 116, 117, 118, 119, 120, 122, 123, 124, 125, 126, 127, 128, 129, 130, 131, 132, 133, 134, 136, 137, 138, 139, 140, 141, 142, 143, 144, 145, 146, 147, 148, 149, 150, 151, 153, 154, 155, 156, 159, 160, 161, 163, 165, 166, 167, 168, 170, 172, 173, 174, 176, 177, 178, 179, 181, 182, 184, 186, 188, 189, 190, 191, 192, 193}"
Ref4.5,C4.5,WcD0F391710261245_01.ce,55,0.2057135729670061,"{1, 4, 5, 6, 7, 8, 9, 10, 11, 12, 13, 14, 15, 16, 17, 18, 19, 20, 23, 24, 25, 26, 27, 28, 29, 30, 31, 32, 33, 34, 35, 36, 37, 38, 39, 40, 41, 42, 43, 44, 46, 47, 56, 89, 91, 106, 112, 124, 127, 156, 158, 179, 190, 191, 192}"
Ref4.5,C4.4,WcD08D01710261300_03.ce,76,0.2234783544384229,"{1, 2, 3, 4, 10, 11, 14, 15, 16, 25, 26, 28, 29, 32, 33, 35, 39, 47, 48, 50, 52, 55, 56, 57, 58, 60, 61, 62, 63, 64, 65, 66, 67, 68, 69, 70, 78, 79, 80, 90, 91, 96, 97, 98, 99, 100, 101, 102, 104, 111, 118, 119, 121, 122, 124, 126, 132, 133, 134, 136, 137, 139, 147, 152, 153, 154, 155, 166, 167, 171, 172, 173, 175, 176, 177, 178}"
Ref4.5,C4.4,WcD08D01710261315_03.ce,19,0.20717021563122415,"{22, 23, 24, 31, 32, 57, 58, 59, 62, 64, 65, 96, 98, 104, 117, 118, 125, 129, 138}"
Ref4.5,C4.4,WcD08D01710261330_03.ce,62,0.1992811282185998,"{43, 44, 46, 48, 49, 52, 56, 57, 79, 82, 84, 88, 90, 91, 95, 96, 98, 99, 100, 104, 105, 106, 107, 108, 109, 125, 126, 127, 128, 152, 154, 157, 158, 159, 160, 161, 163, 165, 166, 169, 171, 172, 173, 174, 175, 176, 177, 179, 180, 185, 186, 187, 188, 189, 190, 191, 192, 193, 194, 195, 196, 197}"
Ref4.5,C4.4,WcD08D01710261345_03.ce,140,0.2987529920464253,"{1, 4, 8, 9, 11, 12, 13, 14, 15, 16, 17, 19, 20, 21, 22, 24, 25, 26, 27, 29, 30, 32, 33, 34, 35, 36, 37, 38, 40, 42, 43, 44, 45, 46, 47, 48, 49, 50, 53, 54, 55, 56, 57, 58, 59, 60, 62, 63, 64, 66, 67, 68, 69, 70, 72, 73, 74, 75, 76, 77, 78, 79, 80, 81, 82, 83, 84, 85, 86, 87, 88, 90, 91, 92, 94, 95, 96, 97, 99, 101, 102, 103, 104, 106, 107, 108, 109, 110, 111, 112, 113, 114, 115, 116, 117, 118, 119, 120, 121, 122, 123, 124, 125, 126, 129, 130, 131, 132, 133, 135, 137, 140, 141, 143, 146, 149, 154, 155, 158, 159, 160, 162, 164, 169, 176, 177, 178, 179, 181, 182, 183, 184, 185, 186, 187, 188, 189, 191, 193, 194}"
Ref4.5,C4.5,WcD0F391710261300_01.ce,79,0.20878081426040188,"{1, 2, 3, 4, 9, 10, 11, 12, 13, 14, 15, 24, 25, 27, 28, 29, 31, 32, 33, 34, 35, 40, 46, 47, 49, 51, 52, 54, 55, 56, 57, 58, 60, 61, 62, 63, 64, 65, 67, 68, 69, 70, 78, 79, 89, 90, 96, 97, 98, 99, 101, 102, 104, 110, 118, 119, 120, 122, 124, 125, 126, 132, 133, 135, 136, 138, 146, 147, 151, 152, 153, 154, 155, 171, 173, 174, 175, 177, 189}"
Ref4.5,C4.5,WcD0F391710261315_01.ce,14,0.2052970969660983,"{17, 18, 19, 27, 53, 54, 60, 85, 99, 113, 140, 142, 150, 160}"
Ref4.5,C4.5,WcD0F391710261330_01.ce,53,0.1901344557718118,"{43, 44, 47, 50, 52, 77, 83, 85, 87, 90, 91, 93, 94, 95, 96, 101, 102, 103, 104, 106, 121, 122, 123, 129, 150, 153, 155, 156, 160, 161, 165, 167, 168, 169, 170, 171, 172, 174, 175, 180, 181, 182, 183, 184, 185, 186, 187, 188, 189, 190, 191, 192, 193}"
Ref4.5,C4.5,WcD0F391710261345_01.ce,147,0.2940596799250124,"{1, 3, 4, 7, 11, 12, 13, 14, 15, 16, 17, 19, 20, 21, 23, 24, 25, 26, 28, 30, 32, 33, 34, 35, 36, 37, 38, 41, 42, 43, 45, 46, 47, 48, 49, 50, 53, 54, 55, 56, 57, 59, 60, 61, 62, 63, 64, 65, 66, 67, 68, 69, 70, 71, 73, 74, 75, 76, 77, 78, 79, 80, 81, 82, 83, 84, 85, 86, 87, 89, 90, 91, 93, 94, 95, 96, 97, 98, 99, 101, 102, 103, 105, 106, 107, 108, 109, 110, 111, 112, 113, 114, 115, 116, 117, 119, 120, 121, 122, 123, 124, 125, 126, 128, 129, 130, 131, 132, 134, 135, 136, 139, 141, 142, 143, 145, 146, 149, 154, 155, 156, 157, 158, 159, 162, 163, 164, 165, 168, 170, 172, 175, 176, 177, 178, 180, 181, 182, 183, 184, 187, 188, 189, 190, 192, 193, 194}"
Ref4.5,C4.4,WcD08D01710261400_03.ce,133,0.2768013557976562,"{1, 2, 3, 4, 5, 7, 9, 10, 11, 12, 13, 14, 15, 17, 19, 21, 22, 23, 24, 25, 26, 28, 29, 30, 31, 32, 33, 34, 35, 37, 41, 42, 43, 44, 53, 54, 55, 56, 57, 60, 61, 62, 63, 64, 65, 66, 67, 68, 69, 70, 71, 72, 73, 74, 75, 76, 77, 80, 81, 82, 83, 84, 85, 86, 87, 88, 89, 90, 92, 93, 94, 95, 96, 98, 99, 100, 101, 102, 103, 104, 105, 106, 107, 110, 113, 114, 116, 117, 118, 121, 122, 123, 124, 125, 126, 127, 129, 131, 132, 133, 134, 136, 137, 145, 146, 147, 148, 149, 150, 152, 153, 155, 156, 159, 160, 164, 165, 168, 169, 170, 173, 174, 175, 176, 177, 178, 179, 180, 181, 182, 187, 188, 189}"
Ref4.5,C4.4,WcD08D01710261415_03.ce,90,0.27047388991183285,"{3, 4, 5, 11, 12, 20, 21, 22, 23, 24, 25, 26, 27, 31, 32, 33, 40, 41, 42, 44, 45, 47, 48, 49, 50, 52, 53, 56, 57, 58, 63, 65, 69, 71, 74, 75, 77, 79, 81, 83, 84, 86, 87, 93, 94, 95, 99, 100, 105, 106, 107, 108, 109, 116, 117, 124, 125, 126, 127, 128, 129, 130, 131, 132, 133, 134, 135, 136, 137, 138, 139, 141, 142, 144, 146, 154, 155, 156, 158, 161, 162, 163, 164, 165, 166, 167, 168, 183, 185, 186}"
Ref4.5,C4.4,WcD08D01710261430_03.ce,82,0.2612415043737353,"{5, 6, 11, 17, 18, 19, 20, 21, 22, 23, 24, 25, 26, 30, 35, 39, 42, 43, 44, 45, 46, 54, 57, 59, 60, 64, 65, 69, 70, 73, 74, 75, 76, 77, 78, 80, 81, 83, 84, 87, 88, 89, 90, 103, 106, 107, 108, 110, 111, 113, 116, 118, 119, 120, 121, 123, 124, 125, 126, 127, 131, 132, 133, 136, 141, 144, 153, 156, 157, 158, 161, 162, 166, 168, 173, 174, 175, 179, 189, 196, 197, 198}"
Ref4.5,C4.4,WcD08D01710261445_03.ce,35,0.1961719963855164,"{1, 2, 3, 5, 6, 13, 14, 18, 19, 20, 21, 23, 24, 25, 26, 27, 28, 29, 30, 31, 32, 34, 35, 49, 51, 69, 78, 83, 84, 93, 112, 127, 138, 161, 172}"
Ref4.5,C4.5,WcD0F391710261400_01.ce,136,0.2676039708433278,"{1, 2, 3, 4, 5, 6, 7, 9, 10, 11, 12, 14, 15, 18, 19, 21, 22, 23, 24, 25, 26, 27, 29, 30, 31, 32, 33, 34, 36, 40, 41, 42, 43, 52, 53, 54, 55, 56, 60, 61, 62, 63, 64, 65, 66, 67, 68, 69, 71, 73, 74, 75, 77, 78, 80, 81, 82, 83, 84, 85, 86, 87, 88, 89, 90, 92, 93, 94, 95, 97, 98, 99, 100, 101, 102, 103, 104, 105, 106, 107, 109, 110, 113, 115, 116, 117, 118, 120, 121, 122, 123, 124, 125, 129, 130, 131, 132, 134, 136, 137, 147, 148, 149, 150, 152, 153, 154, 155, 158, 159, 160, 162, 163, 164, 166, 167, 168, 169, 170, 171, 173, 174, 175, 176, 177, 178, 179, 180, 181, 182, 183, 186, 187, 188, 189, 192}"
Ref4.5,C4.5,WcD0F391710261415_01.ce,91,0.2700483116652363,"{5, 7, 11, 15, 16, 17, 18, 19, 20, 21, 22, 26, 27, 28, 29, 36, 39, 43, 44, 47, 48, 52, 53, 58, 60, 61, 62, 64, 66, 67, 71, 72, 74, 77, 79, 80, 82, 85, 88, 89, 90, 94, 95, 100, 101, 103, 104, 105, 112, 113, 118, 119, 120, 121, 122, 123, 124, 125, 126, 127, 128, 129, 130, 131, 132, 133, 134, 136, 137, 141, 143, 144, 145, 147, 150, 151, 154, 156, 157, 158, 159, 160, 161, 162, 163, 172, 174, 181, 182, 190, 193}"
Ref4.5,C4.5,WcD0F391710261430_01.ce,76,0.26443770161788616,"{1, 2, 6, 13, 14, 15, 16, 17, 18, 19, 20, 21, 25, 26, 31, 33, 37, 38, 39, 41, 49, 50, 52, 53, 55, 56, 57, 60, 61, 63, 68, 70, 71, 72, 73, 75, 76, 77, 82, 84, 85, 86, 87, 94, 102, 103, 104, 108, 109, 115, 116, 119, 121, 124, 127, 128, 131, 136, 137, 145, 148, 151, 153, 155, 160, 167, 169, 170, 171, 174, 175, 184, 185, 192, 193, 194}"
Ref4.5,C4.5,WcD0F391710261445_01.ce,35,0.1967086070074652,"{1, 2, 5, 7, 8, 12, 13, 14, 19, 20, 21, 23, 24, 25, 26, 27, 28, 29, 30, 31, 32, 34, 35, 48, 73, 78, 83, 92, 111, 153, 160, 185, 190, 191, 192}"
Ref4.5,C4.4,WcD08D01710261500_03.ce,63,0.20656358779292988,"{2, 3, 6, 8, 14, 15, 18, 20, 28, 30, 31, 32, 34, 36, 37, 39, 40, 43, 50, 51, 52, 55, 56, 57, 59, 60, 61, 69, 76, 77, 78, 79, 80, 81, 82, 84, 85, 86, 87, 88, 89, 90, 91, 92, 93, 97, 98, 99, 100, 101, 102, 104, 111, 131, 132, 133, 135, 146, 151, 152, 154, 183, 190}"
Ref4.5,C4.4,WcD08D01710261515_03.ce,66,0.2266682856164485,"{4, 5, 23, 41, 44, 56, 58, 60, 61, 65, 73, 102, 115, 117, 129, 138, 139, 142, 143, 144, 145, 146, 147, 148, 149, 150, 151, 152, 154, 155, 156, 157, 158, 160, 161, 162, 163, 164, 165, 167, 168, 171, 172, 173, 174, 175, 176, 177, 178, 179, 180, 181, 182, 183, 184, 185, 186, 187, 188, 190, 191, 192, 193, 194, 195, 196}"
Ref4.5,C4.4,WcD08D01710261530_03.ce,136,0.27761177413173543,"{1, 2, 3, 4, 5, 7, 8, 9, 10, 11, 12, 13, 14, 15, 16, 18, 31, 32, 33, 34, 35, 37, 38, 39, 40, 42, 44, 46, 47, 48, 49, 50, 51, 52, 54, 55, 56, 57, 58, 60, 61, 62, 65, 67, 70, 73, 75, 76, 77, 80, 81, 82, 83, 84, 85, 86, 89, 91, 92, 93, 94, 95, 96, 97, 98, 99, 100, 101, 102, 103, 104, 105, 106, 107, 108, 109, 114, 123, 124, 125, 126, 127, 129, 130, 131, 132, 133, 134, 135, 136, 137, 138, 139, 140, 142, 143, 145, 146, 147, 148, 149, 150, 151, 152, 153, 154, 155, 156, 157, 158, 159, 160, 161, 162, 163, 164, 165, 166, 167, 168, 169, 170, 173, 175, 178, 179, 180, 181, 182, 187, 188, 190, 191, 192, 193, 194}"
Ref4.5,C4.4,WcD08D01710261545_03.ce,74,0.2416107914088141,"{1, 2, 5, 9, 10, 11, 13, 14, 15, 16, 17, 19, 20, 21, 22, 23, 24, 25, 26, 27, 28, 29, 35, 40, 41, 46, 47, 48, 53, 54, 58, 59, 62, 68, 69, 70, 71, 72, 73, 74, 75, 76, 77, 78, 79, 80, 81, 82, 83, 86, 89, 91, 93, 94, 95, 96, 97, 98, 101, 102, 103, 104, 105, 106, 107, 109, 116, 119, 127, 130, 165, 174, 175, 176}"
Ref4.5,C4.5,WcD0F391710261500_01.ce,61,0.20383734011453736,"{3, 9, 10, 12, 15, 24, 25, 26, 27, 28, 30, 31, 32, 33, 34, 35, 45, 46, 47, 48, 50, 51, 52, 54, 55, 56, 57, 65, 71, 72, 73, 74, 75, 77, 79, 80, 81, 85, 86, 87, 88, 89, 90, 92, 93, 94, 96, 97, 98, 99, 100, 123, 127, 128, 147, 148, 152, 161, 184, 185, 194}"
Ref4.5,C4.5,WcD0F391710261515_01.ce,63,0.2215879875602154,"{8, 19, 23, 36, 51, 55, 56, 68, 69, 99, 110, 126, 127, 132, 134, 135, 137, 138, 139, 140, 141, 142, 143, 144, 145, 146, 147, 149, 150, 151, 152, 155, 156, 157, 158, 159, 160, 162, 163, 164, 167, 168, 169, 170, 171, 172, 173, 174, 175, 176, 178, 179, 180, 181, 182, 183, 186, 187, 188, 189, 191, 192, 193}"
Ref4.5,C4.5,WcD0F391710261530_01.ce,140,0.2793703925888962,"{1, 2, 3, 5, 6, 7, 8, 9, 10, 11, 12, 13, 14, 15, 17, 24, 25, 29, 30, 31, 32, 33, 34, 35, 37, 38, 40, 41, 43, 44, 45, 46, 47, 48, 49, 50, 51, 53, 55, 56, 57, 59, 60, 61, 62, 64, 66, 67, 74, 77, 78, 79, 80, 81, 82, 83, 84, 86, 87, 88, 89, 90, 91, 92, 93, 94, 95, 96, 97, 98, 99, 100, 101, 102, 103, 104, 105, 106, 107, 112, 121, 122, 123, 124, 125, 127, 129, 130, 131, 132, 133, 134, 135, 136, 137, 138, 139, 141, 143, 144, 145, 146, 147, 148, 150, 151, 152, 153, 154, 155, 156, 157, 158, 159, 160, 161, 162, 163, 164, 165, 166, 167, 168, 169, 171, 172, 173, 174, 176, 178, 179, 180, 185, 186, 188, 189, 190, 191, 192, 193}"
Ref4.5,C4.5,WcD0F391710261545_01.ce,80,0.24110764961896194,"{1, 2, 5, 6, 7, 10, 11, 14, 15, 16, 17, 18, 20, 21, 22, 23, 24, 25, 26, 27, 28, 29, 31, 36, 38, 40, 41, 42, 47, 48, 49, 51, 54, 58, 59, 63, 68, 69, 70, 71, 72, 73, 74, 75, 76, 78, 79, 80, 81, 82, 83, 87, 89, 90, 92, 94, 95, 96, 97, 98, 99, 100, 101, 102, 103, 104, 105, 106, 107, 109, 130, 149, 156, 171, 175, 176, 177, 181, 191, 192}"
Ref4.5,C4.4,WcD08D01710261600_03.ce,59,0.1959722141788545,"{1, 2, 3, 4, 5, 6, 7, 8, 21, 22, 24, 25, 26, 27, 28, 36, 38, 46, 47, 66, 67, 68, 69, 70, 71, 74, 77, 78, 82, 83, 85, 87, 88, 89, 90, 91, 96, 97, 101, 118, 121, 122, 123, 124, 125, 132, 133, 141, 142, 143, 145, 147, 154, 155, 156, 158, 159, 160, 161}"
Ref4.5,C4.4,WcD08D01710261615_03.ce,53,0.20295924812634647,"{12, 19, 20, 21, 22, 23, 37, 38, 39, 40, 41, 42, 43, 44, 45, 46, 48, 50, 51, 59, 68, 69, 73, 78, 80, 85, 86, 87, 90, 93, 94, 95, 110, 113, 114, 115, 116, 117, 150, 158, 159, 165, 169, 171, 172, 173, 176, 177, 189, 190, 191, 192, 194}"
Ref4.5,C4.4,WcD08D01710261630_03.ce,36,0.21423273282118302,"{2, 21, 22, 23, 24, 25, 48, 49, 50, 71, 75, 79, 88, 89, 90, 91, 92, 95, 96, 100, 107, 112, 113, 118, 119, 120, 141, 142, 145, 146, 148, 149, 158, 176, 180, 186}"
Ref4.5,C4.4,WcD08D01710261645_03.ce,24,0.20048851729696157,"{17, 21, 56, 69, 70, 92, 97, 99, 111, 112, 116, 119, 120, 136, 142, 143, 160, 165, 166, 174, 180, 181, 182, 183}"
Ref4.5,C4.5,WcD0F391710261600_01.ce,49,0.2078740991540327,"{1, 2, 3, 17, 18, 19, 20, 21, 22, 23, 24, 36, 41, 42, 62, 63, 64, 65, 66, 70, 71, 73, 74, 78, 79, 80, 81, 83, 84, 85, 86, 92, 108, 117, 119, 120, 121, 127, 128, 137, 138, 142, 150, 151, 152, 153, 154, 155, 156}"
Ref4.5,C4.5,WcD0F391710261615_01.ce,47,0.20615810234288118,"{6, 7, 14, 16, 17, 19, 27, 31, 32, 33, 34, 37, 38, 39, 40, 42, 44, 45, 49, 53, 62, 63, 72, 79, 80, 84, 87, 88, 90, 104, 108, 109, 110, 111, 112, 144, 153, 154, 159, 164, 166, 167, 170, 171, 184, 185, 186}"
Ref4.5,C4.5,WcD0F391710261630_01.ce,39,0.21417828495467067,"{6, 14, 19, 21, 23, 24, 25, 40, 47, 48, 49, 50, 52, 66, 73, 79, 87, 88, 89, 91, 92, 94, 95, 99, 104, 106, 112, 118, 119, 120, 141, 145, 147, 148, 149, 158, 162, 164, 179}"
Ref4.5,C4.5,WcD0F391710261645_01.ce,29,0.1926712166421779,"{20, 31, 45, 69, 87, 96, 98, 102, 110, 111, 115, 119, 120, 135, 141, 142, 159, 165, 166, 173, 174, 176, 180, 181, 182, 186, 187, 190, 191}"
Ref4.5,C4.4,WcD08D01710261700_03.ce,50,0.21948194736192056,"{1, 2, 3, 4, 5, 6, 7, 8, 9, 10, 11, 31, 32, 41, 46, 58, 59, 63, 66, 67, 69, 73, 74, 82, 83, 84, 87, 88, 89, 94, 97, 98, 101, 102, 112, 113, 117, 118, 119, 123, 124, 127, 128, 130, 132, 174, 188, 189, 190, 192}"
Ref4.5,C4.4,WcD08D01710261715_03.ce,65,0.18687954371481338,"{1, 7, 8, 9, 10, 13, 14, 17, 18, 19, 20, 28, 29, 30, 40, 44, 49, 50, 51, 52, 63, 64, 73, 74, 75, 76, 84, 85, 91, 92, 93, 100, 101, 102, 104, 105, 109, 112, 117, 118, 119, 120, 124, 125, 126, 127, 132, 133, 134, 135, 136, 137, 143, 150, 151, 152, 162, 164, 171, 172, 173, 174, 180, 181, 185}"
Ref4.5,C4.4,WcD08D01710261730_03.ce,58,0.18925533170254483,"{3, 4, 5, 7, 8, 16, 17, 18, 19, 29, 36, 59, 61, 63, 73, 94, 95, 96, 97, 98, 100, 105, 110, 111, 112, 119, 120, 121, 122, 123, 129, 130, 133, 135, 136, 137, 138, 139, 140, 142, 143, 144, 145, 146, 147, 148, 149, 150, 155, 156, 162, 163, 176, 177, 178, 183, 184, 185}"
Ref4.5,C4.4,WcD08D01710261745_03.ce,45,0.19268772469134446,"{6, 12, 13, 15, 23, 24, 28, 29, 32, 33, 34, 38, 39, 40, 41, 45, 46, 48, 51, 57, 58, 59, 60, 65, 70, 71, 72, 73, 74, 75, 78, 79, 80, 81, 90, 91, 102, 103, 105, 113, 127, 168, 174, 175, 176}"
Ref4.5,C4.5,WcD0F391710261700_01.ce,50,0.21417729699662463,"{1, 2, 3, 4, 5, 11, 25, 26, 27, 35, 36, 41, 53, 58, 60, 61, 62, 67, 68, 81, 82, 83, 84, 88, 92, 95, 96, 97, 99, 101, 106, 107, 111, 112, 113, 118, 120, 122, 126, 131, 136, 149, 153, 170, 178, 182, 183, 184, 187, 189}"
Ref4.5,C4.5,WcD0F391710261715_01.ce,54,0.207468520626297,"{4, 5, 9, 10, 12, 13, 14, 15, 23, 24, 25, 35, 38, 45, 46, 47, 59, 60, 68, 69, 70, 71, 80, 81, 87, 88, 96, 97, 100, 101, 104, 113, 114, 115, 120, 121, 122, 127, 128, 129, 130, 131, 140, 146, 147, 148, 157, 158, 159, 167, 168, 169, 176, 177}"
Ref4.5,C4.5,WcD0F391710261730_01.ce,59,0.21040353404044215,"{1, 2, 3, 6, 7, 15, 16, 17, 18, 32, 54, 57, 71, 72, 88, 92, 93, 94, 95, 96, 97, 98, 103, 108, 109, 110, 118, 119, 120, 121, 127, 128, 129, 132, 133, 134, 135, 136, 137, 138, 140, 142, 143, 144, 145, 146, 147, 148, 152, 154, 155, 160, 161, 171, 175, 176, 182, 183, 184}"
Ref4.5,C4.5,WcD0F391710261745_01.ce,46,0.21074363124618123,"{4, 11, 21, 22, 23, 26, 27, 30, 31, 32, 36, 37, 38, 39, 40, 43, 49, 50, 55, 56, 57, 58, 59, 63, 67, 68, 70, 72, 73, 77, 78, 79, 80, 89, 90, 100, 101, 103, 104, 109, 125, 173, 174, 191, 192, 193}"
Ref4.5,C4.4,WcD08D01710261800_03.ce,54,0.1977513650808705,"{3, 4, 9, 15, 18, 19, 20, 22, 32, 34, 39, 40, 42, 60, 61, 62, 63, 64, 71, 72, 76, 77, 78, 79, 80, 82, 83, 84, 85, 88, 90, 91, 106, 115, 116, 117, 118, 119, 126, 127, 128, 135, 136, 139, 140, 141, 142, 143, 144, 179, 180, 188, 195, 196}"
Ref4.5,C4.4,WcD08D01710261815_03.ce,42,0.2089975975562441,"{1, 4, 5, 6, 8, 9, 10, 11, 12, 13, 17, 23, 26, 27, 38, 39, 40, 45, 46, 48, 49, 50, 51, 52, 53, 58, 75, 99, 103, 104, 113, 129, 136, 137, 141, 150, 177, 178, 185, 191, 192, 194}"
Ref4.5,C4.4,WcD08D01710261830_03.ce,31,0.195949222974505,"{1, 2, 5, 6, 7, 10, 11, 13, 15, 17, 20, 31, 33, 38, 39, 47, 48, 49, 92, 97, 103, 142, 143, 144, 145, 155, 156, 158, 159, 160, 161}"
Ref4.5,C4.4,WcD08D01710261845_03.ce,65,0.2258737351911408,"{12, 15, 17, 18, 20, 21, 22, 23, 26, 36, 37, 40, 44, 45, 46, 47, 48, 49, 50, 51, 54, 57, 59, 60, 61, 62, 63, 64, 67, 68, 69, 70, 71, 72, 73, 74, 75, 76, 79, 81, 83, 85, 86, 87, 88, 89, 95, 101, 102, 103, 104, 113, 114, 118, 121, 122, 127, 131, 133, 143, 145, 149, 160, 175, 178}"
Ref4.5,C4.5,WcD0F391710261800_01.ce,51,0.19284393472399652,"{10, 11, 14, 15, 16, 27, 28, 30, 35, 36, 38, 55, 56, 57, 58, 59, 60, 67, 71, 72, 73, 74, 75, 77, 78, 79, 80, 84, 85, 90, 107, 110, 111, 113, 121, 122, 123, 131, 132, 137, 138, 139, 140, 174, 175, 183, 190, 191, 192, 193, 194}"
Ref4.5,C4.5,WcD0F391710261815_01.ce,41,0.20695803988333986,"{2, 3, 8, 9, 10, 11, 21, 23, 24, 35, 36, 37, 38, 43, 45, 46, 47, 48, 49, 50, 51, 79, 98, 101, 106, 109, 117, 126, 133, 134, 147, 176, 182, 183, 185, 187, 188, 189, 190, 191, 192}"
Ref4.5,C4.5,WcD0F391710261830_01.ce,33,0.1871220277409501,"{1, 3, 4, 5, 8, 9, 11, 12, 14, 18, 19, 20, 21, 22, 24, 30, 45, 46, 47, 80, 90, 105, 108, 140, 141, 142, 152, 153, 154, 155, 157, 158, 159}"
Ref4.5,C4.5,WcD0F391710261845_01.ce,66,0.22490548801645052,"{9, 10, 11, 12, 13, 14, 15, 17, 18, 19, 20, 21, 22, 24, 29, 39, 41, 42, 43, 44, 45, 49, 54, 55, 57, 58, 59, 60, 61, 62, 63, 65, 67, 68, 69, 71, 72, 77, 78, 80, 81, 82, 83, 84, 85, 86, 87, 99, 100, 101, 113, 115, 119, 124, 125, 128, 129, 140, 147, 172, 173, 176, 177, 190, 191, 192}"
Ref4.5,C4.4,WcD08D01710261900_03.ce,64,0.19953281214937404,"{2, 3, 4, 7, 8, 15, 18, 19, 20, 21, 31, 34, 39, 40, 42, 43, 60, 61, 62, 63, 64, 70, 75, 76, 77, 78, 79, 80, 81, 82, 83, 84, 85, 93, 99, 100, 101, 102, 103, 105, 106, 108, 109, 110, 111, 112, 113, 114, 115, 116, 117, 118, 121, 125, 143, 144, 145, 146, 147, 179, 187, 188, 189, 194}"
Ref4.5,C4.4,WcD08D01710261915_03.ce,37,0.20265928740254857,"{2, 5, 6, 9, 10, 22, 23, 27, 28, 29, 30, 31, 32, 34, 36, 37, 38, 39, 40, 41, 42, 43, 90, 91, 92, 96, 107, 110, 117, 141, 147, 149, 150, 151, 154, 158, 188}"
Ref4.5,C4.4,WcD08D01710261930_03.ce,27,0.20728889406647696,"{9, 46, 47, 48, 50, 54, 75, 91, 92, 93, 109, 113, 114, 127, 128, 149, 161, 166, 167, 168, 171, 172, 173, 174, 175, 177, 187}"
Ref4.5,C4.4,WcD08D01710261945_03.ce,20,0.20792409185025024,"{12, 13, 14, 15, 16, 18, 34, 55, 68, 81, 135, 152, 153, 154, 155, 158, 159, 163, 180, 191}"
Ref4.5,C4.5,WcD0F391710261900_01.ce,57,0.18752459023153636,"{2, 9, 10, 11, 12, 13, 14, 16, 26, 27, 33, 34, 38, 54, 55, 56, 57, 58, 62, 65, 66, 70, 71, 72, 73, 74, 75, 77, 78, 79, 87, 94, 95, 96, 98, 100, 104, 105, 106, 108, 109, 110, 111, 112, 117, 119, 134, 138, 139, 140, 141, 174, 182, 183, 188, 191, 193}"
Ref4.5,C4.5,WcD0F391710261915_01.ce,33,0.19092873319750325,"{2, 3, 7, 21, 26, 27, 28, 29, 31, 34, 35, 36, 37, 38, 39, 40, 44, 87, 88, 89, 93, 94, 107, 135, 143, 145, 146, 147, 149, 151, 155, 162, 186}"
Ref4.5,C4.5,WcD0F391710261930_01.ce,20,0.20404893185505033,"{42, 52, 56, 73, 89, 90, 91, 112, 117, 125, 147, 149, 163, 164, 165, 166, 170, 171, 172, 187}"
Ref4.5,C4.5,WcD0F391710261945_01.ce,21,0.20792466648352215,"{6, 7, 8, 9, 10, 12, 28, 74, 105, 139, 144, 146, 147, 148, 151, 152, 173, 185, 190, 191, 192}"
