Ref4.5,C4.4,WcD08D01710260000_03.ce,71,0.25170274516730595,"{1, 2, 3, 4, 5, 6, 7, 15, 16, 20, 24, 25, 26, 29, 31, 32, 33, 34, 38, 40, 41, 45, 51, 52, 56, 58, 59, 62, 66, 67, 68, 69, 70, 71, 78, 94, 109, 111, 112, 114, 115, 118, 120, 122, 123, 124, 126, 127, 131, 132, 137, 138, 139, 140, 142, 143, 146, 147, 151, 160, 161, 163, 164, 171, 173, 174, 175, 182, 184, 186, 193}"
Ref4.5,C4.4,WcD08D01710260015_03.ce,58,0.24489726736224682,"{1, 3, 4, 12, 13, 14, 15, 18, 20, 21, 22, 24, 25, 26, 27, 30, 31, 32, 33, 34, 35, 36, 37, 38, 39, 41, 42, 43, 44, 45, 46, 47, 48, 49, 51, 66, 74, 75, 76, 96, 105, 116, 123, 126, 132, 143, 166, 168, 169, 175, 178, 181, 182, 188, 190, 192, 194, 197}"
Ref4.5,C4.4,WcD08D01710260030_03.ce,47,0.2537053026500674,"{2, 6, 7, 8, 10, 11, 12, 16, 17, 26, 29, 32, 34, 36, 41, 48, 49, 53, 61, 63, 66, 70, 72, 75, 78, 81, 85, 91, 94, 95, 100, 101, 102, 105, 111, 113, 116, 133, 138, 143, 150, 154, 155, 179, 180, 185, 186}"
Ref4.5,C4.4,WcD08D01710260045_03.ce,10,0.21548189899958606,"{39, 40, 41, 42, 83, 84, 153, 177, 184, 185}"
Ref4.5,C4.5,WcD0F391710260000_01.ce,64,0.2532399409086486,"{1, 2, 3, 4, 12, 13, 20, 21, 22, 23, 24, 25, 26, 28, 29, 30, 35, 36, 37, 38, 42, 46, 48, 49, 52, 55, 63, 64, 75, 98, 106, 108, 111, 114, 119, 120, 121, 123, 126, 128, 132, 133, 134, 135, 136, 137, 138, 139, 140, 156, 157, 159, 160, 162, 168, 169, 170, 173, 179, 181, 182, 190, 191, 193}"
Ref4.5,C4.5,WcD0F391710260015_01.ce,61,0.24328172690414088,"{1, 2, 4, 9, 10, 11, 14, 15, 16, 17, 19, 21, 22, 23, 26, 28, 29, 30, 31, 32, 33, 34, 35, 37, 38, 39, 40, 41, 42, 43, 44, 45, 47, 48, 49, 55, 70, 71, 72, 73, 97, 100, 112, 119, 120, 122, 132, 139, 144, 149, 160, 163, 165, 171, 177, 178, 179, 188, 190, 191, 193}"
Ref4.5,C4.5,WcD0F391710260030_01.ce,55,0.2580740002089886,"{1, 6, 10, 12, 13, 15, 17, 19, 28, 32, 33, 35, 36, 39, 41, 43, 46, 47, 50, 53, 54, 62, 63, 66, 71, 72, 75, 79, 84, 85, 89, 92, 95, 99, 100, 101, 103, 104, 107, 111, 112, 116, 118, 126, 137, 138, 143, 154, 177, 178, 180, 181, 185, 186, 192}"
Ref4.5,C4.5,WcD0F391710260045_01.ce,17,0.21257106696124406,"{31, 32, 33, 34, 39, 68, 75, 76, 90, 106, 130, 146, 161, 172, 174, 177, 186}"
Ref4.5,C4.4,WcD08D01710260100_03.ce,75,0.2585118288804121,"{1, 2, 3, 4, 5, 6, 7, 8, 24, 25, 26, 27, 28, 32, 33, 34, 35, 36, 44, 54, 64, 65, 66, 69, 70, 71, 73, 75, 76, 78, 79, 80, 91, 94, 95, 97, 98, 99, 100, 106, 107, 108, 113, 119, 126, 127, 128, 129, 130, 131, 132, 134, 135, 136, 137, 138, 139, 140, 141, 142, 163, 170, 172, 175, 176, 177, 178, 179, 180, 181, 182, 183, 184, 185, 195}"
Ref4.5,C4.4,WcD08D01710260115_03.ce,36,0.2475558758723372,"{6, 18, 19, 20, 22, 24, 28, 49, 51, 52, 54, 58, 69, 74, 79, 82, 90, 96, 97, 119, 131, 132, 137, 141, 142, 144, 145, 152, 155, 159, 160, 161, 174, 175, 184, 192}"
Ref4.5,C4.4,WcD08D01710260130_03.ce,56,0.23694551927377233,"{2, 7, 10, 22, 30, 34, 36, 41, 54, 59, 68, 69, 74, 96, 97, 98, 99, 102, 103, 104, 105, 107, 108, 109, 110, 111, 112, 114, 115, 121, 122, 124, 125, 130, 131, 132, 133, 134, 135, 138, 139, 140, 141, 143, 145, 146, 147, 148, 149, 150, 151, 161, 162, 168, 170, 188}"
Ref4.5,C4.4,WcD08D01710260145_03.ce,103,0.27048981203375516,"{1, 7, 11, 12, 26, 27, 28, 29, 30, 32, 34, 35, 36, 37, 38, 39, 40, 42, 43, 44, 46, 48, 49, 50, 51, 53, 54, 55, 59, 60, 61, 62, 63, 64, 66, 67, 70, 73, 74, 76, 77, 81, 83, 85, 86, 87, 88, 89, 90, 91, 92, 95, 96, 97, 98, 99, 103, 104, 106, 107, 108, 109, 110, 111, 114, 115, 116, 117, 118, 119, 120, 121, 122, 124, 126, 127, 128, 129, 131, 132, 134, 135, 136, 137, 139, 140, 148, 156, 166, 167, 168, 169, 172, 173, 174, 175, 176, 177, 183, 190, 191, 192, 193}"
Ref4.5,C4.5,WcD0F391710260100_01.ce,78,0.25617829725357444,"{1, 2, 3, 4, 5, 14, 23, 24, 25, 28, 29, 30, 31, 32, 33, 37, 45, 50, 56, 57, 59, 60, 61, 62, 66, 67, 70, 71, 73, 74, 75, 77, 83, 87, 88, 90, 91, 93, 94, 95, 97, 98, 101, 103, 123, 124, 125, 126, 127, 128, 129, 130, 131, 132, 133, 134, 135, 136, 137, 138, 139, 141, 159, 162, 163, 169, 171, 172, 173, 174, 175, 176, 177, 178, 179, 180, 181, 182}"
Ref4.5,C4.5,WcD0F391710260115_01.ce,34,0.24457122839469786,"{4, 16, 17, 18, 24, 44, 46, 52, 56, 65, 73, 77, 78, 80, 90, 92, 95, 103, 117, 120, 129, 140, 143, 144, 150, 154, 157, 158, 166, 173, 174, 180, 182, 183}"
Ref4.5,C4.5,WcD0F391710260130_01.ce,57,0.23639460502180032,"{1, 6, 24, 29, 30, 31, 41, 56, 67, 96, 97, 98, 99, 102, 103, 104, 105, 106, 107, 108, 109, 110, 111, 113, 114, 117, 120, 121, 123, 124, 125, 127, 130, 131, 132, 133, 137, 138, 139, 140, 142, 143, 145, 146, 147, 148, 149, 150, 152, 162, 169, 170, 171, 187, 188, 189, 190}"
Ref4.5,C4.5,WcD0F391710260145_01.ce,106,0.26801137748289267,"{3, 5, 7, 15, 24, 25, 26, 29, 30, 32, 33, 34, 35, 36, 37, 38, 39, 43, 44, 45, 46, 47, 48, 50, 54, 55, 56, 57, 58, 59, 60, 61, 62, 63, 68, 75, 76, 77, 78, 79, 80, 81, 82, 83, 84, 85, 86, 87, 90, 91, 92, 93, 94, 95, 97, 98, 99, 100, 101, 102, 104, 105, 106, 109, 110, 111, 113, 114, 115, 117, 118, 120, 122, 123, 124, 126, 127, 128, 129, 130, 131, 132, 133, 135, 136, 139, 142, 143, 144, 146, 162, 163, 164, 168, 169, 170, 171, 172, 180, 183, 185, 186, 187, 188, 191, 194}"
Ref4.5,C4.4,WcD08D01710260200_03.ce,61,0.2543422988835277,"{1, 2, 3, 4, 5, 6, 7, 8, 22, 24, 25, 26, 27, 28, 32, 33, 34, 35, 36, 49, 54, 64, 65, 66, 70, 71, 74, 75, 76, 78, 79, 80, 82, 87, 91, 94, 95, 97, 98, 99, 126, 127, 128, 129, 130, 131, 132, 133, 134, 135, 136, 137, 138, 139, 140, 141, 160, 163, 166, 170, 195}"
Ref4.5,C4.4,WcD08D01710260215_03.ce,27,0.21318390743611376,"{11, 16, 26, 32, 44, 52, 53, 97, 100, 101, 106, 121, 126, 127, 130, 131, 140, 141, 164, 181, 182, 183, 184, 185, 186, 187, 194}"
Ref4.5,C4.4,WcD08D01710260230_03.ce,40,0.21316560838397058,"{14, 15, 16, 17, 18, 19, 20, 23, 24, 25, 26, 27, 30, 31, 53, 58, 68, 75, 76, 77, 98, 100, 101, 103, 104, 105, 114, 139, 154, 155, 156, 157, 158, 162, 163, 165, 170, 171, 172, 173}"
Ref4.5,C4.4,WcD08D01710260245_03.ce,32,0.2063593003483654,"{1, 9, 12, 13, 14, 15, 16, 17, 54, 55, 56, 57, 58, 59, 74, 86, 88, 90, 92, 105, 106, 107, 131, 147, 148, 151, 160, 161, 162, 169, 170, 173}"
Ref4.5,C4.5,WcD0F391710260200_01.ce,58,0.24966953420156446,"{1, 2, 3, 22, 23, 24, 28, 29, 30, 31, 32, 53, 55, 59, 60, 61, 62, 65, 66, 70, 71, 72, 73, 74, 75, 76, 82, 86, 89, 90, 92, 93, 94, 95, 96, 122, 123, 124, 125, 126, 127, 128, 129, 130, 131, 132, 133, 134, 135, 136, 138, 142, 145, 158, 161, 162, 165, 168}"
Ref4.5,C4.5,WcD0F391710260215_01.ce,32,0.21022799829279742,"{9, 10, 14, 16, 21, 25, 30, 42, 50, 52, 81, 83, 95, 99, 100, 119, 120, 124, 125, 130, 138, 139, 166, 175, 180, 181, 182, 183, 184, 185, 186, 192}"
Ref4.5,C4.5,WcD0F391710260230_01.ce,43,0.21202822140856278,"{1, 2, 14, 15, 16, 18, 19, 20, 22, 23, 24, 25, 26, 27, 29, 30, 31, 52, 67, 69, 74, 75, 76, 77, 78, 100, 102, 104, 105, 137, 142, 153, 154, 155, 156, 157, 162, 165, 166, 170, 171, 172, 184}"
Ref4.5,C4.5,WcD0F391710260245_01.ce,40,0.2048782980692663,"{5, 7, 8, 9, 10, 11, 12, 13, 23, 33, 49, 50, 51, 52, 53, 54, 60, 62, 69, 74, 81, 83, 86, 87, 98, 99, 100, 101, 102, 137, 138, 143, 144, 146, 147, 155, 156, 157, 165, 176}"
Ref4.5,C4.4,WcD08D01710260300_03.ce,66,0.24615447582025654,"{1, 2, 3, 4, 5, 6, 7, 8, 20, 27, 28, 36, 37, 38, 39, 43, 44, 46, 53, 54, 57, 68, 70, 73, 74, 78, 79, 83, 110, 114, 121, 122, 123, 124, 125, 127, 128, 132, 134, 135, 136, 137, 138, 139, 140, 144, 148, 149, 150, 151, 152, 154, 156, 158, 163, 172, 175, 176, 182, 183, 184, 185, 189, 194, 195, 196}"
Ref4.5,C4.4,WcD08D01710260315_03.ce,135,0.2730036412907885,"{1, 8, 11, 12, 13, 14, 21, 22, 23, 25, 26, 27, 28, 29, 30, 31, 32, 33, 34, 35, 36, 37, 38, 39, 40, 41, 42, 43, 44, 51, 52, 53, 54, 57, 58, 59, 60, 61, 62, 63, 64, 65, 66, 67, 68, 69, 70, 71, 72, 73, 74, 77, 78, 79, 80, 81, 82, 87, 88, 89, 90, 91, 92, 93, 96, 97, 98, 99, 100, 101, 102, 105, 106, 107, 108, 109, 110, 111, 112, 113, 114, 115, 116, 117, 118, 119, 120, 121, 122, 123, 124, 125, 130, 135, 136, 137, 138, 141, 144, 145, 146, 147, 148, 149, 150, 156, 157, 160, 161, 162, 163, 164, 165, 166, 167, 168, 169, 170, 171, 172, 173, 174, 175, 176, 177, 178, 179, 180, 181, 182, 183, 184, 185, 186, 189}"
Ref4.5,C4.4,WcD08D01710260330_03.ce,89,0.23477989068250718,"{3, 4, 5, 6, 9, 12, 13, 14, 19, 30, 31, 32, 33, 34, 35, 36, 37, 38, 39, 40, 41, 42, 43, 45, 46, 47, 49, 51, 52, 53, 54, 56, 58, 72, 75, 85, 86, 105, 123, 124, 125, 126, 127, 128, 129, 130, 131, 132, 133, 134, 137, 138, 139, 140, 141, 142, 143, 145, 146, 147, 148, 149, 150, 151, 152, 153, 154, 155, 156, 158, 159, 160, 162, 163, 164, 166, 167, 168, 169, 170, 171, 172, 173, 175, 176, 177, 178, 180, 181}"
Ref4.5,C4.4,WcD08D01710260345_03.ce,53,0.24591295662664905,"{10, 13, 21, 24, 33, 34, 36, 38, 39, 40, 41, 42, 43, 44, 45, 46, 47, 48, 50, 51, 58, 59, 60, 61, 62, 64, 67, 68, 69, 70, 72, 76, 77, 80, 82, 83, 84, 85, 86, 87, 89, 99, 107, 108, 127, 132, 133, 137, 139, 145, 163, 166, 183}"
Ref4.5,C4.5,WcD0F391710260300_01.ce,63,0.24167996962965052,"{1, 2, 3, 4, 16, 23, 24, 32, 33, 34, 35, 36, 37, 38, 39, 40, 46, 48, 49, 53, 63, 66, 73, 74, 75, 77, 86, 102, 109, 117, 118, 119, 120, 121, 122, 123, 124, 125, 130, 131, 132, 133, 134, 139, 143, 144, 145, 146, 147, 148, 149, 150, 151, 167, 168, 171, 178, 179, 180, 183, 190, 192, 193}"
Ref4.5,C4.5,WcD0F391710260315_01.ce,133,0.27264887148581346,"{11, 12, 15, 21, 22, 23, 25, 26, 27, 28, 29, 30, 31, 32, 33, 34, 35, 36, 37, 38, 39, 40, 41, 42, 43, 51, 52, 53, 54, 56, 57, 58, 59, 60, 61, 62, 63, 64, 65, 66, 67, 68, 69, 70, 71, 72, 73, 76, 77, 78, 79, 80, 81, 85, 86, 88, 89, 90, 91, 92, 97, 98, 99, 100, 101, 103, 105, 106, 107, 108, 109, 110, 111, 112, 113, 114, 115, 118, 119, 121, 122, 123, 128, 129, 130, 133, 134, 135, 136, 139, 140, 141, 143, 144, 145, 146, 147, 148, 149, 153, 155, 156, 157, 159, 160, 161, 162, 163, 164, 165, 166, 167, 168, 169, 170, 171, 172, 173, 174, 175, 176, 177, 178, 179, 180, 181, 182, 183, 184, 185, 192, 193, 194}"
Ref4.5,C4.5,WcD0F391710260330_01.ce,80,0.23333248090814027,"{1, 3, 4, 6, 7, 8, 13, 25, 26, 27, 28, 30, 32, 33, 34, 35, 36, 37, 38, 39, 40, 41, 45, 47, 48, 49, 50, 67, 76, 80, 99, 118, 119, 120, 121, 122, 123, 124, 126, 127, 128, 129, 131, 133, 134, 135, 136, 137, 138, 139, 141, 142, 143, 144, 146, 147, 148, 149, 150, 151, 153, 157, 158, 159, 160, 161, 162, 164, 165, 166, 167, 168, 169, 170, 172, 173, 174, 175, 176, 184}"
Ref4.5,C4.5,WcD0F391710260345_01.ce,58,0.24618538794223474,"{5, 6, 16, 20, 29, 30, 31, 32, 34, 35, 36, 37, 38, 39, 40, 41, 42, 43, 44, 46, 47, 53, 54, 56, 57, 60, 62, 63, 64, 65, 66, 67, 68, 71, 72, 73, 75, 77, 78, 79, 80, 82, 83, 85, 94, 120, 122, 129, 132, 133, 140, 158, 161, 178, 179, 191, 192, 193}"
Ref4.5,C4.4,WcD08D01710260400_03.ce,96,0.2550245328687391,"{2, 3, 4, 7, 8, 9, 13, 14, 15, 16, 17, 18, 19, 20, 22, 23, 39, 44, 47, 48, 53, 58, 59, 63, 64, 65, 66, 73, 78, 79, 85, 86, 88, 89, 90, 91, 92, 93, 94, 95, 96, 97, 98, 99, 100, 102, 103, 107, 110, 111, 112, 113, 114, 115, 116, 117, 118, 119, 120, 121, 122, 123, 124, 134, 136, 137, 139, 142, 143, 144, 145, 149, 153, 155, 157, 158, 160, 161, 162, 164, 165, 166, 168, 170, 171, 175, 179, 181, 184, 185, 186, 188, 190, 191, 196, 197}"
Ref4.5,C4.4,WcD08D01710260415_03.ce,61,0.23670136915152565,"{7, 8, 9, 23, 32, 39, 50, 58, 59, 60, 61, 62, 63, 64, 65, 66, 67, 68, 69, 72, 73, 74, 75, 76, 78, 80, 82, 83, 85, 86, 88, 91, 92, 93, 94, 95, 96, 97, 98, 102, 103, 105, 106, 107, 108, 109, 110, 112, 145, 162, 172, 174, 175, 176, 177, 178, 180, 182, 186, 187, 188}"
Ref4.5,C4.4,WcD08D01710260430_03.ce,100,0.24592255805677532,"{13, 14, 15, 21, 30, 31, 34, 35, 36, 37, 38, 45, 46, 52, 53, 54, 55, 56, 57, 58, 59, 60, 61, 62, 63, 64, 65, 66, 67, 68, 85, 86, 87, 88, 90, 91, 92, 93, 95, 97, 99, 100, 101, 102, 103, 104, 106, 107, 110, 111, 112, 113, 114, 115, 117, 118, 119, 120, 121, 122, 123, 124, 125, 126, 127, 128, 129, 132, 134, 136, 138, 139, 140, 141, 142, 143, 144, 147, 155, 156, 157, 158, 159, 161, 162, 163, 164, 166, 168, 170, 171, 172, 177, 187, 188, 189, 190, 193, 194, 195}"
Ref4.5,C4.4,WcD08D01710260445_03.ce,51,0.23938669277541091,"{1, 2, 3, 8, 14, 16, 17, 18, 19, 32, 38, 39, 40, 41, 42, 43, 44, 45, 46, 47, 48, 49, 50, 51, 52, 53, 54, 55, 59, 60, 61, 62, 63, 64, 65, 66, 109, 110, 111, 125, 126, 147, 167, 169, 173, 175, 177, 181, 194, 195, 196}"
Ref4.5,C4.5,WcD0F391710260400_01.ce,93,0.26292273649285164,"{2, 3, 4, 5, 9, 10, 11, 12, 13, 14, 15, 18, 19, 26, 35, 39, 41, 43, 44, 54, 55, 59, 60, 61, 62, 74, 81, 82, 84, 85, 86, 87, 88, 89, 90, 91, 92, 93, 94, 95, 96, 98, 99, 102, 105, 106, 107, 108, 109, 110, 111, 112, 113, 114, 115, 116, 117, 118, 119, 120, 126, 127, 131, 132, 133, 134, 135, 138, 140, 144, 147, 152, 153, 154, 156, 160, 161, 162, 163, 164, 165, 166, 170, 171, 174, 176, 179, 180, 182, 183, 184, 186, 192}"
Ref4.5,C4.5,WcD0F391710260415_01.ce,56,0.2507346620336053,"{6, 21, 35, 57, 58, 59, 60, 61, 62, 63, 64, 65, 66, 67, 70, 71, 72, 73, 74, 75, 77, 79, 80, 81, 82, 84, 85, 86, 89, 90, 91, 92, 93, 94, 95, 96, 97, 101, 103, 104, 105, 106, 107, 108, 110, 111, 161, 172, 173, 174, 175, 176, 177, 179, 180, 185}"
Ref4.5,C4.5,WcD0F391710260430_01.ce,106,0.25927142746029247,"{2, 7, 8, 9, 15, 16, 23, 24, 25, 27, 29, 31, 32, 39, 40, 41, 46, 47, 48, 49, 50, 51, 52, 53, 54, 55, 56, 57, 58, 59, 60, 61, 62, 63, 79, 80, 81, 82, 83, 84, 85, 86, 87, 89, 91, 92, 94, 96, 97, 98, 99, 101, 105, 106, 107, 108, 109, 110, 112, 113, 114, 115, 116, 117, 118, 119, 120, 121, 122, 123, 124, 128, 129, 131, 132, 133, 134, 135, 136, 137, 138, 142, 144, 149, 150, 151, 152, 153, 154, 156, 157, 158, 160, 163, 164, 166, 171, 182, 183, 184, 185, 188, 189, 190, 191, 192}"
Ref4.5,C4.5,WcD0F391710260445_01.ce,48,0.2347449561864166,"{9, 10, 12, 13, 14, 15, 28, 32, 35, 36, 37, 38, 40, 41, 42, 43, 44, 45, 46, 47, 48, 50, 51, 52, 54, 56, 57, 58, 59, 60, 61, 70, 90, 97, 100, 103, 106, 107, 122, 158, 162, 163, 172, 177, 181, 191, 192, 193}"
Ref4.5,C4.4,WcD08D01710260500_03.ce,83,0.2543367288109136,"{3, 5, 10, 11, 12, 13, 19, 22, 28, 29, 30, 35, 38, 39, 43, 47, 48, 49, 50, 57, 58, 59, 76, 77, 78, 84, 85, 92, 93, 94, 95, 96, 97, 98, 99, 100, 103, 105, 106, 112, 113, 114, 115, 116, 117, 118, 119, 120, 121, 122, 123, 124, 125, 126, 141, 144, 146, 147, 149, 150, 153, 154, 155, 156, 161, 162, 163, 167, 168, 169, 171, 174, 175, 176, 178, 179, 180, 181, 184, 186, 189, 191, 194}"
Ref4.5,C4.4,WcD08D01710260515_03.ce,57,0.24734630522817092,"{2, 3, 4, 6, 7, 12, 13, 21, 26, 30, 31, 34, 42, 55, 57, 58, 59, 93, 96, 99, 118, 125, 126, 127, 128, 129, 130, 131, 132, 133, 134, 135, 136, 137, 138, 140, 141, 142, 145, 146, 147, 148, 149, 151, 152, 153, 166, 176, 178, 179, 180, 182, 184, 185, 186, 187, 188}"
Ref4.5,C4.4,WcD08D01710260530_03.ce,67,0.24136925531343986,"{1, 2, 3, 7, 8, 12, 13, 14, 15, 16, 30, 31, 37, 41, 42, 44, 45, 49, 52, 53, 60, 61, 63, 65, 69, 70, 71, 72, 73, 74, 76, 77, 78, 80, 83, 87, 88, 89, 90, 91, 94, 95, 96, 98, 99, 100, 101, 103, 106, 107, 108, 109, 110, 111, 112, 113, 114, 115, 116, 117, 149, 164, 171, 173, 176, 182, 184}"
Ref4.5,C4.4,WcD08D01710260545_03.ce,73,0.25366832763208447,"{3, 16, 22, 26, 32, 38, 45, 46, 50, 51, 52, 54, 55, 56, 61, 62, 63, 65, 66, 67, 68, 69, 70, 74, 75, 76, 77, 82, 85, 86, 87, 88, 89, 90, 91, 98, 99, 100, 102, 104, 107, 108, 109, 110, 111, 112, 115, 117, 118, 119, 123, 125, 126, 127, 131, 132, 135, 136, 137, 138, 139, 140, 141, 142, 143, 145, 146, 147, 149, 155, 165, 196, 197}"
Ref4.5,C4.5,WcD0F391710260500_01.ce,85,0.25056470170693496,"{1, 2, 3, 4, 9, 10, 12, 18, 20, 26, 27, 28, 30, 32, 35, 36, 37, 40, 41, 45, 46, 47, 48, 55, 56, 57, 74, 75, 76, 83, 84, 90, 91, 94, 96, 97, 98, 101, 104, 105, 107, 110, 112, 113, 114, 115, 116, 117, 118, 119, 120, 121, 122, 123, 124, 125, 133, 139, 140, 141, 142, 144, 145, 146, 148, 151, 152, 153, 155, 159, 165, 167, 168, 169, 170, 173, 174, 175, 177, 179, 184, 187, 190, 192, 193}"
Ref4.5,C4.5,WcD0F391710260515_01.ce,61,0.2443770028037795,"{2, 3, 4, 6, 10, 12, 13, 20, 21, 22, 29, 30, 33, 34, 42, 54, 55, 56, 57, 58, 59, 79, 95, 98, 105, 118, 125, 127, 128, 130, 132, 133, 134, 135, 136, 137, 138, 139, 141, 144, 146, 147, 148, 149, 150, 151, 152, 161, 165, 166, 177, 178, 179, 183, 184, 186, 187, 188, 190, 191, 192}"
Ref4.5,C4.5,WcD0F391710260530_01.ce,68,0.24146517062682685,"{2, 7, 9, 10, 16, 19, 24, 25, 35, 36, 37, 38, 39, 46, 47, 48, 54, 55, 58, 60, 63, 64, 65, 66, 67, 68, 70, 71, 73, 75, 76, 77, 81, 82, 83, 84, 85, 86, 89, 90, 91, 92, 93, 94, 95, 96, 100, 102, 103, 104, 105, 106, 107, 108, 109, 110, 111, 112, 126, 130, 143, 144, 159, 167, 170, 179, 188, 190}"
Ref4.5,C4.5,WcD0F391710260545_01.ce,73,0.25891878754874015,"{11, 17, 20, 21, 23, 35, 39, 40, 44, 45, 46, 47, 48, 49, 50, 51, 56, 57, 60, 61, 62, 63, 64, 65, 68, 69, 70, 71, 73, 76, 77, 78, 79, 81, 83, 84, 85, 86, 93, 94, 95, 97, 98, 103, 104, 105, 107, 109, 111, 113, 118, 119, 120, 121, 123, 125, 126, 127, 129, 130, 131, 134, 135, 136, 137, 138, 141, 142, 143, 149, 191, 192, 193}"
Ref4.5,C4.4,WcD08D01710260600_03.ce,64,0.2525740829971303,"{1, 4, 10, 11, 12, 19, 20, 21, 25, 41, 45, 56, 57, 58, 59, 61, 65, 80, 82, 91, 93, 95, 98, 99, 100, 101, 102, 103, 104, 105, 106, 119, 120, 121, 122, 123, 124, 125, 126, 127, 128, 129, 130, 131, 132, 133, 135, 137, 154, 161, 162, 164, 165, 166, 170, 171, 172, 173, 181, 182, 184, 186, 187, 188}"
Ref4.5,C4.4,WcD08D01710260615_03.ce,74,0.26434605265477057,"{2, 4, 12, 16, 23, 29, 31, 32, 33, 34, 35, 36, 38, 39, 45, 46, 51, 52, 53, 54, 55, 56, 57, 58, 59, 60, 61, 62, 63, 64, 65, 66, 67, 68, 71, 72, 76, 86, 88, 91, 96, 98, 99, 106, 119, 120, 121, 122, 125, 127, 129, 132, 133, 134, 150, 155, 158, 159, 162, 166, 171, 172, 173, 180, 181, 182, 183, 184, 185, 186, 187, 188, 189, 190}"
Ref4.5,C4.4,WcD08D01710260630_03.ce,48,0.2582694391256684,"{1, 2, 3, 4, 5, 21, 23, 25, 26, 31, 32, 33, 35, 36, 37, 39, 44, 52, 53, 54, 56, 58, 66, 70, 73, 74, 75, 76, 77, 79, 80, 86, 88, 91, 92, 110, 116, 118, 122, 137, 139, 142, 149, 151, 156, 164, 168, 184}"
Ref4.5,C4.4,WcD08D01710260645_03.ce,61,0.24809842558381784,"{1, 3, 34, 41, 45, 54, 68, 72, 82, 90, 91, 92, 93, 101, 102, 103, 104, 106, 107, 113, 114, 115, 116, 117, 126, 127, 128, 132, 133, 134, 135, 136, 137, 138, 139, 140, 141, 142, 143, 144, 145, 146, 147, 148, 149, 150, 174, 175, 176, 177, 178, 179, 182, 183, 184, 185, 186, 187, 195, 196, 197}"
Ref4.5,C4.5,WcD0F391710260600_01.ce,68,0.24079804814173209,"{2, 3, 4, 9, 12, 18, 19, 20, 23, 39, 41, 45, 55, 56, 57, 61, 73, 78, 82, 83, 86, 88, 91, 96, 97, 98, 99, 100, 101, 102, 103, 104, 105, 116, 118, 119, 120, 121, 122, 123, 124, 125, 126, 127, 128, 129, 130, 131, 133, 134, 135, 136, 160, 162, 163, 164, 168, 169, 171, 172, 179, 182, 183, 184, 185, 186, 187, 194}"
Ref4.5,C4.5,WcD0F391710260615_01.ce,77,0.26834853814998455,"{1, 4, 6, 11, 14, 26, 28, 29, 30, 31, 32, 33, 34, 36, 43, 44, 48, 49, 50, 51, 52, 53, 54, 55, 56, 57, 58, 59, 60, 61, 62, 63, 64, 65, 67, 68, 69, 88, 89, 93, 95, 96, 103, 117, 118, 119, 120, 122, 123, 126, 129, 130, 131, 134, 152, 156, 157, 169, 170, 173, 175, 177, 178, 179, 180, 181, 182, 183, 184, 185, 186, 187, 188, 189, 190, 191, 192}"
Ref4.5,C4.5,WcD0F391710260630_01.ce,42,0.2545006254151477,"{17, 20, 26, 27, 28, 29, 30, 31, 32, 34, 50, 58, 60, 61, 63, 65, 68, 69, 70, 75, 82, 85, 88, 89, 101, 111, 117, 118, 121, 133, 136, 138, 143, 144, 145, 150, 162, 165, 178, 179, 188, 189}"
Ref4.5,C4.5,WcD0F391710260645_01.ce,64,0.24854144469294273,"{4, 28, 30, 31, 34, 36, 48, 62, 66, 84, 85, 86, 87, 96, 97, 98, 100, 101, 106, 107, 109, 110, 111, 117, 120, 121, 122, 126, 127, 128, 129, 130, 131, 132, 133, 134, 135, 136, 137, 138, 139, 140, 141, 142, 143, 144, 146, 149, 151, 160, 168, 169, 170, 171, 172, 173, 177, 178, 179, 180, 181, 189, 190, 191}"
Ref4.5,C4.4,WcD08D01710260700_03.ce,67,0.24711826249939445,"{2, 3, 4, 5, 6, 10, 11, 12, 13, 14, 20, 21, 22, 31, 34, 36, 42, 46, 47, 48, 54, 55, 56, 57, 58, 59, 60, 61, 62, 63, 64, 65, 72, 73, 75, 76, 77, 78, 79, 80, 86, 91, 100, 108, 109, 110, 111, 112, 113, 114, 115, 124, 125, 127, 133, 134, 135, 136, 137, 144, 151, 163, 164, 165, 170, 186, 187}"
Ref4.5,C4.4,WcD08D01710260715_03.ce,102,0.24730119241295484,"{1, 15, 25, 29, 34, 35, 54, 66, 69, 79, 80, 81, 82, 83, 84, 85, 86, 87, 88, 89, 90, 91, 93, 94, 96, 97, 98, 99, 101, 102, 103, 105, 106, 107, 108, 109, 110, 111, 112, 113, 114, 115, 116, 117, 118, 119, 120, 121, 122, 123, 124, 125, 126, 127, 130, 131, 132, 133, 134, 135, 136, 137, 138, 139, 140, 143, 144, 145, 146, 147, 148, 149, 150, 151, 152, 153, 154, 155, 156, 157, 158, 159, 160, 161, 162, 163, 164, 165, 166, 167, 168, 169, 172, 174, 175, 176, 178, 180, 183, 184, 185, 190}"
Ref4.5,C4.4,WcD08D01710260730_03.ce,94,0.2613067102168417,"{1, 9, 10, 14, 20, 21, 22, 23, 24, 27, 28, 29, 30, 31, 33, 34, 35, 37, 40, 41, 55, 66, 68, 69, 73, 77, 78, 79, 80, 81, 83, 84, 85, 86, 87, 88, 89, 90, 91, 94, 96, 97, 98, 100, 101, 102, 103, 104, 105, 106, 107, 109, 112, 114, 115, 116, 117, 118, 119, 126, 129, 132, 134, 144, 147, 148, 149, 152, 153, 154, 155, 156, 157, 158, 159, 160, 163, 164, 165, 166, 167, 172, 180, 181, 182, 183, 184, 185, 186, 187, 189, 193, 195, 196}"
Ref4.5,C4.4,WcD08D01710260745_03.ce,81,0.2382235511993424,"{2, 4, 10, 11, 12, 13, 15, 16, 17, 20, 21, 30, 33, 35, 42, 43, 44, 45, 56, 63, 84, 85, 86, 87, 88, 89, 90, 91, 92, 93, 94, 95, 96, 97, 98, 99, 100, 101, 102, 103, 104, 105, 106, 107, 108, 109, 110, 111, 112, 113, 114, 115, 116, 117, 118, 119, 120, 122, 123, 124, 125, 126, 127, 128, 131, 132, 133, 134, 135, 136, 140, 149, 162, 163, 165, 166, 167, 169, 170, 171, 175}"
Ref4.5,C4.5,WcD0F391710260700_01.ce,66,0.2496872472659706,"{1, 2, 3, 7, 8, 9, 10, 11, 12, 18, 19, 20, 32, 44, 45, 51, 52, 53, 54, 56, 57, 58, 59, 60, 61, 62, 63, 69, 71, 73, 75, 76, 77, 78, 81, 82, 84, 89, 94, 97, 104, 105, 106, 107, 108, 109, 111, 112, 121, 122, 123, 125, 131, 132, 133, 134, 135, 145, 149, 161, 162, 163, 168, 183, 184, 192}"
Ref4.5,C4.5,WcD0F391710260715_01.ce,106,0.2404990363143047,"{22, 26, 31, 32, 33, 51, 52, 56, 67, 69, 76, 77, 78, 79, 80, 81, 82, 83, 84, 85, 86, 87, 88, 90, 91, 94, 95, 96, 97, 98, 99, 100, 101, 103, 104, 105, 106, 107, 108, 109, 110, 111, 112, 113, 114, 115, 116, 117, 118, 119, 120, 121, 122, 123, 124, 125, 128, 129, 130, 131, 132, 133, 134, 135, 136, 137, 138, 141, 142, 143, 144, 145, 146, 147, 148, 149, 150, 151, 152, 153, 154, 155, 156, 157, 158, 159, 160, 161, 162, 163, 164, 165, 166, 167, 169, 171, 172, 173, 174, 175, 176, 179, 181, 187, 188, 189}"
Ref4.5,C4.5,WcD0F391710260730_01.ce,103,0.25718024586010935,"{3, 4, 6, 7, 8, 9, 10, 15, 16, 17, 18, 22, 23, 24, 25, 26, 31, 33, 34, 35, 57, 60, 62, 63, 64, 69, 70, 71, 72, 75, 76, 77, 78, 79, 80, 82, 83, 84, 85, 86, 87, 88, 89, 91, 92, 95, 96, 97, 99, 100, 101, 105, 107, 108, 109, 110, 111, 112, 113, 120, 121, 123, 124, 126, 127, 129, 138, 142, 143, 144, 145, 146, 147, 148, 149, 150, 151, 153, 154, 155, 157, 158, 159, 160, 161, 162, 164, 166, 172, 175, 176, 177, 178, 179, 180, 181, 182, 184, 185, 187, 189, 190, 194}"
Ref4.5,C4.5,WcD0F391710260745_01.ce,83,0.23522738824334016,"{1, 2, 7, 8, 9, 12, 13, 14, 17, 18, 27, 32, 33, 35, 40, 41, 42, 43, 54, 57, 81, 82, 83, 84, 85, 86, 87, 88, 89, 90, 91, 92, 93, 94, 95, 96, 98, 99, 100, 101, 102, 103, 104, 105, 106, 107, 108, 109, 110, 111, 112, 113, 114, 115, 116, 117, 118, 119, 120, 121, 122, 123, 124, 125, 126, 129, 130, 131, 132, 133, 146, 160, 161, 162, 163, 164, 166, 168, 172, 173, 187, 192, 193}"
Ref4.5,C4.4,WcD08D01710260800_03.ce,62,0.24515961747217585,"{1, 2, 3, 7, 12, 13, 14, 15, 16, 17, 18, 20, 23, 28, 29, 33, 34, 40, 42, 45, 51, 52, 56, 57, 59, 60, 61, 62, 63, 64, 65, 66, 67, 75, 76, 77, 85, 88, 90, 93, 103, 105, 106, 113, 114, 115, 116, 123, 124, 125, 127, 128, 129, 146, 147, 148, 149, 150, 151, 166, 167, 194}"
Ref4.5,C4.4,WcD08D01710260815_03.ce,62,0.22005913415839107,"{5, 6, 22, 46, 50, 65, 78, 90, 92, 97, 108, 112, 113, 114, 115, 116, 117, 118, 119, 120, 121, 122, 123, 124, 125, 126, 127, 128, 130, 132, 133, 134, 135, 149, 150, 155, 156, 157, 158, 159, 160, 161, 162, 163, 164, 165, 166, 167, 168, 169, 170, 171, 172, 173, 174, 175, 176, 181, 182, 183, 185, 186}"
Ref4.5,C4.4,WcD08D01710260830_03.ce,50,0.2250044073814133,"{1, 2, 3, 4, 5, 6, 7, 8, 9, 10, 11, 12, 13, 14, 15, 16, 17, 20, 22, 23, 24, 25, 47, 48, 49, 50, 57, 84, 85, 86, 87, 88, 89, 90, 91, 92, 135, 168, 169, 170, 171, 172, 173, 174, 175, 186, 191, 192, 195, 196}"
Ref4.5,C4.4,WcD08D01710260845_03.ce,113,0.26065819317826605,"{5, 10, 12, 14, 15, 17, 18, 20, 22, 23, 24, 25, 26, 27, 28, 31, 34, 38, 40, 41, 44, 51, 52, 53, 54, 57, 58, 60, 63, 66, 69, 70, 72, 74, 75, 76, 78, 79, 80, 81, 82, 86, 87, 88, 89, 90, 91, 92, 93, 94, 95, 96, 97, 98, 99, 100, 104, 109, 111, 112, 113, 114, 116, 117, 120, 123, 128, 129, 130, 131, 132, 133, 134, 135, 136, 137, 138, 139, 142, 144, 145, 146, 147, 148, 149, 151, 153, 154, 155, 156, 157, 158, 159, 160, 161, 163, 164, 165, 166, 167, 168, 169, 170, 171, 174, 175, 176, 178, 181, 184, 185, 186, 187}"
Ref4.5,C4.5,WcD0F391710260800_01.ce,66,0.23062481448293914,"{3, 4, 9, 10, 11, 12, 13, 14, 15, 16, 23, 26, 30, 37, 38, 41, 48, 49, 53, 54, 55, 56, 58, 59, 60, 61, 62, 63, 64, 65, 67, 72, 73, 74, 83, 85, 86, 88, 92, 98, 100, 102, 103, 104, 110, 111, 112, 113, 114, 121, 122, 124, 125, 126, 140, 143, 144, 145, 146, 147, 148, 149, 155, 164, 172, 187}"
Ref4.5,C4.5,WcD0F391710260815_01.ce,67,0.23585465828238064,"{7, 23, 24, 30, 52, 53, 79, 82, 95, 102, 113, 114, 115, 116, 117, 118, 119, 120, 121, 122, 123, 124, 125, 126, 127, 128, 129, 131, 133, 135, 136, 157, 158, 159, 160, 161, 162, 163, 164, 165, 166, 167, 168, 169, 170, 171, 172, 173, 174, 175, 176, 177, 178, 181, 182, 183, 184, 185, 186, 187, 188, 189, 190, 191, 192, 193, 194}"
Ref4.5,C4.5,WcD0F391710260830_01.ce,45,0.22425264762562644,"{1, 2, 3, 4, 5, 6, 7, 8, 9, 10, 11, 15, 16, 17, 18, 40, 41, 42, 43, 77, 78, 79, 80, 81, 82, 83, 84, 85, 117, 135, 162, 163, 164, 165, 166, 167, 168, 169, 171, 179, 184, 185, 187, 188, 189}"
Ref4.5,C4.5,WcD0F391710260845_01.ce,118,0.2745833744841332,"{1, 7, 12, 14, 15, 16, 18, 21, 22, 23, 24, 25, 26, 28, 29, 30, 33, 35, 38, 39, 40, 43, 45, 46, 50, 54, 55, 56, 57, 58, 59, 63, 64, 66, 67, 68, 70, 72, 74, 76, 77, 78, 79, 80, 82, 84, 85, 86, 87, 88, 89, 90, 91, 92, 93, 94, 95, 96, 97, 101, 102, 106, 109, 110, 111, 113, 114, 115, 117, 122, 125, 127, 128, 129, 130, 131, 132, 133, 134, 135, 136, 140, 141, 142, 143, 144, 145, 146, 147, 148, 149, 150, 151, 152, 153, 154, 155, 156, 157, 158, 159, 161, 162, 163, 164, 165, 168, 172, 173, 174, 175, 177, 182, 183, 184, 192, 193, 194}"
Ref4.5,C4.4,WcD08D01710260900_03.ce,71,0.2423694787489375,"{1, 2, 3, 6, 7, 12, 13, 14, 15, 23, 26, 39, 42, 44, 48, 58, 61, 71, 72, 73, 74, 76, 77, 78, 79, 80, 81, 83, 84, 85, 86, 87, 92, 94, 97, 98, 99, 100, 101, 102, 103, 107, 108, 109, 113, 114, 116, 120, 121, 122, 123, 124, 125, 135, 136, 137, 140, 141, 146, 150, 152, 153, 159, 164, 165, 171, 172, 173, 174, 176, 177}"
Ref4.5,C4.4,WcD08D01710260915_03.ce,61,0.2535140004085705,"{2, 5, 7, 8, 9, 10, 11, 12, 19, 20, 21, 22, 23, 25, 26, 34, 48, 59, 60, 68, 69, 70, 72, 73, 74, 75, 76, 77, 78, 79, 80, 81, 85, 87, 88, 90, 92, 93, 94, 95, 97, 98, 100, 101, 102, 106, 113, 114, 116, 118, 128, 137, 138, 139, 140, 141, 142, 157, 158, 182, 189}"
Ref4.5,C4.4,WcD08D01710260930_03.ce,74,0.24735159247165892,"{21, 36, 38, 48, 59, 82, 85, 86, 87, 88, 91, 93, 94, 95, 96, 97, 99, 100, 101, 102, 104, 106, 107, 108, 109, 115, 117, 118, 119, 123, 127, 128, 129, 131, 132, 134, 137, 140, 142, 144, 145, 146, 147, 150, 151, 152, 153, 154, 155, 156, 157, 158, 159, 160, 161, 162, 163, 164, 165, 166, 167, 168, 169, 170, 171, 172, 173, 174, 175, 176, 177, 178, 192, 194}"
Ref4.5,C4.4,WcD08D01710260945_03.ce,48,0.23325200980514402,"{5, 6, 7, 8, 23, 29, 30, 31, 32, 38, 41, 48, 59, 60, 63, 67, 68, 69, 70, 71, 72, 73, 74, 75, 77, 81, 88, 89, 90, 91, 92, 93, 94, 95, 96, 106, 112, 113, 114, 122, 126, 129, 155, 157, 159, 162, 166, 180}"
Ref4.5,C4.5,WcD0F391710260900_01.ce,73,0.23970331104064574,"{2, 4, 8, 9, 10, 11, 20, 22, 35, 38, 39, 40, 43, 49, 50, 54, 55, 58, 65, 67, 68, 69, 70, 71, 72, 74, 76, 77, 78, 79, 80, 82, 83, 87, 89, 91, 92, 94, 95, 97, 98, 99, 102, 105, 110, 111, 113, 114, 116, 117, 118, 119, 120, 121, 132, 133, 137, 141, 142, 143, 144, 147, 148, 149, 160, 168, 169, 170, 171, 172, 173, 177, 193}"
Ref4.5,C4.5,WcD0F391710260915_01.ce,71,0.24288025633358834,"{3, 4, 7, 8, 9, 10, 11, 12, 20, 21, 22, 23, 25, 26, 27, 31, 32, 34, 35, 36, 44, 45, 48, 49, 60, 61, 63, 68, 69, 70, 71, 72, 73, 74, 75, 76, 77, 78, 79, 80, 81, 85, 87, 88, 89, 90, 91, 92, 93, 94, 95, 97, 100, 101, 102, 103, 105, 114, 117, 130, 137, 138, 139, 140, 141, 142, 158, 162, 176, 186, 190}"
Ref4.5,C4.5,WcD0F391710260930_01.ce,71,0.24709800357112233,"{30, 32, 33, 52, 56, 60, 79, 82, 84, 89, 91, 92, 95, 98, 100, 105, 106, 107, 109, 110, 111, 113, 114, 115, 120, 123, 125, 126, 128, 129, 133, 134, 135, 136, 138, 141, 142, 143, 144, 146, 147, 148, 149, 150, 151, 152, 153, 154, 155, 156, 157, 158, 159, 160, 161, 162, 163, 164, 165, 166, 167, 168, 169, 170, 171, 172, 173, 174, 175, 177, 189}"
Ref4.5,C4.5,WcD0F391710260945_01.ce,50,0.23150312394533779,"{25, 26, 27, 28, 44, 45, 55, 56, 59, 63, 64, 65, 66, 67, 68, 69, 70, 71, 73, 74, 77, 84, 85, 86, 87, 88, 89, 90, 91, 92, 102, 103, 104, 105, 110, 118, 122, 141, 152, 153, 159, 161, 165, 169, 173, 182, 185, 191, 192, 193}"
Ref4.5,C4.4,WcD08D01710261100_03.ce,73,0.25078472924864836,"{1, 3, 4, 9, 10, 13, 14, 15, 23, 24, 25, 26, 28, 29, 30, 32, 33, 34, 39, 47, 48, 52, 55, 56, 57, 58, 60, 62, 64, 65, 66, 67, 68, 71, 77, 78, 79, 84, 85, 86, 87, 88, 89, 90, 92, 93, 95, 102, 103, 104, 111, 113, 115, 116, 123, 124, 130, 138, 139, 140, 151, 153, 154, 155, 157, 158, 159, 160, 162, 176, 183, 185, 186}"
Ref4.5,C4.4,WcD08D01710261115_03.ce,105,0.24354757387668294,"{2, 3, 5, 10, 11, 12, 13, 14, 15, 16, 17, 18, 19, 20, 21, 22, 26, 27, 40, 43, 44, 46, 50, 52, 53, 54, 55, 56, 57, 58, 59, 60, 61, 62, 63, 64, 65, 66, 67, 68, 69, 70, 80, 81, 82, 83, 84, 85, 86, 87, 88, 89, 90, 91, 92, 93, 94, 95, 96, 97, 98, 99, 100, 101, 102, 103, 104, 105, 106, 107, 108, 109, 110, 111, 112, 113, 114, 115, 117, 118, 119, 120, 121, 130, 131, 133, 134, 135, 136, 137, 139, 140, 141, 160, 176, 177, 178, 179, 180, 181, 187, 189, 190, 191, 192}"
Ref4.5,C4.4,WcD08D01710261130_03.ce,65,0.22909600170948327,"{17, 22, 23, 32, 33, 35, 36, 37, 39, 40, 42, 43, 44, 45, 46, 47, 48, 49, 50, 51, 52, 53, 54, 55, 57, 58, 59, 60, 61, 62, 63, 69, 90, 91, 92, 102, 103, 106, 107, 110, 111, 113, 114, 116, 117, 118, 127, 128, 167, 169, 170, 173, 174, 175, 176, 177, 178, 184, 186, 187, 188, 189, 190, 192, 193}"
Ref4.5,C4.4,WcD08D01710261145_03.ce,64,0.2300638397991695,"{2, 4, 5, 6, 7, 9, 10, 11, 12, 13, 14, 15, 16, 17, 18, 19, 20, 24, 26, 27, 30, 34, 35, 36, 41, 44, 50, 51, 52, 53, 54, 55, 60, 61, 63, 66, 69, 70, 71, 73, 74, 75, 76, 77, 78, 79, 80, 82, 83, 87, 88, 89, 93, 115, 137, 138, 160, 162, 169, 170, 176, 181, 195, 196}"
Ref4.5,C4.5,WcD0F391710261100_01.ce,84,0.24665039955427728,"{2, 3, 10, 11, 13, 14, 15, 23, 24, 25, 26, 27, 29, 30, 31, 32, 33, 34, 35, 36, 39, 40, 41, 47, 48, 49, 55, 56, 57, 58, 59, 60, 61, 66, 67, 68, 75, 78, 79, 80, 82, 85, 86, 87, 88, 89, 90, 92, 93, 96, 101, 102, 103, 104, 113, 115, 116, 117, 119, 123, 124, 131, 139, 141, 142, 150, 151, 152, 153, 154, 155, 156, 157, 159, 160, 161, 162, 169, 177, 184, 185, 188, 189, 191}"
Ref4.5,C4.5,WcD0F391710261115_01.ce,109,0.25033560819392725,"{2, 3, 4, 5, 6, 7, 8, 9, 10, 11, 12, 13, 14, 15, 16, 18, 19, 32, 33, 36, 37, 39, 40, 44, 45, 46, 47, 49, 50, 51, 52, 53, 54, 55, 56, 57, 58, 59, 60, 61, 62, 72, 73, 74, 75, 76, 77, 78, 79, 80, 81, 82, 83, 84, 85, 86, 87, 88, 89, 90, 91, 92, 93, 94, 95, 96, 97, 98, 99, 100, 101, 102, 103, 104, 105, 106, 107, 108, 109, 110, 111, 112, 113, 114, 115, 116, 118, 120, 121, 122, 125, 128, 130, 131, 132, 153, 157, 169, 170, 171, 172, 173, 174, 179, 180, 181, 182, 183, 184}"
Ref4.5,C4.5,WcD0F391710261130_01.ce,69,0.2380939878916137,"{13, 14, 17, 19, 24, 25, 26, 27, 29, 30, 32, 33, 34, 36, 37, 38, 39, 40, 41, 42, 43, 44, 45, 46, 47, 48, 49, 50, 51, 54, 56, 57, 58, 59, 76, 84, 86, 87, 88, 99, 100, 103, 106, 107, 108, 109, 112, 113, 115, 123, 124, 125, 145, 163, 165, 166, 169, 170, 171, 172, 173, 174, 175, 181, 183, 184, 185, 189, 191}"
Ref4.5,C4.5,WcD0F391710261145_01.ce,60,0.22492900732595458,"{1, 2, 3, 4, 5, 6, 7, 8, 9, 10, 11, 12, 13, 14, 15, 16, 21, 23, 24, 28, 31, 32, 33, 37, 47, 48, 49, 50, 53, 56, 57, 58, 60, 61, 65, 67, 69, 70, 71, 72, 73, 74, 75, 76, 78, 79, 80, 85, 86, 88, 89, 93, 111, 134, 137, 158, 165, 167, 191, 192}"
Ref4.5,C4.4,WcD08D01710261200_03.ce,81,0.2602792176224209,"{1, 2, 3, 9, 17, 20, 21, 23, 24, 25, 26, 27, 28, 30, 38, 40, 42, 48, 59, 61, 62, 63, 64, 67, 71, 77, 78, 79, 80, 82, 83, 84, 85, 86, 87, 88, 89, 90, 91, 92, 93, 94, 95, 96, 98, 99, 100, 106, 107, 108, 110, 111, 112, 113, 114, 116, 117, 118, 125, 127, 128, 134, 135, 142, 143, 145, 146, 148, 153, 157, 158, 160, 161, 168, 169, 171, 175, 177, 178, 182, 183}"
Ref4.5,C4.4,WcD08D01710261215_03.ce,65,0.2509974139081244,"{7, 8, 12, 13, 14, 15, 16, 23, 32, 38, 39, 40, 42, 62, 63, 64, 65, 66, 67, 69, 70, 71, 74, 87, 98, 106, 107, 109, 110, 112, 113, 115, 116, 120, 121, 125, 127, 129, 132, 133, 138, 139, 140, 150, 154, 156, 157, 158, 159, 174, 175, 176, 177, 178, 179, 180, 181, 182, 187, 189, 190, 191, 192, 193, 194}"
Ref4.5,C4.4,WcD08D01710261230_03.ce,131,0.2400394092572956,"{1, 2, 3, 4, 5, 6, 7, 8, 9, 10, 11, 12, 13, 14, 15, 16, 17, 18, 29, 30, 32, 34, 39, 41, 42, 43, 44, 48, 58, 59, 60, 67, 68, 69, 75, 76, 77, 78, 79, 80, 81, 82, 83, 84, 85, 86, 87, 88, 89, 90, 91, 92, 93, 94, 97, 98, 99, 100, 105, 106, 107, 108, 109, 110, 111, 112, 113, 114, 116, 118, 122, 123, 125, 126, 127, 128, 129, 130, 131, 132, 133, 134, 135, 137, 138, 140, 141, 142, 143, 144, 145, 146, 147, 149, 150, 151, 152, 153, 154, 155, 156, 157, 158, 159, 160, 161, 162, 163, 164, 165, 167, 168, 170, 171, 172, 173, 175, 176, 177, 179, 180, 181, 182, 183, 184, 185, 186, 187, 188, 189, 193}"
Ref4.5,C4.4,WcD08D01710261245_03.ce,66,0.2351517002695474,"{2, 3, 4, 5, 6, 7, 8, 9, 10, 11, 12, 13, 14, 15, 17, 18, 19, 20, 21, 22, 23, 24, 25, 27, 28, 29, 30, 31, 32, 33, 34, 35, 36, 37, 38, 39, 40, 41, 42, 43, 44, 45, 46, 47, 48, 49, 51, 55, 61, 93, 95, 110, 132, 145, 161, 163, 167, 172, 174, 178, 184, 186, 189, 195, 196, 197}"
Ref4.5,C4.5,WcD0F391710261200_01.ce,84,0.26670650613776453,"{1, 3, 4, 18, 21, 23, 24, 25, 26, 27, 28, 29, 30, 38, 40, 41, 46, 48, 59, 61, 62, 64, 65, 69, 71, 72, 76, 77, 78, 79, 80, 81, 82, 83, 84, 85, 86, 87, 88, 90, 91, 93, 94, 95, 96, 97, 99, 100, 107, 108, 109, 111, 113, 114, 116, 117, 118, 119, 121, 123, 127, 128, 129, 135, 143, 145, 147, 148, 149, 159, 160, 161, 162, 164, 166, 168, 169, 170, 178, 179, 183, 187, 188, 191}"
Ref4.5,C4.5,WcD0F391710261215_01.ce,71,0.24863812853477651,"{2, 3, 9, 11, 13, 18, 19, 26, 27, 30, 33, 34, 35, 53, 56, 58, 59, 60, 61, 63, 64, 65, 66, 67, 69, 78, 83, 93, 103, 104, 106, 107, 108, 109, 111, 112, 115, 116, 120, 123, 125, 128, 129, 134, 135, 136, 146, 150, 151, 152, 153, 154, 170, 172, 173, 174, 175, 176, 177, 182, 183, 184, 185, 187, 188, 189, 190, 191, 192, 193, 194}"
Ref4.5,C4.5,WcD0F391710261230_01.ce,136,0.23833209414883993,"{1, 2, 3, 4, 5, 6, 7, 8, 9, 10, 11, 12, 13, 14, 21, 24, 25, 26, 27, 28, 30, 35, 37, 38, 39, 40, 55, 56, 62, 63, 64, 70, 71, 72, 73, 74, 75, 76, 77, 78, 79, 80, 81, 82, 83, 84, 85, 86, 87, 88, 89, 90, 91, 92, 93, 94, 95, 101, 102, 103, 104, 105, 106, 107, 108, 109, 110, 116, 117, 118, 119, 120, 122, 123, 124, 125, 126, 127, 128, 129, 130, 132, 133, 134, 135, 136, 137, 138, 139, 140, 141, 142, 144, 145, 146, 147, 148, 149, 150, 151, 152, 153, 154, 155, 156, 157, 158, 159, 160, 161, 162, 163, 165, 166, 167, 168, 169, 170, 171, 172, 173, 174, 176, 177, 178, 179, 181, 182, 183, 184, 186, 188, 190, 191, 192, 193}"
Ref4.5,C4.5,WcD0F391710261245_01.ce,64,0.23461831396439692,"{1, 2, 3, 4, 5, 7, 8, 9, 10, 12, 13, 14, 15, 16, 17, 18, 19, 20, 22, 23, 24, 25, 26, 27, 28, 30, 31, 32, 34, 35, 36, 37, 38, 39, 40, 41, 42, 43, 44, 46, 47, 56, 73, 89, 91, 97, 106, 112, 118, 124, 127, 140, 150, 153, 156, 158, 162, 171, 173, 177, 179, 190, 191, 192}"
Ref4.5,C4.4,WcD08D01710261300_03.ce,87,0.25823565885194516,"{1, 2, 3, 4, 5, 10, 11, 13, 14, 15, 16, 25, 26, 27, 28, 29, 32, 33, 34, 35, 36, 37, 39, 47, 48, 52, 55, 56, 57, 58, 60, 61, 62, 63, 64, 65, 66, 67, 68, 69, 70, 72, 74, 78, 79, 80, 90, 91, 95, 97, 98, 99, 100, 101, 102, 104, 108, 111, 118, 119, 121, 124, 125, 126, 128, 129, 132, 133, 134, 136, 137, 139, 147, 152, 153, 154, 155, 166, 167, 168, 170, 172, 173, 175, 176, 177, 178}"
Ref4.5,C4.4,WcD08D01710261315_03.ce,28,0.2398573259241941,"{21, 22, 23, 24, 31, 32, 36, 57, 58, 59, 60, 61, 62, 64, 65, 86, 96, 98, 104, 105, 117, 118, 125, 129, 144, 162, 165, 190}"
Ref4.5,C4.4,WcD08D01710261330_03.ce,71,0.24211775483019984,"{28, 43, 47, 48, 49, 50, 51, 52, 55, 56, 57, 71, 81, 82, 84, 87, 88, 90, 91, 94, 95, 96, 98, 100, 103, 104, 105, 107, 110, 114, 115, 123, 125, 126, 127, 128, 134, 138, 154, 155, 157, 158, 159, 160, 162, 163, 165, 166, 169, 171, 172, 173, 174, 176, 177, 179, 180, 181, 185, 186, 187, 188, 189, 190, 191, 192, 193, 194, 195, 196, 197}"
Ref4.5,C4.4,WcD08D01710261345_03.ce,147,0.2998035346983885,"{1, 4, 5, 6, 7, 8, 11, 12, 14, 17, 19, 20, 21, 24, 25, 26, 27, 29, 30, 32, 33, 34, 35, 36, 37, 38, 40, 42, 43, 44, 45, 46, 47, 48, 49, 50, 51, 53, 54, 55, 56, 57, 58, 59, 60, 62, 63, 64, 65, 66, 67, 68, 69, 70, 73, 74, 75, 76, 77, 78, 79, 80, 81, 82, 83, 84, 85, 86, 87, 88, 90, 91, 92, 94, 95, 96, 97, 99, 100, 101, 102, 103, 104, 105, 106, 107, 108, 109, 110, 111, 112, 113, 114, 115, 116, 117, 118, 119, 120, 121, 122, 123, 124, 125, 126, 127, 129, 130, 132, 133, 135, 136, 137, 139, 140, 141, 146, 149, 150, 154, 155, 157, 158, 159, 160, 162, 164, 166, 168, 169, 171, 172, 175, 176, 178, 181, 182, 183, 184, 185, 186, 187, 188, 189, 191, 193, 194}"
Ref4.5,C4.5,WcD0F391710261300_01.ce,86,0.25407047378909287,"{1, 2, 3, 4, 9, 10, 11, 12, 13, 14, 15, 24, 25, 27, 28, 29, 32, 33, 34, 37, 39, 40, 46, 47, 49, 51, 52, 54, 55, 56, 57, 58, 60, 61, 62, 63, 64, 65, 67, 68, 69, 70, 72, 78, 79, 89, 90, 96, 97, 98, 99, 101, 102, 103, 104, 110, 118, 119, 120, 122, 124, 125, 126, 131, 132, 133, 135, 136, 138, 146, 147, 151, 152, 153, 154, 155, 166, 167, 170, 171, 172, 173, 174, 175, 177, 189}"
Ref4.5,C4.5,WcD0F391710261315_01.ce,30,0.24194357159635102,"{17, 18, 19, 20, 27, 28, 29, 32, 34, 53, 54, 56, 59, 60, 65, 85, 91, 92, 99, 101, 108, 113, 120, 121, 135, 140, 142, 150, 157, 160}"
Ref4.5,C4.5,WcD0F391710261330_01.ce,66,0.24136375628116474,"{40, 41, 43, 44, 45, 46, 47, 50, 51, 52, 73, 77, 81, 82, 83, 85, 86, 87, 90, 91, 93, 94, 95, 98, 100, 101, 102, 104, 110, 121, 122, 123, 124, 127, 129, 144, 150, 151, 152, 153, 155, 160, 161, 165, 167, 168, 169, 170, 171, 172, 175, 177, 180, 181, 182, 183, 184, 185, 186, 187, 188, 189, 190, 191, 192, 193}"
Ref4.5,C4.5,WcD0F391710261345_01.ce,150,0.3135987619274769,"{1, 3, 4, 7, 11, 14, 16, 17, 18, 19, 20, 21, 23, 24, 25, 26, 28, 29, 32, 33, 34, 35, 36, 37, 38, 40, 41, 42, 43, 45, 46, 47, 48, 49, 50, 53, 54, 56, 57, 59, 60, 61, 62, 63, 65, 66, 67, 68, 69, 70, 71, 73, 74, 75, 76, 77, 78, 79, 81, 82, 83, 84, 85, 86, 87, 89, 90, 91, 93, 94, 95, 96, 97, 98, 99, 100, 101, 102, 103, 105, 106, 107, 108, 109, 110, 111, 112, 113, 114, 115, 116, 117, 118, 119, 120, 121, 122, 123, 124, 125, 126, 128, 129, 130, 131, 132, 134, 135, 136, 139, 140, 141, 142, 145, 146, 149, 154, 155, 156, 158, 159, 160, 162, 163, 164, 165, 166, 168, 169, 170, 171, 172, 175, 176, 177, 178, 180, 181, 182, 183, 184, 185, 186, 187, 188, 189, 191, 192, 193, 194}"
Ref4.5,C4.4,WcD08D01710261400_03.ce,128,0.299883460434407,"{1, 2, 3, 4, 5, 7, 9, 10, 11, 12, 13, 15, 17, 19, 21, 22, 23, 24, 25, 26, 28, 30, 31, 32, 33, 34, 35, 37, 41, 42, 53, 54, 56, 57, 60, 61, 62, 63, 65, 67, 68, 70, 71, 72, 74, 76, 77, 78, 80, 81, 82, 83, 84, 85, 86, 88, 89, 90, 92, 94, 95, 96, 97, 98, 99, 100, 101, 102, 103, 104, 105, 106, 107, 108, 109, 110, 113, 114, 116, 117, 118, 120, 122, 123, 124, 125, 126, 127, 129, 133, 134, 136, 137, 138, 140, 142, 143, 144, 145, 146, 147, 148, 149, 150, 152, 153, 155, 156, 159, 160, 163, 164, 165, 167, 169, 170, 173, 174, 175, 176, 177, 178, 179, 181, 182, 187, 188, 189}"
Ref4.5,C4.4,WcD08D01710261415_03.ce,107,0.2816007394238218,"{3, 4, 5, 7, 9, 11, 12, 15, 18, 20, 21, 22, 23, 24, 25, 26, 27, 31, 32, 33, 36, 38, 39, 41, 44, 45, 47, 48, 49, 50, 51, 53, 56, 57, 58, 62, 63, 69, 71, 73, 74, 75, 76, 77, 78, 82, 83, 84, 86, 87, 93, 94, 95, 98, 99, 100, 104, 105, 106, 107, 108, 109, 116, 117, 121, 122, 124, 125, 126, 127, 128, 129, 130, 131, 132, 133, 134, 135, 136, 137, 138, 141, 142, 145, 146, 147, 148, 149, 150, 154, 155, 156, 157, 158, 161, 162, 163, 164, 165, 166, 167, 168, 172, 174, 176, 185, 186}"
Ref4.5,C4.4,WcD08D01710261430_03.ce,109,0.26624364961483943,"{5, 6, 11, 17, 18, 19, 20, 21, 22, 23, 24, 25, 26, 27, 28, 30, 31, 32, 33, 34, 36, 42, 43, 44, 45, 46, 49, 54, 57, 58, 59, 60, 63, 65, 66, 70, 72, 73, 74, 75, 76, 77, 78, 79, 80, 81, 83, 84, 87, 88, 89, 90, 91, 93, 94, 96, 97, 98, 103, 104, 106, 107, 109, 110, 111, 112, 113, 114, 116, 118, 119, 120, 121, 122, 123, 124, 125, 126, 127, 131, 132, 133, 135, 136, 140, 141, 142, 144, 146, 153, 155, 156, 157, 158, 161, 162, 166, 171, 172, 173, 174, 175, 176, 177, 179, 189, 196, 197, 198}"
Ref4.5,C4.4,WcD08D01710261445_03.ce,47,0.2292494893564368,"{1, 2, 3, 5, 7, 8, 9, 13, 14, 15, 18, 19, 20, 21, 22, 23, 24, 25, 26, 27, 28, 29, 30, 31, 32, 34, 35, 36, 49, 50, 51, 52, 53, 54, 55, 69, 78, 82, 84, 93, 112, 122, 127, 139, 161, 172, 185}"
Ref4.5,C4.5,WcD0F391710261400_01.ce,136,0.30375375554710243,"{1, 2, 3, 4, 6, 7, 9, 11, 12, 14, 15, 18, 19, 21, 22, 23, 24, 25, 27, 29, 30, 31, 33, 34, 35, 36, 37, 41, 42, 43, 52, 53, 54, 55, 56, 59, 60, 61, 62, 63, 64, 65, 66, 67, 68, 69, 70, 71, 73, 74, 77, 78, 79, 80, 81, 82, 83, 84, 86, 87, 88, 89, 90, 92, 93, 94, 95, 97, 98, 99, 100, 101, 102, 104, 105, 106, 107, 109, 110, 113, 115, 116, 117, 118, 119, 121, 122, 123, 124, 125, 129, 130, 132, 133, 134, 136, 137, 140, 142, 143, 144, 145, 147, 148, 149, 150, 151, 152, 153, 155, 158, 159, 160, 161, 163, 164, 167, 168, 169, 171, 172, 173, 174, 175, 176, 177, 178, 179, 180, 181, 186, 187, 188, 189, 192, 193}"
Ref4.5,C4.5,WcD0F391710261415_01.ce,110,0.280485192811385,"{1, 4, 5, 6, 7, 8, 9, 15, 16, 17, 18, 19, 20, 21, 22, 26, 27, 28, 29, 32, 33, 34, 35, 36, 38, 41, 43, 44, 48, 49, 51, 52, 53, 54, 57, 58, 61, 62, 64, 65, 66, 67, 70, 71, 72, 74, 78, 79, 80, 81, 82, 85, 87, 88, 89, 90, 94, 95, 100, 101, 103, 104, 105, 106, 109, 112, 118, 119, 120, 121, 122, 123, 124, 125, 126, 127, 128, 129, 130, 131, 132, 133, 134, 136, 137, 138, 142, 144, 146, 150, 151, 153, 154, 156, 157, 158, 159, 160, 161, 162, 163, 166, 171, 172, 174, 176, 181, 182, 186, 193}"
Ref4.5,C4.5,WcD0F391710261430_01.ce,107,0.2753962512802081,"{1, 2, 6, 13, 14, 15, 16, 17, 19, 20, 21, 23, 25, 26, 27, 29, 31, 33, 37, 38, 39, 40, 41, 49, 50, 52, 53, 54, 55, 56, 57, 59, 60, 61, 63, 66, 67, 68, 69, 70, 71, 72, 73, 75, 76, 79, 82, 84, 85, 86, 87, 90, 92, 93, 94, 96, 97, 98, 99, 102, 105, 106, 107, 108, 109, 112, 113, 115, 116, 117, 118, 119, 120, 121, 122, 123, 125, 127, 128, 130, 131, 132, 136, 137, 144, 145, 148, 151, 153, 154, 155, 157, 160, 162, 167, 169, 170, 171, 172, 174, 175, 182, 184, 185, 192, 193, 194}"
Ref4.5,C4.5,WcD0F391710261445_01.ce,52,0.22416230043347304,"{1, 2, 4, 5, 7, 8, 9, 12, 13, 14, 17, 19, 20, 21, 23, 24, 25, 26, 27, 28, 29, 30, 31, 32, 34, 35, 48, 49, 50, 51, 52, 53, 54, 55, 60, 69, 73, 78, 83, 84, 92, 93, 111, 138, 141, 153, 158, 160, 185, 190, 191, 192}"
Ref4.5,C4.4,WcD08D01710261500_03.ce,70,0.25145268350423067,"{2, 3, 4, 6, 7, 8, 9, 13, 14, 15, 17, 19, 20, 28, 29, 30, 31, 32, 34, 36, 37, 38, 39, 41, 50, 51, 52, 53, 55, 56, 57, 60, 61, 67, 69, 76, 78, 80, 83, 84, 85, 86, 87, 89, 91, 92, 95, 97, 98, 99, 100, 101, 102, 103, 104, 111, 127, 130, 131, 133, 135, 151, 152, 154, 165, 170, 180, 183, 189, 190}"
Ref4.5,C4.4,WcD08D01710261515_03.ce,74,0.25683138315898807,"{4, 5, 13, 23, 28, 41, 44, 55, 56, 58, 60, 61, 65, 73, 85, 93, 102, 111, 115, 117, 119, 129, 131, 138, 141, 142, 143, 144, 145, 146, 147, 148, 149, 150, 151, 152, 154, 155, 156, 157, 160, 161, 162, 163, 164, 165, 167, 168, 169, 171, 172, 173, 174, 175, 176, 177, 178, 179, 180, 181, 183, 184, 185, 186, 187, 188, 189, 190, 191, 192, 193, 194, 195, 196}"
Ref4.5,C4.4,WcD08D01710261530_03.ce,153,0.2721946475423476,"{1, 2, 3, 4, 5, 7, 8, 9, 10, 11, 12, 13, 14, 15, 16, 17, 18, 26, 31, 32, 33, 34, 35, 36, 38, 39, 40, 41, 42, 44, 45, 46, 47, 48, 49, 50, 51, 52, 53, 54, 55, 56, 57, 58, 59, 60, 61, 62, 63, 64, 65, 67, 70, 75, 76, 77, 79, 80, 81, 82, 83, 84, 85, 86, 88, 89, 90, 91, 92, 93, 94, 95, 96, 97, 98, 99, 100, 101, 102, 103, 104, 105, 106, 107, 108, 109, 123, 124, 125, 126, 127, 129, 130, 131, 132, 133, 134, 135, 136, 137, 138, 139, 140, 141, 142, 143, 144, 145, 146, 147, 148, 149, 150, 151, 152, 153, 154, 155, 156, 157, 158, 159, 160, 161, 162, 163, 164, 165, 166, 167, 168, 169, 170, 171, 172, 173, 174, 175, 176, 177, 178, 179, 180, 181, 182, 184, 187, 188, 190, 191, 192, 193, 194}"
Ref4.5,C4.4,WcD08D01710261545_03.ce,88,0.2713016373864496,"{1, 3, 5, 6, 9, 10, 11, 13, 14, 15, 16, 17, 19, 20, 21, 22, 23, 24, 25, 26, 27, 28, 29, 35, 36, 37, 40, 41, 46, 47, 48, 50, 53, 54, 58, 59, 62, 63, 64, 68, 69, 70, 71, 72, 73, 74, 75, 77, 78, 79, 80, 81, 82, 83, 84, 85, 86, 89, 90, 91, 93, 94, 95, 96, 97, 98, 100, 101, 102, 103, 104, 105, 106, 107, 110, 116, 118, 119, 127, 130, 146, 159, 165, 167, 174, 175, 176, 183}"
Ref4.5,C4.5,WcD0F391710261500_01.ce,72,0.2502204166549407,"{2, 3, 4, 9, 10, 12, 13, 14, 15, 24, 25, 26, 27, 28, 30, 31, 32, 33, 35, 36, 45, 46, 47, 50, 51, 52, 54, 55, 56, 57, 62, 65, 72, 73, 75, 77, 78, 79, 80, 81, 82, 83, 84, 85, 86, 87, 88, 89, 90, 92, 93, 94, 95, 96, 97, 98, 100, 123, 125, 127, 128, 141, 147, 148, 149, 152, 161, 165, 176, 184, 185, 194}"
Ref4.5,C4.5,WcD0F391710261515_01.ce,73,0.2571276913796234,"{6, 8, 19, 23, 36, 39, 51, 55, 56, 68, 69, 78, 80, 97, 99, 110, 125, 126, 127, 132, 134, 137, 138, 139, 140, 141, 142, 143, 144, 145, 146, 147, 148, 149, 150, 151, 152, 155, 156, 157, 158, 159, 160, 161, 162, 163, 164, 165, 166, 167, 168, 169, 170, 171, 172, 173, 174, 175, 176, 178, 179, 180, 181, 182, 183, 184, 186, 187, 188, 189, 191, 192, 193}"
Ref4.5,C4.5,WcD0F391710261530_01.ce,159,0.288933146325566,"{1, 2, 3, 4, 5, 6, 7, 8, 9, 10, 11, 12, 13, 14, 15, 17, 23, 24, 25, 29, 30, 31, 32, 33, 34, 36, 37, 38, 39, 40, 41, 43, 44, 45, 46, 47, 48, 49, 50, 51, 53, 54, 55, 56, 57, 58, 59, 60, 61, 62, 64, 65, 66, 67, 68, 74, 75, 77, 78, 79, 80, 81, 82, 83, 84, 86, 87, 88, 89, 90, 91, 92, 93, 94, 95, 96, 97, 98, 99, 100, 101, 102, 103, 104, 105, 106, 107, 109, 110, 112, 113, 116, 120, 121, 122, 123, 124, 125, 127, 128, 129, 130, 131, 132, 133, 134, 135, 136, 137, 138, 139, 140, 141, 143, 144, 145, 146, 147, 148, 149, 150, 151, 152, 153, 154, 155, 156, 157, 158, 159, 160, 161, 162, 163, 164, 165, 166, 167, 168, 169, 171, 172, 173, 174, 175, 176, 177, 178, 179, 180, 183, 185, 186, 188, 189, 190, 191, 192, 193}"
Ref4.5,C4.5,WcD0F391710261545_01.ce,100,0.26872195248224057,"{2, 3, 5, 6, 7, 10, 11, 13, 14, 15, 16, 17, 18, 20, 21, 22, 23, 24, 25, 26, 27, 28, 29, 30, 32, 36, 37, 38, 41, 42, 43, 47, 48, 49, 51, 53, 54, 55, 58, 59, 62, 63, 65, 69, 70, 71, 72, 73, 74, 75, 76, 77, 78, 79, 80, 81, 82, 83, 84, 85, 87, 89, 90, 91, 92, 94, 95, 96, 97, 98, 99, 100, 101, 102, 103, 104, 105, 106, 107, 109, 110, 119, 120, 131, 132, 149, 151, 154, 156, 157, 159, 163, 171, 175, 176, 177, 181, 183, 191, 192}"
Ref4.5,C4.4,WcD08D01710261600_03.ce,65,0.249351892454347,"{1, 2, 3, 4, 5, 6, 7, 8, 21, 22, 24, 25, 26, 27, 28, 36, 38, 46, 53, 64, 67, 68, 69, 70, 74, 78, 82, 83, 84, 85, 86, 87, 88, 89, 90, 91, 96, 97, 99, 101, 106, 111, 113, 119, 121, 122, 123, 124, 125, 132, 133, 141, 142, 143, 145, 146, 147, 154, 155, 156, 158, 159, 160, 161, 172}"
Ref4.5,C4.4,WcD08D01710261615_03.ce,65,0.2508266227942,"{4, 9, 12, 19, 20, 21, 23, 25, 37, 38, 39, 40, 41, 42, 43, 44, 45, 46, 50, 51, 59, 61, 66, 68, 69, 73, 75, 76, 78, 82, 84, 86, 87, 89, 90, 91, 93, 94, 95, 100, 110, 112, 113, 114, 115, 116, 149, 150, 158, 159, 161, 165, 168, 169, 171, 172, 173, 176, 177, 184, 189, 190, 191, 192, 194}"
Ref4.5,C4.4,WcD08D01710261630_03.ce,58,0.2521278113703268,"{2, 6, 11, 14, 17, 19, 21, 22, 23, 24, 25, 34, 37, 39, 41, 48, 49, 50, 53, 71, 73, 74, 88, 89, 90, 91, 92, 93, 95, 96, 100, 103, 107, 108, 109, 112, 113, 118, 119, 120, 121, 141, 142, 146, 147, 148, 149, 158, 159, 160, 161, 162, 163, 165, 172, 176, 180, 186}"
Ref4.5,C4.4,WcD08D01710261645_03.ce,46,0.23410423902013675,"{17, 21, 32, 56, 64, 66, 69, 70, 86, 93, 94, 96, 97, 98, 99, 103, 107, 111, 112, 116, 118, 119, 120, 129, 130, 136, 142, 144, 150, 151, 152, 155, 156, 158, 159, 160, 161, 165, 166, 173, 174, 180, 181, 182, 183, 187}"
Ref4.5,C4.5,WcD0F391710261600_01.ce,71,0.2454727213136851,"{1, 2, 3, 4, 17, 18, 19, 20, 21, 22, 23, 24, 34, 36, 41, 42, 45, 46, 49, 51, 54, 62, 63, 64, 70, 71, 73, 74, 78, 79, 80, 81, 82, 83, 84, 85, 86, 87, 90, 92, 96, 102, 107, 108, 110, 113, 114, 115, 117, 118, 119, 120, 121, 127, 128, 129, 136, 137, 138, 140, 141, 142, 150, 151, 152, 153, 154, 155, 156, 166, 183}"
Ref4.5,C4.5,WcD0F391710261615_01.ce,74,0.2497947741003747,"{3, 6, 7, 14, 16, 19, 31, 32, 33, 34, 35, 36, 37, 38, 39, 40, 41, 42, 44, 45, 49, 53, 55, 59, 62, 63, 67, 70, 71, 72, 73, 77, 79, 80, 81, 84, 85, 86, 87, 88, 89, 90, 104, 107, 108, 109, 110, 111, 112, 121, 143, 144, 147, 153, 154, 155, 156, 159, 162, 163, 164, 166, 167, 169, 170, 171, 173, 177, 180, 184, 185, 186, 188, 193}"
Ref4.5,C4.5,WcD0F391710261630_01.ce,63,0.24787989687730416,"{2, 6, 14, 16, 18, 19, 21, 22, 23, 24, 25, 34, 40, 41, 45, 47, 48, 49, 50, 52, 53, 54, 66, 76, 79, 87, 88, 89, 90, 91, 92, 94, 95, 99, 104, 106, 107, 108, 111, 112, 118, 119, 120, 131, 141, 142, 144, 145, 146, 147, 148, 149, 157, 158, 159, 160, 161, 162, 164, 172, 175, 179, 185}"
Ref4.5,C4.5,WcD0F391710261645_01.ce,43,0.2317206535462123,"{17, 20, 27, 31, 45, 60, 69, 76, 87, 93, 96, 97, 98, 102, 106, 110, 111, 112, 115, 116, 119, 120, 129, 135, 136, 137, 141, 142, 143, 154, 155, 159, 165, 168, 173, 174, 176, 180, 181, 182, 186, 187, 190}"
Ref4.5,C4.4,WcD08D01710261700_03.ce,65,0.24163925154860094,"{1, 2, 3, 4, 5, 6, 7, 8, 9, 10, 11, 14, 15, 18, 31, 32, 33, 41, 46, 53, 58, 59, 63, 65, 66, 67, 68, 72, 73, 74, 82, 83, 84, 86, 87, 88, 89, 94, 97, 98, 100, 101, 102, 106, 111, 112, 113, 117, 118, 119, 123, 124, 129, 130, 133, 141, 150, 154, 156, 158, 187, 188, 189, 190, 192}"
Ref4.5,C4.4,WcD08D01710261715_03.ce,70,0.2217424557408149,"{1, 9, 10, 13, 14, 17, 18, 19, 20, 21, 28, 29, 30, 40, 43, 44, 46, 49, 50, 51, 52, 63, 64, 73, 74, 75, 76, 84, 85, 86, 92, 93, 100, 101, 102, 104, 105, 109, 114, 117, 118, 119, 120, 124, 125, 127, 131, 132, 133, 134, 135, 136, 137, 145, 150, 151, 152, 161, 162, 163, 164, 165, 171, 172, 173, 174, 180, 181, 182, 185}"
Ref4.5,C4.4,WcD08D01710261730_03.ce,67,0.21377395352896053,"{3, 4, 7, 8, 16, 17, 18, 19, 20, 29, 33, 36, 47, 59, 61, 63, 66, 73, 74, 78, 89, 93, 94, 95, 96, 97, 99, 100, 105, 107, 110, 111, 112, 119, 120, 121, 122, 123, 128, 129, 130, 131, 133, 135, 136, 137, 138, 139, 140, 142, 144, 145, 146, 147, 148, 149, 150, 157, 162, 163, 172, 176, 177, 178, 183, 184, 185}"
Ref4.5,C4.4,WcD08D01710261745_03.ce,53,0.22104381464385664,"{6, 7, 12, 13, 22, 23, 24, 28, 29, 30, 32, 33, 38, 39, 40, 45, 46, 48, 50, 51, 52, 57, 58, 59, 60, 61, 65, 67, 71, 73, 74, 75, 78, 79, 80, 81, 91, 102, 103, 105, 107, 110, 111, 113, 121, 123, 127, 129, 168, 170, 174, 175, 176}"
Ref4.5,C4.5,WcD0F391710261700_01.ce,65,0.2398172511239093,"{1, 2, 3, 4, 5, 6, 11, 12, 13, 25, 26, 27, 35, 36, 40, 41, 46, 48, 51, 53, 58, 60, 61, 62, 67, 68, 78, 81, 82, 83, 84, 88, 92, 95, 96, 97, 99, 101, 106, 107, 111, 112, 113, 118, 119, 123, 124, 126, 128, 131, 136, 144, 149, 153, 170, 178, 181, 182, 183, 184, 185, 186, 187, 188, 189}"
Ref4.5,C4.5,WcD0F391710261715_01.ce,73,0.22608126902192222,"{4, 8, 9, 10, 11, 12, 13, 14, 15, 23, 24, 25, 26, 35, 38, 39, 44, 45, 46, 47, 48, 58, 59, 60, 68, 69, 70, 71, 72, 79, 80, 81, 87, 88, 95, 96, 97, 98, 99, 100, 101, 103, 104, 111, 113, 114, 115, 118, 120, 121, 122, 126, 127, 128, 129, 130, 131, 132, 133, 144, 146, 147, 148, 157, 158, 159, 160, 167, 168, 169, 176, 177, 180}"
Ref4.5,C4.5,WcD0F391710261730_01.ce,65,0.24384295377324872,"{1, 2, 3, 6, 7, 12, 15, 16, 17, 18, 28, 32, 54, 57, 59, 60, 62, 71, 72, 88, 92, 93, 94, 95, 96, 97, 98, 103, 108, 109, 110, 115, 116, 117, 118, 119, 120, 121, 127, 128, 129, 132, 133, 134, 135, 136, 137, 138, 140, 143, 144, 145, 146, 147, 148, 155, 160, 161, 174, 175, 176, 182, 183, 184, 192}"
Ref4.5,C4.5,WcD0F391710261745_01.ce,54,0.24237303623583167,"{2, 4, 11, 12, 21, 22, 23, 26, 27, 30, 31, 32, 36, 37, 38, 39, 43, 44, 46, 49, 50, 55, 56, 57, 58, 59, 63, 67, 68, 69, 70, 72, 73, 77, 78, 79, 80, 89, 90, 100, 101, 103, 104, 109, 121, 125, 127, 128, 172, 173, 174, 191, 192, 193}"
Ref4.5,C4.4,WcD08D01710261800_03.ce,65,0.25523741455840837,"{3, 4, 5, 8, 9, 15, 19, 20, 21, 22, 32, 34, 39, 40, 42, 44, 47, 52, 58, 60, 61, 62, 63, 72, 76, 77, 78, 79, 80, 81, 82, 83, 84, 85, 90, 91, 100, 106, 108, 112, 113, 115, 117, 118, 119, 125, 126, 127, 128, 135, 136, 137, 139, 141, 142, 143, 144, 154, 155, 179, 180, 185, 187, 188, 195}"
Ref4.5,C4.4,WcD08D01710261815_03.ce,52,0.2532781390656741,"{1, 4, 5, 6, 8, 9, 10, 11, 12, 13, 17, 18, 26, 27, 38, 39, 40, 43, 45, 46, 48, 49, 50, 51, 52, 53, 73, 75, 78, 82, 99, 103, 104, 110, 114, 119, 129, 135, 136, 137, 141, 150, 159, 161, 178, 179, 180, 182, 184, 190, 191, 193}"
Ref4.5,C4.4,WcD08D01710261830_03.ce,41,0.2419327609934846,"{1, 2, 5, 6, 7, 10, 11, 13, 15, 16, 17, 20, 22, 23, 26, 33, 34, 39, 47, 48, 49, 57, 69, 77, 92, 97, 98, 103, 109, 135, 141, 142, 143, 145, 153, 154, 155, 156, 157, 159, 160}"
Ref4.5,C4.4,WcD08D01710261845_03.ce,64,0.26114035236251487,"{3, 13, 14, 15, 16, 17, 19, 20, 21, 22, 25, 29, 31, 32, 37, 39, 40, 44, 45, 48, 50, 51, 54, 56, 57, 59, 60, 61, 62, 63, 67, 70, 71, 72, 73, 74, 75, 79, 81, 83, 85, 86, 87, 89, 101, 102, 103, 104, 113, 114, 115, 118, 121, 122, 126, 127, 131, 132, 133, 143, 145, 149, 160, 186}"
Ref4.5,C4.5,WcD0F391710261800_01.ce,73,0.2536516239357408,"{2, 4, 5, 10, 11, 14, 15, 16, 17, 18, 21, 22, 25, 27, 28, 35, 36, 38, 42, 55, 56, 57, 58, 63, 66, 69, 70, 71, 72, 73, 74, 75, 76, 78, 79, 80, 84, 85, 86, 90, 96, 100, 107, 108, 110, 111, 113, 114, 121, 122, 123, 131, 132, 134, 135, 136, 137, 138, 139, 140, 145, 146, 149, 164, 167, 173, 174, 175, 180, 183, 191, 192, 194}"
Ref4.5,C4.5,WcD0F391710261815_01.ce,56,0.25179697918062266,"{2, 3, 5, 6, 7, 8, 9, 10, 11, 23, 24, 35, 36, 37, 38, 41, 42, 43, 44, 45, 46, 47, 48, 49, 50, 51, 58, 68, 76, 79, 90, 98, 101, 106, 108, 110, 111, 117, 126, 132, 133, 134, 147, 159, 176, 177, 178, 182, 183, 185, 187, 188, 189, 190, 192, 193}"
Ref4.5,C4.5,WcD0F391710261830_01.ce,48,0.23727888980622347,"{1, 3, 4, 5, 6, 7, 8, 9, 10, 11, 12, 13, 14, 15, 19, 20, 21, 22, 24, 30, 32, 33, 40, 45, 46, 47, 67, 80, 90, 91, 96, 97, 105, 108, 140, 141, 143, 150, 152, 153, 154, 155, 156, 157, 158, 159, 175, 185}"
Ref4.5,C4.5,WcD0F391710261845_01.ce,69,0.2673596090971255,"{10, 11, 12, 13, 14, 17, 18, 19, 20, 21, 23, 24, 28, 29, 33, 36, 38, 40, 42, 43, 45, 46, 49, 52, 53, 54, 55, 57, 58, 59, 60, 62, 63, 65, 69, 71, 73, 75, 77, 78, 80, 82, 83, 84, 85, 86, 98, 99, 100, 101, 102, 111, 113, 115, 118, 119, 120, 124, 125, 130, 140, 147, 172, 173, 176, 184, 190, 191, 192}"
Ref4.5,C4.4,WcD08D01710261900_03.ce,74,0.24796009865535787,"{2, 3, 4, 7, 14, 15, 17, 18, 19, 20, 21, 29, 31, 39, 40, 42, 43, 47, 56, 59, 60, 61, 62, 63, 71, 72, 75, 76, 77, 78, 79, 80, 81, 82, 83, 84, 85, 90, 93, 99, 100, 102, 103, 105, 106, 108, 109, 110, 111, 112, 113, 114, 115, 116, 117, 118, 121, 123, 125, 139, 140, 143, 144, 145, 146, 147, 167, 179, 187, 188, 189, 190, 191, 194}"
Ref4.5,C4.4,WcD08D01710261915_03.ce,48,0.24791029922731755,"{2, 4, 5, 6, 9, 10, 18, 19, 23, 27, 28, 31, 32, 33, 34, 36, 37, 38, 39, 40, 41, 42, 43, 46, 70, 90, 91, 92, 94, 95, 96, 97, 108, 110, 116, 117, 141, 143, 146, 148, 149, 151, 154, 159, 167, 183, 188, 194}"
Ref4.5,C4.4,WcD08D01710261930_03.ce,39,0.25145080158402594,"{9, 11, 18, 23, 24, 25, 44, 46, 48, 49, 50, 57, 63, 83, 91, 92, 93, 109, 113, 114, 120, 127, 128, 132, 149, 153, 161, 164, 166, 167, 168, 170, 171, 172, 173, 174, 177, 182, 187}"
Ref4.5,C4.4,WcD08D01710261945_03.ce,26,0.24184329272018068,"{12, 13, 14, 15, 16, 18, 34, 42, 55, 60, 68, 70, 81, 126, 135, 137, 146, 152, 153, 154, 155, 158, 159, 163, 164, 180}"
Ref4.5,C4.5,WcD0F391710261900_01.ce,73,0.24690517279790278,"{2, 3, 4, 9, 10, 11, 12, 13, 14, 15, 16, 20, 24, 26, 28, 33, 34, 37, 38, 41, 52, 54, 55, 56, 57, 62, 65, 66, 70, 71, 72, 73, 74, 75, 76, 77, 78, 79, 87, 94, 96, 98, 100, 102, 103, 104, 105, 106, 107, 108, 109, 110, 111, 112, 113, 115, 117, 119, 134, 136, 137, 138, 139, 140, 141, 142, 174, 182, 183, 185, 188, 192, 193}"
Ref4.5,C4.5,WcD0F391710261915_01.ce,51,0.24433228045330607,"{2, 3, 4, 6, 7, 16, 20, 21, 24, 25, 26, 27, 29, 30, 34, 35, 36, 37, 38, 39, 40, 41, 44, 87, 88, 89, 92, 93, 94, 99, 103, 106, 107, 114, 119, 135, 139, 143, 145, 147, 148, 151, 152, 155, 156, 162, 165, 185, 186, 187, 191}"
Ref4.5,C4.5,WcD0F391710261930_01.ce,41,0.24816022958284836,"{8, 20, 22, 41, 42, 43, 44, 46, 47, 48, 53, 56, 59, 68, 69, 72, 73, 86, 89, 90, 91, 106, 111, 112, 117, 125, 126, 147, 149, 158, 161, 163, 164, 165, 166, 168, 170, 171, 172, 177, 179}"
Ref4.5,C4.5,WcD0F391710261945_01.ce,30,0.24315331183292288,"{5, 6, 7, 8, 9, 10, 12, 28, 41, 46, 48, 74, 75, 77, 105, 119, 124, 139, 142, 144, 146, 147, 148, 151, 152, 156, 173, 185, 191, 192}"
