RefArbor,C4.4,WcD0FB11710270000_01.ce,131,0.2907001480214349,"{1, 2, 3, 9, 16, 17, 19, 22, 23, 24, 25, 26, 27, 28, 29, 30, 31, 34, 35, 36, 37, 38, 40, 41, 44, 45, 48, 49, 51, 52, 53, 54, 55, 56, 58, 59, 60, 61, 62, 63, 64, 65, 66, 67, 68, 69, 70, 71, 72, 73, 74, 75, 76, 77, 78, 79, 80, 81, 82, 83, 84, 85, 86, 87, 90, 92, 93, 94, 95, 96, 98, 99, 103, 105, 106, 108, 112, 114, 115, 118, 119, 128, 131, 132, 133, 134, 135, 136, 137, 138, 139, 140, 141, 142, 143, 144, 145, 146, 152, 155, 156, 157, 158, 159, 160, 161, 162, 163, 169, 172, 173, 174, 175, 176, 177, 178, 179, 180, 181, 182, 183, 184, 185, 186, 187, 188, 189, 190, 191, 192, 193}"
RefArbor,C4.4,WcD0FB11710270015_01.ce,144,0.29683395466031137,"{1, 2, 3, 4, 5, 11, 14, 15, 16, 17, 18, 20, 21, 24, 25, 26, 27, 28, 29, 30, 31, 32, 33, 36, 37, 39, 40, 41, 42, 43, 44, 45, 46, 47, 48, 49, 50, 51, 52, 53, 54, 55, 56, 57, 58, 59, 60, 61, 62, 63, 64, 65, 66, 67, 68, 69, 70, 71, 72, 73, 74, 75, 76, 77, 78, 79, 80, 81, 83, 85, 86, 87, 88, 89, 90, 91, 92, 93, 103, 106, 107, 109, 112, 113, 114, 115, 116, 117, 118, 119, 120, 121, 122, 123, 124, 125, 126, 127, 128, 129, 130, 131, 132, 133, 134, 135, 136, 137, 139, 140, 146, 149, 151, 153, 155, 156, 159, 160, 162, 163, 169, 172, 173, 174, 175, 176, 177, 178, 179, 180, 181, 182, 183, 184, 185, 186, 187, 188, 189, 190, 191, 192, 193, 194}"
RefArbor,C4.4,WcD0FB11710270030_01.ce,132,0.30685655031094017,"{1, 2, 3, 4, 5, 13, 14, 16, 17, 18, 19, 20, 21, 22, 23, 24, 25, 26, 27, 28, 29, 30, 31, 32, 38, 42, 45, 46, 48, 51, 52, 53, 55, 56, 57, 58, 59, 60, 61, 62, 63, 64, 65, 66, 67, 68, 69, 70, 71, 72, 73, 74, 75, 76, 77, 78, 79, 81, 82, 83, 84, 85, 86, 87, 89, 90, 91, 93, 94, 95, 98, 99, 100, 101, 102, 103, 104, 105, 106, 108, 109, 110, 111, 112, 115, 116, 118, 120, 121, 122, 123, 124, 125, 127, 137, 140, 141, 143, 147, 148, 149, 150, 151, 152, 153, 154, 155, 156, 157, 158, 159, 160, 161, 162, 163, 164, 165, 166, 167, 168, 169, 170, 171, 172, 178, 182, 185, 186, 188, 191, 192, 193}"
RefArbor,C4.4,WcD0FB11710270045_01.ce,155,0.3052598662948951,"{2, 3, 4, 5, 6, 7, 8, 9, 10, 11, 12, 13, 14, 15, 17, 21, 22, 25, 28, 31, 32, 35, 36, 37, 38, 39, 45, 48, 49, 50, 51, 52, 53, 54, 55, 56, 57, 58, 59, 60, 61, 62, 63, 64, 65, 66, 67, 68, 69, 70, 71, 72, 73, 74, 75, 76, 82, 83, 87, 89, 91, 92, 95, 96, 97, 98, 99, 100, 101, 102, 103, 104, 105, 106, 107, 108, 109, 110, 111, 112, 113, 114, 115, 116, 117, 118, 119, 120, 121, 122, 123, 124, 125, 126, 127, 129, 130, 131, 132, 133, 135, 136, 138, 139, 140, 141, 142, 143, 144, 145, 146, 147, 148, 149, 151, 152, 153, 154, 155, 157, 159, 160, 161, 162, 163, 164, 165, 166, 167, 168, 169, 170, 171, 172, 173, 174, 175, 176, 177, 178, 179, 181, 182, 183, 184, 185, 186, 187, 188, 189, 190, 191, 192, 193, 194}"
RefArbor,C4.5,WcD0F391710270000_12.ce,135,0.2927042684192341,"{1, 2, 3, 9, 10, 12, 14, 16, 18, 19, 23, 24, 25, 26, 27, 28, 29, 30, 31, 33, 34, 35, 36, 37, 38, 39, 40, 42, 44, 45, 47, 48, 49, 50, 51, 52, 53, 54, 55, 58, 59, 60, 61, 62, 63, 64, 65, 66, 67, 68, 69, 70, 71, 72, 73, 74, 76, 77, 78, 79, 80, 81, 82, 83, 84, 86, 89, 90, 91, 92, 93, 94, 95, 96, 97, 98, 104, 105, 108, 111, 112, 114, 117, 118, 119, 121, 130, 131, 132, 133, 134, 135, 136, 137, 138, 139, 140, 141, 142, 143, 144, 145, 146, 155, 156, 157, 158, 159, 160, 161, 162, 163, 171, 172, 173, 174, 175, 176, 177, 178, 179, 180, 181, 182, 183, 184, 185, 186, 187, 188, 189, 190, 191, 192, 193}"
RefArbor,C4.5,WcD0F391710270015_12.ce,137,0.298867140476544,"{1, 2, 3, 4, 5, 11, 14, 15, 16, 17, 18, 20, 24, 25, 26, 27, 28, 29, 31, 32, 34, 35, 36, 37, 38, 39, 40, 41, 43, 45, 46, 47, 48, 49, 51, 52, 53, 54, 55, 56, 57, 58, 59, 60, 61, 62, 63, 64, 65, 66, 67, 69, 70, 71, 72, 73, 75, 76, 77, 78, 79, 80, 81, 82, 83, 86, 87, 88, 89, 90, 91, 92, 93, 99, 100, 106, 108, 109, 112, 113, 114, 116, 117, 118, 119, 120, 121, 122, 123, 124, 125, 126, 127, 128, 129, 130, 131, 132, 133, 134, 135, 136, 137, 138, 139, 145, 149, 152, 153, 155, 158, 159, 160, 162, 171, 172, 173, 174, 175, 176, 177, 178, 179, 180, 181, 182, 183, 184, 185, 186, 187, 188, 189, 190, 191, 192, 193}"
RefArbor,C4.5,WcD0F391710270030_12.ce,134,0.3014801552323252,"{1, 2, 3, 5, 11, 14, 15, 16, 17, 18, 19, 20, 21, 22, 23, 24, 25, 26, 27, 28, 29, 30, 32, 33, 39, 48, 49, 52, 53, 54, 55, 57, 58, 59, 60, 61, 62, 63, 64, 65, 66, 67, 68, 69, 70, 71, 72, 73, 75, 76, 77, 78, 79, 80, 81, 82, 83, 84, 85, 86, 87, 88, 89, 90, 91, 92, 94, 95, 96, 98, 99, 100, 101, 102, 103, 104, 105, 106, 107, 108, 109, 110, 111, 112, 113, 114, 115, 120, 121, 122, 123, 124, 125, 126, 127, 128, 134, 135, 141, 143, 144, 147, 148, 151, 152, 153, 154, 155, 156, 157, 158, 159, 160, 161, 162, 163, 164, 165, 166, 167, 168, 169, 170, 171, 172, 173, 179, 184, 186, 188, 189, 192, 193, 194}"
RefArbor,C4.5,WcD0F391710270045_12.ce,141,0.30337052735789644,"{1, 3, 4, 5, 6, 7, 8, 9, 10, 11, 12, 13, 15, 21, 22, 26, 30, 31, 36, 37, 38, 45, 48, 49, 50, 51, 52, 53, 54, 55, 56, 57, 58, 59, 60, 61, 62, 63, 64, 65, 66, 67, 68, 69, 70, 71, 72, 73, 75, 76, 82, 83, 85, 91, 92, 95, 97, 98, 99, 100, 101, 103, 104, 105, 106, 107, 109, 110, 111, 112, 113, 114, 115, 116, 117, 118, 119, 120, 121, 122, 123, 124, 126, 127, 128, 129, 130, 131, 132, 135, 136, 137, 139, 140, 141, 142, 143, 144, 146, 147, 148, 149, 150, 151, 152, 153, 155, 156, 158, 159, 160, 161, 163, 164, 165, 167, 168, 169, 170, 171, 172, 173, 174, 175, 176, 177, 178, 179, 181, 182, 183, 184, 185, 186, 187, 188, 189, 190, 191, 192, 193}"
RefArbor,C4.4,WcD0FB11710270100_01.ce,139,0.28963409219707414,"{2, 3, 5, 7, 9, 10, 12, 16, 18, 19, 22, 23, 24, 25, 26, 27, 28, 29, 30, 32, 34, 35, 36, 37, 38, 39, 40, 41, 42, 43, 44, 47, 48, 49, 50, 51, 52, 53, 54, 55, 58, 59, 60, 61, 62, 63, 64, 65, 66, 67, 68, 69, 70, 71, 72, 73, 74, 75, 76, 77, 78, 79, 80, 81, 82, 83, 84, 85, 86, 87, 89, 91, 92, 93, 94, 95, 96, 97, 98, 104, 109, 111, 113, 114, 117, 118, 119, 120, 121, 127, 130, 131, 132, 133, 134, 135, 136, 137, 138, 139, 140, 141, 142, 143, 144, 145, 146, 155, 156, 157, 158, 159, 160, 161, 162, 168, 171, 172, 173, 174, 175, 176, 177, 178, 179, 180, 181, 182, 183, 184, 185, 186, 187, 188, 189, 190, 191, 192, 193}"
RefArbor,C4.4,WcD0FB11710270115_01.ce,131,0.2977232564563906,"{1, 2, 3, 4, 5, 13, 14, 15, 16, 17, 19, 20, 21, 22, 23, 24, 26, 27, 28, 31, 33, 35, 36, 37, 38, 39, 40, 41, 42, 43, 44, 45, 47, 48, 49, 51, 52, 54, 55, 56, 57, 58, 59, 60, 62, 63, 64, 65, 66, 69, 70, 71, 72, 73, 74, 75, 76, 77, 78, 79, 80, 81, 82, 84, 86, 88, 89, 90, 91, 93, 99, 106, 108, 109, 112, 113, 114, 115, 117, 118, 119, 120, 121, 122, 123, 124, 125, 126, 127, 128, 129, 130, 131, 132, 133, 134, 135, 136, 137, 138, 139, 145, 146, 155, 158, 159, 160, 162, 171, 172, 173, 174, 175, 176, 177, 178, 179, 180, 181, 182, 183, 184, 185, 186, 187, 188, 189, 190, 191, 192, 193}"
RefArbor,C4.4,WcD0FB11710270130_01.ce,137,0.2994850536289288,"{1, 2, 3, 4, 5, 11, 14, 15, 16, 17, 18, 19, 20, 22, 24, 25, 26, 27, 28, 29, 30, 32, 33, 37, 39, 40, 42, 46, 48, 49, 52, 53, 55, 56, 57, 58, 60, 61, 62, 63, 64, 65, 66, 67, 68, 69, 70, 71, 72, 73, 74, 75, 76, 77, 79, 80, 81, 82, 83, 84, 85, 86, 87, 90, 91, 94, 95, 96, 98, 99, 100, 101, 102, 103, 104, 105, 106, 107, 108, 109, 110, 111, 112, 113, 114, 116, 117, 118, 120, 121, 122, 123, 124, 125, 127, 128, 134, 135, 139, 141, 143, 144, 147, 148, 149, 150, 151, 152, 153, 154, 155, 156, 157, 158, 159, 160, 161, 162, 163, 164, 165, 166, 167, 168, 169, 170, 171, 172, 180, 182, 184, 186, 188, 189, 192, 193, 194}"
RefArbor,C4.4,WcD0FB11710270145_01.ce,152,0.3007081475437125,"{1, 2, 3, 4, 5, 6, 7, 8, 9, 10, 11, 12, 13, 14, 15, 21, 22, 24, 26, 28, 30, 31, 34, 35, 36, 37, 38, 48, 49, 50, 51, 52, 53, 54, 55, 56, 57, 58, 59, 60, 61, 62, 63, 64, 65, 66, 67, 68, 69, 70, 71, 72, 73, 74, 75, 82, 85, 88, 91, 96, 97, 98, 99, 100, 101, 102, 103, 104, 105, 106, 107, 109, 110, 111, 112, 113, 114, 115, 116, 117, 118, 119, 120, 121, 122, 123, 124, 125, 126, 127, 128, 129, 130, 131, 132, 133, 134, 135, 136, 138, 139, 140, 141, 142, 143, 144, 145, 146, 147, 148, 149, 150, 151, 152, 153, 154, 155, 156, 158, 159, 160, 161, 163, 164, 165, 166, 167, 168, 169, 170, 171, 172, 173, 174, 175, 176, 177, 178, 179, 181, 182, 183, 184, 185, 186, 187, 188, 189, 190, 191, 192, 193}"
RefArbor,C4.5,WcD0F391710270100_12.ce,133,0.29145781774469054,"{1, 2, 3, 9, 16, 17, 19, 22, 23, 26, 27, 28, 29, 30, 31, 32, 33, 35, 36, 37, 38, 40, 41, 42, 43, 44, 45, 48, 49, 50, 51, 52, 53, 54, 56, 58, 59, 60, 61, 62, 63, 64, 65, 66, 67, 68, 69, 70, 71, 72, 73, 74, 75, 76, 77, 78, 79, 80, 81, 82, 83, 84, 85, 86, 87, 88, 90, 92, 93, 94, 95, 96, 99, 103, 105, 106, 108, 112, 114, 115, 118, 119, 121, 128, 131, 132, 133, 134, 135, 136, 137, 138, 139, 140, 141, 142, 143, 144, 145, 146, 152, 155, 156, 157, 158, 159, 160, 161, 162, 163, 169, 172, 173, 174, 175, 176, 177, 178, 179, 180, 181, 182, 183, 184, 185, 186, 187, 188, 189, 190, 191, 192, 193}"
RefArbor,C4.5,WcD0F391710270115_12.ce,131,0.29531944093444173,"{1, 2, 3, 4, 5, 11, 14, 15, 16, 17, 20, 21, 24, 25, 26, 27, 28, 29, 31, 32, 33, 36, 37, 38, 39, 40, 41, 42, 43, 45, 46, 49, 50, 51, 52, 53, 56, 57, 58, 59, 60, 61, 63, 64, 65, 66, 67, 68, 71, 72, 73, 74, 75, 76, 77, 78, 79, 80, 81, 82, 83, 85, 86, 87, 88, 90, 91, 92, 93, 100, 103, 106, 109, 113, 116, 117, 118, 119, 120, 121, 122, 123, 124, 125, 126, 127, 128, 129, 130, 131, 132, 133, 134, 135, 136, 137, 139, 140, 149, 151, 153, 155, 156, 159, 160, 161, 162, 163, 169, 172, 173, 174, 176, 177, 178, 179, 180, 181, 182, 183, 184, 185, 186, 187, 188, 189, 190, 191, 192, 193, 194}"
RefArbor,C4.5,WcD0F391710270130_12.ce,130,0.307207483204707,"{1, 2, 3, 4, 5, 13, 14, 16, 17, 18, 19, 20, 21, 22, 23, 24, 25, 26, 27, 28, 29, 30, 31, 32, 45, 48, 51, 52, 53, 54, 55, 56, 57, 58, 59, 60, 61, 62, 63, 64, 65, 66, 67, 68, 69, 70, 71, 72, 73, 74, 75, 76, 77, 78, 79, 81, 82, 83, 84, 85, 86, 89, 90, 93, 94, 95, 96, 98, 99, 100, 101, 103, 104, 105, 106, 107, 108, 109, 110, 111, 112, 113, 116, 118, 119, 120, 121, 122, 123, 124, 125, 126, 127, 134, 137, 140, 143, 147, 148, 150, 151, 152, 153, 154, 155, 156, 157, 158, 159, 160, 161, 162, 163, 164, 165, 166, 167, 168, 169, 170, 171, 172, 178, 179, 182, 185, 188, 191, 192, 193}"
RefArbor,C4.5,WcD0F391710270145_12.ce,152,0.3034878009459753,"{1, 2, 3, 4, 5, 6, 7, 8, 9, 10, 11, 12, 13, 14, 15, 22, 25, 28, 31, 32, 35, 36, 37, 38, 45, 48, 49, 50, 51, 52, 53, 54, 55, 56, 57, 58, 59, 60, 61, 62, 63, 64, 65, 66, 67, 68, 69, 70, 71, 72, 73, 74, 75, 76, 78, 82, 83, 89, 91, 92, 95, 96, 97, 98, 99, 100, 101, 102, 103, 104, 105, 106, 107, 109, 110, 111, 113, 114, 115, 116, 117, 118, 119, 120, 121, 122, 123, 124, 125, 126, 127, 128, 129, 130, 131, 132, 133, 134, 135, 136, 137, 139, 140, 141, 142, 143, 144, 145, 146, 147, 148, 150, 151, 152, 153, 154, 155, 157, 159, 160, 161, 163, 164, 165, 166, 167, 168, 169, 170, 171, 172, 173, 174, 175, 176, 177, 178, 180, 181, 182, 183, 184, 185, 186, 187, 188, 189, 190, 191, 192, 193, 194}"
RefArbor,C4.4,WcD0FB11710270200_01.ce,130,0.2920554776349028,"{1, 2, 3, 9, 10, 16, 18, 19, 22, 23, 24, 25, 26, 27, 28, 29, 30, 31, 32, 34, 35, 36, 37, 38, 40, 41, 42, 43, 44, 45, 46, 48, 49, 51, 52, 53, 54, 55, 56, 58, 60, 61, 63, 64, 65, 66, 67, 68, 69, 70, 71, 72, 73, 74, 75, 76, 77, 78, 79, 80, 81, 82, 83, 84, 85, 86, 88, 89, 90, 92, 93, 94, 95, 96, 98, 108, 114, 115, 118, 119, 120, 131, 132, 133, 134, 135, 136, 137, 138, 139, 140, 141, 142, 143, 144, 145, 146, 152, 155, 156, 157, 158, 159, 160, 161, 162, 163, 169, 172, 173, 174, 175, 176, 177, 178, 179, 180, 181, 182, 183, 184, 185, 186, 187, 188, 189, 190, 191, 192, 193}"
RefArbor,C4.4,WcD0FB11710270215_01.ce,140,0.29060002830417897,"{1, 2, 3, 4, 5, 11, 14, 15, 16, 17, 21, 22, 24, 25, 26, 27, 28, 29, 31, 32, 33, 34, 36, 37, 38, 39, 40, 41, 42, 43, 45, 46, 47, 49, 51, 52, 53, 55, 56, 57, 58, 59, 60, 61, 62, 63, 64, 65, 66, 67, 68, 69, 70, 71, 72, 73, 74, 75, 76, 77, 78, 79, 80, 81, 82, 84, 86, 87, 88, 89, 90, 91, 93, 97, 99, 103, 106, 107, 109, 112, 113, 114, 115, 116, 117, 118, 119, 120, 121, 122, 123, 124, 125, 126, 127, 128, 129, 130, 131, 132, 133, 134, 135, 136, 137, 139, 140, 146, 147, 149, 153, 155, 156, 159, 160, 162, 169, 172, 173, 174, 175, 176, 177, 178, 179, 180, 181, 182, 183, 184, 185, 186, 187, 188, 189, 190, 191, 192, 193, 194}"
RefArbor,C4.4,WcD0FB11710270230_01.ce,137,0.30344908373160834,"{1, 2, 3, 4, 10, 13, 14, 15, 16, 17, 18, 19, 20, 21, 22, 23, 24, 25, 26, 27, 28, 29, 31, 32, 36, 38, 39, 45, 48, 51, 52, 53, 54, 55, 56, 57, 58, 59, 60, 61, 62, 65, 66, 67, 68, 69, 70, 71, 72, 73, 74, 75, 76, 77, 78, 79, 81, 82, 83, 84, 85, 86, 88, 89, 90, 91, 92, 93, 94, 95, 96, 98, 99, 100, 101, 102, 103, 104, 105, 106, 107, 108, 109, 110, 111, 112, 113, 114, 116, 117, 118, 119, 120, 121, 122, 123, 124, 125, 126, 127, 133, 134, 137, 140, 141, 143, 146, 147, 148, 150, 151, 152, 153, 154, 155, 156, 157, 158, 159, 160, 161, 162, 163, 164, 165, 166, 167, 168, 169, 170, 172, 178, 185, 188, 191, 192, 193}"
RefArbor,C4.4,WcD0FB11710270245_01.ce,84,0.2734614843589264,"{1, 2, 3, 4, 5, 6, 7, 8, 9, 10, 11, 12, 13, 15, 19, 21, 22, 28, 29, 31, 35, 36, 37, 38, 45, 48, 49, 50, 51, 52, 53, 54, 55, 56, 57, 58, 59, 60, 61, 63, 70, 71, 72, 73, 74, 75, 76, 77, 78, 79, 80, 82, 83, 84, 88, 90, 91, 93, 95, 98, 99, 103, 104, 105, 106, 108, 117, 122, 123, 124, 143, 150, 151, 156, 158, 159, 161, 162, 163, 164, 189, 190, 191, 192}"
RefArbor,C4.5,WcD0F391710270200_12.ce,136,0.28861019394621523,"{1, 2, 3, 5, 7, 9, 10, 12, 16, 18, 19, 22, 23, 25, 26, 27, 28, 29, 30, 31, 32, 33, 34, 36, 37, 38, 39, 40, 43, 44, 45, 47, 48, 50, 51, 52, 53, 54, 55, 58, 59, 60, 61, 62, 63, 64, 65, 67, 68, 69, 70, 71, 72, 73, 74, 75, 76, 77, 78, 79, 80, 81, 82, 83, 86, 87, 88, 89, 90, 91, 92, 93, 94, 95, 96, 97, 98, 104, 105, 111, 114, 117, 118, 119, 120, 121, 127, 130, 131, 132, 133, 134, 135, 136, 137, 138, 139, 140, 141, 142, 143, 144, 145, 146, 155, 156, 157, 158, 159, 160, 161, 162, 168, 171, 172, 173, 174, 175, 176, 177, 178, 179, 180, 181, 182, 183, 184, 185, 186, 187, 188, 189, 190, 191, 192, 193}"
RefArbor,C4.5,WcD0F391710270215_12.ce,144,0.2957648645752062,"{1, 2, 3, 4, 5, 13, 14, 15, 16, 17, 20, 21, 22, 23, 24, 25, 26, 27, 28, 30, 31, 32, 33, 34, 35, 36, 37, 39, 40, 41, 42, 43, 45, 46, 47, 48, 49, 51, 52, 53, 55, 56, 57, 58, 59, 60, 62, 63, 64, 65, 66, 67, 69, 70, 71, 72, 73, 74, 75, 76, 77, 78, 79, 80, 81, 82, 83, 84, 86, 87, 88, 89, 90, 91, 92, 93, 97, 99, 100, 104, 106, 108, 109, 112, 113, 114, 115, 117, 118, 119, 120, 121, 122, 123, 124, 125, 126, 127, 128, 129, 130, 131, 132, 133, 134, 135, 136, 137, 138, 139, 145, 146, 152, 153, 155, 158, 159, 160, 161, 162, 163, 171, 172, 173, 174, 175, 176, 177, 178, 179, 180, 181, 182, 183, 184, 185, 186, 187, 188, 189, 190, 191, 192, 193}"
RefArbor,C4.5,WcD0F391710270230_12.ce,141,0.2999872534427378,"{1, 2, 3, 4, 5, 11, 14, 15, 16, 17, 18, 19, 20, 21, 22, 23, 24, 25, 26, 27, 28, 29, 30, 31, 32, 33, 37, 40, 42, 46, 48, 49, 52, 53, 54, 55, 56, 57, 58, 60, 61, 62, 63, 64, 65, 66, 67, 68, 69, 70, 71, 72, 73, 74, 75, 76, 77, 79, 80, 81, 82, 83, 84, 85, 86, 87, 90, 91, 92, 94, 95, 96, 98, 99, 100, 102, 103, 104, 105, 106, 107, 108, 109, 110, 111, 112, 113, 114, 115, 118, 119, 120, 121, 122, 123, 124, 125, 126, 127, 128, 134, 135, 141, 143, 144, 147, 148, 149, 150, 152, 153, 154, 155, 156, 157, 158, 159, 160, 161, 162, 163, 164, 165, 166, 167, 168, 169, 170, 172, 173, 177, 179, 180, 182, 184, 186, 188, 189, 192, 193, 194}"
RefArbor,C4.5,WcD0F391710270245_12.ce,88,0.2662436077674413,"{1, 3, 4, 5, 6, 7, 8, 9, 10, 11, 12, 14, 15, 19, 21, 22, 24, 26, 28, 30, 31, 34, 35, 36, 37, 38, 48, 49, 50, 51, 52, 53, 54, 55, 56, 57, 58, 59, 60, 63, 69, 70, 71, 72, 73, 74, 75, 76, 77, 79, 82, 83, 87, 88, 89, 90, 91, 93, 94, 95, 97, 98, 99, 101, 103, 104, 105, 117, 120, 121, 122, 123, 124, 148, 150, 155, 156, 158, 160, 161, 162, 163, 164, 171, 186, 189, 190, 191}"
RefArbor,C4.4,WcD0FB11710270300_01.ce,60,0.24042469496874885,"{1, 2, 11, 23, 24, 25, 26, 47, 49, 50, 52, 53, 54, 55, 56, 59, 62, 90, 91, 93, 94, 95, 96, 97, 98, 102, 104, 105, 106, 107, 131, 135, 136, 137, 138, 139, 140, 141, 142, 143, 144, 147, 148, 149, 152, 153, 156, 158, 160, 162, 163, 164, 168, 169, 170, 173, 182, 187, 188, 189}"
RefArbor,C4.4,WcD0FB11710270315_01.ce,48,0.23358924610913526,"{14, 19, 21, 27, 29, 32, 33, 34, 35, 40, 60, 61, 62, 63, 65, 66, 70, 75, 86, 87, 88, 89, 90, 110, 111, 113, 114, 116, 117, 118, 119, 120, 123, 125, 154, 155, 157, 158, 159, 160, 161, 162, 163, 164, 168, 169, 170, 178}"
RefArbor,C4.4,WcD0FB11710270330_01.ce,61,0.2397141207970374,"{2, 3, 10, 11, 12, 13, 14, 15, 16, 17, 18, 20, 22, 23, 24, 28, 30, 31, 33, 35, 38, 39, 40, 43, 44, 45, 46, 48, 57, 62, 63, 64, 87, 90, 96, 97, 98, 99, 102, 103, 104, 130, 131, 132, 134, 135, 144, 156, 157, 158, 159, 180, 181, 182, 183, 185, 186, 187, 188, 189, 192}"
RefArbor,C4.4,WcD0FB11710270345_01.ce,51,0.23020305297743182,"{2, 10, 30, 31, 33, 34, 35, 37, 38, 39, 42, 44, 45, 46, 47, 72, 73, 75, 76, 77, 78, 79, 90, 91, 95, 96, 97, 98, 120, 124, 129, 130, 132, 134, 135, 136, 137, 138, 145, 163, 164, 165, 168, 172, 173, 177, 189, 190, 191, 192, 193}"
RefArbor,C4.5,WcD0F391710270300_12.ce,64,0.23144524968185673,"{1, 6, 10, 22, 23, 24, 25, 26, 35, 46, 47, 49, 52, 53, 54, 55, 56, 58, 61, 90, 91, 93, 94, 96, 97, 98, 103, 104, 105, 106, 134, 135, 136, 137, 138, 139, 140, 141, 142, 144, 146, 147, 148, 149, 152, 153, 154, 156, 157, 159, 160, 162, 163, 164, 166, 168, 169, 170, 181, 182, 186, 187, 188, 189}"
RefArbor,C4.5,WcD0F391710270315_12.ce,43,0.23357051475211527,"{18, 27, 28, 30, 33, 34, 35, 36, 61, 62, 63, 66, 71, 75, 87, 88, 89, 90, 91, 111, 112, 113, 114, 116, 117, 118, 119, 120, 123, 126, 134, 155, 156, 158, 159, 161, 162, 163, 165, 168, 169, 170, 171}"
RefArbor,C4.5,WcD0F391710270330_12.ce,61,0.23776580949894283,"{2, 3, 10, 11, 12, 13, 14, 15, 16, 17, 19, 22, 23, 27, 28, 31, 33, 35, 37, 38, 39, 41, 43, 44, 45, 48, 57, 62, 63, 64, 88, 90, 95, 96, 98, 101, 102, 103, 104, 129, 130, 131, 132, 134, 139, 155, 156, 157, 158, 159, 179, 180, 181, 182, 183, 185, 186, 187, 188, 189, 192}"
RefArbor,C4.5,WcD0F391710270345_12.ce,43,0.23400451006770356,"{1, 30, 31, 33, 34, 36, 37, 38, 40, 43, 44, 45, 46, 71, 72, 76, 77, 78, 79, 81, 90, 95, 96, 97, 116, 123, 129, 131, 134, 135, 136, 137, 142, 162, 163, 164, 165, 167, 177, 189, 190, 191, 192}"
RefArbor,C4.4,WcD0FB11710270400_01.ce,38,0.23405321810190585,"{19, 21, 22, 24, 25, 26, 27, 28, 31, 34, 42, 63, 64, 66, 67, 69, 70, 71, 73, 76, 77, 78, 79, 87, 112, 126, 128, 129, 137, 139, 148, 155, 156, 158, 159, 166, 178, 193}"
RefArbor,C4.4,WcD0FB11710270415_01.ce,59,0.24526942530886958,"{7, 8, 9, 10, 11, 12, 13, 14, 15, 17, 18, 19, 20, 21, 25, 27, 28, 30, 32, 35, 36, 40, 41, 42, 43, 45, 54, 59, 60, 61, 80, 87, 88, 92, 93, 95, 96, 98, 99, 100, 101, 127, 128, 129, 131, 132, 141, 153, 154, 155, 156, 180, 182, 183, 184, 185, 186, 189, 192}"
RefArbor,C4.4,WcD0FB11710270430_01.ce,56,0.23714459703600863,"{6, 26, 27, 29, 30, 31, 32, 33, 34, 37, 40, 41, 42, 43, 50, 67, 80, 81, 82, 85, 91, 92, 94, 96, 97, 98, 110, 119, 132, 134, 150, 151, 157, 163, 164, 165, 166, 167, 168, 169, 170, 171, 175, 176, 177, 178, 181, 182, 183, 184, 185, 188, 189, 191, 192, 193}"
RefArbor,C4.4,WcD0FB11710270445_01.ce,53,0.24173533015975743,"{2, 4, 5, 6, 9, 17, 18, 22, 23, 24, 25, 49, 51, 52, 56, 57, 59, 61, 62, 63, 64, 65, 84, 90, 91, 92, 95, 100, 104, 116, 117, 118, 119, 120, 140, 141, 143, 144, 146, 147, 148, 149, 152, 155, 163, 176, 184, 185, 187, 188, 190, 191, 192}"
RefArbor,C4.5,WcD0F391710270400_12.ce,35,0.23324354826060814,"{20, 21, 23, 25, 26, 27, 28, 32, 34, 35, 63, 64, 66, 67, 69, 70, 71, 74, 77, 78, 79, 80, 87, 104, 113, 114, 129, 140, 149, 155, 156, 159, 167, 172, 194}"
RefArbor,C4.5,WcD0F391710270415_12.ce,61,0.2391145728323434,"{7, 8, 9, 10, 11, 12, 13, 14, 16, 19, 20, 24, 25, 26, 27, 28, 30, 32, 34, 35, 36, 38, 40, 41, 42, 54, 58, 59, 60, 61, 66, 85, 87, 93, 95, 98, 99, 100, 101, 120, 126, 127, 128, 129, 131, 136, 140, 152, 153, 154, 155, 156, 176, 179, 180, 182, 183, 184, 185, 188, 191}"
RefArbor,C4.5,WcD0F391710270430_12.ce,52,0.23428945255045688,"{6, 27, 28, 30, 31, 33, 34, 35, 37, 38, 40, 41, 42, 43, 51, 76, 81, 82, 86, 92, 95, 97, 98, 110, 129, 132, 133, 135, 143, 145, 151, 157, 164, 165, 166, 167, 168, 169, 170, 171, 172, 174, 176, 177, 178, 182, 185, 186, 187, 189, 192, 193}"
RefArbor,C4.5,WcD0F391710270445_12.ce,49,0.2420864663318037,"{4, 5, 6, 7, 9, 18, 23, 24, 25, 44, 51, 52, 57, 58, 59, 60, 62, 63, 64, 65, 78, 91, 92, 93, 95, 105, 117, 118, 119, 120, 141, 142, 144, 146, 147, 148, 149, 150, 153, 156, 164, 184, 185, 187, 188, 189, 190, 191, 192}"
RefArbor,C4.4,WcD0FB11710270500_01.ce,55,0.22680406250412422,"{1, 4, 5, 6, 7, 14, 15, 44, 47, 57, 58, 62, 63, 69, 70, 80, 81, 83, 84, 100, 105, 128, 129, 130, 131, 132, 133, 134, 135, 136, 138, 139, 140, 141, 142, 146, 148, 149, 150, 151, 153, 156, 157, 158, 161, 162, 163, 164, 166, 172, 175, 176, 180, 181, 182}"
RefArbor,C4.4,WcD0FB11710270515_01.ce,50,0.23562351970755172,"{11, 15, 20, 21, 22, 23, 26, 27, 28, 49, 51, 54, 55, 56, 58, 59, 63, 68, 80, 81, 82, 83, 84, 91, 104, 105, 106, 107, 109, 110, 111, 112, 113, 116, 119, 127, 138, 147, 148, 149, 150, 151, 152, 154, 155, 158, 161, 162, 163, 164}"
RefArbor,C4.4,WcD0FB11710270530_01.ce,21,0.25248805314324435,"{4, 7, 14, 19, 20, 29, 33, 38, 60, 62, 63, 75, 77, 93, 102, 132, 134, 143, 165, 170, 181}"
RefArbor,C4.4,WcD0FB11710270545_01.ce,18,0.2465193572390314,"{3, 4, 19, 49, 65, 70, 78, 80, 81, 85, 86, 107, 117, 118, 128, 129, 163, 176}"
RefArbor,C4.5,WcD0F391710270500_12.ce,45,0.22743235121382435,"{1, 2, 4, 5, 6, 7, 61, 62, 68, 69, 80, 83, 104, 121, 128, 129, 130, 131, 132, 133, 134, 135, 138, 140, 141, 142, 145, 146, 148, 149, 151, 153, 155, 156, 157, 159, 161, 162, 163, 164, 166, 175, 180, 181, 182}"
RefArbor,C4.5,WcD0F391710270515_12.ce,50,0.22839123739883294,"{8, 13, 15, 21, 23, 27, 28, 29, 54, 55, 56, 57, 59, 60, 64, 80, 81, 82, 83, 84, 95, 104, 105, 106, 107, 108, 110, 111, 112, 113, 114, 116, 117, 119, 120, 127, 148, 149, 151, 152, 154, 155, 156, 158, 161, 162, 163, 164, 172, 189}"
RefArbor,C4.5,WcD0F391710270530_12.ce,20,0.24810925080463445,"{4, 7, 19, 20, 29, 33, 41, 62, 63, 75, 85, 91, 93, 129, 137, 140, 143, 150, 165, 186}"
RefArbor,C4.5,WcD0F391710270545_12.ce,14,0.24006423474004013,"{128, 1, 3, 4, 139, 162, 193, 70, 78, 80, 85, 86, 100, 116}"
RefArbor,C4.4,WcD0FB11710270600_01.ce,31,0.22677211950327397,"{6, 21, 23, 27, 28, 29, 32, 33, 34, 35, 36, 37, 38, 54, 58, 60, 100, 113, 115, 120, 121, 122, 123, 127, 128, 129, 130, 131, 132, 140, 150}"
RefArbor,C4.4,WcD0FB11710270615_01.ce,74,0.25423862254034446,"{2, 3, 5, 9, 10, 11, 14, 15, 16, 17, 18, 19, 20, 22, 25, 30, 34, 38, 41, 43, 44, 45, 46, 47, 50, 72, 73, 74, 75, 76, 77, 81, 84, 91, 92, 93, 94, 108, 110, 111, 112, 116, 118, 119, 120, 121, 124, 127, 128, 129, 131, 133, 138, 139, 140, 141, 149, 150, 151, 152, 153, 154, 155, 170, 171, 175, 178, 180, 181, 182, 184, 189, 192, 193}"
RefArbor,C4.4,WcD0FB11710270630_01.ce,58,0.24553463146967164,"{4, 6, 7, 8, 9, 12, 15, 16, 17, 19, 22, 23, 25, 26, 28, 31, 37, 46, 48, 51, 53, 54, 56, 57, 58, 60, 63, 64, 76, 79, 80, 91, 98, 100, 102, 103, 119, 121, 129, 130, 131, 141, 146, 147, 154, 155, 156, 157, 158, 159, 161, 162, 172, 174, 185, 188, 193, 194}"
RefArbor,C4.4,WcD0FB11710270645_01.ce,30,0.23154587053358605,"{8, 9, 14, 15, 26, 27, 32, 40, 41, 42, 43, 44, 49, 59, 67, 72, 73, 80, 81, 83, 84, 86, 116, 165, 166, 172, 178, 180, 183, 185}"
RefArbor,C4.5,WcD0F391710270600_12.ce,31,0.2229179695593467,"{6, 19, 21, 22, 27, 28, 29, 33, 34, 35, 36, 37, 38, 58, 101, 115, 116, 118, 122, 123, 124, 127, 128, 129, 130, 131, 132, 141, 146, 175, 194}"
RefArbor,C4.5,WcD0F391710270615_12.ce,68,0.24934719808586567,"{2, 3, 8, 9, 10, 11, 14, 15, 16, 17, 18, 19, 21, 25, 30, 34, 40, 43, 44, 72, 74, 75, 76, 81, 84, 90, 91, 92, 93, 94, 99, 108, 110, 111, 115, 116, 117, 118, 120, 121, 123, 127, 128, 130, 132, 137, 138, 139, 140, 149, 150, 151, 152, 153, 154, 158, 165, 170, 171, 177, 179, 180, 181, 182, 183, 189, 191, 192}"
RefArbor,C4.5,WcD0F391710270630_12.ce,51,0.24448074847169013,"{3, 4, 5, 6, 8, 9, 11, 15, 16, 18, 22, 23, 24, 25, 36, 45, 48, 52, 53, 54, 56, 57, 58, 62, 63, 64, 75, 76, 79, 98, 100, 101, 102, 103, 120, 129, 130, 140, 141, 146, 154, 157, 158, 159, 160, 161, 170, 173, 186, 187, 193}"
RefArbor,C4.5,WcD0F391710270645_12.ce,24,0.22934255147018767,"{1, 10, 14, 15, 27, 33, 40, 41, 43, 44, 49, 50, 58, 68, 73, 74, 81, 82, 83, 84, 139, 158, 165, 167}"
RefArbor,C4.4,WcD0FB11710270700_01.ce,18,0.25241073338620296,"{7, 17, 27, 32, 64, 90, 100, 101, 105, 113, 123, 128, 147, 150, 159, 172, 176, 186}"
RefArbor,C4.4,WcD0FB11710270715_01.ce,11,0.246602352469839,"{1, 3, 4, 8, 22, 40, 66, 105, 111, 123, 124}"
RefArbor,C4.4,WcD0FB11710270730_01.ce,20,0.234925122437353,"{20, 32, 33, 35, 66, 99, 142, 163, 164, 166, 169, 170, 171, 172, 175, 176, 177, 178, 179, 180}"
RefArbor,C4.4,WcD0FB11710270745_01.ce,34,0.2297261103411472,"{4, 7, 8, 63, 65, 67, 71, 72, 73, 76, 77, 78, 79, 80, 81, 82, 90, 95, 124, 145, 146, 148, 151, 152, 153, 154, 157, 158, 159, 160, 161, 162, 164, 178}"
RefArbor,C4.5,WcD0F391710270700_12.ce,12,0.25397948519010927,"{18, 27, 28, 31, 40, 44, 64, 91, 100, 101, 104, 187}"
RefArbor,C4.5,WcD0F391710270715_12.ce,11,0.2416997012688466,"{3, 4, 7, 8, 16, 20, 120, 122, 123, 125, 143}"
RefArbor,C4.5,WcD0F391710270730_12.ce,18,0.2387823115809245,"{21, 33, 56, 70, 89, 99, 100, 162, 164, 170, 171, 172, 176, 177, 178, 179, 180, 181}"
RefArbor,C4.5,WcD0F391710270745_12.ce,33,0.2269156806553843,"{7, 43, 62, 64, 65, 67, 70, 71, 72, 73, 76, 77, 78, 79, 80, 81, 95, 130, 143, 145, 147, 151, 152, 153, 157, 158, 159, 160, 161, 162, 164, 167, 177}"
RefArbor,C4.4,WcD0FB11710270800_01.ce,7,0.25124398939982656,"{26, 41, 85, 107, 112, 140, 171}"
RefArbor,C4.4,WcD0FB11710270815_01.ce,19,0.24877880423425833,"{8, 37, 51, 89, 100, 110, 112, 123, 139, 141, 142, 143, 144, 145, 146, 147, 178, 183, 184}"
RefArbor,C4.4,WcD0FB11710270830_01.ce,59,0.2545407059474869,"{10, 11, 12, 13, 14, 15, 16, 17, 18, 19, 20, 22, 23, 24, 25, 26, 27, 32, 33, 34, 35, 37, 38, 39, 42, 43, 44, 58, 63, 81, 92, 93, 94, 95, 96, 97, 98, 99, 100, 101, 103, 104, 105, 106, 107, 108, 113, 114, 115, 118, 119, 120, 121, 122, 123, 124, 160, 161, 188}"
RefArbor,C4.4,WcD0FB11710270845_01.ce,40,0.2505929964402161,"{13, 14, 15, 16, 17, 18, 19, 20, 21, 22, 23, 24, 26, 27, 28, 29, 30, 36, 37, 38, 42, 43, 44, 45, 47, 60, 79, 100, 101, 106, 109, 117, 118, 169, 170, 171, 176, 177, 178, 183}"
RefArbor,C4.5,WcD0F391710270800_12.ce,5,0.25340670337374416,"{14, 182, 191, 96, 113}"
RefArbor,C4.5,WcD0F391710270815_12.ce,11,0.2529261755841822,"{8, 93, 112, 141, 142, 144, 145, 146, 147, 181, 184}"
RefArbor,C4.5,WcD0F391710270830_12.ce,62,0.2526748512075909,"{3, 6, 9, 11, 12, 13, 14, 15, 16, 17, 18, 19, 20, 22, 23, 24, 25, 26, 32, 33, 34, 37, 38, 39, 42, 43, 44, 48, 75, 78, 80, 81, 87, 92, 93, 94, 95, 96, 97, 98, 99, 100, 101, 103, 104, 105, 106, 107, 113, 114, 115, 118, 119, 120, 121, 122, 123, 146, 160, 161, 162, 187}"
RefArbor,C4.5,WcD0F391710270845_12.ce,43,0.24050225578166143,"{1, 14, 15, 16, 17, 18, 19, 20, 21, 22, 23, 24, 26, 27, 28, 29, 30, 31, 36, 37, 38, 39, 41, 42, 43, 44, 45, 46, 48, 73, 80, 102, 109, 118, 134, 143, 161, 169, 171, 172, 176, 177, 178}"
RefArbor,C4.4,WcD0FB11710270900_01.ce,45,0.2518781172052804,"{2, 3, 11, 35, 37, 40, 46, 48, 49, 57, 58, 61, 78, 79, 85, 86, 87, 101, 102, 103, 107, 120, 137, 138, 139, 142, 143, 144, 145, 148, 149, 152, 153, 154, 156, 157, 158, 163, 174, 175, 176, 181, 184, 190, 191}"
RefArbor,C4.4,WcD0FB11710270915_01.ce,85,0.2567679123598674,"{2, 3, 5, 7, 27, 31, 32, 33, 35, 36, 37, 38, 39, 42, 43, 45, 46, 47, 48, 49, 54, 68, 78, 100, 105, 111, 113, 114, 125, 126, 128, 129, 131, 133, 134, 135, 136, 137, 139, 140, 141, 142, 143, 144, 145, 146, 147, 149, 150, 151, 152, 153, 154, 155, 156, 157, 158, 159, 160, 161, 162, 163, 164, 166, 167, 168, 169, 170, 171, 172, 174, 175, 176, 177, 180, 181, 183, 185, 186, 187, 188, 189, 190, 191, 194}"
RefArbor,C4.4,WcD0FB11710270930_01.ce,118,0.2630327749903516,"{1, 5, 6, 9, 10, 11, 12, 13, 18, 19, 21, 23, 25, 26, 27, 28, 29, 31, 32, 33, 34, 35, 36, 38, 44, 45, 46, 47, 48, 49, 50, 51, 52, 53, 54, 55, 56, 57, 58, 59, 60, 61, 62, 63, 64, 65, 66, 67, 68, 69, 70, 71, 72, 73, 74, 75, 76, 77, 78, 79, 80, 81, 88, 89, 92, 93, 98, 99, 102, 103, 105, 107, 108, 114, 115, 116, 120, 121, 122, 126, 127, 129, 130, 131, 132, 133, 134, 136, 140, 141, 142, 145, 148, 157, 162, 163, 164, 165, 166, 168, 169, 170, 171, 172, 173, 174, 175, 176, 177, 178, 179, 186, 188, 189, 190, 191, 192, 193}"
RefArbor,C4.4,WcD0FB11710270945_01.ce,123,0.2682100780890473,"{1, 2, 3, 4, 5, 6, 11, 14, 16, 19, 20, 21, 24, 25, 26, 27, 28, 29, 30, 32, 35, 36, 37, 38, 39, 40, 41, 42, 43, 44, 45, 48, 49, 50, 51, 54, 58, 59, 60, 61, 62, 63, 69, 70, 71, 72, 74, 75, 76, 77, 82, 84, 85, 89, 90, 91, 92, 94, 97, 98, 100, 101, 102, 103, 105, 106, 107, 109, 110, 112, 113, 115, 116, 117, 118, 119, 120, 121, 122, 123, 124, 125, 126, 127, 128, 129, 130, 131, 138, 139, 141, 145, 146, 152, 155, 158, 159, 161, 162, 163, 164, 165, 166, 167, 168, 169, 170, 171, 172, 175, 176, 177, 180, 181, 183, 184, 185, 186, 187, 188, 189, 190, 192}"
RefArbor,C4.5,WcD0F391710270900_12.ce,47,0.24752426186854182,"{1, 2, 3, 31, 35, 38, 39, 45, 46, 47, 48, 57, 61, 68, 76, 77, 78, 84, 85, 86, 99, 100, 101, 103, 106, 115, 119, 137, 138, 139, 142, 143, 144, 145, 148, 149, 151, 152, 153, 156, 157, 163, 165, 173, 175, 176, 183}"
RefArbor,C4.5,WcD0F391710270915_12.ce,93,0.2475168781033733,"{1, 2, 3, 4, 5, 27, 30, 31, 32, 33, 35, 36, 37, 38, 41, 42, 43, 45, 46, 47, 48, 49, 66, 67, 68, 96, 99, 104, 110, 111, 112, 113, 114, 125, 127, 128, 129, 130, 131, 132, 133, 134, 135, 136, 137, 138, 139, 140, 141, 142, 143, 144, 145, 146, 147, 149, 150, 151, 152, 153, 154, 155, 156, 158, 159, 160, 161, 162, 163, 164, 165, 166, 167, 168, 169, 170, 172, 173, 174, 176, 177, 179, 180, 183, 185, 186, 187, 188, 189, 190, 191, 192, 193}"
RefArbor,C4.5,WcD0F391710270930_12.ce,111,0.2525248485987665,"{1, 5, 8, 10, 11, 13, 15, 17, 20, 22, 23, 24, 26, 28, 29, 30, 31, 32, 33, 34, 39, 45, 46, 47, 48, 49, 50, 51, 52, 53, 54, 55, 56, 57, 58, 59, 60, 61, 62, 63, 64, 66, 67, 68, 69, 70, 71, 72, 73, 74, 75, 76, 77, 78, 79, 80, 81, 82, 84, 90, 94, 96, 99, 100, 101, 103, 105, 108, 109, 111, 115, 116, 117, 120, 121, 127, 128, 131, 133, 134, 137, 141, 142, 145, 155, 156, 158, 160, 162, 163, 164, 165, 166, 168, 169, 170, 171, 172, 173, 174, 176, 177, 178, 179, 180, 188, 189, 190, 191, 192, 194}"
RefArbor,C4.5,WcD0F391710270945_12.ce,119,0.2586489074587551,"{1, 2, 3, 4, 5, 6, 10, 14, 19, 20, 21, 24, 25, 26, 27, 28, 29, 30, 31, 32, 35, 36, 37, 38, 39, 40, 41, 42, 43, 44, 45, 47, 48, 49, 51, 53, 58, 59, 60, 61, 63, 65, 67, 69, 71, 72, 74, 75, 76, 81, 84, 85, 87, 89, 90, 91, 92, 93, 96, 97, 101, 102, 104, 105, 106, 109, 110, 115, 116, 117, 118, 119, 120, 121, 122, 123, 124, 125, 126, 127, 128, 129, 130, 138, 139, 141, 145, 146, 148, 150, 152, 154, 155, 158, 159, 160, 161, 162, 163, 164, 165, 166, 167, 168, 169, 170, 171, 172, 174, 175, 176, 177, 180, 185, 186, 187, 188, 189, 190}"
RefArbor,C4.4,WcD0FB11710271000_01.ce,143,0.27033036075349365,"{1, 2, 3, 4, 5, 7, 10, 13, 14, 17, 19, 24, 25, 26, 27, 28, 29, 30, 31, 32, 34, 35, 38, 40, 42, 43, 46, 47, 48, 50, 52, 53, 54, 55, 56, 58, 59, 60, 61, 63, 66, 67, 68, 72, 73, 74, 75, 76, 77, 78, 79, 80, 81, 82, 83, 84, 85, 86, 94, 95, 96, 97, 98, 99, 100, 101, 102, 103, 104, 105, 106, 108, 110, 111, 112, 113, 114, 115, 116, 117, 118, 119, 120, 121, 122, 123, 124, 126, 127, 128, 131, 132, 134, 135, 136, 137, 140, 142, 143, 144, 145, 146, 147, 148, 149, 150, 151, 152, 154, 155, 156, 161, 162, 163, 164, 165, 166, 167, 168, 169, 170, 171, 172, 173, 174, 175, 176, 177, 178, 179, 180, 181, 183, 184, 185, 186, 187, 188, 189, 190, 191, 193, 194}"
RefArbor,C4.4,WcD0FB11710271015_01.ce,121,0.2776184454195267,"{2, 4, 6, 9, 13, 15, 16, 17, 19, 20, 21, 22, 29, 32, 33, 34, 35, 36, 37, 38, 39, 40, 41, 42, 43, 44, 45, 46, 47, 48, 49, 50, 51, 52, 53, 54, 56, 57, 59, 60, 69, 70, 74, 76, 77, 81, 83, 85, 86, 90, 91, 92, 93, 94, 103, 105, 106, 107, 108, 109, 110, 111, 112, 113, 114, 115, 116, 117, 118, 126, 131, 136, 137, 139, 140, 144, 146, 147, 148, 149, 150, 151, 152, 153, 154, 155, 156, 157, 158, 159, 160, 161, 162, 163, 164, 165, 166, 167, 168, 169, 170, 171, 172, 173, 174, 175, 176, 177, 178, 179, 180, 181, 185, 186, 187, 188, 189, 190, 191, 192, 193}"
RefArbor,C4.4,WcD0FB11710271030_01.ce,127,0.2609431037954162,"{1, 2, 3, 4, 5, 6, 7, 8, 9, 15, 18, 19, 20, 21, 22, 23, 24, 25, 26, 27, 29, 30, 31, 32, 33, 37, 38, 39, 40, 41, 42, 44, 45, 46, 47, 49, 50, 55, 57, 60, 65, 66, 67, 68, 71, 72, 73, 74, 75, 76, 77, 78, 81, 82, 85, 86, 87, 90, 93, 94, 95, 96, 97, 102, 105, 107, 108, 109, 110, 111, 112, 113, 116, 117, 118, 124, 127, 128, 129, 130, 131, 132, 133, 134, 135, 136, 137, 138, 139, 140, 141, 142, 143, 144, 145, 147, 148, 149, 150, 151, 157, 161, 162, 163, 164, 165, 166, 167, 168, 169, 170, 171, 172, 173, 174, 175, 176, 177, 178, 179, 182, 183, 184, 185, 186, 191, 192}"
RefArbor,C4.4,WcD0FB11710271045_01.ce,121,0.28554290030389956,"{1, 2, 3, 4, 5, 13, 15, 16, 17, 18, 19, 20, 22, 23, 26, 27, 28, 29, 30, 31, 33, 35, 38, 39, 43, 45, 47, 48, 49, 50, 51, 52, 53, 54, 55, 56, 57, 58, 67, 68, 74, 75, 79, 81, 83, 84, 87, 88, 89, 90, 91, 97, 101, 102, 103, 104, 105, 106, 107, 108, 109, 110, 111, 112, 114, 115, 117, 118, 119, 120, 121, 122, 123, 124, 125, 126, 127, 128, 129, 130, 131, 132, 133, 134, 135, 136, 137, 138, 139, 141, 143, 145, 146, 150, 152, 154, 155, 158, 159, 160, 161, 162, 164, 165, 166, 167, 168, 169, 171, 174, 177, 178, 179, 180, 182, 183, 186, 187, 189, 190, 191}"
RefArbor,C4.5,WcD0F391710271000_12.ce,146,0.26311540487311186,"{1, 2, 3, 4, 5, 7, 13, 18, 19, 20, 21, 23, 24, 26, 27, 28, 29, 30, 31, 32, 33, 34, 37, 38, 40, 42, 43, 44, 46, 47, 49, 50, 51, 52, 53, 54, 55, 58, 59, 63, 65, 66, 67, 72, 73, 74, 75, 76, 77, 78, 79, 80, 81, 82, 83, 84, 85, 86, 93, 94, 95, 96, 97, 98, 99, 100, 101, 102, 104, 106, 107, 108, 109, 110, 111, 112, 113, 114, 115, 116, 117, 118, 119, 120, 121, 122, 123, 124, 126, 127, 128, 130, 131, 132, 134, 135, 136, 137, 140, 141, 142, 143, 144, 145, 146, 147, 148, 149, 150, 151, 152, 153, 154, 155, 156, 160, 161, 162, 163, 164, 165, 166, 167, 169, 170, 171, 172, 173, 174, 175, 176, 177, 178, 179, 180, 181, 183, 185, 186, 187, 188, 189, 190, 191, 192, 193}"
RefArbor,C4.5,WcD0F391710271015_12.ce,116,0.2742285907348225,"{6, 7, 13, 14, 16, 19, 20, 21, 22, 23, 33, 34, 35, 36, 37, 38, 39, 41, 42, 43, 45, 46, 47, 48, 49, 50, 51, 52, 53, 54, 55, 57, 60, 66, 70, 71, 73, 75, 77, 78, 80, 84, 86, 87, 90, 91, 92, 93, 94, 100, 104, 106, 107, 108, 109, 110, 111, 112, 113, 114, 115, 116, 117, 118, 119, 121, 126, 132, 136, 137, 138, 140, 145, 147, 148, 149, 150, 151, 152, 153, 154, 155, 156, 157, 158, 159, 160, 161, 162, 163, 164, 165, 166, 167, 168, 169, 170, 171, 172, 173, 174, 175, 176, 177, 178, 179, 180, 181, 187, 188, 189, 190, 191, 192, 193, 194}"
RefArbor,C4.5,WcD0F391710271030_12.ce,120,0.2709844821665129,"{1, 2, 3, 4, 5, 6, 7, 8, 9, 18, 19, 20, 21, 22, 23, 24, 25, 26, 28, 29, 32, 33, 35, 37, 38, 39, 40, 41, 42, 44, 45, 46, 49, 50, 56, 58, 59, 61, 66, 67, 70, 74, 75, 77, 78, 80, 82, 85, 86, 90, 91, 92, 94, 95, 96, 101, 102, 105, 106, 107, 108, 109, 110, 111, 112, 113, 115, 117, 124, 127, 128, 129, 130, 131, 132, 133, 134, 135, 136, 137, 138, 139, 140, 141, 142, 143, 144, 145, 147, 148, 149, 150, 157, 160, 161, 162, 163, 164, 165, 166, 167, 168, 169, 170, 171, 172, 173, 174, 175, 176, 177, 178, 179, 182, 183, 184, 185, 186, 191, 192}"
RefArbor,C4.5,WcD0F391710271045_12.ce,113,0.2828802045155636,"{1, 2, 3, 4, 5, 6, 10, 12, 13, 16, 17, 18, 19, 21, 22, 26, 27, 30, 38, 42, 43, 44, 47, 48, 49, 50, 51, 52, 53, 54, 55, 56, 57, 63, 66, 67, 70, 74, 77, 80, 81, 83, 87, 88, 89, 90, 97, 101, 102, 103, 104, 105, 107, 108, 109, 110, 111, 114, 115, 116, 117, 118, 119, 120, 121, 122, 123, 124, 125, 126, 127, 128, 129, 130, 131, 132, 133, 134, 135, 136, 137, 138, 145, 148, 151, 152, 154, 157, 158, 159, 160, 161, 163, 164, 165, 166, 167, 168, 170, 171, 172, 173, 174, 175, 178, 179, 180, 182, 183, 186, 187, 189, 193}"
RefArbor,C4.4,WcD0FB11710271100_01.ce,125,0.2670831366121537,"{1, 2, 3, 4, 6, 7, 8, 9, 10, 11, 13, 14, 17, 19, 22, 23, 24, 25, 26, 27, 28, 29, 30, 31, 41, 42, 43, 44, 45, 46, 47, 48, 49, 50, 51, 52, 53, 54, 55, 56, 57, 58, 64, 67, 68, 71, 75, 78, 81, 84, 85, 88, 89, 90, 91, 92, 98, 101, 102, 103, 104, 105, 106, 107, 108, 109, 110, 111, 112, 113, 114, 126, 127, 131, 132, 134, 135, 139, 140, 141, 142, 143, 144, 145, 146, 147, 148, 149, 150, 151, 152, 153, 154, 155, 156, 157, 158, 159, 160, 161, 162, 163, 165, 166, 169, 170, 171, 172, 173, 174, 175, 176, 177, 179, 180, 181, 183, 184, 185, 186, 189, 190, 191, 192, 193}"
RefArbor,C4.4,WcD0FB11710271115_01.ce,77,0.25053110904203824,"{1, 2, 3, 4, 5, 6, 7, 8, 9, 10, 19, 20, 21, 22, 23, 24, 25, 26, 27, 28, 29, 30, 32, 33, 34, 35, 42, 45, 48, 49, 51, 55, 56, 57, 58, 59, 60, 61, 63, 64, 66, 67, 68, 69, 71, 72, 73, 74, 75, 76, 77, 78, 80, 85, 86, 87, 88, 93, 95, 97, 98, 100, 106, 110, 111, 112, 113, 114, 115, 116, 117, 118, 119, 120, 124, 142, 168}"
RefArbor,C4.4,WcD0FB11710271130_01.ce,8,0.2366414417285012,"{19, 31, 32, 77, 132, 134, 135, 167}"
RefArbor,C4.4,WcD0FB11710271145_01.ce,18,0.2519242316590305,"{11, 15, 24, 36, 38, 41, 68, 78, 79, 83, 115, 141, 151, 152, 156, 164, 174, 179}"
RefArbor,C4.5,WcD0F391710271100_12.ce,120,0.27399166508494194,"{1, 2, 3, 4, 8, 14, 15, 17, 18, 20, 23, 24, 25, 27, 28, 29, 30, 31, 32, 41, 42, 43, 44, 45, 46, 47, 48, 49, 50, 51, 52, 53, 54, 55, 56, 57, 58, 65, 68, 69, 71, 75, 80, 82, 84, 85, 88, 89, 90, 91, 92, 102, 104, 105, 106, 107, 108, 109, 110, 111, 112, 113, 114, 115, 116, 121, 127, 131, 132, 135, 140, 141, 142, 143, 144, 145, 146, 147, 148, 149, 150, 151, 152, 153, 154, 155, 156, 157, 158, 159, 160, 161, 162, 163, 164, 165, 166, 168, 169, 170, 171, 172, 173, 174, 176, 177, 178, 180, 181, 182, 184, 185, 186, 187, 188, 190, 191, 192, 193, 194}"
RefArbor,C4.5,WcD0F391710271115_12.ce,70,0.24798422025941197,"{1, 2, 3, 4, 5, 6, 7, 8, 9, 15, 19, 20, 21, 23, 24, 25, 26, 27, 28, 29, 30, 32, 33, 34, 35, 41, 42, 48, 50, 51, 54, 55, 57, 58, 59, 60, 61, 63, 64, 66, 67, 70, 71, 76, 77, 78, 79, 80, 84, 85, 86, 87, 90, 93, 96, 97, 99, 100, 109, 110, 111, 112, 113, 114, 115, 116, 117, 118, 119, 124}"
RefArbor,C4.5,WcD0F391710271130_12.ce,9,0.23352053515260704,"{31, 32, 34, 52, 55, 78, 123, 135, 172}"
RefArbor,C4.5,WcD0F391710271145_12.ce,15,0.24888161966947486,"{16, 23, 25, 29, 70, 79, 80, 83, 116, 143, 152, 153, 156, 169, 181}"
RefArbor,C4.4,WcD0FB11710271200_01.ce,50,0.23066233397519323,"{1, 2, 3, 4, 9, 10, 11, 12, 14, 15, 16, 17, 42, 43, 44, 45, 47, 55, 57, 69, 70, 71, 72, 94, 96, 98, 99, 100, 101, 102, 105, 107, 108, 116, 136, 137, 139, 140, 141, 142, 143, 144, 148, 150, 151, 152, 153, 177, 188, 194}"
RefArbor,C4.4,WcD0FB11710271215_01.ce,11,0.18943022040801324,"{8, 15, 44, 47, 54, 55, 113, 114, 130, 131, 132}"
RefArbor,C4.4,WcD0FB11710271230_01.ce,21,0.1966285323446347,"{57, 60, 61, 62, 63, 73, 76, 78, 79, 93, 94, 95, 96, 110, 112, 113, 121, 127, 131, 143, 144}"
RefArbor,C4.4,WcD0FB11710271245_01.ce,4,0.19769759247028051,"{88, 107, 112, 128}"
RefArbor,C4.5,WcD0F391710271200_12.ce,53,0.224536694444012,"{1, 2, 3, 8, 9, 10, 11, 14, 15, 16, 17, 39, 42, 43, 44, 45, 47, 52, 54, 56, 68, 69, 70, 71, 72, 81, 92, 93, 94, 95, 97, 98, 99, 100, 101, 102, 104, 107, 126, 136, 139, 140, 142, 143, 144, 146, 147, 149, 150, 151, 152, 160, 188}"
RefArbor,C4.5,WcD0F391710271215_12.ce,10,0.18805295429739222,"{9, 45, 47, 48, 55, 113, 114, 115, 131, 132}"
RefArbor,C4.5,WcD0F391710271230_12.ce,25,0.2006330429546047,"{14, 57, 62, 63, 66, 71, 73, 77, 78, 79, 91, 93, 94, 96, 101, 108, 110, 112, 118, 121, 126, 131, 142, 143, 144}"
RefArbor,C4.5,WcD0F391710271245_12.ce,7,0.1929922205772682,"{52, 87, 107, 128, 133, 134, 144}"
RefArbor,C4.4,WcD0FB11710271300_01.ce,11,0.18982209459553273,"{1, 2, 3, 94, 126, 159, 160, 161, 165, 175, 190}"
RefArbor,C4.4,WcD0FB11710271315_01.ce,5,0.19349739372302602,"{9, 15, 27, 105, 187}"
RefArbor,C4.4,WcD0FB11710271330_01.ce,12,0.20219796094927225,"{3, 90, 92, 93, 94, 115, 116, 126, 127, 169, 172, 185}"
RefArbor,C4.4,WcD0FB11710271345_01.ce,13,0.20816666465095168,"{3, 5, 7, 134, 148, 22, 23, 163, 164, 45, 46, 47, 120}"
RefArbor,C4.5,WcD0F391710271300_12.ce,10,0.18528069233318478,"{1, 2, 3, 4, 94, 154, 159, 161, 176, 187}"
RefArbor,C4.5,WcD0F391710271315_12.ce,4,0.19055404808879006,"{9, 28, 43, 189}"
RefArbor,C4.5,WcD0F391710271330_12.ce,10,0.20034544271275057,"{8, 92, 93, 94, 115, 126, 171, 184, 185, 191}"
RefArbor,C4.5,WcD0F391710271345_12.ce,10,0.20333631007289546,"{6, 148, 23, 164, 165, 46, 47, 48, 112, 113}"
RefArbor,C4.4,WcD0FB11710271400_01.ce,25,0.19284965004123006,"{1, 2, 3, 4, 21, 34, 86, 87, 116, 118, 119, 120, 122, 130, 136, 137, 140, 153, 156, 162, 169, 180, 186, 187, 188}"
RefArbor,C4.4,WcD0FB11710271415_01.ce,2,0.188992137056593,"{6, 35}"
RefArbor,C4.4,WcD0FB11710271430_01.ce,1,0.19810075155863968,{140}
RefArbor,C4.4,WcD0FB11710271445_01.ce,17,0.19146846489090483,"{38, 43, 48, 58, 70, 76, 90, 92, 93, 94, 97, 101, 103, 105, 110, 111, 112}"
RefArbor,C4.5,WcD0F391710271400_12.ce,20,0.19175096732118665,"{1, 2, 3, 4, 34, 86, 87, 115, 118, 119, 120, 135, 136, 140, 152, 153, 155, 156, 186, 187}"
RefArbor,C4.5,WcD0F391710271415_12.ce,3,0.18577182923844726,"{24, 38, 166}"
RefArbor,C4.5,WcD0F391710271430_12.ce,0,0.194971372311748,set()
RefArbor,C4.5,WcD0F391710271445_12.ce,11,0.19623211040936023,"{43, 71, 79, 90, 92, 93, 94, 97, 104, 110, 111}"
RefArbor,C4.4,WcD0FB11710271500_01.ce,9,0.20502651032064806,"{1, 2, 3, 37, 118, 186, 187, 188, 189}"
RefArbor,C4.4,WcD0FB11710271515_01.ce,2,0.17826199139367932,"{34, 53}"
RefArbor,C4.4,WcD0FB11710271530_01.ce,8,0.210829623115723,"{54, 56, 121, 122, 138, 184, 187, 192}"
RefArbor,C4.4,WcD0FB11710271545_01.ce,21,0.20554670829497582,"{34, 44, 63, 65, 66, 68, 69, 82, 83, 85, 86, 94, 99, 100, 101, 107, 146, 147, 156, 178, 184}"
RefArbor,C4.5,WcD0F391710271500_12.ce,11,0.19901901024696628,"{1, 2, 3, 4, 187, 188, 189, 190, 98, 110, 119}"
RefArbor,C4.5,WcD0F391710271515_12.ce,2,0.1736326806663052,"{35, 49}"
RefArbor,C4.5,WcD0F391710271530_12.ce,3,0.20367159823865316,"{56, 144, 184}"
RefArbor,C4.5,WcD0F391710271545_12.ce,17,0.20306949088648976,"{34, 45, 66, 69, 83, 85, 86, 95, 99, 100, 101, 107, 147, 157, 158, 170, 185}"
RefArbor,C4.4,WcD0FB11710271600_01.ce,22,0.19361514467350985,"{1, 2, 3, 4, 21, 47, 50, 61, 63, 80, 81, 89, 90, 91, 94, 96, 111, 122, 139, 177, 182, 183}"
RefArbor,C4.4,WcD0FB11710271615_01.ce,12,0.18632078174383143,"{3, 10, 20, 21, 22, 27, 38, 46, 50, 51, 52, 145}"
RefArbor,C4.4,WcD0FB11710271630_01.ce,0,0.1786581501992238,set()
RefArbor,C4.4,WcD0FB11710271645_01.ce,9,0.18779079448964714,"{69, 75, 91, 106, 108, 109, 122, 145, 157}"
RefArbor,C4.5,WcD0F391710271600_12.ce,15,0.193449857913751,"{1, 2, 3, 46, 52, 62, 80, 89, 90, 139, 148, 177, 181, 182, 183}"
RefArbor,C4.5,WcD0F391710271615_12.ce,9,0.18049798013034843,"{2, 3, 10, 19, 20, 21, 26, 38, 51}"
RefArbor,C4.5,WcD0F391710271630_12.ce,2,0.17517849441224795,"{1, 118}"
RefArbor,C4.5,WcD0F391710271645_12.ce,6,0.18921470238225999,"{60, 69, 75, 107, 108, 158}"
RefArbor,C4.4,WcD0FB11710271700_01.ce,5,0.16353226691537545,"{1, 2, 3, 4, 158}"
RefArbor,C4.4,WcD0FB11710271715_01.ce,20,0.19904329614173658,"{12, 26, 46, 47, 58, 59, 63, 64, 65, 66, 67, 74, 75, 87, 97, 110, 121, 123, 125, 181}"
RefArbor,C4.4,WcD0FB11710271730_01.ce,5,0.20380196418384033,"{61, 152, 154, 179, 181}"
RefArbor,C4.4,WcD0FB11710271745_01.ce,20,0.23583625156773397,"{13, 17, 41, 42, 74, 84, 85, 105, 113, 123, 128, 133, 134, 164, 170, 171, 175, 178, 179, 182}"
RefArbor,C4.5,WcD0F391710271700_12.ce,4,0.160921638853333,"{1, 2, 3, 4}"
RefArbor,C4.5,WcD0F391710271715_12.ce,11,0.20148982687871758,"{13, 27, 35, 42, 46, 47, 64, 65, 66, 67, 75}"
RefArbor,C4.5,WcD0F391710271730_12.ce,8,0.2017865373490825,"{90, 154, 165, 169, 178, 180, 181, 190}"
RefArbor,C4.5,WcD0F391710271745_12.ce,22,0.2306141460495763,"{13, 17, 40, 47, 74, 81, 83, 84, 104, 105, 113, 128, 133, 134, 160, 164, 170, 173, 174, 175, 178, 182}"
RefArbor,C4.4,WcD0FB11710271800_01.ce,29,0.2389533634341275,"{1, 2, 3, 4, 5, 6, 7, 10, 11, 12, 13, 14, 32, 36, 37, 70, 74, 96, 110, 113, 121, 137, 149, 153, 157, 158, 161, 162, 166}"
RefArbor,C4.4,WcD0FB11710271815_01.ce,25,0.22460945387508924,"{3, 4, 5, 13, 15, 19, 20, 21, 30, 31, 34, 36, 37, 39, 48, 52, 63, 64, 65, 74, 82, 101, 102, 108, 116}"
RefArbor,C4.4,WcD0FB11710271830_01.ce,9,0.22286009900255024,"{23, 34, 39, 40, 61, 67, 104, 114, 141}"
RefArbor,C4.4,WcD0FB11710271845_01.ce,26,0.2196963930602979,"{12, 13, 14, 25, 77, 78, 84, 87, 93, 94, 96, 97, 102, 103, 119, 120, 123, 125, 133, 134, 140, 141, 145, 150, 154, 167}"
RefArbor,C4.5,WcD0F391710271800_12.ce,26,0.23698665389767998,"{1, 2, 3, 4, 5, 6, 7, 9, 11, 13, 14, 15, 35, 37, 39, 71, 111, 122, 123, 140, 142, 157, 158, 162, 163, 164}"
RefArbor,C4.5,WcD0F391710271815_12.ce,21,0.2177323387504393,"{3, 15, 20, 21, 24, 27, 31, 33, 35, 36, 37, 55, 62, 63, 64, 74, 82, 101, 116, 161, 183}"
RefArbor,C4.5,WcD0F391710271830_12.ce,8,0.2151622178320241,"{39, 40, 41, 48, 54, 62, 67, 68}"
RefArbor,C4.5,WcD0F391710271845_12.ce,18,0.2172244561046962,"{13, 14, 78, 85, 87, 93, 94, 97, 98, 103, 104, 119, 120, 133, 140, 145, 151, 154}"
RefArbor,C4.4,WcD0FB11710271900_01.ce,13,0.23307484657658012,"{1, 2, 3, 4, 67, 73, 115, 153, 174, 178, 192, 193, 194}"
RefArbor,C4.4,WcD0FB11710271915_01.ce,29,0.24501943004535928,"{1, 3, 4, 5, 6, 25, 27, 70, 77, 87, 89, 90, 115, 116, 120, 126, 134, 139, 156, 157, 178, 181, 182, 183, 185, 186, 187, 188, 189}"
RefArbor,C4.4,WcD0FB11710271930_01.ce,24,0.24072585314198788,"{56, 57, 58, 72, 73, 74, 93, 103, 116, 120, 123, 135, 136, 137, 139, 140, 161, 163, 173, 174, 176, 179, 183, 185}"
RefArbor,C4.4,WcD0FB11710271945_01.ce,16,0.22930297203943614,"{7, 55, 65, 66, 68, 69, 71, 90, 114, 138, 139, 141, 142, 144, 155, 157}"
RefArbor,C4.5,WcD0F391710271900_12.ce,10,0.22578736831285406,"{1, 2, 3, 4, 50, 116, 135, 177, 192, 193}"
RefArbor,C4.5,WcD0F391710271915_12.ce,27,0.24100750653063163,"{1, 2, 4, 5, 6, 7, 13, 25, 26, 28, 71, 90, 91, 98, 116, 126, 156, 157, 158, 181, 182, 183, 186, 187, 188, 189, 190}"
RefArbor,C4.5,WcD0F391710271930_12.ce,26,0.23353816621068055,"{55, 56, 57, 58, 62, 69, 72, 73, 75, 82, 84, 110, 112, 115, 122, 123, 124, 130, 134, 135, 136, 138, 159, 161, 173, 183}"
RefArbor,C4.5,WcD0F391710271945_12.ce,18,0.22581282408317613,"{6, 55, 65, 66, 67, 69, 70, 71, 95, 103, 106, 112, 138, 139, 141, 144, 154, 155}"
RefArbor,C4.4,WcD0FB11710272000_01.ce,21,0.2363285669199611,"{1, 2, 3, 4, 137, 138, 21, 22, 37, 176, 178, 179, 181, 185, 62, 65, 69, 70, 82, 120, 121}"
RefArbor,C4.4,WcD0FB11710272015_01.ce,11,0.20276837380440224,"{18, 19, 20, 21, 22, 23, 24, 54, 67, 118, 159}"
RefArbor,C4.4,WcD0FB11710272030_01.ce,22,0.2217596347039319,"{8, 33, 38, 39, 40, 58, 59, 60, 63, 70, 71, 77, 82, 86, 89, 91, 94, 95, 106, 107, 108, 189}"
RefArbor,C4.4,WcD0FB11710272045_01.ce,18,0.21515197669049518,"{60, 69, 82, 92, 93, 97, 99, 100, 101, 107, 108, 119, 132, 133, 147, 148, 164, 167}"
RefArbor,C4.5,WcD0F391710272000_12.ce,22,0.23333561945692322,"{1, 2, 3, 4, 5, 22, 23, 24, 57, 63, 65, 68, 69, 82, 83, 94, 105, 121, 176, 178, 182, 186}"
RefArbor,C4.5,WcD0F391710272015_12.ce,9,0.1982873480907367,"{18, 19, 20, 21, 22, 23, 24, 159, 193}"
RefArbor,C4.5,WcD0F391710272030_12.ce,19,0.2177784970376386,"{5, 7, 33, 34, 38, 39, 42, 58, 59, 63, 70, 73, 77, 85, 89, 94, 106, 107, 156}"
RefArbor,C4.5,WcD0F391710272045_12.ce,19,0.20943902389403762,"{30, 69, 79, 82, 84, 92, 93, 94, 98, 99, 100, 101, 108, 120, 122, 134, 137, 148, 165}"
RefArbor,C4.4,WcD0FB11710272100_01.ce,12,0.20515237333440922,"{1, 2, 3, 4, 30, 114, 122, 150, 151, 152, 153, 154}"
RefArbor,C4.4,WcD0FB11710272115_01.ce,16,0.21862951508948042,"{4, 29, 78, 81, 128, 135, 136, 138, 151, 166, 167, 179, 186, 187, 190, 191}"
RefArbor,C4.4,WcD0FB11710272130_01.ce,17,0.21524439581912014,"{13, 14, 22, 27, 55, 80, 87, 93, 102, 139, 149, 171, 176, 181, 186, 187, 188}"
RefArbor,C4.4,WcD0FB11710272145_01.ce,23,0.21846401504545512,"{14, 18, 24, 25, 35, 39, 47, 49, 68, 91, 93, 112, 124, 134, 140, 141, 144, 150, 160, 161, 165, 168, 169}"
RefArbor,C4.5,WcD0F391710272100_12.ce,13,0.1971436236308663,"{1, 2, 3, 4, 150, 151, 152, 153, 154, 166, 167, 114, 126}"
RefArbor,C4.5,WcD0F391710272115_12.ce,12,0.22154040713559733,"{81, 82, 111, 127, 129, 135, 136, 147, 166, 186, 187, 190}"
RefArbor,C4.5,WcD0F391710272130_12.ce,13,0.22017528994094543,"{14, 55, 64, 80, 81, 94, 131, 139, 149, 171, 172, 187, 188}"
RefArbor,C4.5,WcD0F391710272145_12.ce,13,0.2160500505143731,"{18, 23, 24, 34, 48, 49, 89, 142, 144, 157, 161, 167, 168}"
RefArbor,C4.4,WcD0FB11710272200_01.ce,11,0.21266302684953975,"{1, 2, 3, 4, 52, 55, 58, 64, 70, 76, 98}"
RefArbor,C4.4,WcD0FB11710272215_01.ce,12,0.21719815354130736,"{155, 159, 160, 161, 164, 167, 170, 171, 173, 175, 176, 177}"
RefArbor,C4.4,WcD0FB11710272230_01.ce,11,0.22265595607118885,"{5, 6, 12, 17, 28, 38, 39, 57, 66, 169, 178}"
RefArbor,C4.4,WcD0FB11710272245_01.ce,18,0.2119952621010746,"{17, 19, 30, 35, 36, 45, 46, 50, 60, 62, 65, 67, 69, 72, 83, 85, 87, 138}"
RefArbor,C4.5,WcD0F391710272200_12.ce,10,0.2063749205269493,"{1, 2, 3, 4, 43, 55, 56, 76, 85, 92}"
RefArbor,C4.5,WcD0F391710272215_12.ce,9,0.21562630561900162,"{155, 160, 161, 165, 171, 174, 176, 177, 191}"
RefArbor,C4.5,WcD0F391710272230_12.ce,9,0.2140236231561554,"{5, 6, 17, 27, 32, 38, 41, 178, 53}"
RefArbor,C4.5,WcD0F391710272245_12.ce,9,0.20713199188752715,"{17, 19, 20, 36, 45, 46, 51, 60, 69}"
RefArbor,C4.4,WcD0FB11710272300_01.ce,132,0.3019474836700647,"{1, 2, 3, 4, 29, 32, 33, 34, 35, 36, 37, 38, 39, 40, 41, 42, 43, 44, 45, 46, 53, 59, 61, 62, 65, 66, 68, 70, 71, 72, 73, 74, 75, 76, 77, 79, 80, 81, 82, 83, 84, 85, 86, 87, 88, 89, 90, 91, 92, 93, 94, 95, 97, 98, 99, 100, 101, 102, 103, 105, 106, 107, 109, 110, 111, 112, 113, 114, 115, 116, 117, 118, 119, 120, 121, 122, 123, 124, 125, 126, 127, 128, 129, 130, 131, 133, 134, 135, 137, 138, 139, 140, 141, 142, 143, 144, 145, 146, 147, 148, 149, 150, 151, 152, 153, 154, 155, 156, 157, 158, 159, 160, 161, 162, 163, 164, 165, 166, 169, 173, 176, 179, 180, 182, 186, 187, 188, 189, 190, 191, 192, 193}"
RefArbor,C4.4,WcD0FB11710272315_01.ce,142,0.28200579534008596,"{1, 2, 4, 5, 6, 7, 8, 10, 11, 12, 14, 15, 16, 18, 19, 20, 21, 22, 23, 24, 25, 26, 28, 30, 31, 32, 33, 35, 36, 39, 40, 41, 42, 43, 44, 45, 46, 47, 48, 49, 50, 51, 52, 53, 54, 55, 56, 57, 58, 59, 60, 61, 62, 63, 64, 65, 66, 67, 68, 69, 75, 76, 82, 84, 85, 88, 89, 90, 91, 92, 98, 101, 102, 103, 104, 105, 106, 107, 108, 109, 110, 111, 112, 113, 114, 115, 116, 117, 125, 126, 127, 128, 129, 130, 131, 132, 133, 142, 143, 144, 145, 146, 147, 148, 149, 150, 151, 152, 153, 154, 155, 156, 157, 158, 159, 160, 161, 162, 163, 164, 165, 166, 167, 168, 177, 178, 179, 180, 181, 182, 183, 184, 185, 186, 187, 188, 189, 190, 191, 192, 193, 194}"
RefArbor,C4.4,WcD0FB11710272330_01.ce,138,0.29640327693127916,"{1, 2, 4, 5, 6, 7, 9, 10, 11, 12, 13, 15, 17, 18, 19, 20, 21, 22, 24, 25, 26, 27, 28, 29, 30, 32, 33, 34, 35, 36, 37, 38, 39, 40, 41, 42, 43, 44, 45, 46, 47, 48, 49, 50, 51, 52, 54, 56, 57, 58, 59, 60, 61, 62, 63, 69, 70, 72, 74, 78, 79, 82, 84, 85, 87, 88, 89, 90, 91, 92, 93, 94, 95, 96, 97, 98, 99, 100, 101, 102, 103, 104, 105, 106, 107, 109, 115, 116, 122, 125, 129, 130, 131, 138, 141, 142, 143, 144, 145, 146, 147, 148, 149, 150, 151, 152, 153, 154, 155, 156, 157, 158, 159, 160, 161, 162, 163, 164, 165, 167, 168, 174, 177, 178, 179, 180, 181, 182, 183, 184, 185, 187, 188, 189, 190, 191, 192, 193}"
RefArbor,C4.4,WcD0FB11710272345_01.ce,141,0.308239060095784,"{1, 2, 3, 5, 7, 12, 15, 16, 18, 19, 22, 23, 24, 25, 26, 27, 28, 29, 30, 31, 32, 33, 34, 35, 36, 37, 38, 39, 40, 41, 42, 43, 44, 45, 46, 47, 48, 49, 50, 51, 52, 53, 54, 55, 56, 57, 60, 61, 63, 64, 65, 66, 68, 69, 70, 71, 72, 73, 74, 75, 76, 77, 78, 79, 80, 81, 82, 83, 84, 86, 87, 88, 89, 90, 91, 92, 93, 94, 95, 96, 97, 98, 104, 105, 111, 113, 114, 117, 118, 119, 120, 121, 122, 123, 124, 125, 126, 127, 128, 129, 130, 131, 132, 133, 134, 135, 136, 137, 138, 139, 140, 142, 143, 147, 149, 150, 152, 156, 158, 159, 162, 163, 164, 165, 167, 168, 169, 170, 171, 172, 173, 174, 175, 176, 177, 178, 183, 185, 186, 188, 192}"
RefArbor,C4.5,WcD0F391710272300_12.ce,127,0.3021932789520945,"{1, 2, 3, 29, 31, 32, 33, 34, 35, 36, 37, 38, 39, 40, 41, 42, 43, 44, 45, 52, 55, 58, 61, 62, 65, 66, 67, 68, 69, 70, 71, 72, 73, 74, 75, 76, 77, 79, 80, 82, 83, 84, 85, 86, 87, 88, 89, 90, 91, 92, 93, 94, 96, 98, 99, 100, 101, 102, 105, 106, 109, 110, 111, 112, 113, 114, 115, 117, 118, 119, 120, 121, 122, 123, 124, 125, 126, 127, 128, 129, 130, 131, 133, 134, 135, 136, 137, 138, 139, 140, 141, 142, 143, 144, 145, 146, 147, 148, 149, 150, 151, 152, 153, 154, 155, 156, 157, 158, 159, 160, 161, 162, 163, 164, 165, 166, 172, 173, 179, 182, 185, 186, 187, 188, 190, 191, 193}"
RefArbor,C4.5,WcD0F391710272315_12.ce,135,0.2814424292642327,"{1, 2, 3, 5, 6, 7, 8, 10, 12, 14, 15, 16, 18, 20, 21, 22, 23, 24, 25, 28, 29, 30, 31, 33, 34, 35, 36, 37, 38, 39, 40, 41, 42, 43, 44, 45, 46, 47, 48, 49, 50, 51, 52, 53, 54, 55, 56, 57, 58, 59, 60, 62, 63, 64, 65, 66, 68, 78, 81, 82, 84, 88, 89, 91, 98, 101, 102, 103, 104, 105, 106, 107, 108, 109, 110, 111, 112, 113, 114, 115, 116, 122, 125, 126, 127, 128, 129, 130, 131, 132, 133, 139, 142, 143, 144, 145, 146, 147, 148, 149, 150, 151, 152, 153, 154, 155, 156, 157, 158, 159, 160, 161, 162, 163, 164, 165, 166, 167, 168, 174, 177, 178, 179, 180, 181, 183, 184, 185, 186, 187, 188, 189, 190, 191, 192}"
RefArbor,C4.5,WcD0F391710272330_12.ce,138,0.2959991607839501,"{2, 3, 4, 6, 7, 8, 9, 10, 11, 12, 13, 15, 16, 17, 19, 20, 21, 22, 25, 26, 27, 28, 29, 30, 31, 32, 33, 34, 35, 36, 37, 38, 41, 42, 43, 44, 45, 47, 48, 49, 50, 51, 52, 56, 57, 58, 59, 60, 61, 63, 69, 70, 73, 76, 77, 79, 83, 84, 86, 87, 88, 89, 90, 92, 93, 94, 95, 96, 97, 98, 99, 100, 101, 102, 103, 104, 105, 106, 107, 109, 110, 114, 116, 117, 119, 123, 125, 126, 129, 130, 131, 132, 139, 142, 143, 144, 145, 146, 147, 148, 149, 150, 151, 152, 153, 154, 155, 156, 157, 158, 159, 160, 161, 162, 163, 164, 165, 166, 168, 174, 177, 178, 179, 180, 181, 182, 183, 184, 185, 186, 187, 188, 189, 190, 191, 192, 193, 194}"
RefArbor,C4.5,WcD0F391710272345_12.ce,127,0.3152701318140304,"{2, 8, 13, 15, 18, 21, 22, 23, 24, 26, 27, 28, 29, 30, 31, 32, 33, 34, 35, 36, 37, 38, 39, 40, 41, 42, 44, 45, 46, 47, 48, 49, 51, 52, 53, 54, 55, 56, 57, 58, 59, 60, 63, 64, 65, 68, 69, 70, 72, 73, 75, 76, 77, 78, 79, 80, 81, 82, 83, 86, 87, 88, 89, 90, 91, 92, 93, 94, 95, 96, 97, 103, 107, 110, 113, 116, 117, 118, 120, 121, 122, 123, 124, 125, 126, 127, 128, 129, 130, 131, 132, 133, 134, 135, 136, 137, 138, 139, 140, 141, 142, 148, 149, 155, 156, 158, 161, 162, 163, 164, 165, 167, 168, 169, 170, 171, 172, 173, 174, 175, 176, 177, 178, 184, 185, 191, 192}"
