Ref4.5,C4.4,WcD0D211710290000_01.ce,25,0.1620754414000133,"{36, 49, 53, 54, 55, 57, 58, 59, 61, 63, 64, 65, 66, 100, 101, 111, 112, 113, 123, 124, 134, 161, 166, 169, 181}"
Ref4.5,C4.4,WcD0D211710290015_01.ce,38,0.15322428421673953,"{12, 13, 14, 15, 16, 17, 18, 19, 20, 34, 35, 36, 39, 41, 53, 65, 66, 67, 95, 131, 132, 162, 174, 175, 176, 177, 178, 179, 180, 181, 182, 183, 184, 185, 186, 187, 188, 189}"
Ref4.5,C4.4,WcD0D211710290030_01.ce,25,0.1692431240581407,"{22, 40, 51, 57, 58, 61, 62, 64, 66, 67, 70, 104, 105, 114, 115, 116, 127, 138, 164, 165, 167, 169, 170, 172, 184}"
Ref4.5,C4.4,WcD0D211710290045_01.ce,32,0.15594692708137184,"{16, 17, 18, 19, 20, 21, 22, 23, 38, 39, 43, 57, 69, 70, 71, 109, 124, 166, 167, 168, 169, 170, 171, 172, 173, 174, 175, 176, 177, 178, 179, 180}"
Ref4.5,C4.5,WcD0C231710290000_01.ce,26,0.15640673048874648,"{46, 51, 54, 55, 58, 61, 64, 65, 67, 100, 101, 102, 111, 112, 113, 123, 124, 135, 159, 161, 162, 163, 165, 166, 167, 169}"
Ref4.5,C4.5,WcD0C231710290015_01.ce,35,0.15395697758053334,"{12, 13, 14, 15, 16, 17, 18, 19, 20, 35, 36, 40, 53, 65, 66, 67, 95, 131, 132, 133, 175, 176, 177, 178, 179, 180, 181, 182, 183, 184, 185, 186, 187, 188, 189}"
Ref4.5,C4.5,WcD0C231710290030_01.ce,27,0.1515379987688345,"{39, 49, 52, 54, 56, 57, 58, 60, 61, 62, 65, 67, 69, 103, 104, 114, 115, 116, 126, 127, 137, 165, 168, 169, 170, 172, 182}"
Ref4.5,C4.5,WcD0C231710290045_01.ce,37,0.1485898122753979,"{15, 16, 17, 18, 19, 20, 21, 22, 23, 37, 38, 39, 42, 44, 50, 56, 68, 69, 70, 98, 122, 165, 166, 167, 168, 169, 170, 171, 172, 173, 174, 175, 176, 177, 178, 179, 188}"
Ref4.5,C4.4,WcD0D211710290100_01.ce,28,0.16104537458302778,"{11, 30, 40, 43, 47, 48, 49, 51, 53, 56, 57, 58, 60, 94, 95, 105, 106, 107, 117, 118, 128, 155, 156, 159, 161, 163, 173, 175}"
Ref4.5,C4.4,WcD0D211710290115_01.ce,41,0.16369597023452898,"{6, 7, 8, 9, 10, 11, 12, 13, 14, 28, 29, 30, 33, 35, 47, 59, 60, 61, 89, 100, 101, 110, 112, 130, 131, 173, 174, 175, 176, 177, 178, 179, 180, 181, 182, 183, 184, 185, 186, 187, 188}"
Ref4.5,C4.4,WcD0D211710290130_01.ce,23,0.16390280414102534,"{38, 49, 55, 56, 59, 60, 62, 68, 102, 103, 112, 113, 114, 124, 125, 136, 163, 164, 166, 168, 169, 171, 183}"
Ref4.5,C4.4,WcD0D211710290145_01.ce,34,0.16040919871273865,"{14, 15, 16, 17, 18, 19, 20, 21, 36, 37, 41, 55, 67, 68, 69, 123, 124, 125, 166, 167, 168, 169, 170, 171, 172, 173, 174, 175, 176, 177, 178, 179, 180, 181}"
Ref4.5,C4.5,WcD0C231710290100_01.ce,23,0.16385894117086403,"{39, 41, 42, 47, 48, 51, 52, 57, 59, 60, 93, 94, 95, 104, 105, 106, 116, 117, 128, 152, 155, 156, 158}"
Ref4.5,C4.5,WcD0C231710290115_01.ce,38,0.16447399316417932,"{5, 6, 7, 8, 9, 10, 11, 12, 13, 28, 29, 33, 47, 58, 59, 60, 99, 100, 110, 112, 129, 130, 131, 173, 174, 175, 176, 177, 178, 179, 180, 181, 182, 183, 184, 185, 186, 187}"
Ref4.5,C4.5,WcD0C231710290130_01.ce,29,0.1587878831822004,"{19, 32, 38, 48, 55, 56, 57, 59, 60, 61, 64, 66, 68, 102, 103, 113, 114, 115, 125, 126, 136, 163, 164, 167, 168, 169, 171, 181, 183}"
Ref4.5,C4.5,WcD0C231710290145_01.ce,37,0.16185979211722717,"{13, 14, 15, 16, 17, 18, 19, 20, 21, 35, 36, 37, 40, 42, 54, 66, 67, 68, 96, 122, 123, 124, 166, 167, 168, 169, 170, 171, 172, 173, 174, 175, 176, 177, 178, 179, 180}"
Ref4.5,C4.4,WcD0D211710290200_01.ce,24,0.1640877037837993,"{25, 32, 43, 49, 50, 53, 54, 59, 61, 62, 96, 97, 106, 107, 108, 119, 120, 130, 157, 158, 162, 163, 165, 177}"
Ref4.5,C4.4,WcD0D211710290215_01.ce,41,0.16120497407692672,"{7, 8, 9, 10, 11, 12, 13, 14, 29, 30, 34, 60, 61, 62, 90, 133, 137, 138, 141, 143, 147, 149, 166, 167, 168, 173, 174, 175, 176, 177, 178, 179, 180, 181, 182, 183, 184, 185, 186, 187, 188}"
Ref4.5,C4.4,WcD0D211710290230_01.ce,27,0.16951153989003537,"{39, 52, 56, 57, 58, 60, 61, 62, 67, 69, 70, 103, 104, 114, 115, 116, 126, 127, 137, 164, 165, 168, 169, 170, 172, 182, 184}"
Ref4.5,C4.4,WcD0D211710290245_01.ce,44,0.16788846771227495,"{15, 16, 17, 18, 19, 20, 21, 22, 23, 37, 38, 39, 42, 44, 56, 68, 69, 70, 98, 108, 109, 114, 118, 120, 137, 138, 139, 150, 162, 163, 164, 165, 166, 167, 168, 169, 170, 171, 172, 173, 174, 175, 176, 177}"
Ref4.5,C4.5,WcD0C231710290200_01.ce,24,0.17025863386600296,"{31, 41, 49, 50, 54, 59, 61, 62, 95, 96, 97, 106, 107, 108, 118, 119, 130, 156, 157, 158, 160, 162, 164, 174}"
Ref4.5,C4.5,WcD0C231710290215_01.ce,40,0.17428115936847907,"{7, 8, 9, 10, 11, 12, 13, 14, 15, 30, 31, 34, 48, 60, 61, 62, 90, 135, 137, 138, 148, 150, 167, 168, 169, 174, 175, 176, 177, 178, 179, 180, 181, 182, 183, 184, 185, 186, 187, 188}"
Ref4.5,C4.5,WcD0C231710290230_01.ce,29,0.1613075665788238,"{3, 38, 48, 53, 56, 57, 60, 61, 64, 66, 67, 68, 69, 103, 104, 113, 114, 115, 125, 126, 137, 161, 163, 164, 165, 167, 168, 172, 181}"
Ref4.5,C4.5,WcD0C231710290245_01.ce,36,0.17566955007875365,"{14, 15, 16, 17, 18, 19, 20, 21, 22, 37, 38, 42, 67, 68, 69, 97, 107, 108, 120, 137, 138, 162, 163, 164, 165, 166, 167, 168, 169, 170, 171, 172, 173, 174, 175, 176}"
Ref4.5,C4.4,WcD0D211710290300_01.ce,25,0.1688671882408613,"{27, 38, 44, 45, 48, 49, 50, 51, 54, 56, 57, 91, 92, 101, 102, 103, 114, 115, 125, 152, 153, 157, 158, 160, 172}"
Ref4.5,C4.4,WcD0D211710290315_01.ce,40,0.16430421510107404,"{3, 4, 5, 6, 7, 8, 9, 10, 25, 26, 30, 44, 56, 57, 58, 86, 129, 133, 134, 139, 143, 145, 162, 163, 164, 174, 175, 176, 177, 178, 179, 180, 181, 182, 183, 184, 185, 186, 187, 188}"
Ref4.5,C4.4,WcD0D211710290330_01.ce,26,0.16096232269630317,"{39, 49, 54, 57, 58, 61, 62, 63, 65, 67, 69, 70, 103, 104, 105, 114, 115, 116, 126, 127, 138, 164, 168, 170, 172, 182}"
Ref4.5,C4.4,WcD0D211710290345_01.ce,14,0.1498870058874638,"{14, 15, 16, 17, 18, 19, 20, 21, 22, 37, 38, 41, 55, 67}"
Ref4.5,C4.5,WcD0C231710290300_01.ce,26,0.1603084750292047,"{8, 27, 37, 45, 46, 48, 49, 50, 55, 57, 91, 92, 93, 102, 103, 104, 114, 115, 126, 145, 152, 153, 154, 156, 158, 170}"
Ref4.5,C4.5,WcD0C231710290315_01.ce,37,0.15814329609280872,"{2, 3, 4, 5, 7, 8, 9, 10, 25, 26, 29, 55, 56, 57, 85, 132, 133, 145, 162, 163, 164, 173, 174, 175, 176, 177, 178, 179, 180, 181, 182, 183, 184, 185, 186, 187, 188}"
Ref4.5,C4.5,WcD0C231710290330_01.ce,23,0.1658517328063181,"{50, 56, 57, 60, 61, 62, 64, 66, 69, 103, 104, 113, 114, 115, 125, 126, 137, 165, 167, 169, 170, 172, 184}"
Ref4.5,C4.5,WcD0C231710290345_01.ce,25,0.1564404187667277,"{14, 15, 16, 17, 18, 19, 20, 21, 22, 37, 38, 42, 56, 68, 69, 70, 119, 120, 125, 129, 131, 148, 149, 150, 190}"
Ref4.5,C4.4,WcD0D211710290400_01.ce,34,0.14958260698264864,"{1, 2, 3, 4, 21, 38, 49, 50, 52, 55, 56, 59, 61, 62, 65, 67, 68, 102, 103, 112, 113, 114, 125, 126, 136, 163, 164, 168, 169, 171, 190, 191, 192, 193}"
Ref4.5,C4.4,WcD0D211710290415_01.ce,24,0.16511002361090232,"{1, 2, 3, 4, 5, 6, 7, 8, 9, 10, 11, 12, 28, 29, 30, 32, 33, 34, 38, 44, 60, 99, 140, 176}"
Ref4.5,C4.4,WcD0D211710290430_01.ce,10,0.1660623275588073,"{40, 67, 93, 94, 95, 96, 109, 115, 163, 172}"
Ref4.5,C4.4,WcD0D211710290445_01.ce,7,0.16924110989812985,"{1, 4, 57, 99, 100, 157, 175}"
Ref4.5,C4.5,WcD0C231710290400_01.ce,38,0.16468487546094063,"{1, 2, 3, 22, 47, 49, 50, 52, 55, 56, 59, 60, 61, 65, 67, 68, 84, 101, 102, 103, 112, 113, 114, 124, 125, 136, 157, 160, 163, 164, 166, 168, 171, 180, 190, 191, 192, 193}"
Ref4.5,C4.5,WcD0C231710290415_01.ce,23,0.17351717719856713,"{1, 2, 3, 4, 5, 6, 7, 8, 9, 10, 11, 12, 28, 29, 30, 32, 33, 38, 43, 59, 98, 99, 139}"
Ref4.5,C4.5,WcD0C231710290430_01.ce,10,0.1600517857413844,"{40, 89, 93, 94, 95, 109, 112, 150, 171, 190}"
Ref4.5,C4.5,WcD0C231710290445_01.ce,3,0.16998969039394143,"{1, 99, 100}"
Ref4.5,C4.4,WcD0D211710290500_01.ce,12,0.1579519272140879,"{1, 2, 3, 4, 22, 36, 60, 85, 102, 149, 185, 187}"
Ref4.5,C4.4,WcD0D211710290515_01.ce,28,0.1577434635930388,"{3, 13, 14, 39, 58, 67, 80, 84, 85, 93, 119, 120, 121, 163, 164, 165, 166, 167, 168, 169, 170, 171, 172, 173, 174, 175, 176, 177}"
Ref4.5,C4.4,WcD0D211710290530_01.ce,28,0.14724915184791457,"{28, 41, 43, 45, 46, 47, 49, 50, 51, 52, 56, 58, 92, 93, 103, 104, 105, 115, 116, 126, 129, 153, 154, 157, 158, 159, 161, 173}"
Ref4.5,C4.4,WcD0D211710290545_01.ce,35,0.15542074193494407,"{4, 5, 6, 7, 8, 9, 10, 11, 12, 26, 27, 28, 31, 33, 45, 57, 58, 59, 87, 88, 102, 111, 117, 123, 133, 144, 146, 149, 152, 158, 179, 180, 181, 193, 194}"
Ref4.5,C4.5,WcD0C231710290500_01.ce,10,0.15554921078581663,"{1, 2, 3, 4, 36, 67, 85, 178, 184, 186}"
Ref4.5,C4.5,WcD0C231710290515_01.ce,32,0.16904879519259577,"{2, 12, 13, 14, 16, 39, 57, 58, 67, 79, 80, 84, 85, 118, 119, 120, 162, 163, 164, 165, 166, 167, 168, 169, 170, 171, 172, 173, 174, 175, 176, 177}"
Ref4.5,C4.5,WcD0C231710290530_01.ce,29,0.16481103680571643,"{10, 22, 39, 45, 46, 49, 50, 51, 52, 53, 54, 55, 56, 58, 92, 93, 102, 103, 104, 114, 115, 126, 153, 154, 156, 158, 159, 161, 173}"
Ref4.5,C4.5,WcD0C231710290545_01.ce,29,0.17422620543955697,"{3, 4, 5, 6, 7, 8, 9, 10, 11, 26, 27, 31, 45, 57, 58, 59, 87, 101, 123, 133, 144, 145, 149, 158, 179, 180, 181, 192, 193}"
Ref4.5,C4.4,WcD0D211710290600_01.ce,21,0.18543774365986304,"{4, 7, 28, 32, 33, 34, 37, 53, 56, 93, 94, 95, 128, 146, 147, 148, 168, 169, 170, 171, 188}"
Ref4.5,C4.4,WcD0D211710290615_01.ce,45,0.20332123632334537,"{18, 26, 27, 29, 31, 32, 33, 55, 66, 70, 90, 94, 95, 102, 110, 117, 118, 136, 140, 141, 142, 143, 144, 152, 153, 157, 163, 169, 171, 176, 177, 178, 179, 180, 181, 182, 183, 184, 185, 186, 187, 188, 189, 190, 191}"
Ref4.5,C4.4,WcD0D211710290630_01.ce,31,0.18022681850573832,"{16, 17, 18, 23, 24, 73, 87, 88, 89, 90, 98, 99, 102, 103, 126, 127, 128, 134, 135, 141, 150, 151, 152, 153, 155, 169, 171, 172, 173, 174, 193}"
Ref4.5,C4.4,WcD0D211710290645_01.ce,39,0.2084001436267016,"{2, 3, 8, 15, 22, 38, 42, 45, 57, 75, 76, 97, 98, 99, 133, 134, 135, 136, 137, 146, 158, 159, 160, 161, 162, 163, 171, 172, 183, 184, 185, 186, 187, 188, 189, 190, 191, 192, 193}"
Ref4.5,C4.5,WcD0C231710290600_01.ce,25,0.16840830941368562,"{31, 32, 33, 34, 37, 52, 76, 80, 92, 93, 94, 95, 128, 144, 145, 146, 147, 149, 165, 168, 169, 170, 171, 187, 189}"
Ref4.5,C4.5,WcD0C231710290615_01.ce,39,0.19559874380483286,"{7, 26, 29, 31, 32, 33, 53, 55, 95, 110, 117, 121, 140, 141, 142, 143, 152, 155, 156, 162, 163, 164, 175, 176, 177, 178, 179, 180, 181, 182, 183, 184, 185, 186, 187, 188, 189, 190, 191}"
Ref4.5,C4.5,WcD0C231710290630_01.ce,24,0.1678538212041754,"{4, 17, 18, 23, 24, 73, 76, 88, 89, 90, 91, 99, 100, 127, 128, 135, 151, 152, 153, 169, 172, 173, 174, 175}"
Ref4.5,C4.5,WcD0C231710290645_01.ce,32,0.19852300824371533,"{2, 15, 21, 35, 42, 45, 57, 75, 97, 98, 132, 133, 134, 135, 136, 137, 158, 159, 160, 161, 162, 183, 184, 185, 186, 187, 188, 189, 190, 191, 192, 193}"
Ref4.5,C4.4,WcD0D211710290700_01.ce,29,0.2103331964633842,"{9, 22, 23, 24, 55, 56, 76, 77, 88, 93, 111, 112, 114, 115, 120, 121, 122, 123, 139, 156, 157, 158, 159, 175, 177, 178, 179, 180, 181}"
Ref4.5,C4.4,WcD0D211710290715_01.ce,33,0.19083029118999842,"{4, 23, 24, 26, 33, 50, 64, 70, 92, 119, 120, 124, 137, 144, 145, 146, 147, 155, 156, 159, 160, 166, 178, 179, 180, 181, 182, 183, 184, 185, 186, 187, 188}"
Ref4.5,C4.4,WcD0D211710290730_01.ce,37,0.1971137920906965,"{16, 22, 53, 58, 67, 68, 69, 75, 79, 80, 81, 92, 95, 96, 97, 100, 101, 102, 104, 114, 115, 118, 119, 121, 122, 123, 124, 125, 143, 156, 158, 177, 182, 183, 187, 188, 189}"
Ref4.5,C4.4,WcD0D211710290745_01.ce,30,0.16430326888565283,"{1, 2, 6, 20, 38, 65, 66, 67, 71, 93, 166, 167, 168, 169, 170, 171, 172, 173, 174, 175, 176, 177, 178, 179, 180, 181, 182, 191, 192, 193}"
Ref4.5,C4.5,WcD0C231710290700_01.ce,29,0.19256660680304374,"{9, 21, 22, 50, 54, 55, 56, 61, 76, 83, 87, 93, 96, 111, 114, 115, 120, 121, 122, 123, 155, 157, 158, 159, 161, 177, 178, 179, 180}"
Ref4.5,C4.5,WcD0C231710290715_01.ce,33,0.17959051640212492,"{5, 16, 24, 25, 27, 33, 51, 71, 88, 92, 93, 105, 120, 144, 145, 146, 147, 148, 156, 157, 161, 166, 167, 179, 180, 181, 182, 183, 184, 185, 186, 187, 188}"
Ref4.5,C4.5,WcD0C231710290730_01.ce,31,0.18014450253791686,"{1, 13, 15, 16, 53, 67, 68, 69, 79, 80, 95, 96, 97, 99, 100, 101, 102, 115, 117, 118, 121, 122, 123, 124, 125, 142, 156, 158, 182, 183, 188}"
Ref4.5,C4.5,WcD0C231710290745_01.ce,28,0.17726829229609672,"{1, 5, 19, 34, 64, 65, 66, 67, 70, 166, 167, 168, 169, 170, 171, 172, 173, 174, 175, 176, 177, 178, 179, 180, 181, 191, 192, 193}"
Ref4.5,C4.4,WcD0D211710290800_01.ce,32,0.18632231803570448,"{3, 10, 21, 38, 42, 43, 44, 48, 63, 76, 78, 83, 98, 99, 101, 106, 107, 108, 115, 116, 117, 119, 134, 135, 136, 137, 138, 157, 170, 172, 180, 192}"
Ref4.5,C4.4,WcD0D211710290815_01.ce,33,0.20912123446281186,"{2, 7, 9, 17, 32, 33, 49, 59, 69, 70, 71, 72, 85, 86, 89, 102, 103, 119, 122, 123, 127, 150, 168, 169, 170, 171, 172, 173, 174, 175, 176, 177, 185}"
Ref4.5,C4.4,WcD0D211710290830_01.ce,25,0.17513257845494942,"{4, 5, 7, 8, 65, 66, 72, 73, 74, 80, 119, 121, 122, 135, 138, 139, 141, 142, 143, 144, 149, 162, 171, 182, 186}"
Ref4.5,C4.4,WcD0D211710290845_01.ce,43,0.208521421151242,"{38, 39, 40, 49, 50, 57, 60, 64, 66, 75, 78, 89, 98, 100, 101, 102, 103, 104, 106, 107, 108, 111, 112, 113, 115, 117, 133, 135, 150, 155, 163, 164, 165, 179, 180, 181, 182, 183, 184, 185, 186, 187, 188}"
Ref4.5,C4.5,WcD0C231710290800_01.ce,28,0.2007758948082041,"{9, 10, 18, 38, 42, 43, 62, 63, 65, 78, 89, 97, 98, 101, 106, 107, 108, 115, 116, 117, 134, 135, 136, 137, 156, 161, 172, 192}"
Ref4.5,C4.5,WcD0C231710290815_01.ce,44,0.2012933813629116,"{7, 8, 9, 17, 31, 32, 33, 40, 44, 49, 62, 69, 70, 71, 72, 82, 85, 86, 93, 99, 101, 102, 103, 106, 110, 121, 122, 123, 139, 150, 152, 158, 168, 169, 170, 171, 172, 173, 174, 175, 176, 177, 183, 185}"
Ref4.5,C4.5,WcD0C231710290830_01.ce,27,0.18566810711154155,"{3, 4, 7, 8, 65, 72, 73, 74, 80, 120, 121, 122, 124, 137, 138, 139, 141, 142, 143, 144, 148, 149, 171, 181, 182, 185, 186}"
Ref4.5,C4.5,WcD0C231710290845_01.ce,35,0.21879728308579993,"{38, 39, 49, 56, 89, 91, 98, 100, 101, 102, 103, 104, 106, 107, 108, 110, 111, 112, 113, 117, 126, 150, 158, 163, 164, 179, 180, 181, 182, 183, 184, 185, 186, 187, 188}"
Ref4.5,C4.4,WcD0D211710290900_01.ce,21,0.18955161626484654,"{1, 2, 3, 4, 19, 24, 30, 53, 54, 55, 56, 74, 102, 121, 127, 140, 154, 158, 160, 161, 186}"
Ref4.5,C4.4,WcD0D211710290915_01.ce,38,0.20877271288264468,"{7, 8, 9, 10, 11, 12, 13, 16, 33, 34, 43, 44, 45, 50, 59, 66, 70, 71, 76, 77, 87, 88, 100, 101, 102, 103, 109, 112, 137, 140, 141, 142, 143, 144, 154, 178, 180, 186}"
Ref4.5,C4.4,WcD0D211710290930_01.ce,15,0.1978519097482529,"{8, 18, 32, 33, 62, 95, 96, 98, 121, 122, 140, 145, 146, 167, 190}"
Ref4.5,C4.4,WcD0D211710290945_01.ce,34,0.20204166785560104,"{25, 27, 41, 42, 43, 44, 45, 47, 48, 49, 50, 58, 78, 87, 95, 104, 122, 123, 133, 149, 155, 156, 162, 163, 171, 172, 173, 174, 175, 176, 177, 178, 179, 180}"
Ref4.5,C4.5,WcD0C231710290900_01.ce,22,0.18917936535836857,"{1, 2, 3, 4, 24, 50, 53, 54, 55, 73, 95, 121, 127, 135, 136, 137, 140, 154, 160, 161, 172, 185}"
Ref4.5,C4.5,WcD0C231710290915_01.ce,35,0.21371522802806173,"{6, 7, 8, 9, 12, 13, 32, 33, 34, 36, 43, 44, 48, 57, 58, 63, 66, 72, 76, 87, 88, 97, 100, 101, 102, 106, 109, 113, 122, 137, 140, 143, 177, 186, 192}"
Ref4.5,C4.5,WcD0C231710290930_01.ce,17,0.20412485010162817,"{18, 31, 64, 93, 95, 98, 100, 118, 121, 122, 142, 146, 147, 148, 184, 189, 190}"
Ref4.5,C4.5,WcD0C231710290945_01.ce,28,0.20393636775860913,"{41, 42, 43, 53, 54, 77, 94, 95, 101, 102, 103, 112, 122, 135, 155, 156, 160, 162, 171, 172, 173, 174, 175, 176, 177, 178, 179, 180}"
Ref4.5,C4.4,WcD0D211710291000_01.ce,12,0.18918690026429424,"{2, 5, 22, 42, 61, 62, 81, 82, 83, 122, 124, 143}"
Ref4.5,C4.4,WcD0D211710291015_01.ce,31,0.19108083807933998,"{5, 6, 7, 8, 20, 35, 39, 104, 109, 121, 128, 129, 131, 133, 147, 151, 164, 169, 170, 173, 178, 184, 185, 186, 187, 188, 189, 190, 191, 192, 193}"
Ref4.5,C4.4,WcD0D211710291030_01.ce,14,0.1865949409485141,"{1, 10, 11, 13, 54, 89, 90, 91, 112, 130, 133, 151, 156, 190}"
Ref4.5,C4.4,WcD0D211710291045_01.ce,22,0.19245338447450833,"{14, 15, 16, 25, 29, 35, 98, 100, 121, 124, 141, 168, 184, 185, 186, 187, 188, 189, 190, 191, 192, 193}"
Ref4.5,C4.5,WcD0C231710291000_01.ce,11,0.17050321215950995,"{1, 41, 44, 58, 80, 81, 102, 120, 141, 146, 175}"
Ref4.5,C4.5,WcD0C231710291015_01.ce,29,0.1742005717563268,"{5, 6, 7, 16, 20, 26, 103, 108, 116, 125, 128, 129, 132, 141, 146, 147, 169, 170, 178, 184, 185, 186, 187, 188, 189, 190, 191, 192, 193}"
Ref4.5,C4.5,WcD0C231710291030_01.ce,8,0.1737663143965468,"{10, 13, 89, 90, 91, 130, 151, 187}"
Ref4.5,C4.5,WcD0C231710291045_01.ce,23,0.17658741142646722,"{13, 14, 15, 28, 43, 44, 47, 100, 108, 128, 143, 168, 183, 184, 185, 186, 187, 188, 189, 190, 191, 192, 193}"
Ref4.5,C4.4,WcD0D211710291100_01.ce,22,0.16376628724616052,"{1, 2, 3, 4, 5, 17, 18, 34, 44, 59, 121, 162, 164, 165, 166, 170, 171, 172, 173, 182, 192, 193}"
Ref4.5,C4.4,WcD0D211710291115_01.ce,33,0.17394779322047205,"{1, 17, 22, 58, 80, 88, 93, 94, 96, 97, 99, 122, 129, 130, 133, 138, 162, 175, 176, 177, 178, 179, 180, 181, 182, 183, 184, 185, 186, 187, 188, 189, 190}"
Ref4.5,C4.4,WcD0D211710291130_01.ce,18,0.1681453495097792,"{8, 9, 25, 34, 49, 112, 155, 156, 157, 161, 162, 163, 164, 173, 177, 183, 184, 185}"
Ref4.5,C4.4,WcD0D211710291145_01.ce,24,0.17221536160326867,"{13, 49, 78, 90, 105, 115, 144, 145, 155, 176, 177, 178, 179, 180, 181, 182, 183, 184, 185, 186, 187, 188, 189, 190}"
Ref4.5,C4.5,WcD0C231710291100_01.ce,22,0.17990352523825992,"{1, 2, 3, 4, 5, 17, 34, 43, 58, 83, 121, 164, 165, 166, 170, 171, 172, 173, 182, 185, 186, 192}"
Ref4.5,C4.5,WcD0C231710291115_01.ce,32,0.19132383246888102,"{1, 9, 17, 57, 58, 87, 88, 93, 94, 96, 98, 116, 122, 129, 133, 138, 175, 176, 177, 178, 179, 180, 181, 182, 183, 184, 185, 186, 187, 188, 189, 190}"
Ref4.5,C4.5,WcD0C231710291130_01.ce,18,0.1822242480000766,"{8, 25, 49, 57, 155, 156, 157, 160, 161, 162, 163, 164, 172, 173, 176, 177, 183, 193}"
Ref4.5,C4.5,WcD0C231710291145_01.ce,30,0.18559210747833255,"{8, 48, 72, 77, 78, 90, 101, 107, 137, 143, 144, 155, 162, 163, 175, 176, 177, 178, 179, 180, 181, 182, 183, 184, 185, 186, 187, 188, 189, 190}"
Ref4.5,C4.4,WcD0D211710291200_01.ce,34,0.19022548235929732,"{22, 23, 52, 53, 54, 55, 95, 110, 127, 167, 168, 169, 170, 171, 172, 173, 174, 175, 176, 177, 178, 179, 180, 181, 182, 183, 184, 185, 186, 187, 188, 189, 193, 194}"
Ref4.5,C4.4,WcD0D211710291215_01.ce,36,0.1857989722476666,"{1, 2, 5, 6, 7, 8, 14, 15, 16, 17, 19, 37, 46, 47, 48, 66, 67, 68, 108, 110, 111, 118, 119, 120, 123, 124, 125, 126, 127, 131, 158, 164, 173, 174, 187, 192}"
Ref4.5,C4.4,WcD0D211710291230_01.ce,21,0.1499740532739545,"{10, 82, 83, 84, 85, 119, 120, 121, 122, 141, 150, 151, 152, 153, 154, 155, 158, 175, 176, 192, 193}"
Ref4.5,C4.4,WcD0D211710291245_01.ce,31,0.1813780411926626,"{45, 46, 47, 48, 49, 76, 77, 90, 96, 99, 106, 111, 126, 133, 166, 176, 177, 178, 179, 180, 181, 182, 183, 184, 185, 186, 187, 188, 189, 190, 191}"
Ref4.5,C4.5,WcD0C231710291200_01.ce,37,0.1971243613478357,"{10, 21, 22, 23, 51, 52, 53, 54, 55, 120, 127, 166, 167, 168, 169, 170, 171, 172, 173, 174, 175, 176, 177, 178, 179, 180, 181, 182, 183, 184, 185, 186, 187, 188, 189, 193, 194}"
Ref4.5,C4.5,WcD0C231710291215_01.ce,36,0.19958247316547675,"{4, 5, 6, 7, 8, 11, 13, 14, 15, 16, 17, 19, 46, 47, 65, 66, 67, 86, 110, 111, 118, 119, 120, 122, 123, 124, 125, 126, 127, 158, 164, 173, 180, 186, 187, 192}"
Ref4.5,C4.5,WcD0C231710291230_01.ce,19,0.16707836918568464,"{9, 10, 27, 33, 82, 83, 84, 140, 141, 150, 151, 152, 153, 154, 156, 157, 174, 175, 176}"
Ref4.5,C4.5,WcD0C231710291245_01.ce,29,0.1865325805759738,"{45, 46, 47, 48, 76, 77, 89, 102, 111, 125, 126, 132, 166, 175, 176, 177, 178, 179, 180, 181, 182, 183, 184, 185, 186, 187, 188, 189, 190}"
Ref4.5,C4.4,WcD0D211710291300_01.ce,19,0.1927239193008351,"{3, 4, 16, 24, 25, 26, 27, 38, 99, 101, 140, 150, 151, 152, 166, 171, 172, 176, 188}"
Ref4.5,C4.4,WcD0D211710291315_01.ce,6,0.16327249886157436,"{28, 49, 58, 182, 186, 187}"
Ref4.5,C4.4,WcD0D211710291330_01.ce,0,0.12772551517453262,set()
Ref4.5,C4.4,WcD0D211710291345_01.ce,36,0.1716330790046256,"{1, 3, 22, 51, 64, 65, 66, 75, 76, 77, 78, 93, 95, 102, 103, 118, 133, 138, 139, 148, 166, 167, 168, 169, 170, 171, 172, 173, 174, 175, 176, 177, 178, 179, 180, 181}"
Ref4.5,C4.5,WcD0C231710291300_01.ce,18,0.1734924864812007,"{3, 15, 22, 23, 24, 25, 26, 28, 99, 139, 150, 151, 152, 153, 166, 171, 176, 188}"
Ref4.5,C4.5,WcD0C231710291315_01.ce,6,0.1748439736448665,"{28, 50, 60, 181, 182, 186}"
Ref4.5,C4.5,WcD0C231710291330_01.ce,3,0.14323801172667433,"{35, 157, 179}"
Ref4.5,C4.5,WcD0C231710291345_01.ce,34,0.1915685325564894,"{1, 22, 31, 37, 51, 64, 65, 66, 78, 96, 102, 109, 120, 127, 138, 142, 147, 148, 166, 167, 168, 169, 170, 171, 172, 173, 174, 175, 176, 177, 178, 179, 180, 181}"
Ref4.5,C4.4,WcD0D211710291400_01.ce,12,0.17881995353963676,"{3, 43, 99, 100, 101, 102, 106, 142, 143, 145, 155, 159}"
Ref4.5,C4.4,WcD0D211710291415_01.ce,36,0.1851518286271858,"{2, 13, 35, 36, 37, 46, 50, 56, 80, 84, 110, 111, 117, 124, 133, 138, 139, 146, 147, 155, 171, 172, 173, 174, 175, 176, 177, 178, 179, 180, 181, 182, 183, 184, 185, 186}"
Ref4.5,C4.4,WcD0D211710291430_01.ce,10,0.16844421916739893,"{5, 101, 102, 103, 104, 108, 144, 157, 158, 161}"
Ref4.5,C4.4,WcD0D211710291445_01.ce,31,0.17972533417789366,"{5, 38, 39, 40, 49, 53, 59, 76, 88, 97, 110, 123, 130, 140, 149, 167, 168, 169, 170, 171, 172, 173, 174, 175, 176, 177, 178, 179, 180, 181, 182}"
Ref4.5,C4.5,WcD0C231710291400_01.ce,10,0.16562225051697443,"{5, 98, 99, 100, 101, 102, 105, 142, 145, 154}"
Ref4.5,C4.5,WcD0C231710291415_01.ce,32,0.19239950037351897,"{3, 35, 36, 37, 38, 50, 57, 71, 112, 125, 139, 140, 146, 147, 148, 156, 172, 173, 174, 175, 176, 177, 178, 179, 180, 181, 182, 183, 184, 185, 186, 187}"
Ref4.5,C4.5,WcD0C231710291430_01.ce,10,0.18031719326799878,"{45, 100, 101, 102, 103, 104, 107, 144, 147, 156}"
Ref4.5,C4.5,WcD0C231710291445_01.ce,30,0.18581389846163177,"{5, 16, 37, 38, 39, 40, 52, 59, 73, 109, 123, 139, 148, 156, 167, 168, 169, 170, 171, 172, 173, 174, 175, 176, 177, 178, 179, 180, 181, 182}"
Ref4.5,C4.4,WcD0D211710291500_01.ce,14,0.18685129950771753,"{41, 46, 47, 58, 66, 70, 102, 103, 129, 130, 133, 157, 162, 165}"
Ref4.5,C4.4,WcD0D211710291515_01.ce,8,0.19322187733188623,"{8, 14, 159, 160, 168, 64, 93, 100}"
Ref4.5,C4.4,WcD0D211710291530_01.ce,9,0.19504498048175165,"{43, 125, 128, 131, 157, 158, 161, 168, 169}"
Ref4.5,C4.4,WcD0D211710291545_01.ce,28,0.18649313696029607,"{4, 64, 75, 90, 94, 99, 103, 118, 144, 152, 155, 160, 165, 166, 167, 168, 169, 170, 171, 172, 173, 174, 175, 176, 177, 178, 179, 180}"
Ref4.5,C4.5,WcD0C231710291500_01.ce,13,0.16858368079887265,"{45, 46, 47, 60, 66, 69, 70, 125, 129, 133, 161, 162, 170}"
Ref4.5,C4.5,WcD0C231710291515_01.ce,6,0.1796188299619569,"{8, 14, 93, 125, 159, 160}"
Ref4.5,C4.5,WcD0C231710291530_01.ce,7,0.1903769968100529,"{42, 114, 120, 125, 160, 161, 168}"
Ref4.5,C4.5,WcD0C231710291545_01.ce,27,0.1753913393995171,"{64, 74, 75, 93, 99, 103, 118, 144, 152, 159, 164, 165, 166, 167, 168, 169, 170, 171, 172, 173, 174, 175, 176, 177, 178, 179, 180}"
Ref4.5,C4.4,WcD0D211710291600_01.ce,41,0.1946568682104072,"{1, 2, 3, 4, 13, 14, 15, 16, 57, 59, 71, 72, 73, 74, 75, 76, 85, 86, 87, 88, 90, 106, 113, 114, 117, 128, 132, 135, 149, 152, 159, 160, 165, 166, 168, 178, 180, 186, 187, 188, 189}"
Ref4.5,C4.4,WcD0D211710291615_01.ce,23,0.20892324395057768,"{9, 57, 59, 61, 68, 69, 78, 87, 97, 103, 124, 125, 128, 135, 136, 156, 169, 170, 172, 173, 174, 192, 193}"
Ref4.5,C4.4,WcD0D211710291630_01.ce,13,0.19468405875840297,"{8, 42, 44, 85, 86, 92, 110, 147, 160, 169, 170, 176, 186}"
Ref4.5,C4.4,WcD0D211710291645_01.ce,42,0.19827904094381765,"{5, 9, 10, 18, 44, 45, 46, 47, 50, 52, 58, 59, 81, 85, 90, 106, 107, 126, 152, 153, 160, 161, 162, 163, 164, 173, 174, 175, 176, 177, 178, 179, 180, 181, 182, 183, 184, 185, 186, 187, 188, 189}"
Ref4.5,C4.5,WcD0C231710291600_01.ce,47,0.20730833215348107,"{1, 2, 3, 4, 13, 14, 15, 16, 59, 61, 70, 71, 72, 73, 74, 79, 86, 87, 88, 90, 95, 96, 101, 106, 109, 113, 115, 116, 118, 124, 127, 128, 131, 135, 141, 149, 151, 158, 168, 170, 178, 182, 183, 184, 185, 186, 193}"
Ref4.5,C4.5,WcD0C231710291615_01.ce,12,0.21109393771592938,"{135, 149, 155, 159, 43, 171, 57, 61, 68, 69, 73, 124}"
Ref4.5,C4.5,WcD0C231710291630_01.ce,11,0.19261813251086354,"{38, 39, 82, 84, 85, 110, 122, 147, 169, 176, 185}"
Ref4.5,C4.5,WcD0C231710291645_01.ce,35,0.20967099356825364,"{9, 13, 18, 30, 40, 41, 46, 52, 55, 59, 60, 90, 106, 124, 138, 151, 153, 159, 163, 173, 174, 175, 176, 177, 178, 179, 180, 181, 182, 183, 184, 185, 186, 187, 188}"
Ref4.5,C4.4,WcD0D211710291700_01.ce,12,0.19399835896316636,"{1, 76, 125, 155, 156, 177, 178, 179, 180, 183, 184, 192}"
Ref4.5,C4.4,WcD0D211710291715_01.ce,32,0.18871698936581552,"{1, 32, 40, 49, 50, 51, 52, 86, 96, 98, 105, 126, 131, 133, 148, 164, 165, 166, 167, 168, 169, 170, 171, 172, 173, 174, 175, 176, 177, 178, 179, 180}"
Ref4.5,C4.4,WcD0D211710291730_01.ce,1,0.201089961019359,{135}
Ref4.5,C4.4,WcD0D211710291745_01.ce,24,0.18296790157912737,"{85, 86, 87, 88, 116, 119, 130, 137, 142, 147, 160, 163, 182, 183, 184, 185, 186, 187, 188, 189, 190, 191, 192, 193}"
Ref4.5,C4.5,WcD0C231710291700_01.ce,17,0.19807518375417812,"{1, 2, 130, 146, 155, 156, 177, 178, 179, 180, 181, 183, 184, 185, 194, 123, 127}"
Ref4.5,C4.5,WcD0C231710291715_01.ce,36,0.198389073807374,"{1, 3, 39, 40, 49, 50, 51, 52, 57, 85, 86, 89, 93, 104, 105, 111, 126, 134, 148, 151, 164, 165, 166, 167, 168, 169, 170, 171, 172, 173, 174, 175, 176, 177, 178, 179}"
Ref4.5,C4.5,WcD0C231710291730_01.ce,3,0.20742079476124822,"{20, 135, 164}"
Ref4.5,C4.5,WcD0C231710291745_01.ce,28,0.18483020252682444,"{10, 68, 85, 87, 104, 106, 115, 116, 119, 130, 137, 146, 147, 159, 164, 181, 182, 183, 184, 185, 186, 187, 188, 189, 190, 191, 192, 193}"
Ref4.5,C4.4,WcD0D211710291800_01.ce,14,0.19081963080055336,"{1, 2, 3, 4, 137, 138, 139, 140, 143, 144, 147, 164, 173, 191}"
Ref4.5,C4.4,WcD0D211710291815_01.ce,30,0.19236383113511418,"{10, 33, 34, 35, 59, 64, 83, 85, 94, 113, 114, 115, 121, 129, 135, 136, 137, 138, 139, 140, 141, 142, 143, 144, 145, 146, 147, 148, 149, 150}"
Ref4.5,C4.4,WcD0D211710291830_01.ce,0,0.2062615394681306,set()
Ref4.5,C4.4,WcD0D211710291845_01.ce,28,0.186518334178661,"{16, 38, 46, 64, 69, 75, 81, 93, 94, 133, 138, 156, 157, 158, 159, 160, 161, 162, 163, 164, 165, 166, 167, 168, 169, 170, 171, 172}"
Ref4.5,C4.5,WcD0C231710291800_01.ce,14,0.17385618190327778,"{1, 2, 3, 4, 137, 138, 139, 142, 143, 144, 147, 161, 164, 174}"
Ref4.5,C4.5,WcD0C231710291815_01.ce,31,0.17787728421806542,"{10, 33, 34, 58, 64, 70, 86, 94, 103, 105, 113, 114, 115, 129, 134, 135, 136, 137, 138, 139, 140, 141, 142, 143, 144, 145, 146, 147, 148, 149, 180}"
Ref4.5,C4.5,WcD0C231710291830_01.ce,2,0.200051763306711,"{63, 162}"
Ref4.5,C4.5,WcD0C231710291845_01.ce,27,0.1857996016853623,"{29, 46, 64, 81, 92, 93, 119, 132, 133, 137, 151, 156, 157, 158, 159, 160, 161, 162, 163, 164, 165, 166, 167, 168, 169, 170, 171}"
Ref4.5,C4.4,WcD0D211710291900_01.ce,65,0.1921554536379306,"{4, 33, 34, 76, 77, 78, 79, 80, 81, 82, 83, 84, 85, 86, 87, 88, 89, 90, 99, 100, 101, 102, 103, 104, 105, 106, 117, 119, 120, 122, 146, 147, 148, 149, 150, 151, 152, 153, 154, 155, 156, 157, 158, 159, 160, 161, 162, 163, 164, 166, 167, 173, 176, 177, 178, 179, 180, 181, 182, 183, 184, 185, 186, 187, 188}"
Ref4.5,C4.4,WcD0D211710291915_01.ce,29,0.20040934564474014,"{15, 32, 34, 38, 39, 40, 55, 56, 57, 61, 62, 65, 66, 67, 90, 91, 93, 104, 105, 106, 144, 145, 146, 147, 148, 149, 163, 180, 189}"
Ref4.5,C4.4,WcD0D211710291930_01.ce,9,0.1870020617765484,"{13, 17, 23, 29, 83, 98, 99, 126, 130}"
Ref4.5,C4.4,WcD0D211710291945_01.ce,36,0.17040506702691954,"{20, 21, 23, 32, 35, 59, 60, 61, 98, 99, 104, 105, 110, 114, 120, 134, 142, 148, 149, 150, 166, 167, 168, 169, 170, 171, 172, 173, 174, 175, 176, 177, 178, 179, 180, 181}"
Ref4.5,C4.5,WcD0C231710291900_01.ce,69,0.20365156702320866,"{4, 33, 60, 76, 77, 78, 79, 80, 81, 82, 83, 85, 86, 87, 88, 89, 90, 99, 100, 101, 102, 103, 104, 105, 106, 110, 113, 117, 118, 119, 121, 124, 126, 146, 147, 148, 149, 150, 151, 152, 153, 154, 155, 156, 157, 158, 159, 160, 161, 162, 163, 164, 166, 167, 173, 175, 176, 177, 178, 179, 180, 181, 182, 183, 184, 185, 186, 187, 188}"
Ref4.5,C4.5,WcD0C231710291915_01.ce,34,0.18583324768324036,"{15, 19, 32, 33, 34, 36, 37, 38, 39, 55, 56, 58, 61, 65, 66, 67, 89, 90, 91, 92, 93, 104, 105, 121, 144, 145, 146, 147, 148, 163, 167, 174, 180, 184}"
Ref4.5,C4.5,WcD0C231710291930_01.ce,11,0.17779730881837782,"{13, 26, 29, 97, 98, 99, 118, 120, 126, 173, 186}"
Ref4.5,C4.5,WcD0C231710291945_01.ce,33,0.1777579196642889,"{21, 24, 33, 35, 60, 61, 62, 99, 100, 105, 106, 111, 134, 143, 148, 149, 150, 167, 168, 169, 170, 171, 172, 173, 174, 175, 176, 177, 178, 179, 180, 181, 182}"
Ref4.5,C4.4,WcD0D211710292000_01.ce,19,0.17366502439937853,"{1, 2, 3, 4, 48, 58, 78, 79, 105, 106, 107, 108, 110, 111, 115, 154, 155, 172, 187}"
Ref4.5,C4.4,WcD0D211710292015_01.ce,118,0.18753508801947816,"{1, 8, 44, 45, 46, 47, 48, 54, 55, 56, 57, 58, 59, 60, 61, 62, 63, 64, 65, 66, 67, 68, 69, 70, 71, 72, 73, 74, 79, 80, 81, 82, 83, 84, 85, 86, 87, 88, 89, 90, 91, 92, 93, 94, 95, 96, 100, 102, 104, 105, 106, 107, 108, 109, 110, 112, 116, 117, 118, 119, 120, 121, 122, 123, 124, 125, 126, 127, 128, 129, 130, 131, 132, 133, 134, 135, 136, 137, 138, 139, 140, 141, 142, 143, 145, 146, 147, 148, 149, 150, 151, 152, 153, 154, 155, 156, 157, 158, 159, 160, 161, 162, 163, 164, 165, 166, 167, 168, 169, 170, 171, 172, 173, 175, 176, 177, 178, 179}"
Ref4.5,C4.4,WcD0D211710292030_01.ce,66,0.18939931413380606,"{14, 15, 16, 17, 18, 19, 20, 21, 22, 23, 24, 25, 26, 27, 41, 46, 47, 48, 49, 50, 51, 52, 53, 54, 55, 56, 57, 58, 59, 60, 72, 74, 75, 76, 79, 80, 81, 82, 83, 84, 85, 86, 87, 88, 89, 90, 91, 92, 93, 94, 95, 98, 99, 100, 101, 102, 103, 104, 145, 146, 147, 150, 154, 158, 164, 177}"
Ref4.5,C4.4,WcD0D211710292045_01.ce,28,0.18888407779069213,"{22, 23, 24, 63, 78, 92, 104, 117, 137, 140, 146, 155, 161, 162, 163, 164, 165, 166, 167, 168, 169, 170, 171, 172, 173, 174, 175, 176}"
Ref4.5,C4.5,WcD0C231710292000_01.ce,16,0.1876445623124327,"{1, 2, 3, 78, 79, 104, 105, 106, 107, 110, 111, 114, 115, 154, 175, 181}"
Ref4.5,C4.5,WcD0C231710292015_01.ce,121,0.20818185352098686,"{32, 43, 44, 45, 46, 47, 48, 49, 54, 55, 56, 57, 58, 59, 60, 61, 62, 63, 64, 65, 66, 67, 68, 69, 70, 71, 72, 73, 74, 76, 79, 80, 81, 82, 83, 84, 85, 86, 88, 89, 90, 91, 93, 94, 95, 96, 98, 102, 103, 104, 105, 106, 107, 108, 109, 110, 111, 116, 117, 118, 119, 120, 121, 122, 123, 124, 125, 126, 127, 128, 129, 130, 131, 132, 133, 134, 135, 136, 137, 138, 139, 140, 141, 142, 143, 144, 145, 146, 147, 148, 149, 150, 151, 152, 153, 154, 155, 156, 157, 158, 159, 160, 161, 162, 163, 164, 165, 166, 167, 168, 169, 170, 171, 172, 173, 175, 176, 177, 178, 179, 180}"
Ref4.5,C4.5,WcD0C231710292030_01.ce,63,0.20220584600858282,"{13, 14, 15, 16, 17, 18, 19, 20, 21, 22, 24, 25, 26, 27, 46, 47, 48, 49, 50, 51, 52, 53, 54, 55, 56, 57, 58, 60, 74, 75, 76, 78, 79, 80, 81, 82, 83, 84, 85, 86, 87, 88, 89, 90, 91, 92, 93, 94, 95, 96, 97, 98, 99, 100, 101, 102, 103, 104, 145, 146, 154, 157, 174}"
Ref4.5,C4.5,WcD0C231710292045_01.ce,27,0.20418414582969704,"{22, 23, 62, 92, 103, 117, 118, 134, 136, 137, 146, 155, 161, 162, 163, 164, 165, 166, 167, 168, 169, 170, 171, 172, 173, 174, 175}"
Ref4.5,C4.4,WcD0D211710292100_01.ce,12,0.20217905144078782,"{1, 2, 3, 4, 6, 7, 8, 21, 27, 28, 32, 89}"
Ref4.5,C4.4,WcD0D211710292115_01.ce,7,0.20230291934448122,"{11, 80, 105, 106, 115, 119, 150}"
Ref4.5,C4.4,WcD0D211710292130_01.ce,2,0.1955916381410888,"{48, 154}"
Ref4.5,C4.4,WcD0D211710292145_01.ce,29,0.1811913458953358,"{43, 53, 61, 91, 104, 128, 133, 134, 141, 146, 154, 158, 159, 165, 166, 167, 168, 169, 170, 171, 172, 173, 174, 175, 176, 177, 178, 179, 180}"
Ref4.5,C4.5,WcD0C231710292100_01.ce,12,0.1938746755815873,"{1, 2, 3, 4, 6, 7, 26, 27, 28, 83, 86, 88}"
Ref4.5,C4.5,WcD0C231710292115_01.ce,8,0.18868176408505893,"{31, 91, 105, 106, 118, 119, 135, 150}"
Ref4.5,C4.5,WcD0C231710292130_01.ce,2,0.2061407363569064,"{154, 157}"
Ref4.5,C4.5,WcD0C231710292145_01.ce,32,0.1921257462955539,"{43, 44, 53, 61, 68, 104, 107, 127, 128, 133, 134, 145, 148, 153, 156, 158, 159, 165, 166, 167, 168, 169, 170, 171, 172, 173, 174, 175, 176, 177, 178, 179}"
Ref4.5,C4.4,WcD0D211710292200_01.ce,19,0.16352911070148363,"{34, 73, 85, 86, 87, 88, 127, 128, 129, 133, 134, 135, 144, 145, 146, 147, 158, 166, 169}"
Ref4.5,C4.4,WcD0D211710292215_01.ce,28,0.15532448477458768,"{12, 13, 14, 15, 16, 28, 29, 57, 60, 61, 62, 63, 64, 65, 90, 102, 120, 135, 151, 157, 169, 187, 188, 189, 190, 191, 192, 193}"
Ref4.5,C4.4,WcD0D211710292230_01.ce,16,0.23535069482109178,"{1, 2, 3, 4, 5, 6, 7, 8, 9, 34, 71, 75, 100, 104, 120, 130}"
Ref4.5,C4.4,WcD0D211710292245_01.ce,12,0.1894290371669609,"{57, 77, 105, 106, 109, 118, 119, 148, 168, 172, 177, 178}"
Ref4.5,C4.5,WcD0C231710292200_01.ce,16,0.15681646072583733,"{3, 73, 85, 86, 87, 88, 127, 128, 132, 133, 134, 144, 145, 165, 166, 169}"
Ref4.5,C4.5,WcD0C231710292215_01.ce,31,0.15300807823421952,"{11, 12, 13, 14, 15, 16, 28, 29, 60, 61, 62, 63, 64, 65, 90, 101, 107, 134, 150, 151, 156, 169, 175, 186, 187, 188, 189, 190, 191, 192, 193}"
Ref4.5,C4.5,WcD0C231710292230_01.ce,20,0.2307609942586565,"{1, 2, 3, 4, 5, 6, 7, 8, 21, 29, 32, 57, 74, 86, 95, 100, 120, 121, 130, 154}"
Ref4.5,C4.5,WcD0C231710292245_01.ce,14,0.18751377629345287,"{57, 105, 108, 109, 118, 126, 130, 134, 151, 154, 168, 171, 177, 187}"
Ref4.5,C4.4,WcD0D211710292300_01.ce,32,0.16833641054812898,"{1, 2, 3, 9, 10, 11, 12, 13, 14, 15, 16, 17, 18, 19, 20, 21, 22, 23, 24, 123, 124, 125, 126, 165, 166, 167, 171, 172, 173, 182, 183, 184}"
Ref4.5,C4.4,WcD0D211710292315_01.ce,28,0.13551775117406975,"{10, 13, 48, 49, 50, 51, 52, 53, 65, 66, 97, 98, 99, 100, 101, 102, 135, 136, 142, 146, 152, 157, 164, 173, 179, 180, 190, 191}"
Ref4.5,C4.4,WcD0D211710292330_01.ce,30,0.17712747974786397,"{7, 8, 9, 10, 11, 12, 13, 14, 15, 16, 17, 18, 19, 20, 21, 22, 71, 122, 123, 124, 152, 153, 163, 164, 165, 169, 170, 171, 181, 182}"
Ref4.5,C4.4,WcD0D211710292345_01.ce,29,0.14847750586230557,"{9, 10, 48, 49, 50, 51, 52, 64, 65, 96, 97, 98, 99, 100, 101, 126, 141, 158, 175, 185, 186, 187, 188, 189, 190, 191, 192, 193, 194}"
Ref4.5,C4.5,WcD0C231710292300_01.ce,30,0.18526041915708472,"{1, 2, 3, 8, 9, 10, 11, 12, 13, 14, 15, 16, 17, 18, 19, 20, 21, 22, 23, 123, 124, 125, 153, 165, 166, 170, 171, 172, 182, 183}"
Ref4.5,C4.5,WcD0C231710292315_01.ce,31,0.1528885539301572,"{9, 10, 48, 49, 50, 51, 52, 53, 64, 65, 66, 94, 96, 97, 98, 99, 100, 101, 125, 135, 142, 145, 157, 164, 173, 178, 179, 185, 189, 190, 191}"
Ref4.5,C4.5,WcD0C231710292330_01.ce,30,0.1793518254572149,"{7, 8, 9, 10, 11, 12, 13, 14, 15, 16, 17, 18, 19, 20, 21, 22, 121, 122, 123, 124, 152, 163, 164, 165, 169, 170, 171, 180, 181, 182}"
Ref4.5,C4.5,WcD0C231710292345_01.ce,32,0.1422678596164276,"{1, 9, 12, 47, 48, 49, 50, 51, 52, 64, 65, 96, 97, 98, 99, 100, 101, 126, 141, 158, 175, 178, 184, 185, 186, 187, 188, 189, 190, 191, 192, 193}"
