Ref4.5,C4.4,WcD0D211710200000_01.ce,24,0.208760023,"{6, 9, 10, 14, 15, 16, 17, 41, 89, 122, 123, 150, 151, 152, 153, 154, 155, 162, 164, 168, 171, 177, 182, 183}"
Ref4.5,C4.4,WcD0D211710200015_01.ce,35,0.19678102,"{7, 8, 9, 10, 32, 33, 35, 36, 41, 42, 56, 67, 68, 69, 81, 82, 83, 86, 87, 88, 89, 97, 98, 99, 100, 107, 111, 119, 168, 178, 179, 180, 181, 185, 186}"
Ref4.5,C4.4,WcD0D211710200030_01.ce,23,0.207401347,"{20, 67, 68, 101, 104, 121, 129, 130, 131, 132, 134, 141, 142, 143, 147, 150, 161, 162, 165, 179, 180, 181, 182}"
Ref4.5,C4.4,WcD0D211710200045_01.ce,31,0.204375053,"{11, 14, 15, 20, 21, 46, 47, 48, 60, 61, 62, 65, 66, 67, 68, 75, 76, 77, 78, 86, 90, 98, 125, 147, 151, 172, 180, 181, 182, 183, 184}"
Ref4.5,C4.5,WcD0C231710200000_01.ce,24,0.208430705,"{8, 10, 14, 15, 16, 17, 39, 88, 89, 122, 125, 150, 151, 152, 153, 155, 162, 163, 164, 168, 170, 171, 182, 183}"
Ref4.5,C4.5,WcD0C231710200015_01.ce,33,0.201105788,"{7, 8, 9, 10, 32, 35, 36, 37, 41, 42, 67, 68, 69, 81, 82, 83, 86, 87, 88, 89, 96, 97, 98, 99, 107, 111, 119, 120, 177, 178, 181, 183, 185}"
Ref4.5,C4.5,WcD0C231710200030_01.ce,21,0.205769117,"{36, 37, 63, 67, 68, 101, 124, 129, 130, 131, 132, 142, 143, 147, 149, 150, 161, 179, 180, 181, 182}"
Ref4.5,C4.5,WcD0C231710200045_01.ce,30,0.207785102,"{11, 13, 14, 15, 16, 20, 21, 46, 47, 48, 60, 61, 62, 65, 66, 67, 68, 75, 76, 77, 78, 90, 98, 100, 151, 156, 180, 181, 182, 183}"
Ref4.5,C4.4,WcD0D211710200100_01.ce,22,0.210694503,"{14, 62, 95, 96, 115, 123, 124, 125, 126, 127, 128, 136, 137, 144, 145, 155, 156, 173, 174, 175, 176, 192}"
Ref4.5,C4.4,WcD0D211710200115_01.ce,28,0.191795366,"{4, 5, 7, 8, 10, 13, 14, 28, 39, 40, 41, 53, 54, 55, 58, 59, 60, 61, 69, 70, 71, 72, 79, 83, 91, 177, 183, 185}"
Ref4.5,C4.4,WcD0D211710200130_01.ce,24,0.207853113,"{34, 35, 36, 37, 42, 68, 69, 102, 103, 129, 130, 131, 132, 133, 141, 143, 148, 150, 151, 162, 180, 181, 182, 183}"
Ref4.5,C4.4,WcD0D211710200145_01.ce,34,0.204402098,"{10, 11, 13, 14, 16, 20, 21, 34, 45, 46, 47, 48, 59, 60, 61, 62, 65, 66, 67, 75, 76, 77, 78, 85, 89, 98, 158, 181, 184, 187, 188, 189, 190, 191}"
Ref4.5,C4.5,WcD0C231710200100_01.ce,24,0.21287824,"{14, 27, 28, 29, 30, 62, 95, 98, 115, 123, 124, 125, 126, 128, 136, 137, 141, 144, 155, 156, 173, 174, 175, 176}"
Ref4.5,C4.5,WcD0C231710200115_01.ce,25,0.199462413,"{4, 7, 8, 13, 14, 39, 40, 41, 53, 54, 55, 58, 59, 60, 61, 68, 69, 70, 71, 79, 83, 91, 94, 183, 185}"
Ref4.5,C4.5,WcD0C231710200130_01.ce,20,0.209061825,"{28, 68, 69, 101, 102, 121, 129, 130, 131, 132, 133, 134, 143, 150, 151, 161, 162, 180, 181, 182}"
Ref4.5,C4.5,WcD0C231710200145_01.ce,32,0.20288752,"{5, 11, 12, 14, 15, 17, 21, 35, 46, 47, 48, 60, 61, 62, 65, 66, 67, 68, 76, 77, 78, 79, 86, 90, 98, 125, 185, 188, 189, 190, 191, 192}"
Ref4.5,C4.4,WcD0D211710200200_01.ce,23,0.206271292,"{4, 29, 69, 70, 71, 102, 103, 105, 130, 131, 132, 133, 134, 142, 144, 151, 152, 153, 163, 181, 182, 183, 184}"
Ref4.5,C4.4,WcD0D211710200215_01.ce,25,0.214928127,"{12, 13, 15, 16, 17, 18, 22, 23, 40, 44, 45, 50, 52, 62, 93, 97, 102, 103, 117, 127, 139, 141, 164, 167, 185}"
Ref4.5,C4.4,WcD0D211710200230_01.ce,19,0.212023119,"{10, 18, 28, 32, 47, 53, 55, 59, 60, 80, 87, 101, 110, 124, 147, 156, 166, 173, 193}"
Ref4.5,C4.4,WcD0D211710200245_01.ce,16,0.202925126,"{1, 8, 17, 33, 39, 53, 69, 86, 97, 106, 120, 122, 145, 154, 164, 167}"
Ref4.5,C4.5,WcD0C231710200200_01.ce,25,0.207997902,"{1, 46, 66, 69, 70, 102, 103, 105, 106, 122, 130, 131, 132, 133, 134, 144, 151, 152, 161, 162, 163, 181, 182, 183, 184}"
Ref4.5,C4.5,WcD0C231710200215_01.ce,21,0.216610499,"{6, 12, 13, 15, 16, 18, 22, 44, 46, 47, 52, 97, 102, 117, 126, 139, 141, 154, 167, 183, 185}"
Ref4.5,C4.5,WcD0C231710200230_01.ce,19,0.21376294,"{4, 11, 19, 29, 33, 54, 61, 80, 81, 88, 102, 111, 125, 147, 155, 157, 167, 186, 194}"
Ref4.5,C4.5,WcD0C231710200245_01.ce,19,0.203029487,"{1, 8, 13, 17, 33, 53, 69, 85, 86, 95, 97, 106, 121, 122, 145, 155, 166, 167, 188}"
Ref4.5,C4.4,WcD0D211710200300_01.ce,40,0.217570357,"{1, 2, 3, 4, 15, 25, 34, 45, 71, 74, 75, 76, 77, 78, 79, 80, 81, 82, 83, 84, 86, 87, 88, 89, 104, 105, 106, 107, 109, 116, 117, 118, 120, 121, 122, 128, 138, 139, 153, 183}"
Ref4.5,C4.4,WcD0D211710200315_01.ce,18,0.199049428,"{129, 4, 12, 152, 26, 165, 166, 167, 168, 44, 47, 51, 179, 183, 188, 190, 98, 110}"
Ref4.5,C4.4,WcD0D211710200330_01.ce,26,0.204234538,"{23, 26, 30, 31, 57, 64, 73, 74, 100, 104, 105, 138, 158, 166, 167, 168, 169, 171, 178, 179, 180, 184, 186, 187, 188, 193}"
Ref4.5,C4.4,WcD0D211710200345_01.ce,39,0.207495489,"{5, 6, 8, 9, 23, 24, 25, 26, 48, 51, 52, 53, 57, 58, 83, 84, 85, 97, 98, 99, 102, 103, 104, 105, 112, 113, 114, 115, 123, 127, 133, 135, 151, 162, 163, 164, 170, 185, 188}"
Ref4.5,C4.5,WcD0C231710200300_01.ce,43,0.213653756,"{1, 2, 3, 4, 15, 25, 27, 29, 33, 39, 67, 74, 75, 76, 77, 78, 79, 80, 81, 82, 83, 84, 86, 87, 88, 89, 95, 104, 105, 106, 107, 108, 115, 116, 117, 118, 120, 121, 128, 137, 139, 153, 183}"
Ref4.5,C4.5,WcD0C231710200315_01.ce,14,0.205270511,"{5, 13, 27, 61, 79, 111, 130, 153, 166, 167, 168, 182, 183, 184}"
Ref4.5,C4.5,WcD0C231710200330_01.ce,25,0.205202522,"{24, 25, 26, 28, 30, 31, 48, 73, 74, 104, 105, 138, 140, 158, 166, 167, 168, 169, 171, 178, 179, 184, 186, 187, 188}"
Ref4.5,C4.5,WcD0C231710200345_01.ce,38,0.206627759,"{5, 23, 24, 25, 26, 47, 48, 50, 51, 52, 53, 57, 58, 83, 84, 85, 97, 98, 99, 102, 103, 104, 105, 112, 113, 114, 115, 122, 126, 127, 135, 162, 163, 164, 170, 185, 186, 188}"
Ref4.5,C4.4,WcD0D211710200400_01.ce,36,0.211705894,"{1, 2, 8, 20, 21, 34, 46, 55, 60, 68, 85, 86, 87, 129, 146, 147, 149, 150, 151, 152, 153, 154, 155, 156, 157, 158, 159, 160, 161, 162, 163, 164, 165, 166, 167, 168}"
Ref4.5,C4.4,WcD0D211710200415_01.ce,21,0.19960444,"{31, 34, 51, 56, 64, 82, 98, 106, 117, 118, 132, 133, 134, 135, 146, 150, 153, 160, 174, 179, 185}"
Ref4.5,C4.4,WcD0D211710200430_01.ce,45,0.205571818,"{2, 3, 4, 15, 16, 17, 18, 21, 22, 23, 24, 25, 26, 27, 51, 53, 54, 67, 69, 75, 84, 85, 98, 101, 102, 103, 104, 105, 106, 107, 108, 109, 110, 113, 115, 116, 117, 118, 142, 143, 148, 172, 173, 185, 190}"
Ref4.5,C4.4,WcD0D211710200445_01.ce,28,0.211879608,"{10, 55, 61, 62, 63, 64, 66, 70, 73, 74, 76, 77, 83, 84, 85, 90, 94, 128, 130, 131, 139, 146, 150, 151, 158, 159, 186, 187}"
Ref4.5,C4.5,WcD0C231710200400_01.ce,40,0.21027546,"{1, 19, 20, 21, 33, 34, 45, 46, 47, 51, 60, 75, 85, 86, 87, 129, 130, 134, 145, 146, 147, 149, 150, 151, 152, 154, 155, 156, 157, 158, 159, 160, 161, 162, 163, 164, 165, 166, 167, 168}"
Ref4.5,C4.5,WcD0C231710200415_01.ce,21,0.199163048,"{31, 34, 51, 56, 64, 82, 90, 98, 117, 118, 131, 132, 133, 134, 135, 146, 147, 153, 160, 174, 179}"
Ref4.5,C4.5,WcD0C231710200430_01.ce,45,0.204895031,"{14, 15, 16, 17, 18, 21, 22, 23, 24, 25, 26, 51, 52, 53, 63, 67, 68, 74, 75, 84, 99, 101, 102, 103, 104, 105, 106, 107, 108, 109, 110, 111, 115, 116, 117, 118, 124, 133, 141, 143, 144, 149, 162, 173, 186}"
Ref4.5,C4.5,WcD0C231710200445_01.ce,32,0.211430284,"{2, 17, 61, 62, 63, 64, 66, 70, 72, 73, 74, 76, 77, 83, 84, 85, 90, 126, 130, 135, 136, 142, 146, 150, 153, 156, 157, 158, 186, 187, 188, 191}"
Ref4.5,C4.4,WcD0D211710200500_01.ce,56,0.212659889,"{2, 3, 4, 5, 10, 12, 42, 43, 44, 45, 47, 48, 49, 50, 51, 52, 53, 54, 55, 61, 62, 63, 66, 67, 68, 70, 71, 72, 73, 74, 75, 76, 77, 78, 79, 80, 81, 82, 83, 84, 85, 91, 92, 93, 94, 97, 119, 120, 138, 141, 151, 159, 168, 172, 179, 186}"
Ref4.5,C4.4,WcD0D211710200515_01.ce,15,0.206779126,"{26, 27, 40, 59, 76, 134, 135, 157, 162, 167, 177, 184, 188, 192, 194}"
Ref4.5,C4.4,WcD0D211710200530_01.ce,51,0.271736546,"{4, 5, 6, 17, 18, 19, 20, 21, 22, 23, 24, 29, 37, 39, 40, 42, 45, 47, 48, 50, 52, 53, 67, 73, 76, 82, 91, 97, 106, 108, 109, 113, 118, 120, 128, 130, 137, 138, 139, 145, 146, 154, 158, 161, 171, 181, 182, 183, 191, 192, 193}"
Ref4.5,C4.4,WcD0D211710200545_01.ce,36,0.237146435,"{1, 4, 5, 7, 10, 14, 19, 25, 26, 30, 34, 36, 39, 43, 45, 47, 48, 58, 63, 70, 71, 74, 75, 78, 82, 107, 119, 126, 127, 130, 136, 141, 142, 165, 185, 186}"
Ref4.5,C4.5,WcD0C231710200500_01.ce,47,0.22190277,"{2, 3, 4, 5, 9, 10, 12, 42, 43, 44, 47, 48, 49, 50, 51, 52, 53, 54, 61, 62, 64, 66, 67, 68, 70, 71, 72, 73, 74, 75, 76, 77, 78, 79, 80, 81, 82, 83, 84, 85, 91, 112, 119, 138, 141, 151, 172}"
Ref4.5,C4.5,WcD0C231710200515_01.ce,17,0.206147219,"{26, 27, 40, 59, 76, 134, 135, 149, 157, 160, 161, 162, 167, 168, 187, 192, 194}"
Ref4.5,C4.5,WcD0C231710200530_01.ce,56,0.270144036,"{3, 4, 5, 6, 17, 18, 19, 20, 21, 22, 23, 24, 29, 34, 37, 39, 40, 42, 45, 47, 50, 52, 53, 59, 60, 61, 76, 78, 79, 82, 84, 90, 91, 96, 106, 109, 113, 115, 117, 119, 128, 137, 139, 146, 151, 158, 159, 161, 170, 181, 182, 185, 189, 191, 192, 193}"
Ref4.5,C4.5,WcD0C231710200545_01.ce,42,0.228954763,"{1, 4, 5, 6, 7, 10, 13, 14, 19, 20, 35, 36, 37, 43, 47, 51, 54, 57, 58, 63, 70, 71, 75, 78, 82, 107, 117, 119, 123, 125, 126, 129, 130, 136, 141, 142, 151, 165, 170, 185, 186, 189}"
Ref4.5,C4.4,WcD0D211710200600_01.ce,38,0.233236063,"{13, 14, 15, 16, 17, 18, 30, 40, 43, 45, 46, 47, 65, 66, 69, 79, 80, 85, 86, 87, 88, 89, 90, 91, 97, 99, 102, 107, 111, 112, 116, 118, 124, 125, 128, 129, 153, 181}"
Ref4.5,C4.4,WcD0D211710200615_01.ce,29,0.200425568,"{3, 16, 40, 41, 42, 47, 48, 49, 76, 77, 78, 81, 83, 84, 85, 88, 89, 90, 97, 98, 99, 100, 101, 153, 161, 168, 181, 188, 190}"
Ref4.5,C4.4,WcD0D211710200630_01.ce,29,0.204024342,"{21, 24, 28, 29, 33, 34, 35, 46, 48, 49, 50, 51, 60, 61, 62, 65, 67, 68, 69, 70, 72, 73, 77, 78, 79, 80, 88, 139, 145}"
Ref4.5,C4.4,WcD0D211710200645_01.ce,99,0.222975892,"{10, 43, 47, 55, 56, 57, 58, 59, 60, 65, 67, 68, 69, 72, 77, 78, 82, 86, 100, 101, 102, 103, 104, 105, 106, 107, 108, 109, 110, 111, 112, 113, 114, 115, 116, 117, 118, 119, 120, 121, 122, 123, 124, 125, 126, 127, 128, 129, 130, 132, 133, 134, 135, 136, 137, 139, 140, 141, 142, 143, 144, 145, 146, 147, 148, 149, 150, 151, 157, 160, 161, 162, 163, 164, 165, 166, 167, 168, 169, 170, 171, 172, 173, 174, 175, 180, 181, 182, 183, 184, 185, 186, 187, 188, 189, 190, 191, 192, 193}"
Ref4.5,C4.5,WcD0C231710200600_01.ce,37,0.232301081,"{4, 10, 13, 14, 15, 16, 17, 18, 19, 41, 47, 48, 66, 80, 86, 87, 88, 89, 90, 91, 92, 100, 102, 103, 104, 108, 112, 116, 117, 119, 124, 125, 129, 130, 153, 154, 182}"
Ref4.5,C4.5,WcD0C231710200615_01.ce,28,0.200054172,"{16, 40, 41, 47, 48, 49, 60, 76, 77, 83, 84, 85, 88, 89, 90, 92, 97, 98, 99, 100, 101, 138, 153, 178, 181, 187, 188, 190}"
Ref4.5,C4.5,WcD0C231710200630_01.ce,28,0.204128015,"{28, 29, 33, 34, 35, 46, 47, 48, 49, 50, 60, 61, 65, 67, 68, 69, 70, 72, 73, 74, 77, 78, 79, 80, 139, 145, 190, 191}"
Ref4.5,C4.5,WcD0C231710200645_01.ce,99,0.230742296,"{48, 56, 57, 58, 59, 60, 61, 65, 68, 69, 70, 72, 73, 78, 79, 83, 85, 100, 101, 102, 103, 104, 105, 106, 107, 108, 109, 110, 111, 112, 113, 114, 115, 116, 117, 118, 119, 120, 121, 122, 123, 124, 125, 126, 127, 128, 129, 130, 131, 133, 134, 135, 136, 137, 138, 139, 140, 141, 142, 143, 144, 145, 146, 147, 148, 149, 150, 151, 152, 157, 161, 162, 163, 164, 165, 166, 167, 168, 169, 170, 171, 172, 173, 174, 175, 181, 182, 183, 184, 185, 186, 187, 188, 189, 190, 191, 192, 193, 194}"
Ref4.5,C4.4,WcD0D211710200700_01.ce,59,0.279380741,"{1, 3, 6, 7, 15, 16, 17, 18, 20, 21, 23, 24, 25, 26, 27, 28, 29, 30, 38, 39, 40, 43, 51, 59, 69, 70, 76, 99, 100, 101, 112, 113, 114, 115, 118, 126, 127, 128, 133, 141, 142, 143, 144, 146, 147, 148, 156, 157, 158, 163, 170, 171, 173, 180, 184, 185, 186, 187, 190}"
Ref4.5,C4.4,WcD0D211710200715_01.ce,14,0.24766497,"{23, 37, 53, 54, 56, 62, 63, 64, 67, 107, 120, 178, 191, 192}"
Ref4.5,C4.4,WcD0D211710200730_01.ce,39,0.223619122,"{15, 43, 57, 60, 62, 66, 71, 72, 82, 87, 89, 95, 108, 109, 113, 114, 115, 116, 117, 118, 119, 120, 121, 122, 123, 124, 125, 126, 127, 128, 129, 130, 131, 132, 133, 151, 164, 187, 190}"
Ref4.5,C4.4,WcD0D211710200745_01.ce,35,0.21629243,"{8, 17, 18, 20, 23, 24, 38, 40, 41, 42, 43, 44, 45, 47, 48, 76, 77, 113, 117, 118, 123, 124, 130, 133, 151, 165, 167, 168, 169, 171, 183, 184, 191, 192, 193}"
Ref4.5,C4.5,WcD0C231710200700_01.ce,53,0.279786557,"{1, 3, 7, 14, 15, 16, 18, 20, 21, 23, 24, 25, 26, 27, 28, 29, 30, 38, 39, 40, 41, 50, 54, 57, 60, 70, 76, 84, 94, 99, 101, 114, 115, 118, 128, 132, 134, 142, 146, 147, 148, 155, 157, 158, 163, 170, 171, 172, 175, 184, 185, 187, 190}"
Ref4.5,C4.5,WcD0C231710200715_01.ce,13,0.250299864,"{52, 53, 56, 62, 63, 64, 65, 89, 120, 142, 149, 191, 192}"
Ref4.5,C4.5,WcD0C231710200730_01.ce,32,0.227808352,"{58, 59, 72, 77, 83, 88, 96, 109, 114, 115, 116, 117, 118, 119, 120, 121, 122, 123, 124, 125, 126, 127, 128, 129, 130, 131, 132, 133, 152, 158, 164, 165}"
Ref4.5,C4.5,WcD0C231710200745_01.ce,38,0.216269293,"{8, 11, 17, 18, 20, 23, 24, 39, 40, 41, 42, 43, 44, 45, 47, 48, 75, 76, 77, 113, 117, 123, 124, 130, 132, 133, 165, 167, 168, 171, 174, 176, 180, 183, 184, 191, 192, 193}"
Ref4.5,C4.4,WcD0D211710200800_01.ce,50,0.22350252,"{1, 2, 3, 10, 11, 14, 25, 31, 35, 36, 49, 60, 83, 84, 86, 100, 101, 102, 103, 104, 105, 106, 108, 109, 110, 111, 112, 113, 114, 115, 116, 117, 118, 119, 120, 121, 122, 125, 126, 127, 129, 130, 132, 133, 134, 137, 159, 160, 162, 176}"
Ref4.5,C4.4,WcD0D211710200815_01.ce,37,0.201835077,"{15, 31, 32, 39, 54, 69, 71, 72, 73, 74, 75, 76, 78, 83, 96, 104, 151, 152, 154, 158, 159, 160, 161, 162, 163, 164, 165, 166, 167, 171, 173, 177, 180, 181, 186, 187, 189}"
Ref4.5,C4.4,WcD0D211710200830_01.ce,43,0.268018802,"{9, 28, 49, 52, 68, 73, 75, 86, 91, 95, 97, 98, 99, 100, 101, 104, 105, 106, 107, 108, 114, 115, 116, 117, 118, 119, 123, 125, 127, 128, 129, 132, 134, 151, 159, 163, 164, 166, 185, 186, 187, 192, 193}"
Ref4.5,C4.4,WcD0D211710200845_01.ce,21,0.207894774,"{1, 11, 12, 13, 15, 16, 17, 75, 89, 93, 98, 101, 102, 116, 119, 121, 124, 125, 126, 146, 159}"
Ref4.5,C4.5,WcD0C231710200800_01.ce,45,0.226058287,"{1, 2, 3, 10, 14, 25, 31, 35, 82, 83, 84, 86, 99, 100, 101, 102, 103, 104, 105, 106, 107, 108, 109, 110, 111, 112, 113, 114, 115, 116, 117, 118, 119, 120, 121, 125, 126, 129, 132, 133, 160, 175, 184, 188, 189}"
Ref4.5,C4.5,WcD0C231710200815_01.ce,33,0.205305273,"{14, 15, 31, 32, 58, 71, 72, 73, 74, 75, 76, 82, 151, 152, 154, 155, 158, 159, 160, 161, 162, 163, 164, 165, 166, 167, 169, 173, 180, 181, 186, 187, 189}"
Ref4.5,C4.5,WcD0C231710200830_01.ce,44,0.262282603,"{4, 7, 8, 26, 49, 61, 68, 73, 75, 76, 91, 95, 96, 97, 98, 99, 100, 101, 104, 105, 106, 107, 108, 114, 115, 116, 117, 118, 119, 123, 125, 126, 128, 129, 149, 159, 163, 164, 166, 185, 186, 187, 192, 193}"
Ref4.5,C4.5,WcD0C231710200845_01.ce,26,0.207190081,"{2, 12, 13, 14, 16, 17, 18, 29, 76, 90, 94, 98, 99, 102, 103, 109, 110, 111, 113, 118, 120, 122, 125, 126, 131, 148}"
Ref4.5,C4.4,WcD0D211710200900_01.ce,40,0.220326852,"{1, 26, 27, 29, 30, 31, 32, 33, 34, 35, 36, 37, 38, 39, 40, 41, 42, 43, 44, 45, 46, 47, 48, 50, 54, 55, 77, 78, 79, 126, 136, 149, 150, 154, 156, 157, 168, 169, 175, 180}"
Ref4.5,C4.4,WcD0D211710200915_01.ce,42,0.242081329,"{7, 34, 39, 40, 65, 73, 74, 75, 76, 77, 78, 79, 80, 81, 82, 83, 84, 85, 86, 87, 88, 89, 90, 91, 98, 106, 108, 111, 115, 116, 127, 130, 137, 151, 177, 180, 181, 182, 183, 184, 185, 188}"
Ref4.5,C4.4,WcD0D211710200930_01.ce,38,0.233604073,"{4, 6, 8, 10, 11, 19, 23, 24, 29, 37, 38, 46, 77, 78, 83, 84, 87, 94, 96, 97, 102, 104, 105, 106, 112, 121, 129, 138, 140, 145, 146, 162, 163, 165, 170, 171, 178, 182}"
Ref4.5,C4.4,WcD0D211710200945_01.ce,7,0.187084993,"{74, 146, 147, 21, 180, 55, 61}"
Ref4.5,C4.5,WcD0C231710200900_01.ce,33,0.226262976,"{26, 29, 30, 31, 32, 33, 34, 35, 36, 37, 38, 39, 40, 41, 42, 43, 44, 45, 46, 47, 50, 54, 55, 76, 77, 78, 79, 136, 149, 154, 156, 168, 175}"
Ref4.5,C4.5,WcD0C231710200915_01.ce,43,0.241493878,"{33, 39, 40, 58, 63, 68, 73, 74, 75, 77, 78, 79, 80, 81, 82, 83, 84, 85, 86, 87, 88, 89, 90, 91, 94, 96, 97, 98, 108, 115, 125, 130, 131, 133, 137, 177, 178, 180, 181, 182, 183, 185, 188}"
Ref4.5,C4.5,WcD0C231710200930_01.ce,44,0.236247406,"{5, 6, 7, 9, 11, 12, 20, 24, 25, 26, 30, 31, 36, 38, 39, 45, 46, 47, 77, 78, 79, 82, 84, 85, 87, 88, 96, 97, 98, 103, 105, 106, 107, 113, 122, 139, 141, 146, 163, 164, 175, 178, 179, 185}"
Ref4.5,C4.5,WcD0C231710200945_01.ce,6,0.188334053,"{146, 147, 179, 180, 61, 190}"
Ref4.5,C4.4,WcD0D211710201000_01.ce,49,0.221674031,"{4, 12, 13, 19, 29, 37, 47, 71, 76, 77, 78, 79, 80, 81, 82, 83, 84, 85, 86, 87, 88, 89, 90, 91, 92, 93, 94, 95, 96, 97, 98, 101, 102, 103, 104, 106, 108, 114, 115, 116, 117, 118, 125, 148, 155, 174, 190, 192, 193}"
Ref4.5,C4.4,WcD0D211710201015_01.ce,39,0.205659628,"{2, 3, 12, 27, 28, 29, 30, 32, 39, 41, 48, 56, 57, 58, 59, 61, 67, 69, 71, 72, 78, 79, 80, 85, 99, 105, 106, 142, 143, 152, 157, 170, 173, 175, 176, 182, 185, 187, 188}"
Ref4.5,C4.4,WcD0D211710201030_01.ce,35,0.217989456,"{6, 26, 42, 50, 51, 76, 77, 93, 94, 95, 96, 97, 98, 99, 100, 101, 102, 103, 104, 105, 106, 107, 108, 109, 110, 111, 112, 113, 116, 120, 153, 154, 155, 165, 192}"
Ref4.5,C4.4,WcD0D211710201045_01.ce,29,0.204222303,"{9, 10, 11, 19, 20, 21, 23, 24, 30, 31, 32, 53, 73, 84, 91, 93, 94, 98, 99, 108, 117, 129, 130, 151, 177, 179, 180, 181, 183}"
Ref4.5,C4.5,WcD0C231710201000_01.ce,50,0.2170456,"{3, 4, 12, 13, 19, 28, 38, 47, 77, 78, 79, 80, 81, 82, 83, 84, 85, 86, 87, 88, 89, 90, 91, 92, 93, 94, 95, 96, 97, 98, 101, 102, 103, 104, 106, 109, 112, 113, 114, 115, 116, 117, 118, 148, 155, 174, 182, 190, 192, 193}"
Ref4.5,C4.5,WcD0C231710201015_01.ce,36,0.214860841,"{3, 4, 13, 28, 29, 30, 31, 32, 41, 42, 44, 49, 57, 58, 59, 60, 62, 66, 68, 70, 72, 73, 79, 80, 81, 86, 99, 100, 107, 138, 143, 144, 158, 183, 188, 189}"
Ref4.5,C4.5,WcD0C231710201030_01.ce,38,0.216064042,"{6, 26, 41, 42, 50, 51, 92, 93, 94, 95, 96, 97, 98, 99, 100, 101, 102, 103, 104, 105, 106, 107, 108, 109, 110, 111, 112, 113, 115, 116, 119, 120, 153, 154, 155, 165, 192, 193}"
Ref4.5,C4.5,WcD0C231710201045_01.ce,30,0.204388362,"{8, 9, 10, 11, 19, 21, 23, 24, 30, 31, 32, 37, 72, 84, 91, 93, 94, 96, 97, 98, 99, 117, 129, 175, 176, 177, 178, 179, 180, 183}"
Ref4.5,C4.4,WcD0D211710201100_01.ce,26,0.210781647,"{1, 2, 3, 4, 81, 105, 113, 115, 132, 133, 138, 139, 140, 141, 142, 159, 172, 173, 175, 176, 177, 178, 180, 181, 182, 183}"
Ref4.5,C4.4,WcD0D211710201115_01.ce,31,0.216666099,"{2, 15, 16, 17, 18, 40, 48, 76, 94, 95, 96, 98, 103, 104, 105, 106, 107, 109, 110, 116, 117, 118, 123, 134, 139, 162, 172, 174, 180, 187, 188}"
Ref4.5,C4.4,WcD0D211710201130_01.ce,153,0.294065117,"{13, 17, 18, 19, 20, 22, 25, 26, 27, 29, 31, 33, 34, 35, 40, 41, 42, 43, 44, 45, 46, 47, 48, 49, 50, 52, 54, 56, 57, 58, 59, 60, 61, 62, 63, 64, 66, 67, 69, 70, 72, 74, 75, 76, 77, 78, 79, 80, 81, 82, 83, 84, 85, 86, 87, 88, 89, 90, 91, 92, 94, 95, 96, 97, 98, 99, 100, 101, 104, 105, 106, 107, 108, 109, 110, 111, 112, 113, 114, 115, 116, 117, 118, 119, 120, 121, 122, 123, 124, 125, 126, 127, 128, 129, 130, 131, 132, 133, 134, 135, 136, 137, 138, 139, 140, 141, 142, 144, 145, 146, 147, 148, 149, 150, 151, 152, 153, 154, 155, 156, 157, 160, 162, 163, 164, 165, 166, 167, 168, 169, 170, 171, 172, 173, 174, 175, 176, 177, 178, 179, 180, 181, 182, 183, 184, 185, 186, 187, 188, 189, 190, 191, 194}"
Ref4.5,C4.4,WcD0D211710201145_01.ce,166,0.280363783,"{1, 2, 3, 4, 5, 7, 8, 9, 10, 11, 14, 15, 16, 17, 18, 21, 22, 23, 24, 25, 26, 27, 28, 29, 30, 31, 32, 33, 34, 35, 36, 38, 39, 40, 41, 42, 43, 44, 45, 46, 47, 48, 49, 50, 51, 52, 53, 54, 55, 56, 57, 58, 59, 60, 61, 62, 63, 64, 68, 69, 71, 72, 73, 74, 75, 76, 77, 78, 79, 80, 81, 82, 83, 84, 85, 86, 87, 88, 89, 90, 91, 92, 93, 94, 95, 96, 97, 98, 99, 100, 101, 102, 103, 104, 105, 106, 108, 109, 110, 111, 112, 113, 114, 115, 116, 117, 118, 119, 121, 123, 126, 130, 131, 132, 133, 134, 135, 136, 137, 138, 139, 140, 141, 142, 143, 144, 145, 146, 147, 148, 149, 150, 151, 154, 156, 157, 158, 159, 161, 162, 163, 164, 165, 166, 167, 168, 169, 170, 171, 172, 173, 174, 176, 177, 178, 180, 181, 182, 183, 184, 188, 189, 190, 191, 192, 193}"
Ref4.5,C4.5,WcD0C231710201100_01.ce,31,0.206393107,"{1, 2, 3, 4, 14, 54, 80, 103, 108, 111, 113, 115, 131, 132, 138, 139, 140, 141, 142, 159, 171, 172, 173, 175, 176, 177, 178, 180, 181, 182, 183}"
Ref4.5,C4.5,WcD0C231710201115_01.ce,29,0.220831812,"{2, 15, 16, 17, 18, 40, 48, 76, 83, 94, 95, 96, 104, 105, 106, 108, 109, 110, 115, 116, 117, 120, 134, 139, 162, 166, 180, 183, 187}"
Ref4.5,C4.5,WcD0C231710201130_01.ce,157,0.287914266,"{6, 7, 13, 16, 17, 18, 20, 21, 22, 23, 24, 25, 27, 29, 30, 31, 32, 33, 35, 36, 40, 41, 42, 43, 44, 45, 46, 47, 48, 50, 51, 52, 56, 57, 58, 59, 60, 61, 62, 63, 64, 65, 69, 71, 72, 73, 75, 76, 77, 78, 79, 80, 81, 82, 83, 84, 85, 86, 87, 88, 89, 90, 91, 92, 94, 95, 96, 97, 98, 99, 100, 101, 103, 104, 105, 107, 108, 109, 111, 112, 113, 114, 115, 116, 117, 118, 119, 120, 121, 122, 123, 124, 125, 126, 127, 128, 129, 130, 131, 132, 133, 134, 135, 136, 137, 138, 139, 140, 141, 142, 144, 145, 146, 147, 148, 149, 150, 151, 152, 153, 154, 155, 156, 157, 159, 160, 161, 163, 164, 165, 166, 167, 168, 169, 171, 172, 173, 174, 175, 176, 177, 178, 179, 181, 182, 183, 184, 185, 186, 187, 188, 189, 190, 191, 192, 193, 194}"
Ref4.5,C4.5,WcD0C231710201145_01.ce,171,0.282270915,"{1, 2, 3, 4, 7, 8, 9, 10, 12, 14, 15, 16, 17, 18, 21, 22, 23, 24, 25, 26, 27, 28, 29, 30, 31, 32, 33, 34, 35, 36, 37, 38, 39, 40, 41, 42, 43, 44, 45, 46, 47, 48, 49, 50, 51, 52, 53, 54, 55, 56, 57, 58, 59, 60, 61, 63, 64, 68, 71, 72, 73, 74, 75, 76, 77, 78, 79, 80, 81, 82, 83, 84, 85, 86, 87, 88, 89, 90, 91, 92, 93, 94, 95, 96, 97, 98, 99, 100, 101, 102, 103, 104, 105, 106, 107, 108, 109, 110, 111, 112, 113, 114, 115, 116, 117, 118, 120, 122, 123, 124, 125, 126, 129, 130, 131, 132, 133, 134, 135, 136, 137, 138, 139, 140, 141, 142, 143, 144, 145, 146, 147, 148, 149, 150, 151, 154, 156, 157, 158, 159, 160, 161, 162, 163, 164, 165, 166, 167, 168, 169, 170, 171, 172, 173, 174, 176, 177, 179, 180, 181, 182, 183, 184, 185, 187, 188, 189, 190, 191, 192, 193}"
Ref4.5,C4.4,WcD0D211710201200_01.ce,160,0.278377857,"{1, 2, 3, 4, 5, 6, 7, 8, 9, 10, 11, 12, 13, 14, 15, 16, 17, 18, 19, 20, 21, 22, 24, 25, 26, 27, 28, 29, 30, 31, 32, 37, 38, 40, 41, 42, 43, 44, 45, 46, 47, 48, 52, 53, 54, 55, 56, 57, 58, 59, 60, 61, 63, 64, 65, 66, 67, 68, 69, 70, 71, 72, 73, 74, 75, 76, 77, 78, 79, 80, 81, 82, 83, 84, 85, 86, 87, 89, 90, 91, 92, 93, 94, 95, 96, 97, 98, 99, 100, 101, 104, 105, 106, 107, 108, 109, 110, 111, 112, 113, 114, 115, 116, 117, 118, 119, 121, 122, 123, 124, 125, 126, 128, 129, 130, 131, 132, 134, 135, 136, 137, 138, 139, 140, 141, 142, 143, 144, 145, 146, 147, 148, 149, 150, 151, 152, 153, 154, 155, 156, 157, 158, 159, 160, 161, 162, 163, 164, 165, 167, 168, 169, 172, 187, 188, 189, 190, 192, 193, 194}"
Ref4.5,C4.4,WcD0D211710201215_01.ce,33,0.275387048,"{14, 15, 18, 20, 23, 24, 25, 26, 32, 33, 34, 35, 36, 39, 40, 42, 45, 46, 47, 63, 78, 102, 103, 105, 123, 128, 129, 132, 133, 163, 167, 181, 190}"
Ref4.5,C4.4,WcD0D211710201230_01.ce,25,0.265924718,"{3, 12, 17, 18, 25, 26, 27, 28, 33, 40, 41, 42, 43, 55, 56, 57, 60, 100, 116, 117, 119, 126, 127, 128, 169}"
Ref4.5,C4.4,WcD0D211710201245_01.ce,19,0.223059457,"{48, 65, 91, 99, 104, 111, 112, 117, 131, 145, 146, 157, 163, 164, 165, 166, 179, 181, 192}"
Ref4.5,C4.5,WcD0C231710201200_01.ce,165,0.274867198,"{1, 2, 3, 4, 5, 7, 8, 9, 10, 11, 12, 13, 14, 15, 16, 17, 18, 19, 20, 21, 22, 23, 24, 25, 26, 27, 28, 29, 30, 31, 32, 38, 39, 40, 41, 42, 43, 44, 45, 46, 47, 48, 49, 50, 51, 52, 53, 54, 55, 56, 57, 58, 59, 60, 61, 62, 63, 64, 65, 66, 67, 68, 69, 70, 71, 72, 73, 74, 75, 76, 77, 78, 79, 80, 81, 82, 83, 84, 85, 86, 87, 88, 89, 90, 91, 92, 93, 94, 95, 96, 97, 98, 99, 100, 101, 102, 103, 104, 105, 106, 107, 108, 109, 110, 112, 113, 114, 115, 116, 117, 118, 119, 120, 121, 122, 123, 124, 125, 126, 128, 129, 130, 131, 134, 135, 136, 137, 138, 139, 140, 141, 142, 143, 144, 145, 146, 147, 148, 149, 150, 151, 152, 153, 154, 155, 156, 157, 158, 159, 160, 161, 162, 163, 164, 166, 167, 168, 169, 170, 175, 187, 188, 189, 192, 193}"
Ref4.5,C4.5,WcD0C231710201215_01.ce,43,0.274161898,"{4, 17, 18, 21, 23, 25, 26, 27, 28, 33, 34, 35, 36, 37, 40, 45, 46, 47, 49, 53, 74, 89, 102, 103, 104, 105, 114, 123, 124, 129, 130, 133, 134, 140, 155, 163, 164, 165, 176, 177, 182, 190, 191}"
Ref4.5,C4.5,WcD0C231710201230_01.ce,28,0.264223303,"{7, 12, 13, 14, 17, 18, 25, 26, 27, 28, 33, 39, 40, 41, 42, 55, 56, 57, 60, 86, 100, 116, 117, 119, 126, 127, 169, 183}"
Ref4.5,C4.5,WcD0C231710201245_01.ce,25,0.219885614,"{64, 65, 76, 91, 111, 112, 123, 131, 132, 142, 145, 146, 150, 159, 163, 164, 165, 166, 169, 172, 178, 179, 181, 190, 192}"
Ref4.5,C4.4,WcD0D211710201300_01.ce,34,0.225660708,"{1, 3, 4, 27, 28, 34, 35, 39, 61, 62, 68, 69, 77, 85, 86, 96, 107, 113, 129, 130, 131, 132, 145, 149, 166, 167, 169, 170, 171, 172, 180, 181, 182, 185}"
Ref4.5,C4.4,WcD0D211710201315_01.ce,36,0.21457825,"{3, 4, 17, 27, 38, 49, 56, 57, 58, 59, 63, 64, 73, 84, 85, 86, 89, 95, 96, 98, 99, 100, 105, 106, 107, 115, 120, 124, 130, 150, 169, 181, 183, 184, 185, 189}"
Ref4.5,C4.4,WcD0D211710201330_01.ce,20,0.225940974,"{21, 23, 54, 78, 86, 91, 96, 101, 103, 130, 133, 134, 135, 136, 137, 138, 139, 140, 167, 192}"
Ref4.5,C4.4,WcD0D211710201345_01.ce,25,0.210712919,"{20, 39, 50, 54, 55, 56, 57, 58, 59, 78, 79, 94, 118, 123, 124, 133, 154, 161, 162, 170, 180, 181, 182, 186, 187}"
Ref4.5,C4.5,WcD0C231710201300_01.ce,38,0.226541954,"{1, 2, 4, 11, 12, 13, 15, 35, 36, 58, 62, 67, 69, 78, 86, 87, 89, 96, 97, 108, 114, 130, 131, 132, 133, 134, 146, 150, 151, 159, 168, 170, 171, 172, 181, 182, 183, 186}"
Ref4.5,C4.5,WcD0C231710201315_01.ce,37,0.221346427,"{3, 4, 8, 17, 27, 38, 49, 56, 58, 59, 63, 64, 83, 84, 85, 86, 94, 95, 96, 98, 99, 100, 105, 106, 107, 119, 120, 124, 130, 150, 169, 180, 181, 182, 183, 188, 189}"
Ref4.5,C4.5,WcD0C231710201330_01.ce,18,0.221699454,"{13, 14, 21, 26, 54, 91, 112, 127, 130, 133, 134, 135, 136, 137, 138, 139, 156, 194}"
Ref4.5,C4.5,WcD0C231710201345_01.ce,24,0.213908313,"{20, 39, 49, 50, 54, 55, 56, 57, 58, 59, 78, 88, 118, 123, 124, 133, 148, 153, 154, 161, 170, 180, 186, 187}"
Ref4.5,C4.4,WcD0D211710201700_01.ce,28,0.232364359,"{1, 2, 3, 12, 26, 75, 77, 80, 98, 99, 100, 112, 113, 116, 117, 118, 122, 123, 124, 133, 134, 135, 156, 157, 162, 172, 187, 188}"
Ref4.5,C4.4,WcD0D211710201715_01.ce,27,0.218992962,"{9, 13, 25, 35, 38, 39, 41, 44, 47, 48, 49, 50, 56, 58, 59, 66, 67, 69, 84, 136, 141, 146, 166, 167, 170, 171, 175}"
Ref4.5,C4.4,WcD0D211710201730_01.ce,37,0.235887667,"{54, 55, 56, 65, 66, 79, 81, 82, 83, 87, 88, 89, 90, 93, 94, 98, 99, 100, 101, 102, 103, 104, 105, 115, 124, 129, 149, 163, 170, 172, 173, 174, 175, 184, 185, 186, 187}"
Ref4.5,C4.4,WcD0D211710201745_01.ce,20,0.221265259,"{3, 4, 9, 10, 19, 20, 27, 31, 36, 76, 77, 118, 119, 125, 139, 140, 162, 176, 181, 182}"
Ref4.5,C4.5,WcD0C231710201700_01.ce,31,0.233419124,"{1, 2, 3, 24, 40, 47, 74, 76, 79, 81, 98, 99, 100, 112, 113, 115, 116, 117, 121, 122, 123, 132, 133, 134, 149, 155, 156, 163, 173, 187, 188}"
Ref4.5,C4.5,WcD0C231710201715_01.ce,31,0.218523469,"{13, 14, 34, 35, 38, 39, 44, 46, 48, 49, 51, 52, 57, 58, 59, 66, 69, 76, 79, 117, 128, 141, 142, 147, 166, 168, 170, 171, 172, 176, 177}"
Ref4.5,C4.5,WcD0C231710201730_01.ce,35,0.232167572,"{54, 55, 56, 64, 65, 78, 80, 81, 82, 86, 87, 88, 89, 92, 93, 94, 98, 99, 100, 101, 102, 103, 104, 126, 128, 147, 148, 149, 162, 168, 172, 174, 184, 185, 186}"
Ref4.5,C4.5,WcD0C231710201745_01.ce,20,0.214656558,"{3, 4, 5, 10, 11, 14, 27, 36, 68, 76, 77, 115, 118, 119, 139, 140, 163, 173, 176, 186}"
Ref4.5,C4.4,WcD0D211710201800_01.ce,42,0.237316962,"{4, 8, 10, 11, 14, 15, 23, 27, 42, 46, 71, 75, 76, 81, 82, 90, 91, 93, 111, 125, 126, 157, 159, 160, 161, 162, 163, 164, 165, 166, 167, 168, 169, 170, 171, 172, 173, 174, 175, 176, 182, 192}"
Ref4.5,C4.4,WcD0D211710201815_01.ce,55,0.23170254,"{29, 32, 36, 37, 51, 53, 54, 55, 59, 60, 67, 68, 69, 70, 71, 72, 73, 74, 75, 76, 77, 78, 79, 80, 81, 82, 83, 84, 85, 86, 87, 88, 89, 90, 91, 92, 93, 94, 113, 117, 119, 120, 127, 129, 130, 141, 142, 151, 166, 167, 176, 177, 189, 190, 191}"
Ref4.5,C4.4,WcD0D211710201830_01.ce,17,0.209303753,"{2, 3, 11, 41, 47, 56, 90, 102, 159, 164, 179, 181, 190, 191, 192, 193, 194}"
Ref4.5,C4.4,WcD0D211710201845_01.ce,17,0.198894961,"{2, 3, 9, 45, 56, 86, 87, 93, 125, 132, 137, 154, 157, 162, 164, 174, 185}"
Ref4.5,C4.5,WcD0C231710201800_01.ce,42,0.239854156,"{4, 6, 8, 10, 11, 15, 22, 27, 43, 46, 57, 76, 77, 82, 91, 92, 93, 94, 112, 126, 140, 154, 156, 159, 160, 161, 162, 163, 164, 165, 166, 167, 168, 169, 170, 171, 172, 173, 174, 175, 176, 193}"
Ref4.5,C4.5,WcD0C231710201815_01.ce,59,0.223848476,"{26, 29, 35, 36, 49, 51, 52, 53, 54, 58, 59, 60, 66, 67, 68, 69, 70, 71, 72, 73, 74, 75, 76, 77, 78, 79, 80, 81, 82, 83, 84, 85, 86, 87, 88, 89, 90, 91, 92, 93, 95, 98, 105, 106, 109, 113, 118, 126, 127, 128, 129, 145, 166, 175, 176, 177, 188, 189, 190}"
Ref4.5,C4.5,WcD0C231710201830_01.ce,20,0.213448165,"{2, 3, 11, 40, 46, 47, 55, 86, 88, 101, 116, 120, 128, 157, 163, 181, 190, 191, 192, 193}"
Ref4.5,C4.5,WcD0C231710201845_01.ce,21,0.197248273,"{1, 2, 3, 4, 9, 45, 56, 76, 87, 116, 130, 137, 154, 157, 163, 164, 173, 174, 185, 186, 194}"
Ref4.5,C4.4,WcD0D211710201900_01.ce,136,0.203314749,"{1, 2, 3, 4, 5, 6, 7, 8, 13, 14, 15, 16, 17, 18, 19, 20, 21, 22, 23, 24, 25, 26, 27, 28, 29, 30, 31, 32, 33, 34, 35, 36, 37, 38, 39, 40, 41, 42, 43, 44, 45, 46, 47, 48, 49, 50, 51, 52, 53, 54, 55, 56, 57, 58, 59, 60, 61, 62, 63, 64, 65, 66, 67, 68, 69, 70, 71, 72, 73, 74, 75, 76, 77, 78, 79, 80, 81, 82, 83, 84, 85, 86, 87, 88, 89, 90, 91, 92, 93, 94, 95, 96, 97, 98, 99, 100, 101, 102, 103, 104, 105, 106, 107, 108, 109, 112, 113, 114, 115, 116, 117, 118, 119, 120, 121, 122, 123, 124, 125, 126, 127, 128, 130, 133, 139, 140, 144, 149, 150, 165, 167, 168, 174, 175, 178, 179}"
Ref4.5,C4.4,WcD0D211710201915_01.ce,21,0.20003445,"{9, 13, 29, 55, 62, 66, 78, 105, 110, 111, 128, 141, 142, 146, 166, 167, 170, 171, 172, 174, 186}"
Ref4.5,C4.4,WcD0D211710201930_01.ce,30,0.250279614,"{4, 5, 6, 7, 8, 9, 10, 15, 21, 22, 24, 25, 39, 50, 55, 75, 82, 86, 87, 95, 123, 139, 140, 146, 152, 153, 157, 179, 192, 193}"
Ref4.5,C4.4,WcD0D211710201945_01.ce,29,0.211871505,"{2, 3, 4, 5, 7, 9, 16, 21, 28, 45, 60, 66, 72, 84, 98, 118, 119, 120, 125, 126, 128, 138, 144, 154, 177, 178, 183, 184, 194}"
Ref4.5,C4.5,WcD0C231710201900_01.ce,136,0.199891588,"{1, 2, 3, 4, 5, 6, 7, 8, 12, 13, 14, 15, 16, 17, 18, 19, 20, 21, 22, 23, 24, 25, 26, 27, 28, 29, 30, 31, 32, 33, 34, 35, 36, 37, 38, 39, 40, 41, 42, 43, 44, 45, 46, 47, 48, 49, 50, 51, 52, 53, 54, 55, 56, 57, 58, 59, 60, 61, 62, 63, 64, 65, 66, 67, 68, 69, 70, 71, 72, 73, 74, 75, 76, 77, 78, 79, 80, 81, 82, 83, 84, 85, 86, 87, 88, 89, 90, 91, 92, 93, 94, 95, 96, 97, 98, 99, 100, 101, 102, 103, 104, 105, 106, 107, 108, 109, 111, 112, 113, 114, 115, 116, 117, 118, 119, 120, 121, 122, 123, 124, 125, 126, 127, 128, 129, 138, 139, 143, 148, 149, 166, 173, 174, 175, 177, 178}"
Ref4.5,C4.5,WcD0C231710201915_01.ce,17,0.198767214,"{9, 30, 32, 55, 66, 79, 85, 105, 111, 114, 128, 141, 142, 146, 169, 170, 171}"
Ref4.5,C4.5,WcD0C231710201930_01.ce,24,0.251127539,"{5, 6, 7, 8, 9, 10, 22, 24, 25, 32, 38, 55, 75, 82, 84, 86, 87, 123, 139, 140, 179, 180, 184, 192}"
Ref4.5,C4.5,WcD0C231710201945_01.ce,24,0.215297132,"{1, 2, 3, 6, 8, 13, 17, 27, 31, 32, 44, 83, 118, 124, 125, 137, 143, 144, 157, 163, 174, 177, 182, 183}"
Ref4.5,C4.4,WcD0D211710202000_01.ce,21,0.210605457,"{1, 2, 3, 13, 16, 17, 29, 51, 86, 90, 93, 103, 129, 130, 145, 146, 150, 151, 160, 166, 170}"
Ref4.5,C4.4,WcD0D211710202015_01.ce,17,0.208306941,"{8, 26, 36, 42, 44, 61, 62, 63, 68, 69, 76, 82, 85, 118, 134, 148, 173}"
Ref4.5,C4.4,WcD0D211710202030_01.ce,12,0.201293319,"{3, 35, 66, 68, 69, 77, 104, 112, 119, 147, 164, 166}"
Ref4.5,C4.4,WcD0D211710202045_01.ce,11,0.200713358,"{34, 63, 124, 130, 139, 140, 144, 168, 171, 177, 190}"
Ref4.5,C4.5,WcD0C231710202000_01.ce,24,0.204665042,"{1, 2, 3, 4, 13, 14, 16, 17, 18, 29, 30, 52, 56, 58, 86, 98, 103, 104, 106, 130, 137, 141, 146, 151}"
Ref4.5,C4.5,WcD0C231710202015_01.ce,21,0.202839937,"{6, 8, 27, 36, 44, 61, 62, 63, 64, 68, 69, 73, 76, 85, 95, 100, 118, 134, 144, 148, 174}"
Ref4.5,C4.5,WcD0C231710202030_01.ce,9,0.205121028,"{2, 34, 67, 68, 103, 146, 147, 166, 185}"
Ref4.5,C4.5,WcD0C231710202045_01.ce,14,0.199538712,"{63, 64, 93, 110, 125, 130, 139, 140, 145, 149, 159, 168, 180, 192}"
Ref4.5,C4.4,WcD0D211710202100_01.ce,21,0.19876108,"{1, 2, 3, 4, 9, 12, 31, 50, 57, 62, 86, 100, 101, 102, 103, 104, 105, 157, 158, 185, 189}"
Ref4.5,C4.4,WcD0D211710202115_01.ce,23,0.198576839,"{14, 18, 30, 33, 35, 36, 54, 60, 61, 69, 75, 81, 88, 94, 98, 99, 116, 139, 169, 170, 172, 173, 178}"
Ref4.5,C4.4,WcD0D211710202130_01.ce,31,0.230184401,"{3, 24, 34, 55, 56, 82, 83, 84, 85, 86, 101, 102, 104, 105, 106, 107, 108, 117, 118, 119, 123, 124, 125, 126, 127, 128, 129, 154, 156, 169, 176}"
Ref4.5,C4.4,WcD0D211710202145_01.ce,23,0.205119765,"{6, 19, 37, 38, 39, 40, 48, 49, 51, 52, 62, 67, 68, 69, 75, 78, 86, 115, 119, 125, 165, 174, 191}"
Ref4.5,C4.5,WcD0C231710202100_01.ce,21,0.200050162,"{1, 2, 3, 8, 30, 34, 45, 49, 56, 57, 83, 85, 86, 100, 101, 102, 103, 104, 157, 175, 185}"
Ref4.5,C4.5,WcD0C231710202115_01.ce,23,0.194154405,"{14, 17, 29, 32, 34, 35, 53, 59, 60, 61, 68, 74, 80, 81, 83, 88, 93, 98, 138, 167, 169, 175, 177}"
Ref4.5,C4.5,WcD0C231710202130_01.ce,35,0.226721645,"{4, 24, 30, 35, 55, 56, 57, 60, 82, 83, 84, 85, 86, 87, 101, 102, 104, 105, 106, 107, 108, 109, 117, 118, 119, 124, 125, 126, 127, 128, 129, 130, 154, 156, 176}"
Ref4.5,C4.5,WcD0C231710202145_01.ce,18,0.208286986,"{36, 37, 38, 39, 47, 48, 51, 67, 68, 69, 74, 85, 114, 133, 165, 180, 190, 193}"
Ref4.5,C4.4,WcD0D211710202200_01.ce,83,0.264757775,"{1, 2, 3, 4, 6, 7, 8, 23, 25, 26, 27, 29, 30, 31, 32, 33, 34, 35, 36, 39, 41, 42, 43, 44, 50, 53, 54, 55, 57, 58, 59, 62, 63, 65, 67, 69, 70, 71, 72, 73, 76, 80, 82, 83, 88, 92, 97, 99, 100, 102, 104, 111, 112, 113, 114, 115, 116, 117, 119, 120, 121, 122, 123, 124, 125, 131, 132, 133, 134, 135, 136, 137, 139, 140, 145, 146, 147, 154, 155, 169, 173, 176, 192}"
Ref4.5,C4.4,WcD0D211710202215_01.ce,37,0.233428532,"{8, 20, 27, 30, 35, 38, 40, 41, 59, 62, 63, 64, 65, 70, 74, 75, 80, 82, 83, 86, 90, 95, 100, 101, 105, 112, 113, 115, 116, 119, 131, 134, 138, 140, 141, 169, 181}"
Ref4.5,C4.4,WcD0D211710202230_01.ce,25,0.205652247,"{13, 26, 27, 30, 33, 37, 39, 49, 55, 59, 90, 108, 118, 126, 142, 144, 145, 150, 151, 158, 165, 167, 177, 180, 181}"
Ref4.5,C4.4,WcD0D211710202245_01.ce,12,0.19768292,"{7, 23, 37, 53, 85, 111, 117, 149, 150, 151, 186, 194}"
Ref4.5,C4.5,WcD0C231710202200_01.ce,89,0.260249449,"{1, 2, 3, 4, 6, 25, 26, 28, 29, 30, 31, 32, 33, 34, 35, 36, 38, 39, 40, 42, 43, 44, 48, 52, 53, 54, 55, 57, 58, 61, 62, 63, 69, 70, 71, 72, 73, 74, 75, 77, 79, 80, 84, 86, 88, 91, 94, 96, 98, 99, 100, 101, 103, 104, 109, 110, 111, 112, 113, 114, 115, 116, 117, 119, 120, 121, 122, 123, 124, 130, 131, 132, 133, 134, 135, 136, 138, 139, 144, 145, 146, 153, 154, 160, 162, 168, 172, 182, 191}"
Ref4.5,C4.5,WcD0C231710202215_01.ce,41,0.230309662,"{8, 21, 27, 30, 35, 38, 41, 50, 53, 54, 58, 59, 63, 64, 65, 71, 75, 76, 77, 83, 84, 86, 90, 92, 95, 96, 100, 101, 102, 112, 113, 116, 120, 131, 132, 138, 140, 141, 169, 170, 181}"
Ref4.5,C4.5,WcD0C231710202230_01.ce,23,0.208223061,"{12, 13, 25, 26, 35, 54, 89, 108, 117, 125, 142, 143, 144, 145, 148, 149, 150, 154, 157, 164, 166, 180, 181}"
Ref4.5,C4.5,WcD0C231710202245_01.ce,8,0.201540993,"{6, 22, 62, 84, 131, 148, 150, 185}"
Ref4.5,C4.4,WcD0D211710202300_01.ce,11,0.201745517,"{1, 2, 3, 4, 35, 52, 54, 91, 99, 116, 145}"
Ref4.5,C4.4,WcD0D211710202315_01.ce,21,0.203272638,"{15, 30, 41, 74, 88, 93, 94, 109, 113, 123, 124, 125, 126, 131, 133, 143, 147, 165, 185, 189, 192}"
Ref4.5,C4.4,WcD0D211710202330_01.ce,17,0.197424232,"{2, 3, 15, 24, 27, 41, 42, 43, 44, 45, 46, 98, 126, 130, 167, 188, 193}"
Ref4.5,C4.4,WcD0D211710202345_01.ce,15,0.187684057,"{1, 2, 15, 18, 29, 37, 48, 65, 81, 83, 84, 139, 164, 179, 185}"
Ref4.5,C4.5,WcD0C231710202300_01.ce,13,0.198196244,"{1, 2, 3, 4, 35, 36, 74, 91, 92, 145, 146, 175, 192}"
Ref4.5,C4.5,WcD0C231710202315_01.ce,18,0.202409838,"{29, 36, 41, 50, 74, 83, 84, 87, 92, 93, 109, 122, 123, 131, 143, 165, 184, 191}"
Ref4.5,C4.5,WcD0C231710202330_01.ce,19,0.197723377,"{2, 27, 41, 42, 43, 44, 45, 46, 99, 126, 130, 149, 164, 167, 169, 171, 174, 188, 194}"
Ref4.5,C4.5,WcD0C231710202345_01.ce,17,0.181071828,"{1, 17, 18, 28, 29, 48, 64, 82, 83, 118, 138, 139, 141, 164, 177, 183, 184}"
