ref_4.5,C4.4,WcD08D61710270000_01.ce,12,0.18862156556737156,"{4, 5, 6, 10, 42, 93, 124, 163, 164, 167, 183, 184}"
ref_4.5,C4.4,WcD08D61710270015_01.ce,33,0.20748048900407157,"{40, 41, 53, 54, 63, 64, 65, 67, 68, 79, 87, 89, 93, 103, 112, 113, 115, 116, 117, 124, 125, 126, 127, 129, 134, 151, 153, 156, 157, 158, 169, 185, 186}"
ref_4.5,C4.4,WcD08D61710270030_01.ce,42,0.21972573715507,"{8, 9, 10, 13, 14, 15, 17, 18, 28, 36, 37, 38, 70, 71, 85, 88, 89, 90, 91, 92, 93, 121, 122, 148, 150, 152, 153, 155, 156, 161, 163, 164, 165, 166, 167, 168, 169, 171, 172, 174, 182, 192}"
ref_4.5,C4.4,WcD08D61710270045_01.ce,26,0.1877494541243585,"{1, 2, 3, 20, 30, 33, 34, 35, 36, 37, 38, 39, 40, 41, 42, 43, 44, 45, 46, 48, 52, 53, 54, 58, 59, 84}"
ref_4.5,C4.5,WcD0F391710270000_08.ce,10,0.18333431219578866,"{1, 2, 6, 32, 90, 120, 132, 163, 180, 181}"
ref_4.5,C4.5,WcD0F391710270015_08.ce,30,0.19447257851031696,"{34, 35, 48, 57, 58, 59, 62, 74, 75, 77, 78, 83, 97, 106, 107, 109, 110, 113, 119, 120, 121, 123, 126, 128, 148, 150, 151, 152, 179, 180}"
ref_4.5,C4.5,WcD0F391710270030_08.ce,55,0.19840760609240857,"{4, 5, 9, 10, 11, 12, 13, 14, 15, 16, 17, 18, 19, 20, 21, 22, 23, 24, 32, 33, 34, 66, 67, 68, 81, 86, 87, 88, 89, 91, 112, 117, 118, 142, 144, 148, 150, 151, 152, 157, 159, 160, 161, 162, 163, 164, 165, 166, 167, 168, 171, 188, 189, 190, 191}"
ref_4.5,C4.5,WcD0F391710270045_08.ce,28,0.18022172006162512,"{8, 15, 16, 25, 26, 28, 29, 30, 31, 32, 33, 34, 35, 36, 37, 38, 40, 41, 49, 50, 53, 54, 86, 122, 128, 137, 151, 168}"
ref_4.5,C4.4,WcD08D61710270100_01.ce,29,0.20323305707134676,"{17, 34, 35, 70, 81, 82, 96, 104, 105, 106, 108, 109, 128, 129, 130, 153, 154, 157, 158, 159, 160, 164, 166, 167, 168, 170, 173, 175, 193}"
ref_4.5,C4.4,WcD08D61710270115_01.ce,32,0.20178168670552274,"{2, 4, 5, 6, 34, 52, 53, 57, 58, 59, 60, 61, 63, 73, 80, 81, 82, 86, 114, 115, 116, 124, 129, 134, 135, 136, 137, 139, 165, 166, 167, 190}"
ref_4.5,C4.4,WcD08D61710270130_01.ce,48,0.21005706892911294,"{1, 2, 5, 7, 8, 9, 14, 16, 17, 18, 19, 20, 21, 22, 23, 25, 28, 35, 40, 45, 46, 47, 48, 58, 59, 65, 66, 75, 76, 78, 79, 80, 81, 82, 84, 86, 87, 88, 89, 90, 91, 98, 99, 100, 104, 136, 178, 187}"
ref_4.5,C4.4,WcD08D61710270145_01.ce,17,0.19436342023176878,"{20, 27, 52, 86, 87, 122, 133, 134, 135, 148, 156, 157, 158, 161, 162, 182, 187}"
ref_4.5,C4.5,WcD0F391710270100_08.ce,25,0.19512769141187555,"{15, 34, 35, 70, 81, 82, 96, 98, 104, 105, 106, 122, 130, 135, 153, 154, 155, 157, 158, 161, 166, 167, 168, 173, 193}"
ref_4.5,C4.5,WcD0F391710270115_08.ce,48,0.18268862965439345,"{1, 3, 4, 5, 17, 33, 34, 52, 53, 54, 57, 58, 59, 60, 61, 62, 63, 64, 65, 66, 67, 68, 69, 70, 71, 72, 79, 80, 81, 113, 114, 115, 122, 123, 128, 129, 133, 134, 135, 136, 138, 164, 165, 166, 182, 187, 191, 192}"
ref_4.5,C4.5,WcD0F391710270130_08.ce,37,0.21009649807000946,"{2, 4, 5, 6, 11, 13, 14, 15, 16, 17, 18, 19, 20, 22, 33, 37, 43, 44, 45, 63, 72, 73, 76, 77, 78, 79, 80, 81, 83, 84, 87, 88, 95, 96, 97, 101, 133}"
ref_4.5,C4.5,WcD0F391710270145_08.ce,15,0.19089486116210944,"{22, 76, 81, 82, 128, 129, 130, 143, 152, 153, 176, 177, 178, 182, 192}"
ref_4.5,C4.4,WcD08D61710270200_01.ce,50,0.20797040686051282,"{13, 14, 15, 17, 18, 20, 24, 26, 27, 28, 29, 31, 34, 36, 53, 55, 59, 71, 87, 88, 106, 107, 112, 113, 114, 115, 116, 117, 118, 119, 120, 121, 122, 123, 124, 125, 133, 134, 135, 167, 168, 169, 177, 182, 183, 187, 188, 189, 190, 191}"
ref_4.5,C4.4,WcD08D61710270215_01.ce,54,0.20637934926767068,"{20, 21, 37, 41, 42, 46, 47, 50, 51, 52, 53, 54, 55, 62, 63, 64, 65, 66, 67, 68, 69, 70, 72, 73, 81, 84, 85, 91, 92, 93, 94, 104, 111, 120, 121, 124, 125, 126, 127, 128, 129, 130, 131, 132, 133, 135, 136, 137, 143, 144, 145, 149, 171, 181}"
ref_4.5,C4.4,WcD08D61710270230_01.ce,9,0.19159074307434112,"{40, 71, 114, 125, 130, 131, 132, 178, 179}"
ref_4.5,C4.4,WcD08D61710270245_01.ce,36,0.21680218036636711,"{3, 12, 13, 14, 16, 17, 29, 37, 38, 42, 52, 61, 62, 65, 68, 71, 74, 75, 76, 78, 81, 83, 101, 105, 106, 107, 134, 135, 153, 154, 159, 160, 173, 181, 182, 183}"
ref_4.5,C4.5,WcD0F391710270200_08.ce,50,0.20539778125745053,"{7, 8, 11, 13, 20, 21, 22, 24, 27, 29, 46, 51, 52, 53, 64, 80, 81, 99, 100, 102, 104, 105, 106, 107, 108, 109, 110, 111, 112, 113, 114, 115, 116, 117, 118, 119, 120, 127, 128, 129, 156, 161, 162, 175, 176, 180, 181, 182, 183, 184}"
ref_4.5,C4.5,WcD0F391710270215_08.ce,46,0.19563392468974167,"{19, 20, 46, 48, 51, 52, 53, 54, 59, 61, 62, 63, 64, 65, 66, 67, 69, 72, 80, 86, 90, 91, 92, 93, 110, 119, 120, 123, 124, 125, 126, 127, 128, 129, 130, 131, 132, 133, 134, 135, 136, 142, 144, 148, 174, 190}"
ref_4.5,C4.5,WcD0F391710270230_08.ce,8,0.1855471465106973,"{38, 109, 123, 128, 129, 175, 176, 190}"
ref_4.5,C4.5,WcD0F391710270245_08.ce,45,0.1965506247715486,"{5, 6, 7, 10, 23, 29, 31, 45, 54, 55, 57, 60, 67, 68, 69, 74, 76, 94, 96, 98, 99, 100, 121, 127, 128, 146, 147, 152, 153, 154, 155, 156, 157, 158, 159, 160, 161, 162, 163, 164, 165, 166, 174, 175, 176}"
ref_4.5,C4.4,WcD08D61710270300_01.ce,53,0.2065524560570176,"{11, 22, 23, 37, 41, 42, 43, 44, 45, 47, 73, 74, 98, 100, 102, 104, 107, 108, 113, 115, 116, 117, 118, 119, 120, 121, 122, 123, 124, 126, 134, 144, 145, 147, 157, 164, 174, 175, 177, 178, 179, 180, 181, 182, 183, 184, 185, 186, 187, 188, 189, 190, 192}"
ref_4.5,C4.4,WcD08D61710270315_01.ce,16,0.18773571231951075,"{2, 3, 7, 8, 33, 40, 81, 82, 91, 122, 149, 162, 164, 176, 181, 182}"
ref_4.5,C4.4,WcD08D61710270330_01.ce,34,0.20469762581990034,"{21, 32, 33, 47, 55, 56, 57, 59, 60, 74, 80, 81, 95, 104, 105, 107, 108, 111, 115, 117, 118, 119, 121, 122, 126, 144, 146, 148, 149, 150, 171, 176, 177, 178}"
ref_4.5,C4.4,WcD08D61710270345_01.ce,44,0.20379111110828285,"{1, 2, 5, 7, 8, 9, 22, 29, 30, 31, 63, 64, 65, 73, 78, 79, 83, 84, 85, 86, 88, 114, 115, 116, 139, 141, 142, 145, 147, 149, 154, 156, 157, 158, 159, 160, 161, 162, 163, 165, 180, 186, 187, 188}"
ref_4.5,C4.5,WcD0F391710270300_08.ce,54,0.1971681777426098,"{15, 16, 17, 30, 35, 36, 37, 38, 40, 66, 67, 68, 91, 93, 94, 97, 99, 100, 101, 106, 108, 109, 110, 111, 112, 113, 114, 115, 117, 119, 132, 137, 138, 139, 140, 150, 158, 167, 168, 170, 171, 172, 173, 174, 175, 176, 177, 178, 179, 180, 182, 183, 190, 191}"
ref_4.5,C4.5,WcD0F391710270315_08.ce,9,0.18101608120101656,"{1, 2, 34, 76, 116, 170, 175, 176, 179}"
ref_4.5,C4.5,WcD0F391710270330_08.ce,30,0.19965268091468502,"{12, 18, 29, 30, 31, 44, 46, 52, 53, 54, 70, 78, 83, 102, 103, 105, 108, 109, 112, 114, 115, 116, 117, 119, 141, 143, 147, 159, 175, 176}"
ref_4.5,C4.5,WcD0F391710270345_08.ce,52,0.1993919648593597,"{1, 2, 6, 7, 8, 9, 10, 11, 12, 13, 14, 15, 16, 17, 18, 19, 20, 29, 30, 31, 62, 63, 64, 77, 78, 82, 83, 84, 85, 114, 115, 131, 136, 140, 141, 146, 148, 149, 153, 156, 157, 158, 159, 160, 161, 162, 164, 175, 178, 185, 186, 187}"
ref_4.5,C4.4,WcD08D61710270400_01.ce,26,0.2014474963349385,"{6, 14, 23, 24, 27, 28, 29, 30, 31, 32, 34, 35, 36, 38, 39, 46, 47, 48, 51, 52, 84, 98, 125, 126, 135, 166}"
ref_4.5,C4.4,WcD08D61710270415_01.ce,38,0.20439075574346138,"{14, 15, 17, 34, 35, 64, 70, 81, 82, 83, 95, 96, 98, 99, 104, 105, 106, 109, 110, 122, 130, 131, 135, 153, 154, 155, 157, 158, 159, 166, 167, 168, 169, 171, 176, 193, 195, 198}"
ref_4.5,C4.4,WcD08D61710270430_01.ce,35,0.20301291473475408,"{1, 2, 13, 27, 29, 30, 48, 49, 50, 53, 54, 55, 56, 57, 58, 59, 68, 76, 77, 78, 110, 111, 124, 125, 129, 130, 131, 132, 133, 161, 162, 178, 183, 187, 188}"
ref_4.5,C4.4,WcD08D61710270445_01.ce,58,0.21500733004116362,"{1, 2, 3, 4, 8, 11, 12, 13, 14, 15, 16, 17, 19, 21, 22, 30, 39, 40, 41, 42, 43, 60, 70, 71, 72, 76, 77, 78, 79, 80, 85, 86, 99, 105, 108, 109, 110, 133, 134, 135, 136, 144, 145, 146, 147, 170, 171, 172, 173, 174, 175, 176, 177, 189, 190, 191, 192, 193}"
ref_4.5,C4.5,WcD0F391710270400_08.ce,25,0.19435085735425822,"{11, 20, 21, 24, 25, 26, 27, 28, 29, 30, 31, 32, 33, 35, 36, 37, 43, 44, 45, 49, 81, 123, 132, 133, 163}"
ref_4.5,C4.5,WcD0F391710270415_08.ce,30,0.2032365615593089,"{13, 24, 25, 29, 30, 77, 78, 89, 90, 91, 100, 101, 102, 105, 117, 118, 125, 126, 130, 140, 149, 150, 156, 157, 162, 163, 164, 166, 171, 193}"
ref_4.5,C4.5,WcD0F391710270430_08.ce,42,0.19179334169311485,"{1, 2, 29, 30, 48, 49, 53, 54, 55, 56, 57, 58, 59, 60, 61, 62, 63, 64, 65, 66, 67, 68, 69, 76, 77, 78, 107, 110, 111, 125, 129, 130, 131, 132, 133, 135, 161, 162, 186, 188, 192, 194}"
ref_4.5,C4.5,WcD0F391710270445_08.ce,54,0.1998511573588262,"{1, 2, 5, 7, 9, 10, 11, 12, 13, 14, 15, 17, 18, 20, 28, 38, 39, 40, 41, 58, 68, 70, 74, 75, 76, 77, 78, 83, 94, 103, 106, 107, 108, 127, 131, 132, 133, 139, 142, 143, 144, 145, 169, 170, 171, 172, 173, 174, 175, 187, 189, 190, 192, 193}"
ref_4.5,C4.4,WcD08D61710270500_01.ce,120,0.2883282191702583,"{1, 2, 3, 4, 5, 6, 7, 9, 10, 13, 20, 23, 24, 25, 26, 27, 30, 33, 37, 39, 40, 41, 43, 44, 45, 46, 47, 48, 49, 50, 51, 52, 53, 54, 55, 56, 57, 58, 59, 60, 61, 62, 63, 64, 66, 69, 70, 73, 75, 77, 79, 82, 83, 84, 85, 86, 87, 88, 89, 90, 91, 92, 93, 101, 105, 106, 107, 108, 109, 110, 111, 112, 113, 114, 115, 116, 117, 118, 119, 121, 122, 125, 127, 128, 131, 132, 133, 134, 135, 136, 137, 138, 139, 140, 141, 145, 147, 148, 149, 150, 151, 152, 156, 157, 160, 168, 169, 171, 178, 179, 180, 181, 184, 185, 186, 187, 188, 189, 190, 191}"
ref_4.5,C4.4,WcD08D61710270515_01.ce,115,0.28879096755957034,"{1, 2, 3, 4, 5, 7, 10, 11, 13, 14, 16, 17, 24, 25, 26, 31, 32, 33, 34, 35, 37, 38, 39, 40, 41, 42, 43, 44, 45, 46, 47, 49, 52, 53, 54, 55, 56, 58, 60, 67, 68, 70, 72, 74, 75, 76, 78, 79, 81, 82, 86, 87, 88, 91, 93, 95, 96, 97, 98, 99, 103, 104, 107, 108, 109, 110, 111, 115, 116, 117, 118, 119, 120, 121, 122, 123, 124, 129, 130, 132, 133, 136, 137, 138, 140, 141, 142, 143, 144, 145, 146, 148, 150, 151, 152, 154, 155, 157, 159, 160, 161, 162, 163, 164, 165, 166, 167, 173, 175, 176, 179, 182, 185, 188, 190}"
ref_4.5,C4.4,WcD08D61710270530_01.ce,154,0.2878814962923788,"{1, 3, 4, 5, 6, 7, 8, 9, 12, 13, 15, 19, 21, 22, 23, 24, 25, 26, 28, 30, 36, 38, 39, 40, 43, 44, 45, 46, 47, 48, 51, 52, 55, 56, 57, 58, 59, 60, 61, 62, 63, 64, 65, 66, 67, 68, 69, 71, 72, 73, 74, 75, 76, 77, 78, 79, 80, 81, 82, 83, 84, 85, 86, 88, 91, 92, 93, 94, 95, 96, 97, 99, 100, 101, 102, 103, 104, 105, 106, 107, 108, 109, 110, 111, 112, 113, 114, 115, 116, 117, 120, 121, 122, 123, 124, 125, 126, 127, 128, 129, 130, 132, 133, 134, 135, 136, 139, 140, 141, 142, 143, 144, 145, 146, 147, 148, 149, 150, 151, 152, 153, 155, 156, 157, 158, 159, 160, 162, 163, 164, 165, 166, 169, 170, 171, 172, 173, 174, 175, 176, 182, 185, 186, 187, 188, 189, 190, 191, 192, 193, 194, 195, 196, 199}"
ref_4.5,C4.4,WcD08D61710270545_01.ce,130,0.28279487435667344,"{1, 2, 3, 4, 5, 6, 7, 8, 9, 12, 13, 14, 15, 16, 21, 22, 29, 33, 34, 37, 38, 39, 41, 43, 44, 46, 48, 54, 55, 56, 57, 58, 59, 60, 61, 62, 63, 64, 65, 67, 68, 69, 70, 71, 72, 73, 74, 75, 76, 78, 79, 81, 82, 83, 85, 87, 88, 91, 94, 95, 96, 97, 99, 100, 101, 102, 103, 104, 105, 107, 108, 110, 112, 113, 114, 115, 118, 127, 128, 129, 132, 134, 137, 138, 139, 140, 141, 144, 145, 146, 147, 148, 149, 150, 151, 152, 153, 154, 156, 157, 158, 159, 160, 161, 163, 164, 165, 166, 167, 168, 169, 170, 171, 174, 175, 176, 177, 178, 180, 181, 182, 184, 185, 186, 187, 188, 189, 190, 191, 192}"
ref_4.5,C4.5,WcD0F391710270500_08.ce,133,0.2787193204125502,"{1, 2, 3, 4, 5, 7, 8, 11, 12, 13, 17, 19, 20, 21, 22, 23, 24, 25, 26, 28, 29, 31, 33, 34, 38, 41, 42, 43, 44, 45, 46, 47, 48, 49, 50, 51, 52, 53, 54, 55, 56, 57, 58, 59, 60, 61, 64, 65, 66, 68, 71, 73, 75, 78, 80, 81, 82, 83, 84, 85, 86, 87, 88, 89, 90, 91, 92, 94, 95, 97, 100, 101, 103, 104, 105, 106, 107, 108, 109, 110, 111, 112, 113, 114, 115, 116, 117, 120, 124, 125, 126, 127, 130, 131, 132, 133, 134, 135, 136, 137, 138, 139, 144, 145, 149, 151, 153, 154, 155, 156, 157, 158, 159, 164, 165, 168, 169, 171, 175, 176, 180, 182, 183, 184, 185, 186, 187, 188, 189, 190, 191, 192, 193}"
ref_4.5,C4.5,WcD0F391710270515_08.ce,139,0.2945489557225411,"{1, 3, 6, 7, 8, 9, 10, 12, 13, 14, 16, 20, 21, 22, 23, 25, 27, 28, 29, 30, 31, 34, 37, 38, 39, 43, 44, 45, 46, 47, 48, 49, 50, 51, 52, 54, 56, 57, 58, 59, 60, 62, 63, 64, 65, 66, 68, 71, 72, 73, 74, 75, 76, 77, 78, 79, 80, 81, 83, 84, 85, 86, 87, 89, 90, 91, 92, 93, 95, 97, 98, 99, 101, 102, 103, 105, 106, 107, 110, 112, 113, 114, 115, 116, 117, 118, 119, 120, 123, 124, 128, 129, 130, 132, 134, 135, 136, 137, 140, 141, 142, 143, 145, 146, 148, 150, 156, 157, 158, 159, 160, 161, 162, 163, 164, 166, 167, 168, 169, 171, 172, 173, 174, 176, 177, 178, 179, 180, 181, 182, 186, 187, 188, 189, 190, 191, 192, 193, 194}"
ref_4.5,C4.5,WcD0F391710270530_08.ce,169,0.29425059673087944,"{1, 2, 3, 5, 7, 8, 9, 10, 11, 12, 13, 14, 15, 16, 18, 19, 21, 24, 28, 29, 30, 31, 32, 33, 34, 35, 36, 37, 38, 39, 40, 41, 42, 43, 44, 45, 46, 47, 48, 49, 50, 51, 52, 53, 54, 55, 56, 57, 58, 59, 60, 61, 62, 63, 64, 65, 66, 67, 68, 69, 70, 71, 72, 73, 74, 75, 76, 77, 79, 83, 85, 86, 87, 88, 89, 90, 91, 92, 93, 94, 95, 96, 97, 98, 99, 100, 101, 102, 103, 104, 105, 106, 107, 108, 109, 111, 113, 114, 115, 116, 117, 118, 119, 120, 121, 122, 123, 124, 125, 126, 127, 128, 129, 132, 133, 134, 135, 136, 137, 138, 139, 140, 141, 142, 144, 145, 146, 147, 148, 149, 150, 151, 152, 153, 154, 155, 156, 157, 158, 159, 161, 162, 163, 165, 166, 167, 168, 169, 170, 171, 173, 175, 176, 177, 178, 180, 181, 182, 183, 184, 185, 186, 187, 188, 189, 190, 191, 192, 193}"
ref_4.5,C4.5,WcD0F391710270545_08.ce,124,0.2883019971939308,"{1, 2, 3, 4, 5, 6, 7, 11, 12, 13, 14, 15, 16, 22, 26, 28, 29, 30, 32, 33, 34, 37, 39, 42, 43, 46, 47, 53, 54, 55, 57, 58, 59, 60, 61, 62, 63, 64, 65, 67, 68, 69, 70, 71, 72, 73, 74, 75, 77, 78, 79, 80, 81, 84, 85, 87, 88, 89, 90, 95, 96, 98, 99, 100, 101, 102, 103, 104, 106, 107, 108, 109, 110, 111, 112, 114, 118, 119, 121, 122, 127, 130, 132, 133, 137, 140, 143, 146, 147, 148, 149, 150, 151, 152, 153, 156, 157, 158, 160, 161, 162, 163, 164, 165, 166, 167, 169, 170, 173, 174, 175, 177, 180, 184, 185, 186, 187, 188, 189, 190, 191, 192, 193, 194}"
ref_4.5,C4.4,WcD08D61710270600_01.ce,53,0.1935055288269124,"{1, 2, 3, 4, 5, 6, 7, 8, 9, 10, 11, 12, 13, 14, 21, 26, 27, 38, 47, 52, 54, 55, 60, 61, 83, 85, 112, 113, 114, 115, 116, 117, 118, 119, 120, 121, 122, 123, 124, 127, 144, 145, 148, 150, 151, 152, 154, 170, 171, 174, 175, 189, 190}"
ref_4.5,C4.4,WcD08D61710270615_01.ce,31,0.19269011558825852,"{1, 2, 3, 4, 5, 6, 7, 8, 9, 16, 25, 45, 49, 50, 51, 52, 59, 72, 98, 101, 102, 103, 119, 120, 130, 135, 138, 190, 191, 192, 197}"
ref_4.5,C4.4,WcD08D61710270630_01.ce,8,0.21075003818206287,"{60, 110, 124, 131, 134, 140, 160, 190}"
ref_4.5,C4.4,WcD08D61710270645_01.ce,37,0.24021174828324934,"{4, 9, 15, 17, 18, 27, 28, 29, 30, 31, 35, 43, 44, 47, 64, 81, 89, 91, 96, 118, 123, 125, 126, 130, 131, 134, 138, 142, 143, 151, 154, 155, 169, 173, 177, 181, 182}"
ref_4.5,C4.5,WcD0F391710270600_08.ce,53,0.19433857516871028,"{1, 2, 3, 4, 5, 6, 7, 8, 9, 10, 11, 12, 18, 23, 25, 49, 51, 52, 58, 78, 82, 109, 110, 111, 112, 113, 114, 115, 116, 117, 118, 119, 120, 121, 124, 141, 142, 145, 147, 148, 149, 151, 167, 168, 171, 172, 173, 187, 189, 190, 191, 192, 193}"
ref_4.5,C4.5,WcD0F391710270615_08.ce,33,0.18045649782294979,"{1, 2, 3, 4, 12, 20, 31, 40, 44, 45, 46, 47, 48, 53, 54, 67, 77, 93, 94, 97, 98, 114, 115, 116, 117, 124, 125, 130, 133, 185, 187, 191, 192}"
ref_4.5,C4.5,WcD0F391710270630_08.ce,5,0.2080255375721109,"{19, 131, 190, 63, 192}"
ref_4.5,C4.5,WcD0F391710270645_08.ce,33,0.23876097008644323,"{1, 4, 7, 12, 13, 15, 24, 25, 26, 27, 28, 32, 40, 44, 63, 86, 107, 115, 120, 127, 128, 130, 135, 140, 144, 149, 151, 167, 170, 173, 174, 179, 183}"
ref_4.5,C4.4,WcD08D61710270700_01.ce,46,0.2487249509142871,"{1, 2, 3, 4, 5, 6, 7, 8, 10, 23, 28, 35, 38, 39, 40, 41, 43, 61, 70, 71, 77, 78, 79, 80, 81, 82, 83, 84, 112, 119, 120, 121, 122, 123, 130, 137, 138, 152, 153, 154, 176, 187, 188, 189, 190, 191}"
ref_4.5,C4.4,WcD08D61710270715_01.ce,153,0.29415075364307197,"{1, 2, 3, 4, 5, 6, 7, 8, 10, 11, 12, 13, 14, 15, 16, 17, 18, 19, 22, 23, 24, 26, 28, 29, 30, 31, 32, 33, 34, 35, 36, 37, 39, 40, 41, 42, 43, 46, 47, 48, 49, 50, 51, 52, 53, 54, 55, 56, 58, 59, 60, 61, 62, 63, 64, 68, 70, 71, 73, 75, 76, 80, 82, 83, 84, 85, 86, 87, 88, 89, 91, 92, 93, 94, 95, 96, 100, 101, 102, 103, 104, 105, 106, 107, 108, 109, 114, 115, 116, 118, 119, 120, 121, 122, 123, 124, 125, 126, 128, 129, 130, 131, 132, 133, 134, 135, 136, 137, 138, 139, 140, 141, 142, 143, 144, 145, 146, 147, 148, 149, 150, 152, 153, 154, 155, 156, 160, 162, 163, 165, 167, 168, 169, 170, 171, 172, 173, 174, 176, 177, 178, 180, 181, 183, 185, 186, 187, 188, 189, 190, 192, 195, 196}"
ref_4.5,C4.4,WcD08D61710270730_01.ce,8,0.18209313158698937,"{1, 6, 9, 17, 29, 117, 125, 192}"
ref_4.5,C4.4,WcD08D61710270745_01.ce,8,0.18928231411099314,"{35, 38, 50, 83, 114, 115, 117, 126}"
ref_4.5,C4.5,WcD0F391710270700_08.ce,50,0.24463149528302813,"{1, 2, 3, 4, 6, 20, 26, 34, 35, 36, 37, 38, 56, 66, 71, 74, 75, 76, 77, 78, 79, 80, 107, 111, 116, 117, 118, 119, 123, 126, 128, 133, 134, 148, 149, 150, 161, 163, 172, 183, 184, 185, 186, 187, 188, 189, 190, 191, 192, 193}"
ref_4.5,C4.5,WcD0F391710270715_08.ce,133,0.29308097747827544,"{2, 3, 4, 5, 6, 8, 9, 10, 11, 12, 13, 14, 15, 18, 19, 20, 23, 24, 25, 26, 27, 29, 31, 32, 33, 34, 35, 36, 37, 39, 41, 42, 43, 44, 45, 46, 47, 48, 49, 50, 51, 52, 53, 54, 56, 58, 59, 60, 62, 66, 68, 69, 71, 77, 78, 80, 81, 83, 85, 86, 87, 88, 89, 92, 95, 96, 97, 98, 99, 100, 101, 102, 103, 104, 105, 108, 109, 111, 113, 114, 115, 116, 117, 118, 119, 120, 121, 123, 124, 125, 126, 127, 128, 129, 130, 131, 132, 133, 134, 135, 136, 137, 138, 139, 140, 141, 142, 144, 147, 151, 155, 156, 157, 158, 160, 163, 164, 165, 166, 168, 169, 171, 172, 176, 178, 180, 181, 182, 183, 185, 187, 188, 191}"
ref_4.5,C4.5,WcD0F391710270730_08.ce,6,0.1547960521467991,"{4, 7, 15, 30, 72, 123}"
ref_4.5,C4.5,WcD0F391710270745_08.ce,10,0.1650447298779715,"{16, 27, 36, 37, 49, 79, 81, 112, 115, 124}"
ref_4.5,C4.4,WcD08D61710270800_01.ce,47,0.21264777183158734,"{1, 2, 3, 4, 5, 6, 7, 8, 19, 28, 35, 36, 37, 40, 50, 58, 61, 62, 70, 74, 76, 77, 78, 81, 91, 112, 133, 134, 135, 141, 142, 145, 152, 154, 155, 156, 158, 159, 160, 161, 162, 163, 165, 174, 177, 178, 182}"
ref_4.5,C4.4,WcD08D61710270815_01.ce,1,0.18756154520411453,{154}
ref_4.5,C4.4,WcD08D61710270830_01.ce,8,0.2017078148308698,"{80, 97, 117, 127, 128, 129, 130, 161}"
ref_4.5,C4.4,WcD08D61710270845_01.ce,23,0.21722040634210862,"{19, 32, 34, 39, 52, 60, 78, 108, 111, 112, 113, 125, 133, 134, 135, 136, 137, 138, 140, 148, 173, 176, 191}"
ref_4.5,C4.5,WcD0F391710270800_08.ce,32,0.19633313755352377,"{1, 2, 3, 4, 32, 33, 46, 48, 54, 55, 57, 58, 61, 73, 74, 78, 130, 131, 137, 138, 148, 151, 154, 155, 156, 157, 158, 159, 170, 171, 174, 178}"
ref_4.5,C4.5,WcD0F391710270815_08.ce,3,0.1577492867474675,"{4, 7, 186}"
ref_4.5,C4.5,WcD0F391710270830_08.ce,9,0.18178060632620327,"{11, 21, 93, 124, 125, 126, 127, 158, 187}"
ref_4.5,C4.5,WcD0F391710270845_08.ce,18,0.1972395664924019,"{26, 28, 30, 57, 73, 103, 106, 108, 127, 128, 129, 130, 131, 132, 142, 170, 171, 185}"
ref_4.5,C4.4,WcD08D61710270900_01.ce,27,0.21776594084297976,"{1, 2, 3, 4, 5, 6, 7, 8, 9, 10, 11, 12, 26, 53, 60, 62, 63, 85, 86, 87, 88, 115, 137, 152, 167, 169, 186}"
ref_4.5,C4.4,WcD08D61710270915_01.ce,10,0.20069354731690178,"{39, 40, 57, 71, 79, 80, 82, 101, 102, 103}"
ref_4.5,C4.4,WcD08D61710270930_01.ce,26,0.20931408077787353,"{23, 24, 117, 120, 121, 122, 123, 124, 125, 126, 127, 128, 129, 130, 131, 132, 133, 134, 135, 139, 141, 152, 160, 166, 174, 177}"
ref_4.5,C4.4,WcD08D61710270945_01.ce,1,0.11893962207588865,{61}
ref_4.5,C4.5,WcD0F391710270900_08.ce,17,0.20938574452478198,"{1, 2, 3, 4, 7, 8, 49, 56, 59, 82, 101, 133, 148, 149, 163, 165, 166}"
ref_4.5,C4.5,WcD0F391710270915_08.ce,6,0.1836407053119273,"{38, 55, 69, 89, 100, 101}"
ref_4.5,C4.5,WcD0F391710270930_08.ce,27,0.19951437991223403,"{18, 51, 67, 113, 116, 117, 118, 119, 120, 122, 123, 124, 125, 126, 127, 128, 129, 130, 131, 136, 137, 148, 156, 163, 170, 171, 174}"
ref_4.5,C4.5,WcD0F391710270945_08.ce,0,0.11416047094784189,set()
ref_4.5,C4.4,WcD08D61710271000_01.ce,18,0.13364857287827805,"{1, 2, 3, 4, 5, 6, 7, 8, 9, 10, 11, 141, 151, 155, 159, 160, 161, 173}"
ref_4.5,C4.4,WcD08D61710271015_01.ce,7,0.16238463113194399,"{29, 53, 54, 132, 170, 190, 194}"
ref_4.5,C4.4,WcD08D61710271030_01.ce,19,0.17446455996601554,"{7, 106, 107, 108, 123, 124, 130, 131, 137, 138, 141, 144, 145, 146, 148, 175, 177, 184, 191}"
ref_4.5,C4.4,WcD08D61710271045_01.ce,37,0.21051191219378956,"{1, 3, 12, 16, 23, 24, 25, 26, 30, 31, 38, 43, 50, 63, 64, 80, 81, 88, 94, 107, 114, 115, 121, 131, 132, 133, 143, 148, 151, 158, 159, 160, 167, 168, 169, 181, 182}"
ref_4.5,C4.5,WcD0F391710271000_08.ce,10,0.12831803267712508,"{1, 2, 3, 4, 144, 148, 152, 153, 154, 166}"
ref_4.5,C4.5,WcD0F391710271015_08.ce,2,0.1612075356211613,"{20, 44}"
ref_4.5,C4.5,WcD0F391710271030_08.ce,16,0.1675926508369884,"{1, 101, 102, 103, 104, 117, 125, 132, 135, 138, 139, 140, 141, 170, 171, 178}"
ref_4.5,C4.5,WcD0F391710271045_08.ce,39,0.2052442695043077,"{3, 6, 11, 12, 16, 23, 24, 25, 26, 30, 31, 32, 43, 44, 50, 51, 63, 64, 80, 81, 88, 94, 102, 107, 115, 131, 132, 133, 134, 143, 149, 151, 159, 160, 167, 168, 169, 181, 182}"
ref_4.5,C4.4,WcD08D61710271100_01.ce,43,0.2266213288883231,"{1, 2, 3, 4, 5, 6, 13, 23, 24, 57, 58, 61, 69, 71, 75, 80, 89, 98, 105, 113, 120, 126, 127, 129, 130, 134, 137, 139, 141, 142, 144, 149, 150, 154, 160, 166, 169, 170, 177, 178, 184, 186, 187}"
ref_4.5,C4.4,WcD08D61710271115_01.ce,45,0.19945387939804946,"{1, 2, 9, 16, 18, 21, 40, 47, 49, 58, 59, 64, 69, 70, 71, 72, 74, 76, 77, 81, 82, 83, 84, 85, 86, 87, 88, 91, 93, 94, 96, 109, 120, 121, 135, 136, 137, 138, 144, 150, 151, 182, 183, 185, 186}"
ref_4.5,C4.4,WcD08D61710271130_01.ce,14,0.15705064619930925,"{15, 28, 32, 45, 46, 47, 48, 49, 85, 130, 133, 134, 140, 145}"
ref_4.5,C4.4,WcD08D61710271145_01.ce,8,0.143185206787855,"{15, 17, 21, 23, 85, 100, 102, 123}"
ref_4.5,C4.5,WcD0F391710271100_08.ce,39,0.2154881320431817,"{1, 2, 3, 20, 21, 22, 42, 55, 58, 60, 66, 69, 86, 95, 102, 110, 111, 114, 116, 123, 124, 125, 126, 127, 131, 133, 138, 139, 141, 142, 147, 157, 167, 174, 175, 181, 183, 184, 192}"
ref_4.5,C4.5,WcD0F391710271115_08.ce,38,0.18159433621069312,"{6, 18, 31, 37, 44, 45, 46, 47, 56, 62, 66, 68, 69, 70, 71, 73, 74, 77, 79, 80, 81, 82, 83, 84, 85, 90, 91, 93, 106, 118, 133, 134, 135, 142, 148, 157, 180, 183}"
ref_4.5,C4.5,WcD0F391710271130_08.ce,10,0.14323705083359714,"{10, 23, 27, 41, 42, 43, 44, 129, 135, 140}"
ref_4.5,C4.5,WcD0F391710271145_08.ce,8,0.12956276525424398,"{8, 185, 78, 93, 94, 95, 117, 123}"
ref_4.5,C4.4,WcD08D61710271200_01.ce,9,0.18131066137727508,"{2, 3, 4, 5, 40, 58, 78, 107, 108}"
ref_4.5,C4.4,WcD08D61710271215_01.ce,12,0.16478796410951696,"{7, 38, 39, 60, 61, 62, 72, 134, 140, 177, 192, 193}"
ref_4.5,C4.4,WcD08D61710271230_01.ce,17,0.20111595595791104,"{20, 22, 27, 28, 49, 55, 68, 71, 144, 150, 151, 155, 161, 163, 169, 184, 191}"
ref_4.5,C4.4,WcD08D61710271245_01.ce,16,0.1850202579787195,"{5, 17, 101, 118, 119, 120, 121, 135, 139, 143, 146, 147, 162, 167, 172, 182}"
ref_4.5,C4.5,WcD0F391710271200_08.ce,12,0.16368693992563937,"{1, 2, 3, 4, 38, 56, 59, 76, 106, 122, 134, 187}"
ref_4.5,C4.5,WcD0F391710271215_08.ce,13,0.15872950123410182,"{2, 34, 36, 56, 57, 68, 129, 135, 172, 173, 180, 187, 188}"
ref_4.5,C4.5,WcD0F391710271230_08.ce,18,0.1881405267379954,"{15, 16, 23, 44, 50, 63, 66, 102, 139, 146, 150, 154, 156, 158, 179, 185, 186, 187}"
ref_4.5,C4.5,WcD0F391710271245_08.ce,10,0.15594670088896564,"{5, 28, 118, 119, 120, 135, 136, 139, 158, 172}"
ref_4.5,C4.4,WcD08D61710271300_01.ce,37,0.20862969799534797,"{1, 2, 3, 4, 5, 6, 7, 8, 21, 24, 27, 40, 48, 66, 67, 70, 72, 75, 79, 80, 95, 98, 99, 107, 127, 136, 140, 143, 144, 145, 153, 155, 156, 182, 193, 194, 195}"
ref_4.5,C4.4,WcD08D61710271315_01.ce,31,0.20857514040162284,"{1, 2, 29, 38, 47, 58, 59, 68, 69, 73, 74, 75, 102, 112, 138, 142, 146, 147, 149, 150, 151, 152, 153, 156, 157, 158, 163, 176, 184, 185, 186}"
ref_4.5,C4.4,WcD08D61710271330_01.ce,56,0.23764233303605847,"{4, 5, 6, 7, 8, 10, 14, 16, 17, 18, 19, 22, 25, 26, 28, 30, 33, 45, 46, 49, 56, 63, 76, 99, 100, 101, 102, 103, 105, 111, 113, 115, 120, 121, 126, 128, 129, 132, 134, 138, 139, 145, 148, 161, 162, 167, 168, 169, 170, 171, 177, 179, 180, 183, 188, 192}"
ref_4.5,C4.4,WcD08D61710271345_01.ce,20,0.2121196342610577,"{3, 4, 14, 25, 41, 75, 100, 119, 134, 136, 137, 140, 149, 160, 161, 162, 179, 180, 181, 195}"
ref_4.5,C4.5,WcD0F391710271300_08.ce,31,0.19732457358685462,"{1, 2, 3, 18, 35, 44, 62, 65, 71, 75, 90, 94, 102, 122, 123, 136, 138, 139, 140, 141, 148, 151, 152, 160, 177, 188, 189, 190, 191, 192, 193}"
ref_4.5,C4.5,WcD0F391710271315_08.ce,29,0.19741518317093118,"{26, 45, 56, 57, 66, 71, 72, 99, 135, 139, 140, 143, 145, 146, 147, 148, 149, 150, 153, 154, 155, 160, 181, 182, 184, 190, 191, 192, 193}"
ref_4.5,C4.5,WcD0F391710271330_08.ce,47,0.22709725321359145,"{1, 2, 9, 10, 11, 12, 13, 15, 16, 19, 21, 23, 24, 26, 38, 42, 49, 56, 58, 66, 81, 94, 95, 96, 99, 105, 114, 119, 120, 121, 122, 125, 131, 132, 138, 141, 146, 161, 162, 163, 164, 170, 172, 173, 176, 181, 189}"
ref_4.5,C4.5,WcD0F391710271345_08.ce,21,0.19960782556850945,"{5, 32, 81, 110, 127, 128, 129, 131, 132, 140, 151, 152, 153, 156, 170, 171, 172, 180, 184, 185, 186}"
ref_4.5,C4.4,WcD08D61710271400_01.ce,64,0.22960360398171797,"{1, 2, 3, 4, 5, 6, 7, 8, 9, 22, 28, 29, 30, 32, 40, 42, 44, 46, 49, 50, 54, 59, 65, 66, 67, 68, 73, 74, 75, 76, 77, 78, 79, 80, 87, 88, 90, 93, 101, 103, 108, 110, 112, 116, 121, 127, 128, 134, 135, 136, 144, 153, 156, 157, 158, 166, 176, 177, 178, 179, 180, 181, 192, 193}"
ref_4.5,C4.4,WcD08D61710271415_01.ce,43,0.20763269549015698,"{3, 7, 8, 9, 23, 24, 30, 42, 45, 46, 47, 53, 56, 57, 58, 62, 63, 64, 65, 66, 67, 68, 69, 70, 71, 73, 75, 91, 94, 95, 96, 98, 99, 107, 108, 113, 119, 125, 129, 132, 133, 134, 135}"
ref_4.5,C4.4,WcD08D61710271430_01.ce,37,0.18959187324960414,"{38, 39, 40, 44, 45, 46, 47, 48, 54, 55, 56, 61, 63, 69, 78, 79, 80, 81, 82, 83, 84, 85, 86, 87, 88, 89, 90, 99, 115, 116, 118, 119, 121, 126, 167, 187, 188}"
ref_4.5,C4.4,WcD08D61710271445_01.ce,10,0.18312702132167352,"{11, 19, 25, 35, 168, 169, 170, 171, 172, 196}"
ref_4.5,C4.5,WcD0F391710271400_08.ce,55,0.22089755216284632,"{1, 2, 3, 4, 5, 6, 7, 27, 28, 29, 30, 39, 40, 44, 45, 48, 52, 63, 66, 71, 72, 73, 74, 75, 76, 77, 78, 80, 85, 86, 88, 89, 99, 100, 106, 107, 108, 110, 115, 119, 125, 126, 132, 133, 134, 151, 153, 155, 156, 175, 176, 177, 178, 179, 191}"
ref_4.5,C4.5,WcD0F391710271415_08.ce,40,0.20191354285324284,"{3, 4, 8, 9, 24, 31, 45, 46, 47, 56, 57, 58, 59, 62, 63, 64, 65, 66, 67, 68, 69, 70, 71, 72, 73, 74, 75, 78, 94, 95, 98, 99, 107, 108, 110, 115, 125, 126, 133, 134}"
ref_4.5,C4.5,WcD0F391710271430_08.ce,32,0.19778700817945513,"{36, 37, 40, 41, 42, 43, 44, 45, 51, 53, 58, 59, 68, 70, 73, 75, 76, 77, 78, 79, 80, 81, 82, 85, 86, 87, 96, 113, 116, 119, 135, 185}"
ref_4.5,C4.5,WcD0F391710271445_08.ce,11,0.18399069904644996,"{6, 14, 58, 82, 162, 163, 164, 165, 166, 167, 191}"
ref_4.5,C4.4,WcD08D61710271500_01.ce,19,0.170563418537144,"{1, 2, 3, 4, 5, 6, 9, 12, 13, 14, 18, 19, 20, 41, 55, 91, 113, 174, 175}"
ref_4.5,C4.4,WcD08D61710271515_01.ce,6,0.178269535713799,"{163, 187, 64, 197, 199, 200}"
ref_4.5,C4.4,WcD08D61710271530_01.ce,9,0.19053795518629815,"{2, 4, 5, 20, 88, 100, 106, 111, 180}"
ref_4.5,C4.4,WcD08D61710271545_01.ce,22,0.20226401796341717,"{13, 14, 26, 27, 40, 47, 56, 86, 87, 88, 110, 128, 138, 140, 144, 145, 146, 147, 157, 160, 175, 182}"
ref_4.5,C4.5,WcD0F391710271500_08.ce,14,0.16692162376101535,"{1, 2, 3, 9, 11, 14, 16, 17, 52, 88, 89, 139, 171, 172}"
ref_4.5,C4.5,WcD0F391710271515_08.ce,3,0.1591725409907147,"{57, 190, 191}"
ref_4.5,C4.5,WcD0F391710271530_08.ce,12,0.16785294339810766,"{1, 2, 4, 5, 20, 21, 88, 93, 100, 111, 112, 180}"
ref_4.5,C4.5,WcD0F391710271545_08.ce,18,0.17724590780879965,"{11, 23, 29, 37, 44, 53, 69, 84, 85, 96, 122, 137, 141, 142, 144, 154, 172, 179}"
ref_4.5,C4.4,WcD08D61710271600_01.ce,15,0.21290115302528656,"{1, 2, 3, 4, 5, 6, 7, 8, 74, 95, 96, 105, 131, 144, 186}"
ref_4.5,C4.4,WcD08D61710271615_01.ce,25,0.21107619956090926,"{31, 43, 46, 56, 58, 59, 65, 66, 67, 89, 90, 91, 99, 105, 124, 125, 126, 137, 140, 168, 169, 177, 187, 188, 190}"
ref_4.5,C4.4,WcD08D61710271630_01.ce,43,0.24383996318744133,"{12, 13, 16, 22, 23, 29, 45, 46, 47, 49, 55, 57, 68, 79, 92, 93, 94, 95, 98, 101, 102, 103, 104, 105, 106, 131, 132, 133, 134, 135, 136, 137, 138, 151, 154, 159, 161, 165, 166, 167, 168, 169, 187}"
ref_4.5,C4.4,WcD08D61710271645_01.ce,47,0.22934093441505124,"{2, 3, 4, 5, 6, 7, 8, 9, 10, 11, 19, 22, 23, 24, 43, 45, 46, 67, 70, 71, 72, 83, 88, 90, 96, 113, 116, 117, 118, 119, 120, 121, 122, 123, 126, 127, 128, 138, 139, 140, 142, 144, 152, 171, 177, 178, 180}"
ref_4.5,C4.5,WcD0F391710271600_08.ce,12,0.2017549175697112,"{1, 2, 3, 4, 5, 86, 93, 102, 114, 129, 141, 183}"
ref_4.5,C4.5,WcD0F391710271615_08.ce,31,0.2011630723826522,"{29, 41, 44, 46, 53, 56, 58, 61, 63, 64, 65, 66, 78, 87, 88, 89, 97, 98, 103, 122, 123, 124, 136, 138, 157, 160, 166, 167, 185, 186, 193}"
ref_4.5,C4.5,WcD0F391710271630_08.ce,46,0.24674766934442385,"{8, 9, 18, 20, 25, 34, 37, 41, 42, 43, 51, 53, 62, 64, 70, 75, 88, 89, 90, 91, 97, 98, 99, 100, 101, 120, 127, 129, 130, 131, 132, 134, 145, 147, 155, 157, 161, 162, 163, 164, 165, 173, 183, 191, 192, 193}"
ref_4.5,C4.5,WcD0F391710271645_08.ce,45,0.2302506375065563,"{1, 2, 3, 4, 5, 6, 18, 19, 38, 40, 41, 43, 63, 65, 66, 67, 68, 78, 79, 84, 85, 86, 91, 108, 111, 112, 113, 114, 115, 116, 117, 118, 121, 122, 123, 124, 134, 139, 166, 173, 175, 188, 189, 190, 192}"
ref_4.5,C4.4,WcD08D61710271700_01.ce,23,0.17819030619939663,"{1, 2, 3, 4, 5, 6, 7, 8, 9, 10, 11, 18, 31, 33, 44, 84, 101, 114, 140, 156, 158, 167, 193}"
ref_4.5,C4.4,WcD08D61710271715_01.ce,35,0.1887136003880225,"{42, 53, 63, 66, 71, 74, 75, 81, 82, 83, 84, 95, 96, 97, 98, 99, 100, 101, 102, 103, 105, 106, 107, 119, 122, 129, 144, 148, 156, 157, 158, 160, 174, 175, 185}"
ref_4.5,C4.4,WcD08D61710271730_01.ce,32,0.215296683990865,"{5, 6, 16, 20, 30, 31, 32, 37, 51, 60, 61, 62, 65, 69, 70, 74, 75, 80, 89, 104, 110, 111, 127, 128, 140, 147, 148, 149, 150, 165, 193, 194}"
ref_4.5,C4.4,WcD08D61710271745_01.ce,48,0.2178178987109865,"{1, 24, 25, 26, 27, 29, 30, 35, 36, 37, 38, 39, 43, 51, 52, 53, 56, 58, 60, 61, 66, 67, 71, 75, 76, 92, 93, 94, 108, 113, 114, 115, 136, 137, 158, 167, 168, 173, 174, 185, 186, 187, 188, 189, 190, 191, 192, 193}"
ref_4.5,C4.5,WcD0F391710271700_08.ce,17,0.17815970091814964,"{1, 2, 3, 4, 6, 24, 26, 36, 78, 105, 106, 107, 133, 149, 151, 160, 182}"
ref_4.5,C4.5,WcD0F391710271715_08.ce,31,0.19084545771085484,"{61, 69, 71, 72, 73, 76, 80, 81, 82, 94, 95, 96, 97, 98, 99, 100, 101, 104, 105, 117, 120, 127, 146, 154, 155, 166, 172, 173, 183, 190, 192}"
ref_4.5,C4.5,WcD0F391710271730_08.ce,36,0.21072365799621418,"{1, 2, 12, 16, 27, 28, 33, 40, 48, 49, 50, 56, 57, 58, 61, 65, 66, 67, 70, 71, 77, 78, 84, 85, 106, 107, 123, 124, 137, 144, 145, 146, 161, 174, 190, 191}"
ref_4.5,C4.5,WcD0F391710271745_08.ce,53,0.2049226434138711,"{13, 21, 22, 23, 24, 26, 27, 30, 32, 33, 34, 35, 40, 41, 42, 47, 48, 49, 50, 51, 58, 59, 63, 64, 65, 66, 67, 68, 72, 73, 83, 87, 90, 93, 106, 111, 134, 143, 152, 155, 164, 165, 171, 172, 177, 182, 183, 185, 186, 187, 188, 189, 190}"
ref_4.5,C4.4,WcD08D61710271800_01.ce,53,0.23364745533266373,"{1, 2, 3, 4, 5, 6, 7, 13, 15, 17, 18, 20, 21, 22, 30, 31, 37, 44, 48, 58, 60, 63, 70, 77, 85, 87, 88, 90, 91, 92, 93, 95, 96, 97, 101, 102, 105, 106, 107, 108, 109, 112, 113, 114, 127, 132, 138, 139, 140, 144, 172, 174, 192}"
ref_4.5,C4.4,WcD08D61710271815_01.ce,14,0.1791587909419242,"{5, 23, 24, 30, 43, 68, 78, 84, 107, 140, 141, 145, 186, 187}"
ref_4.5,C4.4,WcD08D61710271830_01.ce,25,0.19505218018540674,"{38, 53, 54, 59, 64, 68, 74, 77, 78, 83, 84, 92, 93, 119, 140, 145, 150, 153, 162, 163, 166, 167, 168, 173, 174}"
ref_4.5,C4.4,WcD08D61710271845_01.ce,63,0.1962632912824451,"{4, 18, 24, 29, 34, 38, 40, 45, 46, 48, 51, 52, 53, 54, 55, 56, 57, 58, 61, 64, 68, 69, 70, 71, 83, 84, 85, 86, 87, 88, 89, 90, 91, 92, 93, 96, 97, 98, 99, 113, 114, 115, 116, 117, 128, 130, 133, 137, 138, 142, 145, 147, 148, 149, 150, 151, 167, 169, 170, 173, 178, 179, 181}"
ref_4.5,C4.5,WcD0F391710271800_08.ce,50,0.21971382630010655,"{1, 2, 3, 4, 5, 6, 10, 14, 15, 18, 19, 27, 28, 34, 41, 45, 46, 55, 60, 74, 78, 83, 85, 86, 87, 88, 89, 90, 91, 93, 94, 95, 98, 99, 102, 103, 104, 105, 107, 111, 122, 124, 129, 135, 136, 137, 151, 169, 171, 189}"
ref_4.5,C4.5,WcD0F391710271815_08.ce,11,0.18283628678714792,"{19, 26, 39, 40, 80, 103, 137, 141, 153, 182, 183}"
ref_4.5,C4.5,WcD0F391710271830_08.ce,27,0.19963002152614712,"{35, 36, 50, 51, 52, 56, 57, 61, 65, 71, 74, 75, 80, 81, 89, 104, 117, 137, 142, 148, 159, 160, 163, 164, 165, 190, 193}"
ref_4.5,C4.5,WcD0F391710271845_08.ce,54,0.19878175875994192,"{14, 15, 34, 36, 37, 41, 42, 44, 47, 48, 49, 50, 51, 52, 53, 54, 57, 65, 66, 67, 79, 80, 81, 82, 83, 84, 85, 86, 87, 88, 89, 92, 93, 94, 95, 110, 111, 112, 113, 124, 133, 134, 135, 139, 143, 144, 145, 146, 147, 164, 166, 169, 174, 175}"
ref_4.5,C4.4,WcD08D61710271900_01.ce,54,0.17463209904327132,"{1, 2, 3, 4, 5, 6, 8, 14, 33, 34, 36, 65, 66, 69, 72, 75, 76, 77, 106, 108, 109, 110, 114, 115, 116, 117, 124, 125, 126, 127, 128, 129, 130, 137, 138, 147, 148, 149, 150, 151, 152, 154, 156, 157, 158, 160, 161, 167, 168, 186, 187, 189, 190, 191}"
ref_4.5,C4.4,WcD08D61710271915_01.ce,14,0.15335236002796304,"{14, 17, 18, 24, 33, 55, 57, 59, 71, 78, 79, 80, 114, 157}"
ref_4.5,C4.4,WcD08D61710271930_01.ce,4,0.1325112677817479,"{132, 144, 54, 64}"
ref_4.5,C4.4,WcD08D61710271945_01.ce,15,0.1555561535682837,"{37, 50, 65, 119, 122, 123, 150, 152, 156, 157, 161, 162, 169, 174, 175}"
ref_4.5,C4.5,WcD0F391710271900_08.ce,47,0.1832401298353246,"{1, 2, 3, 4, 6, 7, 32, 33, 64, 67, 72, 74, 75, 104, 107, 108, 109, 110, 113, 114, 115, 122, 125, 126, 127, 128, 129, 136, 145, 146, 147, 148, 149, 151, 152, 154, 155, 156, 158, 159, 166, 184, 185, 186, 187, 188, 189}"
ref_4.5,C4.5,WcD0F391710271915_08.ce,11,0.1550496303835779,"{10, 11, 13, 14, 30, 53, 74, 75, 76, 110, 153}"
ref_4.5,C4.5,WcD0F391710271930_08.ce,4,0.12150561912624677,"{8, 59, 155, 189}"
ref_4.5,C4.5,WcD0F391710271945_08.ce,12,0.14634081064581028,"{48, 120, 121, 148, 150, 155, 159, 160, 172, 173, 182, 194}"
ref_4.5,C4.4,WcD08D61710272000_01.ce,10,0.16705882181339643,"{1, 2, 3, 4, 5, 6, 7, 8, 93, 30}"
ref_4.5,C4.4,WcD08D61710272015_01.ce,7,0.1465741242609668,"{133, 134, 50, 51, 52, 54, 66}"
ref_4.5,C4.4,WcD08D61710272030_01.ce,24,0.16067023915565995,"{16, 45, 46, 48, 49, 50, 53, 64, 65, 66, 70, 74, 75, 76, 77, 78, 79, 80, 84, 85, 89, 92, 101, 149}"
ref_4.5,C4.4,WcD08D61710272045_01.ce,14,0.1800481706454653,"{3, 4, 45, 59, 72, 84, 148, 149, 150, 151, 153, 154, 166, 190}"
ref_4.5,C4.5,WcD0F391710272000_08.ce,6,0.1493697213362167,"{1, 2, 3, 4, 5, 27}"
ref_4.5,C4.5,WcD0F391710272015_08.ce,9,0.1272766913565941,"{46, 47, 49, 53, 61, 120, 129, 152, 154}"
ref_4.5,C4.5,WcD0F391710272030_08.ce,21,0.14844773622492496,"{40, 43, 44, 58, 59, 60, 63, 65, 69, 70, 71, 72, 73, 74, 79, 83, 86, 95, 119, 143, 154}"
ref_4.5,C4.5,WcD0F391710272045_08.ce,7,0.16472907728866543,"{44, 70, 76, 126, 143, 149, 179}"
ref_4.5,C4.4,WcD08D61710272100_01.ce,18,0.14794779081784554,"{1, 2, 3, 4, 5, 6, 7, 9, 20, 21, 31, 32, 36, 39, 40, 41, 43, 44}"
ref_4.5,C4.4,WcD08D61710272115_01.ce,0,0.13729367254883976,set()
ref_4.5,C4.4,WcD08D61710272130_01.ce,8,0.18199389683398115,"{68, 158, 178, 179, 180, 181, 191, 193}"
ref_4.5,C4.4,WcD08D61710272145_01.ce,10,0.14961004284402604,"{1, 14, 21, 22, 29, 34, 36, 54, 55, 56}"
ref_4.5,C4.5,WcD0F391710272100_08.ce,16,0.15219264440592048,"{1, 2, 3, 4, 5, 20, 31, 35, 36, 38, 39, 40, 42, 43, 44, 143}"
ref_4.5,C4.5,WcD0F391710272115_08.ce,0,0.14350733587430106,set()
ref_4.5,C4.5,WcD0F391710272130_08.ce,7,0.18227093132768082,"{170, 171, 172, 173, 184, 185, 192}"
ref_4.5,C4.5,WcD0F391710272145_08.ce,6,0.15692022953349455,"{12, 20, 27, 51, 53, 54}"
ref_4.5,C4.4,WcD08D61710272200_01.ce,8,0.14515604893766915,"{1, 2, 3, 4, 5, 6, 7, 168}"
ref_4.5,C4.4,WcD08D61710272215_01.ce,9,0.12716179193189311,"{129, 130, 185, 186, 187, 188, 189, 191, 124}"
ref_4.5,C4.4,WcD08D61710272230_01.ce,98,0.22608382566000704,"{3, 8, 9, 17, 20, 31, 32, 41, 42, 43, 45, 46, 47, 48, 50, 52, 53, 54, 55, 56, 57, 58, 59, 61, 70, 75, 76, 79, 85, 86, 88, 89, 92, 93, 94, 95, 109, 110, 113, 117, 118, 119, 120, 121, 122, 123, 124, 125, 126, 127, 128, 129, 130, 131, 132, 133, 134, 135, 136, 137, 138, 139, 149, 150, 151, 152, 153, 154, 155, 156, 157, 158, 159, 160, 161, 162, 163, 164, 165, 166, 167, 168, 169, 170, 171, 172, 173, 174, 175, 176, 177, 178, 182, 188, 189, 190, 191, 193}"
ref_4.5,C4.4,WcD08D61710272245_01.ce,125,0.2637181762008223,"{1, 3, 6, 7, 8, 9, 10, 11, 12, 13, 15, 16, 17, 18, 21, 22, 23, 24, 25, 26, 27, 28, 29, 30, 31, 32, 33, 34, 35, 37, 38, 39, 40, 41, 42, 43, 45, 46, 47, 48, 49, 50, 51, 52, 53, 54, 55, 56, 57, 60, 61, 62, 63, 64, 65, 66, 67, 68, 69, 70, 76, 77, 79, 80, 81, 90, 96, 107, 108, 109, 115, 117, 119, 120, 123, 128, 130, 131, 132, 133, 134, 135, 136, 137, 138, 139, 140, 141, 142, 143, 144, 145, 146, 147, 148, 149, 150, 151, 153, 154, 156, 157, 159, 160, 161, 162, 163, 164, 165, 166, 167, 169, 170, 171, 172, 173, 175, 176, 177, 182, 187, 188, 189, 190, 191}"
ref_4.5,C4.5,WcD0F391710272200_08.ce,4,0.14569362940819125,"{1, 2, 3, 164}"
ref_4.5,C4.5,WcD0F391710272215_08.ce,10,0.13281348041142113,"{130, 180, 181, 182, 185, 189, 193, 118, 123, 124}"
ref_4.5,C4.5,WcD0F391710272230_08.ce,98,0.22312915535193778,"{6, 7, 14, 15, 17, 18, 28, 29, 30, 38, 39, 40, 42, 43, 44, 45, 49, 50, 51, 52, 53, 54, 55, 56, 62, 63, 67, 76, 82, 84, 85, 86, 87, 90, 91, 98, 100, 107, 110, 114, 115, 116, 117, 118, 119, 120, 121, 122, 123, 124, 125, 126, 127, 128, 129, 130, 131, 132, 133, 134, 135, 136, 146, 147, 148, 149, 150, 151, 152, 153, 154, 155, 156, 157, 158, 159, 160, 161, 162, 163, 164, 165, 166, 167, 168, 169, 170, 171, 172, 173, 174, 175, 182, 185, 187, 188, 190, 193}"
ref_4.5,C4.5,WcD0F391710272245_08.ce,121,0.2639019634974672,"{2, 3, 4, 5, 6, 7, 8, 9, 11, 12, 13, 14, 15, 17, 18, 19, 20, 21, 22, 23, 24, 25, 27, 28, 29, 30, 31, 33, 34, 35, 36, 37, 38, 39, 41, 42, 43, 44, 45, 46, 47, 48, 49, 50, 51, 52, 53, 56, 57, 58, 59, 60, 61, 62, 63, 64, 65, 66, 73, 76, 77, 86, 103, 104, 105, 111, 115, 116, 125, 126, 127, 128, 129, 130, 131, 132, 133, 134, 135, 136, 137, 138, 139, 140, 141, 142, 143, 144, 145, 146, 147, 149, 150, 151, 152, 153, 155, 156, 157, 158, 159, 161, 162, 163, 166, 167, 168, 169, 171, 172, 173, 178, 183, 184, 185, 186, 187, 188, 189, 190, 191}"
ref_4.5,C4.4,WcD08D61710272300_01.ce,137,0.2633275471181385,"{1, 2, 3, 4, 5, 6, 7, 8, 9, 10, 11, 12, 13, 14, 15, 16, 17, 18, 19, 20, 21, 25, 26, 27, 28, 29, 30, 31, 32, 33, 34, 35, 36, 37, 38, 39, 40, 41, 42, 43, 44, 45, 46, 47, 48, 49, 50, 51, 52, 53, 54, 55, 56, 57, 58, 67, 71, 77, 80, 82, 83, 84, 85, 86, 87, 88, 89, 90, 91, 92, 93, 94, 95, 96, 97, 98, 100, 101, 102, 103, 104, 105, 106, 107, 108, 115, 123, 124, 125, 126, 127, 128, 129, 130, 131, 132, 133, 134, 135, 136, 137, 138, 139, 140, 141, 143, 144, 145, 146, 147, 152, 159, 164, 165, 166, 168, 170, 172, 173, 176, 177, 178, 179, 180, 181, 182, 183, 186, 189, 190, 192, 193, 194, 196, 197, 198, 199}"
ref_4.5,C4.4,WcD08D61710272315_01.ce,123,0.24015962021832823,"{1, 2, 3, 4, 5, 6, 8, 9, 10, 15, 16, 17, 18, 19, 20, 21, 22, 23, 24, 25, 26, 27, 28, 29, 30, 31, 32, 33, 34, 35, 36, 37, 38, 39, 40, 41, 42, 43, 44, 45, 46, 47, 48, 49, 53, 54, 57, 69, 79, 80, 81, 90, 91, 92, 96, 97, 98, 99, 100, 101, 102, 103, 105, 106, 107, 108, 109, 110, 111, 112, 113, 114, 116, 117, 118, 119, 120, 121, 122, 124, 126, 127, 128, 129, 131, 132, 133, 135, 136, 141, 142, 145, 146, 147, 148, 149, 150, 152, 153, 160, 161, 163, 164, 165, 166, 170, 171, 172, 176, 177, 178, 180, 182, 183, 184, 185, 186, 187, 188, 189, 190, 191, 192}"
ref_4.5,C4.4,WcD08D61710272330_01.ce,122,0.2487659737089486,"{1, 2, 7, 8, 9, 10, 11, 13, 14, 15, 16, 17, 18, 19, 21, 22, 23, 29, 35, 36, 37, 38, 39, 40, 61, 62, 63, 66, 68, 71, 72, 73, 74, 75, 76, 77, 78, 82, 86, 87, 89, 90, 91, 92, 93, 94, 95, 96, 97, 98, 99, 100, 101, 102, 103, 104, 105, 106, 107, 108, 109, 110, 111, 112, 113, 114, 115, 116, 117, 118, 119, 120, 121, 122, 123, 124, 125, 126, 127, 128, 129, 130, 131, 132, 135, 136, 138, 139, 141, 142, 143, 144, 145, 146, 147, 148, 149, 150, 151, 152, 154, 155, 156, 160, 161, 168, 169, 170, 171, 172, 173, 174, 175, 176, 177, 178, 179, 180, 187, 189, 190, 191}"
ref_4.5,C4.4,WcD08D61710272345_01.ce,90,0.18250652648851376,"{1, 6, 10, 11, 15, 16, 17, 18, 19, 20, 21, 22, 23, 24, 28, 29, 30, 31, 32, 33, 34, 35, 36, 37, 38, 39, 40, 41, 42, 43, 44, 45, 46, 47, 48, 49, 50, 51, 52, 53, 54, 55, 56, 57, 58, 59, 60, 61, 62, 63, 64, 65, 66, 67, 68, 69, 70, 71, 72, 73, 74, 75, 76, 77, 78, 79, 80, 81, 82, 83, 84, 85, 86, 87, 88, 89, 90, 91, 92, 93, 100, 110, 111, 115, 117, 123, 134, 137, 189, 192}"
ref_4.5,C4.5,WcD0F391710272300_08.ce,129,0.24951989706842956,"{1, 2, 3, 4, 5, 6, 7, 8, 9, 10, 11, 12, 13, 14, 15, 19, 20, 21, 22, 23, 24, 25, 26, 27, 28, 29, 30, 31, 32, 33, 34, 35, 36, 37, 38, 39, 40, 41, 42, 43, 44, 45, 46, 47, 48, 49, 50, 51, 61, 71, 74, 76, 77, 78, 79, 80, 81, 82, 83, 84, 85, 86, 87, 88, 89, 90, 91, 92, 94, 95, 96, 97, 98, 99, 100, 101, 102, 104, 107, 108, 109, 117, 118, 119, 120, 121, 122, 123, 124, 125, 126, 127, 128, 129, 130, 131, 132, 133, 134, 135, 136, 137, 138, 140, 144, 146, 150, 157, 158, 159, 160, 162, 164, 166, 167, 168, 170, 171, 172, 173, 174, 182, 186, 187, 188, 189, 190, 192, 193}"
ref_4.5,C4.5,WcD0F391710272315_08.ce,126,0.21091598698179986,"{1, 2, 3, 4, 5, 6, 8, 9, 15, 16, 17, 18, 19, 20, 21, 22, 23, 24, 25, 26, 27, 28, 29, 30, 31, 32, 33, 34, 35, 36, 37, 38, 39, 40, 41, 42, 43, 44, 45, 46, 47, 48, 49, 51, 54, 55, 57, 68, 69, 70, 78, 79, 80, 81, 92, 96, 97, 98, 99, 100, 101, 102, 103, 105, 106, 107, 108, 109, 110, 111, 112, 113, 114, 115, 118, 119, 120, 121, 122, 123, 124, 127, 128, 131, 132, 133, 135, 136, 137, 141, 142, 143, 144, 145, 147, 148, 149, 150, 151, 155, 159, 160, 161, 163, 164, 165, 166, 168, 169, 170, 171, 172, 176, 177, 178, 179, 182, 183, 184, 185, 186, 187, 188, 189, 190, 194}"
ref_4.5,C4.5,WcD0F391710272330_08.ce,116,0.2384017103983575,"{6, 7, 8, 12, 13, 14, 15, 16, 17, 18, 20, 27, 28, 33, 34, 35, 36, 37, 38, 59, 61, 62, 63, 65, 70, 71, 72, 73, 74, 75, 76, 77, 78, 79, 80, 85, 87, 88, 89, 90, 91, 92, 93, 94, 95, 96, 97, 98, 99, 100, 101, 102, 103, 104, 105, 106, 107, 108, 109, 110, 111, 112, 113, 114, 115, 116, 117, 118, 119, 120, 121, 122, 123, 124, 126, 127, 128, 129, 130, 131, 133, 134, 137, 140, 141, 142, 143, 144, 146, 147, 148, 149, 150, 152, 153, 154, 158, 159, 162, 166, 167, 168, 169, 170, 171, 172, 173, 174, 175, 176, 177, 178, 185, 187, 189, 190}"
ref_4.5,C4.5,WcD0F391710272345_08.ce,75,0.17878836362015685,"{4, 6, 7, 12, 13, 14, 15, 16, 17, 18, 19, 20, 24, 25, 26, 27, 28, 29, 30, 31, 32, 33, 34, 35, 36, 37, 38, 39, 40, 41, 42, 44, 45, 46, 47, 48, 51, 52, 53, 54, 55, 56, 57, 58, 59, 60, 61, 62, 63, 64, 65, 66, 67, 71, 72, 73, 74, 75, 76, 77, 78, 79, 80, 81, 82, 83, 84, 88, 106, 107, 119, 130, 132, 134, 185}"
