RefArbor,C4.4,WcD0F331711020000_04.ce,9,0.21524534598647416,"{2, 3, 4, 16, 17, 82, 103, 128, 153}" 
RefArbor,C4.4,WcD0F331711020015_04.ce,7,0.20719461530243954,"{76, 80, 150, 89, 91, 93, 61}" 
RefArbor,C4.4,WcD0F331711020030_04.ce,4,0.19550095827242714,"{20, 131, 137, 124}" 
RefArbor,C4.4,WcD0F331711020045_04.ce,9,0.20529431031099343,"{60, 65, 66, 71, 77, 78, 85, 158, 179}" 
RefArbor,C4.5,WcD0A001711020000_08.ce,9,0.21308543611191158,"{2, 3, 4, 5, 6, 16, 17, 75, 153}" 
RefArbor,C4.5,WcD0A001711020015_08.ce,9,0.20938435992928733,"{60, 76, 79, 88, 91, 93, 96, 125, 148}" 
RefArbor,C4.5,WcD0A001711020030_08.ce,2,0.19692047864487372,"{124, 125}" 
RefArbor,C4.5,WcD0A001711020045_08.ce,9,0.20590647856631247,"{66, 68, 74, 77, 78, 144, 158, 159, 178}" 
RefArbor,C4.4,WcD0F331711020100_04.ce,8,0.21657698067592887,"{1, 2, 3, 4, 27, 61, 66, 172}" 
RefArbor,C4.4,WcD0F331711020115_04.ce,13,0.21478382700683737,"{42, 43, 48, 53, 54, 55, 56, 57, 64, 95, 103, 156, 162}" 
RefArbor,C4.4,WcD0F331711020130_04.ce,16,0.22034941663315524,"{1, 2, 3, 18, 20, 41, 86, 89, 92, 95, 102, 162, 185, 191, 192, 193}" 
RefArbor,C4.4,WcD0F331711020145_04.ce,13,0.22922580914286703,"{8, 42, 43, 48, 54, 61, 100, 102, 141, 146, 161, 171, 189}" 
RefArbor,C4.5,WcD0A001711020100_08.ce,13,0.2082639856811682,"{1, 2, 3, 4, 6, 8, 27, 72, 73, 75, 124, 142, 157}" 
RefArbor,C4.5,WcD0A001711020115_08.ce,16,0.2126368466846232,"{43, 53, 54, 56, 57, 58, 64, 95, 103, 104, 114, 156, 162, 163, 171, 187}" 
RefArbor,C4.5,WcD0A001711020130_08.ce,14,0.22044730258631598,"{1, 2, 3, 4, 41, 79, 89, 92, 96, 100, 102, 163, 191, 192}" 
RefArbor,C4.5,WcD0A001711020145_08.ce,12,0.23004486903870794,"{8, 42, 47, 48, 53, 91, 97, 116, 140, 161, 187, 188}" 
RefArbor,C4.4,WcD0F331711020200_04.ce,24,0.2319812098449283,"{1, 2, 3, 4, 18, 37, 56, 58, 59, 61, 65, 66, 68, 69, 70, 71, 80, 83, 84, 119, 129, 145, 155, 158}" 
RefArbor,C4.4,WcD0F331711020215_04.ce,29,0.24704184815026825,"{11, 24, 40, 41, 49, 50, 51, 58, 64, 66, 67, 72, 95, 96, 97, 106, 119, 121, 134, 137, 139, 146, 150, 159, 166, 171, 184, 192, 193}" 
RefArbor,C4.4,WcD0F331711020230_04.ce,31,0.2459266744857855,"{3, 23, 42, 43, 52, 53, 65, 72, 75, 79, 89, 99, 101, 108, 117, 118, 119, 122, 124, 127, 128, 129, 141, 142, 172, 179, 182, 189, 191, 192, 193}" 
RefArbor,C4.4,WcD0F331711020245_04.ce,39,0.2459375600291517,"{4, 15, 16, 55, 75, 76, 79, 80, 81, 82, 96, 106, 107, 119, 120, 126, 127, 132, 137, 147, 151, 153, 154, 157, 160, 161, 164, 166, 169, 170, 171, 172, 174, 175, 177, 178, 181, 186, 187}" 
RefArbor,C4.5,WcD0A001711020200_08.ce,27,0.23283369366001014,"{1, 2, 3, 4, 5, 8, 18, 29, 31, 43, 58, 61, 62, 66, 69, 70, 71, 95, 110, 126, 129, 143, 146, 155, 163, 164, 189}" 
RefArbor,C4.5,WcD0A001711020215_08.ce,39,0.24217888441964122,"{11, 12, 21, 25, 37, 47, 48, 50, 51, 53, 54, 58, 59, 65, 67, 71, 81, 95, 96, 97, 106, 108, 110, 133, 136, 138, 147, 148, 150, 158, 159, 160, 163, 164, 166, 172, 180, 184, 193}" 
RefArbor,C4.5,WcD0A001711020230_08.ce,29,0.2446461088838277,"{22, 31, 40, 41, 42, 46, 52, 64, 71, 78, 88, 101, 108, 111, 116, 117, 122, 124, 128, 138, 141, 151, 171, 179, 181, 184, 188, 189, 191}" 
RefArbor,C4.5,WcD0A001711020245_08.ce,42,0.24867199773620233,"{7, 13, 16, 23, 44, 55, 76, 77, 79, 81, 82, 83, 96, 97, 105, 107, 108, 120, 125, 126, 131, 133, 144, 148, 149, 151, 154, 155, 156, 169, 170, 171, 172, 173, 174, 175, 177, 178, 179, 182, 186, 187}" 
RefArbor,C4.4,WcD0F331711020300_04.ce,78,0.24341004986337864,"{1, 2, 3, 4, 12, 13, 15, 16, 17, 18, 23, 24, 27, 29, 30, 32, 35, 36, 37, 38, 39, 40, 41, 45, 46, 53, 54, 55, 57, 58, 59, 60, 62, 63, 64, 66, 67, 68, 69, 75, 76, 77, 80, 82, 83, 86, 89, 92, 95, 96, 105, 109, 113, 114, 115, 120, 121, 123, 126, 129, 130, 131, 132, 137, 142, 143, 145, 147, 151, 155, 156, 157, 158, 165, 166, 176, 189, 194}" 
RefArbor,C4.4,WcD0F331711020315_04.ce,65,0.24178267598231237,"{1, 2, 3, 5, 6, 8, 13, 14, 16, 17, 18, 21, 23, 24, 29, 34, 56, 62, 65, 66, 72, 73, 80, 81, 92, 93, 94, 104, 105, 107, 108, 112, 113, 116, 117, 118, 119, 120, 121, 122, 124, 128, 131, 132, 133, 134, 135, 136, 137, 141, 146, 157, 158, 160, 161, 164, 167, 168, 169, 170, 180, 182, 183, 192, 193}" 
RefArbor,C4.4,WcD0F331711020330_04.ce,33,0.21043103934596377,"{1, 9, 10, 11, 12, 13, 19, 28, 34, 38, 40, 41, 42, 43, 44, 45, 46, 47, 48, 61, 68, 98, 129, 133, 136, 137, 157, 161, 162, 177, 181, 191, 193}" 
RefArbor,C4.4,WcD0F331711020345_04.ce,24,0.24758386457595827,"{2, 3, 4, 11, 34, 35, 37, 61, 108, 112, 114, 121, 124, 125, 127, 133, 143, 144, 147, 152, 173, 184, 186, 188}" 
RefArbor,C4.5,WcD0A001711020300_08.ce,66,0.25329603045730126,"{1, 2, 3, 12, 14, 15, 16, 17, 21, 23, 27, 28, 29, 31, 32, 34, 35, 36, 38, 39, 40, 44, 45, 50, 53, 57, 58, 59, 61, 62, 63, 66, 67, 68, 75, 76, 77, 81, 82, 88, 91, 94, 95, 104, 110, 114, 115, 118, 120, 122, 126, 128, 129, 130, 131, 141, 142, 145, 149, 154, 155, 156, 158, 164, 165, 166}" 
RefArbor,C4.5,WcD0A001711020315_08.ce,62,0.24053018704389095,"{1, 2, 3, 6, 7, 13, 14, 15, 16, 17, 18, 19, 21, 24, 36, 37, 38, 42, 56, 62, 65, 66, 67, 73, 80, 81, 82, 83, 93, 94, 95, 105, 108, 109, 113, 114, 117, 118, 119, 120, 121, 122, 131, 133, 134, 136, 137, 138, 141, 147, 157, 158, 161, 163, 164, 166, 168, 169, 170, 180, 184, 193}" 
RefArbor,C4.5,WcD0A001711020330_08.ce,32,0.21228027095428764,"{1, 11, 12, 13, 20, 29, 36, 38, 39, 40, 41, 42, 44, 45, 46, 47, 49, 56, 61, 98, 99, 129, 134, 137, 143, 157, 161, 162, 163, 164, 191, 194}" 
RefArbor,C4.5,WcD0A001711020345_08.ce,22,0.24870932095920917,"{1, 2, 10, 30, 34, 36, 37, 39, 47, 61, 68, 114, 124, 126, 129, 141, 143, 148, 156, 167, 186, 187}" 
RefArbor,C4.4,WcD0F331711020400_04.ce,28,0.2045049993134698,"{1, 2, 3, 4, 27, 29, 38, 39, 41, 42, 54, 66, 67, 69, 71, 76, 77, 83, 90, 92, 109, 131, 132, 170, 171, 178, 181, 182}" 
RefArbor,C4.4,WcD0F331711020415_04.ce,40,0.2398260029580852,"{9, 10, 15, 26, 30, 31, 32, 33, 34, 37, 38, 42, 50, 52, 55, 56, 63, 69, 70, 73, 74, 75, 76, 79, 80, 87, 100, 103, 104, 113, 115, 148, 149, 153, 182, 183, 186, 188, 189, 193}" 
RefArbor,C4.4,WcD0F331711020430_04.ce,25,0.20151305377221024,"{1, 2, 11, 47, 48, 56, 58, 74, 75, 84, 89, 138, 159, 160, 164, 167, 171, 174, 175, 176, 181, 182, 191, 193, 194}" 
RefArbor,C4.4,WcD0F331711020445_04.ce,28,0.22674114167561576,"{2, 3, 4, 6, 12, 14, 18, 25, 26, 27, 34, 35, 40, 41, 46, 65, 67, 69, 111, 113, 114, 130, 131, 153, 156, 165, 174, 187}" 
RefArbor,C4.5,WcD0A001711020400_08.ce,23,0.20678002350292624,"{1, 2, 3, 4, 28, 39, 40, 41, 42, 67, 70, 71, 72, 77, 78, 88, 97, 118, 132, 152, 170, 171, 178}" 
RefArbor,C4.5,WcD0A001711020415_08.ce,38,0.2453462431372138,"{10, 12, 29, 30, 31, 32, 33, 34, 37, 38, 42, 44, 50, 55, 56, 57, 59, 62, 63, 66, 73, 74, 75, 76, 84, 88, 102, 109, 149, 180, 182, 183, 186, 188, 189, 190, 193, 194}" 
RefArbor,C4.5,WcD0A001711020430_08.ce,23,0.20108662215147347,"{10, 47, 48, 55, 56, 64, 74, 84, 89, 91, 107, 153, 158, 159, 163, 166, 167, 170, 171, 173, 175, 176, 181}" 
RefArbor,C4.5,WcD0A001711020445_08.ce,25,0.22686723081480728,"{1, 2, 3, 4, 6, 18, 25, 26, 34, 35, 40, 44, 65, 66, 79, 113, 114, 130, 131, 132, 144, 157, 174, 175, 188}" 
RefArbor,C4.4,WcD0F331711020500_04.ce,65,0.22739446252217102,"{1, 2, 3, 4, 5, 6, 10, 15, 40, 43, 44, 50, 52, 53, 54, 55, 56, 77, 78, 81, 95, 98, 99, 100, 101, 102, 105, 106, 107, 108, 116, 120, 123, 124, 125, 131, 135, 136, 139, 140, 142, 143, 144, 145, 146, 147, 148, 153, 158, 165, 166, 167, 169, 170, 171, 172, 174, 175, 176, 177, 183, 184, 185, 189, 190}" 
RefArbor,C4.4,WcD0F331711020515_04.ce,54,0.2515902344671212,"{1, 3, 4, 6, 9, 10, 12, 16, 27, 29, 30, 33, 35, 37, 43, 44, 45, 46, 47, 52, 57, 60, 62, 69, 70, 71, 79, 80, 81, 97, 98, 107, 110, 117, 118, 119, 120, 121, 122, 123, 125, 128, 137, 139, 140, 142, 146, 166, 169, 170, 171, 176, 177, 180}" 
RefArbor,C4.4,WcD0F331711020530_04.ce,54,0.24900930923082534,"{2, 3, 6, 7, 8, 9, 10, 11, 12, 13, 21, 22, 23, 24, 25, 26, 36, 39, 41, 42, 47, 51, 52, 62, 63, 64, 72, 80, 87, 89, 90, 91, 92, 94, 95, 96, 111, 128, 129, 132, 135, 138, 141, 144, 145, 148, 150, 153, 170, 171, 172, 173, 184, 185}" 
RefArbor,C4.4,WcD0F331711020545_04.ce,35,0.2407921982503171,"{25, 28, 42, 43, 44, 47, 48, 49, 51, 52, 57, 58, 62, 63, 68, 71, 73, 76, 79, 82, 84, 86, 98, 99, 100, 102, 104, 129, 149, 151, 152, 153, 154, 159, 161}" 
RefArbor,C4.5,WcD0A001711020500_08.ce,66,0.22630675948923598,"{1, 2, 3, 4, 5, 6, 39, 44, 53, 54, 56, 57, 77, 78, 80, 81, 99, 100, 101, 102, 103, 105, 107, 108, 116, 121, 123, 124, 125, 130, 131, 132, 135, 137, 138, 140, 141, 143, 144, 145, 146, 147, 148, 153, 154, 160, 163, 164, 165, 166, 167, 168, 169, 170, 172, 173, 174, 175, 176, 177, 184, 185, 188, 190, 191, 194}" 
RefArbor,C4.5,WcD0A001711020515_08.ce,48,0.24980259915652892,"{3, 6, 9, 10, 16, 19, 20, 23, 25, 27, 28, 29, 37, 43, 44, 45, 46, 51, 56, 57, 65, 69, 70, 71, 79, 80, 97, 106, 109, 110, 117, 118, 120, 121, 122, 124, 125, 127, 128, 138, 139, 145, 166, 169, 170, 176, 177, 179}" 
RefArbor,C4.5,WcD0A001711020530_08.ce,56,0.24824455343072357,"{3, 4, 7, 8, 9, 10, 11, 12, 21, 23, 24, 26, 36, 37, 39, 41, 42, 51, 52, 61, 62, 63, 64, 65, 66, 71, 74, 79, 80, 82, 89, 90, 91, 92, 95, 96, 108, 112, 129, 130, 132, 133, 138, 142, 144, 145, 149, 150, 151, 156, 170, 171, 172, 174, 178, 184}" 
RefArbor,C4.5,WcD0A001711020545_08.ce,39,0.24006114491003125,"{7, 23, 42, 43, 44, 45, 48, 50, 52, 53, 57, 58, 62, 63, 65, 69, 73, 74, 80, 82, 83, 86, 87, 98, 100, 103, 129, 130, 149, 152, 153, 154, 155, 157, 159, 162, 170, 172, 180}" 
RefArbor,C4.4,WcD0F331711020600_04.ce,27,0.21840438044116262,"{1, 2, 3, 15, 16, 19, 22, 23, 24, 40, 41, 42, 43, 44, 45, 68, 71, 72, 75, 80, 83, 84, 85, 87, 91, 105, 186}" 
RefArbor,C4.4,WcD0F331711020615_04.ce,12,0.2022074562995684,"{43, 44, 45, 53, 54, 55, 56, 57, 58, 79, 80, 101}" 
RefArbor,C4.4,WcD0F331711020630_04.ce,41,0.22394789447397712,"{14, 34, 42, 43, 44, 46, 47, 48, 49, 53, 63, 69, 73, 85, 93, 96, 97, 99, 100, 101, 108, 110, 111, 113, 114, 115, 117, 121, 124, 125, 126, 127, 162, 173, 174, 177, 188, 190, 191, 193, 194}" 
RefArbor,C4.4,WcD0F331711020645_04.ce,44,0.25177560724330433,"{3, 4, 8, 15, 26, 44, 45, 46, 48, 62, 65, 67, 68, 95, 96, 98, 100, 101, 103, 104, 105, 113, 115, 119, 126, 133, 140, 141, 142, 143, 151, 153, 154, 155, 156, 160, 164, 165, 173, 180, 184, 185, 192, 193}" 
RefArbor,C4.5,WcD0A001711020600_08.ce,28,0.21575484820213245,"{1, 2, 3, 7, 16, 19, 23, 24, 25, 41, 42, 43, 44, 45, 46, 67, 69, 71, 73, 76, 81, 84, 85, 87, 105, 164, 177, 186}" 
RefArbor,C4.5,WcD0A001711020615_08.ce,16,0.20827825200837713,"{35, 42, 43, 44, 45, 50, 54, 55, 56, 57, 58, 79, 80, 131, 162, 180}" 
RefArbor,C4.5,WcD0A001711020630_08.ce,37,0.22285704191298072,"{16, 41, 43, 45, 46, 47, 48, 52, 53, 71, 77, 79, 95, 96, 99, 100, 107, 108, 109, 111, 112, 113, 116, 117, 118, 124, 125, 126, 145, 173, 176, 177, 189, 190, 191, 192, 193}" 
RefArbor,C4.5,WcD0A001711020645_08.ce,43,0.2524915777154131,"{1, 4, 9, 27, 46, 47, 48, 49, 62, 63, 66, 67, 68, 69, 78, 86, 94, 96, 99, 100, 101, 104, 105, 115, 117, 120, 134, 141, 142, 143, 144, 145, 149, 151, 154, 155, 164, 165, 168, 180, 183, 192, 193}" 
RefArbor,C4.4,WcD0F331711020700_04.ce,56,0.22087213860555702,"{1, 2, 3, 4, 6, 7, 34, 35, 36, 37, 38, 39, 41, 42, 43, 44, 45, 46, 50, 58, 61, 63, 64, 65, 66, 75, 78, 79, 81, 82, 83, 87, 88, 89, 90, 91, 93, 94, 95, 96, 97, 99, 100, 102, 136, 145, 148, 160, 171, 173, 174, 175, 176, 177, 178, 179}" 
RefArbor,C4.4,WcD0F331711020715_04.ce,29,0.24095365287122267,"{1, 2, 10, 14, 15, 16, 20, 27, 30, 34, 54, 87, 100, 107, 111, 115, 116, 134, 136, 156, 168, 173, 175, 176, 182, 183, 186, 189, 194}" 
RefArbor,C4.4,WcD0F331711020730_04.ce,54,0.23269300642606222,"{2, 3, 10, 21, 26, 41, 48, 51, 53, 54, 55, 56, 57, 68, 69, 70, 72, 73, 74, 76, 78, 82, 83, 84, 86, 87, 88, 92, 94, 96, 97, 99, 100, 102, 103, 107, 109, 110, 111, 112, 113, 117, 118, 120, 121, 123, 134, 135, 144, 148, 150, 151, 165, 171}" 
RefArbor,C4.4,WcD0F331711020745_04.ce,44,0.23068143902151034,"{2, 5, 9, 10, 11, 18, 19, 20, 28, 46, 48, 50, 51, 52, 53, 54, 55, 56, 57, 58, 59, 67, 68, 70, 71, 72, 73, 74, 77, 96, 101, 110, 115, 123, 124, 134, 169, 170, 171, 182, 183, 184, 192, 193}" 
RefArbor,C4.5,WcD0A001711020700_08.ce,52,0.22269760011825404,"{1, 2, 3, 4, 5, 7, 8, 24, 34, 35, 36, 37, 39, 41, 42, 43, 44, 45, 46, 50, 59, 61, 62, 64, 65, 66, 75, 79, 82, 83, 84, 89, 90, 92, 93, 94, 95, 97, 100, 101, 102, 142, 152, 168, 172, 173, 174, 175, 176, 177, 178, 179}" 
RefArbor,C4.5,WcD0A001711020715_08.ce,25,0.24711106192107052,"{1, 8, 13, 15, 16, 20, 27, 29, 42, 54, 86, 98, 106, 107, 115, 120, 136, 167, 174, 175, 181, 182, 184, 185, 188}" 
RefArbor,C4.5,WcD0A001711020730_08.ce,52,0.23433894551475362,"{3, 23, 24, 25, 26, 41, 48, 49, 53, 54, 55, 56, 57, 58, 67, 68, 69, 70, 71, 73, 74, 76, 78, 79, 82, 83, 84, 87, 88, 93, 94, 96, 97, 98, 100, 102, 107, 109, 110, 111, 112, 113, 114, 117, 118, 120, 121, 124, 134, 135, 151, 165}" 
RefArbor,C4.5,WcD0A001711020745_08.ce,42,0.23102116809339232,"{6, 10, 11, 12, 19, 31, 42, 48, 50, 51, 52, 53, 54, 55, 56, 57, 58, 59, 68, 69, 70, 71, 72, 74, 79, 96, 97, 115, 123, 124, 134, 141, 149, 170, 171, 181, 182, 183, 184, 185, 193, 194}" 
RefArbor,C4.4,WcD0F331711020800_04.ce,45,0.22973156310352424,"{1, 2, 3, 4, 15, 39, 52, 53, 54, 56, 64, 68, 74, 79, 82, 86, 89, 92, 94, 95, 96, 99, 100, 102, 103, 108, 111, 112, 113, 117, 128, 153, 154, 155, 156, 160, 161, 162, 163, 165, 166, 167, 179, 183, 190}" 
RefArbor,C4.4,WcD0F331711020815_04.ce,47,0.2373509248746074,"{4, 5, 17, 18, 19, 24, 25, 26, 27, 28, 29, 30, 31, 36, 42, 45, 56, 57, 68, 70, 71, 72, 73, 75, 83, 90, 101, 107, 109, 110, 111, 112, 115, 116, 117, 119, 120, 121, 122, 125, 128, 145, 149, 160, 162, 168, 170}" 
RefArbor,C4.4,WcD0F331711020830_04.ce,77,0.23782564016326163,"{2, 3, 9, 10, 11, 12, 16, 17, 18, 19, 22, 25, 29, 33, 36, 37, 41, 46, 48, 49, 50, 51, 52, 53, 54, 55, 61, 63, 64, 66, 68, 70, 72, 73, 74, 75, 76, 77, 78, 87, 88, 90, 91, 92, 93, 95, 104, 105, 106, 108, 110, 111, 112, 114, 115, 116, 119, 120, 121, 122, 124, 127, 128, 129, 132, 139, 153, 157, 158, 159, 160, 167, 181, 189, 190, 191, 192}" 
RefArbor,C4.4,WcD0F331711020845_04.ce,68,0.2372273335536102,"{10, 13, 14, 15, 17, 18, 20, 21, 22, 23, 34, 35, 38, 39, 40, 41, 43, 47, 55, 56, 60, 62, 63, 64, 65, 66, 67, 68, 69, 70, 71, 77, 78, 84, 99, 100, 102, 103, 111, 112, 113, 131, 132, 133, 134, 135, 136, 137, 138, 146, 148, 150, 152, 158, 162, 163, 164, 165, 166, 167, 168, 169, 170, 171, 174, 176, 177, 178}" 
RefArbor,C4.5,WcD0A001711020800_08.ce,36,0.23759764501405725,"{1, 2, 3, 15, 19, 39, 52, 53, 55, 63, 78, 82, 85, 86, 88, 89, 93, 94, 96, 99, 101, 102, 107, 111, 112, 113, 116, 153, 154, 155, 161, 162, 165, 166, 167, 168}" 
RefArbor,C4.5,WcD0A001711020815_08.ce,47,0.2295622624360834,"{4, 6, 10, 18, 19, 24, 26, 27, 28, 29, 31, 36, 43, 57, 62, 70, 71, 72, 73, 75, 76, 91, 101, 105, 107, 109, 110, 111, 112, 113, 115, 116, 117, 118, 120, 121, 122, 123, 125, 126, 127, 145, 148, 161, 168, 170, 193}" 
RefArbor,C4.5,WcD0A001711020830_08.ce,76,0.24288612886306266,"{2, 4, 10, 11, 12, 13, 17, 18, 19, 21, 22, 34, 37, 45, 47, 49, 50, 51, 52, 53, 54, 55, 56, 58, 61, 62, 63, 64, 67, 68, 69, 71, 73, 75, 76, 77, 78, 79, 87, 88, 89, 91, 92, 93, 94, 95, 97, 104, 105, 106, 107, 108, 110, 111, 112, 113, 114, 115, 120, 121, 122, 124, 127, 128, 129, 140, 153, 154, 158, 159, 161, 183, 190, 191, 192, 194}" 
RefArbor,C4.5,WcD0A001711020845_08.ce,67,0.23466349949753681,"{9, 10, 13, 14, 16, 17, 18, 20, 22, 33, 34, 37, 38, 39, 40, 41, 44, 45, 46, 54, 55, 56, 59, 62, 63, 65, 66, 67, 68, 69, 70, 71, 76, 77, 83, 99, 100, 102, 110, 111, 112, 131, 132, 133, 134, 135, 136, 137, 138, 143, 147, 149, 153, 157, 162, 163, 164, 165, 166, 167, 169, 171, 173, 174, 177, 184, 190}" 
RefArbor,C4.4,WcD0F331711020900_04.ce,74,0.2672860208720865,"{1, 2, 3, 4, 10, 11, 17, 21, 22, 24, 25, 29, 34, 38, 39, 40, 46, 47, 49, 50, 52, 53, 57, 58, 61, 62, 64, 65, 67, 68, 69, 70, 73, 75, 76, 77, 78, 79, 91, 94, 95, 96, 97, 98, 99, 100, 103, 106, 111, 113, 114, 115, 116, 117, 118, 119, 121, 122, 123, 124, 125, 145, 149, 150, 151, 152, 158, 159, 163, 166, 168, 171, 189, 191}" 
RefArbor,C4.4,WcD0F331711020915_04.ce,45,0.23999154245305662,"{12, 21, 24, 25, 26, 27, 28, 29, 30, 32, 33, 34, 35, 49, 50, 54, 55, 56, 57, 59, 62, 68, 69, 70, 104, 107, 108, 113, 117, 121, 128, 134, 140, 168, 170, 171, 172, 174, 175, 176, 177, 180, 181, 182, 184}" 
RefArbor,C4.4,WcD0F331711020930_04.ce,86,0.25860805847154394,"{1, 9, 10, 18, 19, 20, 25, 30, 31, 33, 34, 37, 38, 40, 43, 45, 48, 49, 50, 51, 52, 53, 54, 60, 61, 62, 63, 65, 67, 68, 69, 76, 77, 78, 80, 81, 82, 83, 84, 85, 86, 87, 89, 90, 93, 99, 100, 102, 103, 104, 105, 109, 110, 114, 115, 116, 127, 128, 130, 132, 133, 134, 135, 136, 141, 142, 143, 145, 146, 149, 152, 153, 156, 161, 162, 163, 164, 165, 166, 178, 183, 188, 190, 191, 192, 193}" 
RefArbor,C4.4,WcD0F331711020945_04.ce,49,0.23846288200984,"{2, 4, 5, 7, 8, 17, 26, 27, 28, 31, 37, 38, 45, 54, 56, 68, 74, 78, 81, 82, 84, 85, 87, 88, 90, 107, 108, 109, 110, 119, 120, 121, 122, 123, 124, 128, 136, 140, 144, 148, 150, 151, 155, 158, 159, 160, 161, 163, 171}" 
RefArbor,C4.5,WcD0A001711020900_08.ce,81,0.2634397832992923,"{1, 2, 3, 4, 5, 9, 11, 17, 20, 21, 22, 23, 25, 29, 36, 38, 39, 40, 48, 50, 52, 53, 54, 57, 58, 61, 62, 64, 65, 66, 68, 69, 70, 73, 74, 75, 76, 77, 78, 79, 80, 91, 94, 95, 96, 98, 99, 100, 101, 103, 104, 113, 114, 115, 116, 117, 119, 121, 122, 123, 124, 126, 138, 145, 146, 148, 150, 151, 152, 153, 155, 159, 162, 168, 169, 171, 172, 179, 185, 190, 191}" 
RefArbor,C4.5,WcD0A001711020915_08.ce,44,0.23770280800155782,"{12, 20, 21, 24, 25, 28, 29, 32, 33, 34, 42, 43, 48, 49, 50, 53, 55, 56, 57, 58, 62, 66, 68, 69, 93, 104, 107, 110, 121, 127, 134, 140, 141, 170, 171, 172, 173, 174, 175, 176, 180, 181, 182, 183}" 
RefArbor,C4.5,WcD0A001711020930_08.ce,81,0.2531121421182414,"{1, 10, 11, 19, 25, 30, 31, 34, 37, 38, 43, 45, 46, 48, 49, 50, 51, 52, 53, 54, 55, 57, 60, 61, 63, 65, 66, 67, 68, 77, 78, 79, 81, 82, 84, 85, 86, 87, 91, 92, 93, 94, 99, 100, 102, 103, 104, 105, 110, 115, 116, 117, 127, 128, 132, 134, 135, 136, 139, 142, 143, 146, 149, 152, 153, 154, 156, 161, 162, 163, 164, 165, 166, 167, 179, 183, 184, 189, 191, 192, 193}" 
RefArbor,C4.5,WcD0A001711020945_08.ce,51,0.23964325975526127,"{2, 4, 5, 8, 9, 10, 11, 17, 19, 26, 27, 28, 31, 32, 37, 38, 39, 40, 54, 56, 74, 79, 81, 82, 84, 85, 86, 87, 88, 89, 110, 111, 120, 121, 122, 123, 124, 136, 143, 145, 150, 151, 155, 157, 158, 159, 160, 161, 163, 171, 191}" 
RefArbor,C4.4,WcD0F331711021000_04.ce,79,0.24986222071672692,"{1, 2, 3, 4, 6, 17, 18, 20, 27, 28, 30, 31, 33, 34, 36, 43, 44, 54, 55, 56, 57, 60, 61, 62, 64, 66, 67, 68, 70, 71, 72, 73, 75, 76, 78, 79, 80, 81, 85, 89, 90, 92, 94, 95, 97, 98, 99, 103, 105, 107, 108, 109, 111, 115, 116, 117, 118, 119, 120, 121, 133, 141, 142, 143, 144, 155, 156, 157, 158, 159, 162, 165, 166, 168, 169, 176, 177, 179, 192}" 
RefArbor,C4.4,WcD0F331711021015_04.ce,60,0.23450490068394894,"{9, 10, 11, 15, 16, 29, 35, 36, 37, 38, 39, 47, 49, 50, 52, 53, 54, 55, 58, 60, 64, 72, 73, 74, 76, 77, 79, 80, 83, 99, 100, 101, 103, 108, 112, 113, 114, 130, 135, 136, 137, 146, 149, 151, 152, 153, 154, 164, 165, 166, 168, 170, 172, 173, 174, 175, 181, 182, 186, 191}" 
RefArbor,C4.4,WcD0F331711021030_04.ce,59,0.24404024547363437,"{22, 25, 27, 28, 29, 36, 37, 39, 45, 46, 52, 53, 55, 56, 57, 58, 59, 61, 64, 67, 68, 69, 70, 72, 74, 75, 76, 78, 79, 86, 87, 88, 89, 90, 91, 92, 93, 94, 96, 97, 98, 99, 100, 102, 110, 111, 122, 146, 150, 151, 152, 153, 154, 155, 156, 161, 163, 174, 176}" 
RefArbor,C4.4,WcD0F331711021045_04.ce,46,0.23519578990814585,"{3, 4, 5, 6, 7, 8, 9, 20, 29, 38, 39, 40, 42, 51, 57, 59, 62, 63, 64, 65, 66, 67, 72, 73, 74, 77, 82, 83, 87, 91, 99, 120, 121, 123, 124, 125, 133, 144, 146, 165, 175, 180, 182, 183, 184, 189}" 
RefArbor,C4.5,WcD0A001711021000_08.ce,69,0.2555008565949868,"{1, 2, 3, 5, 17, 18, 19, 23, 26, 27, 29, 30, 33, 34, 36, 54, 55, 56, 57, 59, 60, 63, 64, 66, 67, 70, 71, 72, 75, 78, 80, 88, 89, 90, 91, 92, 93, 94, 97, 98, 101, 106, 107, 108, 109, 110, 114, 115, 116, 117, 118, 120, 140, 141, 142, 143, 144, 155, 156, 157, 158, 159, 162, 165, 168, 169, 176, 178, 179}" 
RefArbor,C4.5,WcD0A001711021015_08.ce,58,0.2352901261258489,"{10, 11, 12, 15, 16, 17, 29, 35, 36, 37, 38, 39, 51, 53, 54, 55, 60, 61, 62, 66, 72, 73, 74, 75, 76, 77, 79, 80, 81, 83, 84, 100, 112, 113, 114, 130, 135, 136, 137, 139, 147, 149, 152, 153, 154, 155, 162, 164, 165, 166, 170, 171, 172, 174, 176, 182, 191, 192}" 
RefArbor,C4.5,WcD0A001711021030_08.ce,66,0.23291949041533283,"{25, 26, 27, 28, 29, 33, 36, 37, 38, 40, 44, 45, 46, 53, 55, 56, 57, 58, 59, 60, 61, 62, 68, 69, 70, 72, 73, 75, 76, 77, 79, 86, 87, 88, 89, 91, 92, 93, 94, 95, 98, 99, 101, 102, 110, 111, 112, 118, 122, 128, 129, 131, 136, 145, 150, 152, 153, 154, 155, 156, 161, 164, 174, 175, 177, 187}" 
RefArbor,C4.5,WcD0A001711021045_08.ce,46,0.23607617894600444,"{3, 4, 5, 6, 7, 8, 10, 29, 38, 39, 41, 43, 52, 53, 55, 56, 57, 61, 62, 63, 64, 65, 66, 71, 72, 73, 74, 78, 81, 82, 86, 98, 119, 120, 121, 123, 124, 125, 158, 164, 179, 180, 182, 183, 189, 193}" 
RefArbor,C4.4,WcD0F331711021100_04.ce,60,0.2358096484265633,"{1, 2, 3, 4, 16, 25, 26, 33, 34, 35, 61, 62, 72, 76, 77, 79, 81, 82, 85, 89, 95, 99, 102, 103, 104, 106, 112, 113, 114, 117, 118, 120, 121, 124, 134, 135, 136, 139, 143, 144, 146, 149, 150, 151, 153, 156, 163, 164, 173, 174, 175, 177, 178, 183, 184, 185, 187, 188, 189, 193}" 
RefArbor,C4.4,WcD0F331711021115_04.ce,51,0.24925663869149944,"{1, 4, 6, 7, 8, 9, 10, 11, 13, 14, 18, 21, 22, 25, 28, 30, 33, 40, 41, 42, 52, 55, 56, 58, 61, 63, 64, 65, 71, 72, 80, 81, 84, 85, 91, 95, 108, 127, 134, 140, 142, 143, 148, 149, 151, 154, 165, 176, 180, 181, 184}" 
RefArbor,C4.4,WcD0F331711021130_04.ce,82,0.24320504576840365,"{10, 11, 13, 14, 18, 19, 21, 22, 23, 24, 25, 26, 32, 33, 34, 35, 36, 39, 40, 41, 43, 44, 45, 46, 54, 55, 56, 58, 60, 61, 62, 63, 64, 65, 66, 67, 68, 69, 70, 73, 74, 75, 77, 78, 79, 80, 82, 83, 84, 86, 88, 89, 90, 91, 92, 93, 94, 95, 96, 97, 98, 99, 101, 105, 106, 107, 111, 115, 130, 131, 132, 136, 140, 141, 142, 147, 154, 172, 181, 186, 187, 194}" 
RefArbor,C4.4,WcD0F331711021145_04.ce,44,0.22273057407521266,"{1, 2, 3, 4, 9, 10, 12, 18, 29, 59, 62, 63, 65, 66, 67, 68, 69, 70, 71, 72, 73, 74, 75, 77, 79, 80, 90, 103, 104, 110, 119, 122, 123, 126, 128, 133, 140, 141, 162, 164, 165, 169, 172, 184}" 
RefArbor,C4.5,WcD0A001711021100_08.ce,66,0.23574567344232975,"{2, 3, 4, 5, 12, 16, 25, 26, 34, 35, 36, 39, 45, 62, 68, 69, 76, 77, 78, 81, 82, 83, 86, 89, 90, 95, 99, 102, 103, 104, 105, 107, 113, 115, 118, 120, 122, 123, 125, 132, 134, 135, 136, 139, 144, 147, 149, 151, 154, 163, 164, 165, 167, 173, 174, 175, 176, 177, 178, 184, 185, 186, 187, 188, 189, 193}" 
RefArbor,C4.5,WcD0A001711021115_08.ce,52,0.24752742772798303,"{1, 4, 6, 7, 8, 9, 10, 11, 12, 16, 18, 19, 21, 22, 23, 34, 35, 37, 41, 42, 43, 47, 53, 54, 56, 58, 59, 61, 63, 64, 65, 72, 80, 81, 84, 85, 91, 92, 95, 127, 134, 137, 143, 144, 149, 151, 152, 154, 165, 166, 181, 185}" 
RefArbor,C4.5,WcD0A001711021130_08.ce,77,0.24721940037077927,"{10, 11, 13, 18, 20, 21, 22, 23, 24, 25, 27, 30, 33, 35, 38, 39, 40, 42, 43, 44, 45, 46, 53, 54, 59, 61, 62, 63, 64, 65, 66, 67, 68, 69, 72, 73, 74, 75, 76, 77, 78, 79, 81, 82, 83, 86, 88, 90, 91, 92, 93, 94, 95, 96, 97, 101, 102, 104, 105, 106, 111, 115, 116, 118, 120, 129, 130, 131, 135, 140, 143, 147, 180, 181, 185, 186, 193}" 
RefArbor,C4.5,WcD0A001711021145_08.ce,41,0.22878471074333218,"{1, 2, 3, 4, 5, 8, 10, 12, 19, 29, 30, 31, 35, 62, 63, 64, 65, 66, 67, 68, 69, 70, 72, 73, 74, 75, 79, 80, 104, 119, 123, 126, 133, 140, 142, 147, 165, 167, 169, 170, 172}" 
RefArbor,C4.4,WcD0F331711021200_04.ce,41,0.23436931988274132,"{2, 19, 26, 30, 35, 37, 39, 40, 46, 49, 54, 55, 56, 57, 85, 117, 131, 132, 133, 134, 135, 136, 137, 153, 155, 157, 165, 166, 167, 168, 169, 179, 180, 181, 182, 183, 184, 185, 186, 191, 193}" 
RefArbor,C4.4,WcD0F331711021215_04.ce,49,0.2491022611494649,"{5, 7, 16, 17, 18, 23, 24, 26, 27, 38, 39, 42, 43, 44, 49, 50, 51, 56, 58, 60, 61, 62, 66, 67, 68, 69, 73, 75, 80, 82, 84, 86, 87, 88, 89, 101, 111, 114, 120, 129, 130, 131, 136, 147, 153, 155, 160, 165, 182}" 
RefArbor,C4.4,WcD0F331711021230_04.ce,46,0.2663478549515088,"{4, 7, 10, 11, 12, 13, 14, 16, 17, 18, 23, 28, 30, 38, 42, 48, 50, 53, 55, 71, 73, 89, 90, 91, 103, 110, 112, 113, 114, 119, 136, 137, 141, 145, 147, 149, 151, 154, 162, 164, 166, 167, 172, 173, 181, 193}" 
RefArbor,C4.4,WcD0F331711021245_04.ce,49,0.24354027836100378,"{6, 18, 25, 43, 45, 46, 49, 51, 53, 56, 61, 62, 63, 70, 73, 75, 76, 80, 82, 84, 85, 86, 87, 88, 89, 90, 95, 96, 97, 103, 104, 105, 106, 107, 108, 113, 114, 127, 133, 141, 170, 171, 172, 176, 177, 178, 181, 188, 194}" 
RefArbor,C4.5,WcD0A001711021200_08.ce,45,0.22898455085476285,"{1, 3, 19, 26, 33, 38, 40, 41, 46, 49, 55, 56, 57, 71, 73, 79, 81, 117, 118, 131, 132, 133, 134, 135, 136, 137, 141, 157, 164, 166, 167, 168, 169, 170, 180, 181, 182, 183, 184, 185, 186, 187, 189, 192, 193}" 
RefArbor,C4.5,WcD0A001711021215_08.ce,47,0.2535835828697843,"{4, 15, 17, 18, 22, 23, 25, 26, 37, 38, 41, 42, 44, 49, 50, 55, 56, 57, 59, 60, 61, 65, 66, 67, 68, 69, 71, 72, 73, 75, 79, 86, 87, 88, 93, 100, 115, 128, 129, 130, 135, 146, 153, 155, 165, 182, 189}" 
RefArbor,C4.5,WcD0A001711021230_08.ce,50,0.2588956770897699,"{4, 5, 7, 8, 10, 11, 13, 14, 15, 17, 18, 26, 28, 32, 37, 38, 43, 49, 53, 59, 71, 73, 75, 76, 77, 89, 90, 91, 104, 110, 112, 115, 119, 120, 123, 124, 136, 137, 145, 146, 149, 154, 155, 159, 163, 165, 168, 172, 173, 180}" 
RefArbor,C4.5,WcD0A001711021245_08.ce,48,0.24743665777810983,"{5, 6, 13, 23, 24, 25, 37, 46, 48, 51, 60, 62, 70, 75, 80, 82, 83, 84, 85, 87, 88, 89, 92, 94, 96, 97, 100, 103, 104, 105, 106, 110, 113, 114, 126, 132, 133, 140, 144, 155, 170, 171, 172, 174, 175, 176, 177, 193}" 
RefArbor,C4.4,WcD0F331711021300_04.ce,52,0.23338121763374842,"{1, 2, 3, 4, 10, 18, 21, 24, 25, 26, 28, 29, 30, 31, 36, 37, 38, 39, 40, 42, 56, 61, 77, 93, 94, 95, 96, 101, 106, 108, 109, 112, 113, 121, 128, 142, 143, 144, 148, 156, 157, 160, 161, 164, 166, 167, 168, 179, 184, 185, 190, 191}" 
RefArbor,C4.4,WcD0F331711021315_04.ce,42,0.23354726379797808,"{1, 11, 16, 17, 18, 20, 21, 47, 49, 50, 55, 56, 60, 68, 71, 73, 74, 75, 76, 77, 78, 80, 81, 82, 93, 94, 104, 105, 106, 107, 114, 115, 118, 119, 137, 138, 148, 154, 157, 168, 176, 183}" 
RefArbor,C4.4,WcD0F331711021330_04.ce,17,0.22849078515661345,"{18, 20, 22, 32, 59, 60, 66, 69, 80, 103, 111, 113, 114, 118, 121, 158, 166}" 
RefArbor,C4.4,WcD0F331711021345_04.ce,47,0.23093060918720318,"{20, 22, 32, 33, 37, 40, 50, 61, 66, 70, 79, 80, 81, 85, 86, 87, 95, 96, 99, 100, 101, 102, 103, 106, 107, 108, 109, 111, 113, 114, 115, 116, 117, 129, 131, 132, 133, 134, 137, 154, 158, 166, 172, 175, 184, 191, 193}" 
RefArbor,C4.5,WcD0A001711021300_08.ce,57,0.23141251872077795,"{1, 2, 3, 4, 5, 17, 18, 22, 25, 26, 27, 30, 31, 32, 33, 37, 38, 40, 41, 42, 49, 53, 54, 56, 65, 67, 72, 87, 94, 95, 96, 97, 106, 109, 112, 113, 114, 123, 133, 141, 142, 144, 157, 158, 160, 161, 163, 164, 166, 167, 168, 169, 182, 184, 185, 186, 191}" 
RefArbor,C4.5,WcD0A001711021315_08.ce,49,0.22981219766560265,"{1, 13, 15, 18, 20, 21, 22, 34, 38, 47, 49, 50, 51, 56, 58, 60, 61, 67, 68, 69, 74, 75, 76, 77, 78, 79, 80, 81, 82, 93, 94, 95, 104, 105, 106, 107, 108, 114, 115, 116, 120, 121, 122, 126, 138, 158, 167, 168, 177}" 
RefArbor,C4.5,WcD0A001711021330_08.ce,18,0.22818696839678382,"{20, 22, 31, 59, 61, 62, 68, 74, 103, 113, 118, 119, 121, 137, 146, 160, 166, 179}" 
RefArbor,C4.5,WcD0A001711021345_08.ce,42,0.229774136701148,"{20, 25, 31, 33, 35, 37, 38, 40, 71, 72, 80, 81, 82, 85, 87, 94, 96, 97, 99, 100, 101, 102, 104, 107, 108, 109, 114, 115, 116, 129, 132, 133, 134, 135, 154, 155, 158, 169, 172, 176, 190, 192}" 
RefArbor,C4.4,WcD0F331711011600_04.ce,73,0.23709722585488852,"{1, 2, 3, 4, 5, 6, 9, 10, 11, 12, 13, 14, 15, 16, 17, 18, 20, 21, 24, 25, 32, 33, 36, 37, 41, 45, 47, 49, 51, 53, 54, 55, 56, 57, 60, 61, 62, 65, 66, 67, 72, 73, 74, 82, 88, 89, 90, 98, 100, 113, 115, 118, 119, 122, 123, 124, 125, 126, 129, 152, 154, 156, 157, 158, 159, 173, 178, 179, 182, 183, 190, 193, 194}" 
RefArbor,C4.4,WcD0F331711011615_04.ce,94,0.2505798199223687,"{1, 2, 3, 4, 5, 6, 7, 8, 9, 10, 11, 12, 13, 14, 15, 16, 17, 18, 19, 20, 21, 22, 23, 24, 25, 27, 28, 29, 32, 33, 34, 36, 40, 41, 47, 48, 49, 55, 57, 58, 60, 63, 69, 70, 72, 73, 75, 77, 78, 79, 80, 82, 84, 85, 86, 87, 94, 97, 98, 99, 100, 101, 103, 104, 106, 107, 115, 117, 120, 124, 126, 127, 129, 131, 132, 133, 137, 150, 151, 152, 153, 154, 155, 163, 164, 169, 171, 172, 173, 174, 176, 184, 189, 193}" 
RefArbor,C4.4,WcD0F331711011630_04.ce,67,0.2502899508127416,"{1, 2, 3, 15, 21, 23, 24, 25, 26, 27, 28, 40, 43, 47, 48, 52, 60, 61, 62, 65, 67, 68, 73, 74, 89, 90, 91, 92, 93, 107, 115, 124, 128, 132, 133, 134, 135, 138, 140, 143, 144, 145, 146, 149, 150, 153, 155, 156, 157, 161, 164, 165, 166, 168, 169, 170, 171, 172, 173, 174, 176, 179, 180, 181, 183, 184, 185}" 
RefArbor,C4.4,WcD0F331711011645_04.ce,48,0.2431855584835916,"{29, 34, 35, 36, 43, 45, 57, 58, 60, 63, 64, 65, 67, 68, 69, 70, 71, 72, 85, 86, 87, 88, 90, 91, 92, 109, 136, 139, 140, 152, 158, 159, 161, 162, 163, 165, 170, 173, 174, 175, 176, 177, 178, 179, 180, 190, 192, 193}" 
RefArbor,C4.5,WcD0A001711011600_08.ce,67,0.23455146915016903,"{1, 2, 3, 4, 5, 6, 7, 9, 10, 11, 12, 13, 14, 15, 16, 17, 18, 19, 21, 24, 26, 27, 36, 37, 44, 46, 50, 51, 53, 54, 55, 56, 57, 61, 64, 65, 66, 71, 72, 73, 81, 87, 88, 89, 90, 97, 104, 113, 114, 115, 117, 122, 123, 124, 125, 126, 151, 152, 156, 157, 158, 173, 178, 182, 183, 192, 193}" 
RefArbor,C4.5,WcD0A001711011615_08.ce,85,0.2584744102445052,"{1, 2, 3, 4, 5, 6, 7, 8, 9, 10, 11, 12, 13, 14, 15, 16, 17, 18, 19, 20, 21, 22, 23, 24, 25, 27, 29, 33, 35, 37, 48, 49, 55, 57, 58, 59, 67, 69, 70, 71, 72, 73, 79, 80, 83, 84, 86, 87, 94, 95, 96, 99, 100, 101, 104, 106, 107, 108, 115, 116, 117, 121, 124, 128, 131, 132, 133, 134, 151, 152, 153, 154, 155, 158, 164, 165, 171, 172, 173, 174, 175, 184, 185, 193, 194}" 
RefArbor,C4.5,WcD0A001711011630_08.ce,64,0.24932029705211245,"{1, 2, 3, 22, 23, 24, 25, 26, 27, 34, 39, 40, 42, 43, 60, 61, 63, 65, 66, 73, 89, 90, 91, 92, 93, 100, 106, 107, 127, 128, 131, 132, 133, 137, 138, 139, 143, 144, 145, 146, 147, 148, 149, 150, 152, 153, 157, 161, 162, 165, 168, 169, 170, 171, 172, 173, 175, 179, 181, 183, 184, 185, 186, 188}" 
RefArbor,C4.5,WcD0A001711011645_08.ce,48,0.24352610323783547,"{33, 35, 36, 38, 55, 58, 60, 61, 63, 64, 65, 67, 69, 71, 72, 73, 87, 88, 91, 92, 93, 97, 98, 106, 134, 136, 137, 139, 140, 153, 159, 161, 162, 164, 165, 166, 170, 171, 173, 174, 175, 176, 177, 178, 179, 180, 181, 193}" 
RefArbor,C4.4,WcD0F331711011700_04.ce,31,0.2310458493149661,"{1, 2, 3, 4, 16, 42, 43, 46, 52, 53, 54, 63, 69, 70, 77, 81, 108, 109, 116, 129, 135, 166, 167, 168, 171, 173, 176, 178, 179, 180, 186}" 
RefArbor,C4.4,WcD0F331711011715_04.ce,18,0.246917804963246,"{2, 3, 10, 13, 15, 19, 22, 46, 84, 95, 106, 109, 127, 144, 162, 165, 175, 179}" 
RefArbor,C4.4,WcD0F331711011730_04.ce,44,0.21502938948070704,"{24, 25, 26, 27, 28, 29, 30, 31, 32, 35, 49, 72, 73, 96, 97, 98, 99, 100, 101, 102, 104, 105, 106, 107, 108, 109, 110, 111, 112, 113, 114, 115, 116, 117, 118, 119, 120, 121, 132, 145, 148, 149, 150, 158}" 
RefArbor,C4.4,WcD0F331711011745_04.ce,36,0.2308918474334442,"{4, 5, 7, 8, 24, 43, 67, 71, 73, 76, 82, 88, 106, 111, 116, 127, 153, 159, 162, 163, 164, 165, 166, 167, 168, 169, 173, 174, 175, 177, 182, 186, 188, 189, 190, 192}" 
RefArbor,C4.5,WcD0A001711011700_08.ce,35,0.22978510505030889,"{1, 2, 3, 4, 5, 43, 44, 53, 54, 57, 63, 70, 78, 108, 109, 116, 122, 131, 135, 136, 159, 166, 168, 170, 171, 172, 173, 174, 176, 179, 180, 181, 183, 186, 190}" 
RefArbor,C4.5,WcD0A001711011715_08.ce,22,0.24299319457411733,"{2, 6, 9, 10, 13, 14, 15, 19, 39, 46, 47, 52, 67, 94, 105, 108, 118, 126, 127, 159, 176, 180}" 
RefArbor,C4.5,WcD0A001711011730_08.ce,51,0.21249778985806733,"{22, 25, 26, 27, 28, 29, 30, 31, 32, 35, 36, 74, 80, 86, 87, 88, 96, 97, 98, 99, 100, 101, 102, 103, 104, 105, 106, 107, 108, 109, 110, 111, 112, 113, 114, 115, 116, 117, 118, 119, 120, 121, 122, 132, 145, 146, 147, 148, 149, 150, 151}" 
RefArbor,C4.5,WcD0A001711011745_08.ce,36,0.22664858977850977,"{8, 9, 20, 23, 24, 25, 44, 60, 68, 72, 73, 75, 77, 82, 83, 89, 106, 127, 148, 151, 159, 162, 163, 164, 165, 166, 167, 168, 169, 173, 174, 178, 189, 191, 192, 193}" 
RefArbor,C4.4,WcD0F331711011800_04.ce,75,0.23581044001233797,"{1, 2, 3, 4, 5, 6, 14, 21, 22, 24, 26, 27, 28, 29, 30, 31, 32, 33, 35, 36, 37, 41, 42, 44, 57, 58, 59, 60, 61, 62, 63, 64, 65, 69, 70, 71, 73, 90, 91, 94, 96, 106, 107, 128, 140, 141, 142, 143, 144, 145, 146, 147, 151, 152, 153, 154, 155, 156, 157, 158, 159, 160, 175, 177, 180, 181, 183, 187, 188, 189, 190, 191, 192, 193, 194}" 
RefArbor,C4.4,WcD0F331711011815_04.ce,34,0.2428200072823076,"{6, 21, 30, 38, 40, 55, 56, 57, 65, 67, 68, 69, 70, 71, 72, 79, 80, 83, 85, 88, 89, 108, 119, 123, 124, 133, 143, 160, 162, 163, 164, 166, 176, 192}" 
RefArbor,C4.4,WcD0F331711011830_04.ce,19,0.21932031158840784,"{32, 51, 55, 57, 58, 89, 119, 139, 145, 146, 155, 156, 157, 158, 159, 160, 162, 163, 164}" 
RefArbor,C4.4,WcD0F331711011845_04.ce,14,0.2044153139576517,"{5, 14, 17, 74, 80, 81, 99, 100, 102, 104, 175, 180, 184, 185}" 
RefArbor,C4.5,WcD0A001711011800_08.ce,68,0.2334664479922238,"{1, 2, 3, 4, 21, 22, 24, 25, 26, 27, 28, 29, 31, 32, 34, 36, 41, 42, 57, 58, 59, 60, 61, 62, 64, 65, 69, 70, 71, 72, 74, 83, 89, 90, 91, 94, 95, 106, 127, 128, 139, 140, 141, 142, 143, 144, 145, 147, 151, 152, 153, 154, 157, 158, 159, 160, 161, 162, 174, 175, 180, 181, 182, 186, 188, 190, 191, 193}" 
RefArbor,C4.5,WcD0A001711011815_08.ce,36,0.24059365925457665,"{21, 22, 25, 30, 39, 40, 41, 55, 56, 57, 66, 67, 68, 69, 71, 73, 80, 81, 86, 87, 88, 119, 124, 143, 144, 152, 160, 161, 162, 163, 164, 166, 173, 174, 177, 193}" 
RefArbor,C4.5,WcD0A001711011830_08.ce,17,0.213356921896378,"{31, 49, 51, 52, 55, 120, 133, 145, 146, 147, 156, 158, 159, 160, 163, 164, 165}" 
RefArbor,C4.5,WcD0A001711011845_08.ce,18,0.204182716935891,"{14, 16, 30, 53, 73, 80, 97, 99, 101, 107, 109, 174, 178, 179, 180, 183, 184, 185}" 
RefArbor,C4.4,WcD0F331711011900_04.ce,16,0.22966309798603365,"{1, 2, 3, 9, 21, 29, 31, 41, 64, 85, 90, 105, 142, 177, 192, 193}" 
RefArbor,C4.4,WcD0F331711011915_04.ce,16,0.23712984791770172,"{130, 131, 134, 135, 136, 143, 38, 40, 48, 181, 185, 186, 187, 66, 166, 77}" 
RefArbor,C4.4,WcD0F331711011930_04.ce,16,0.22257212851934371,"{13, 34, 38, 44, 54, 90, 91, 102, 111, 115, 117, 149, 152, 153, 187, 188}" 
RefArbor,C4.4,WcD0F331711011945_04.ce,25,0.2349765716637637,"{4, 11, 12, 17, 55, 73, 80, 85, 93, 94, 95, 96, 105, 120, 122, 127, 149, 153, 156, 160, 165, 169, 177, 189, 190}" 
RefArbor,C4.5,WcD0A001711011900_08.ce,17,0.2267178042561199,"{1, 2, 3, 4, 15, 21, 24, 32, 41, 65, 78, 91, 143, 152, 174, 177, 191}" 
RefArbor,C4.5,WcD0A001711011915_08.ce,22,0.2362691547226654,"{1, 15, 24, 26, 29, 38, 84, 126, 131, 135, 136, 137, 143, 145, 160, 162, 185, 186, 187, 188, 190, 194}" 
RefArbor,C4.5,WcD0A001711011930_08.ce,15,0.22476203185407595,"{16, 33, 36, 38, 44, 81, 85, 90, 91, 101, 110, 114, 115, 148, 187}" 
RefArbor,C4.5,WcD0A001711011945_08.ce,22,0.24118237585560295,"{5, 12, 68, 73, 80, 92, 93, 94, 95, 96, 105, 107, 120, 127, 128, 149, 157, 171, 177, 181, 190, 192}" 
RefArbor,C4.4,WcD0F331711012000_04.ce,83,0.24116451100231043,"{1, 2, 3, 4, 12, 13, 14, 15, 16, 17, 18, 19, 25, 27, 29, 30, 31, 32, 33, 34, 36, 40, 41, 42, 48, 50, 51, 53, 54, 56, 57, 58, 59, 63, 64, 71, 72, 75, 76, 84, 86, 87, 88, 91, 94, 98, 99, 104, 107, 108, 110, 112, 113, 114, 115, 116, 117, 118, 119, 120, 121, 122, 130, 131, 139, 143, 145, 147, 149, 151, 153, 154, 158, 159, 160, 161, 170, 171, 172, 189, 190, 193, 194}" 
RefArbor,C4.4,WcD0F331711012015_04.ce,59,0.22279054406735496,"{1, 2, 7, 8, 9, 10, 11, 12, 14, 15, 16, 17, 18, 35, 36, 37, 38, 39, 40, 41, 42, 43, 44, 45, 55, 61, 66, 68, 74, 75, 88, 90, 91, 92, 93, 96, 97, 99, 100, 103, 104, 105, 106, 108, 111, 113, 133, 134, 135, 136, 140, 141, 142, 160, 163, 164, 170, 171, 187}" 
RefArbor,C4.4,WcD0F331711012030_04.ce,48,0.23086657652499576,"{10, 11, 48, 49, 54, 55, 59, 60, 61, 62, 63, 64, 65, 91, 99, 100, 104, 105, 107, 109, 111, 113, 115, 125, 126, 127, 128, 134, 135, 136, 146, 147, 150, 151, 159, 160, 161, 162, 163, 172, 173, 187, 188, 189, 190, 191, 192, 193}" 
RefArbor,C4.4,WcD0F331711012045_04.ce,80,0.24778061747095032,"{1, 2, 3, 4, 5, 6, 7, 8, 9, 10, 11, 12, 13, 14, 15, 16, 17, 18, 24, 25, 26, 27, 28, 29, 30, 31, 32, 34, 35, 46, 51, 56, 60, 61, 67, 68, 71, 73, 74, 75, 76, 79, 80, 82, 85, 95, 96, 97, 104, 105, 106, 112, 113, 114, 134, 135, 137, 138, 139, 140, 141, 143, 144, 145, 146, 147, 161, 177, 180, 181, 182, 185, 186, 187, 188, 189, 190, 191, 192, 193}" 
RefArbor,C4.5,WcD0A001711012000_08.ce,76,0.24702074374579588,"{1, 2, 3, 12, 13, 14, 15, 16, 17, 18, 24, 26, 27, 28, 29, 30, 31, 32, 33, 35, 37, 40, 41, 42, 48, 52, 53, 55, 56, 57, 59, 61, 63, 64, 71, 74, 75, 76, 85, 86, 87, 90, 99, 103, 104, 105, 107, 110, 111, 112, 113, 114, 115, 116, 117, 118, 119, 120, 121, 126, 127, 129, 139, 142, 147, 152, 153, 157, 159, 161, 170, 171, 172, 184, 189, 193}" 
RefArbor,C4.5,WcD0A001711012015_08.ce,59,0.22513611671939296,"{1, 2, 8, 9, 10, 11, 12, 13, 14, 15, 16, 17, 18, 36, 37, 38, 39, 40, 41, 42, 43, 44, 45, 46, 49, 61, 66, 68, 74, 75, 91, 92, 93, 94, 96, 97, 98, 100, 102, 103, 104, 105, 106, 108, 109, 113, 127, 133, 134, 135, 136, 137, 140, 141, 142, 164, 171, 172, 188}" 
RefArbor,C4.5,WcD0A001711012030_08.ce,52,0.22941976341529313,"{10, 11, 12, 18, 20, 23, 30, 47, 48, 49, 55, 58, 60, 61, 62, 63, 64, 65, 91, 94, 101, 104, 106, 109, 113, 115, 125, 126, 127, 128, 135, 136, 137, 144, 146, 147, 148, 150, 159, 160, 161, 162, 163, 172, 173, 174, 188, 189, 190, 192, 193, 194}" 
RefArbor,C4.5,WcD0A001711012045_08.ce,78,0.24435117235660833,"{1, 2, 3, 4, 5, 6, 7, 8, 9, 10, 11, 12, 13, 14, 15, 16, 17, 24, 25, 26, 27, 28, 29, 30, 31, 34, 35, 45, 46, 50, 54, 55, 56, 59, 60, 67, 73, 74, 75, 76, 81, 82, 83, 87, 95, 96, 103, 104, 105, 106, 111, 112, 113, 114, 134, 137, 138, 139, 140, 143, 144, 145, 146, 171, 177, 179, 180, 181, 182, 184, 185, 186, 187, 188, 189, 190, 191, 192}" 
RefArbor,C4.4,WcD0F331711012100_04.ce,83,0.2274231908872287,"{1, 2, 3, 4, 12, 13, 14, 15, 16, 17, 18, 19, 21, 22, 25, 26, 27, 28, 29, 30, 31, 34, 35, 36, 37, 41, 46, 47, 52, 55, 56, 65, 66, 67, 91, 94, 95, 101, 102, 103, 104, 105, 106, 109, 110, 111, 117, 121, 124, 128, 129, 132, 133, 134, 135, 136, 137, 146, 147, 148, 149, 150, 151, 152, 153, 154, 155, 156, 158, 159, 160, 161, 162, 163, 164, 167, 168, 169, 170, 171, 177, 181, 182}" 
RefArbor,C4.4,WcD0F331711012115_04.ce,61,0.24193693354999182,"{3, 5, 8, 18, 19, 22, 24, 26, 28, 29, 33, 37, 38, 41, 42, 46, 50, 51, 53, 54, 55, 56, 57, 58, 60, 61, 62, 63, 64, 65, 66, 68, 69, 70, 75, 82, 83, 102, 103, 126, 132, 139, 141, 143, 144, 145, 146, 147, 148, 151, 153, 156, 158, 159, 160, 167, 170, 171, 172, 177, 178}" 
RefArbor,C4.4,WcD0F331711012130_04.ce,51,0.24064504380936244,"{10, 11, 12, 13, 14, 18, 20, 21, 22, 26, 31, 32, 33, 36, 42, 43, 49, 59, 60, 61, 62, 64, 65, 66, 67, 71, 72, 74, 75, 76, 86, 112, 116, 118, 119, 120, 121, 122, 127, 128, 129, 131, 143, 149, 150, 172, 173, 190, 191, 192, 193}" 
RefArbor,C4.4,WcD0F331711012145_04.ce,47,0.23653100616379624,"{7, 29, 35, 36, 38, 40, 41, 50, 51, 53, 54, 61, 64, 65, 66, 67, 72, 79, 85, 86, 88, 100, 101, 140, 141, 146, 155, 156, 160, 161, 162, 163, 164, 165, 166, 167, 168, 169, 170, 171, 172, 173, 174, 175, 176, 179, 188}" 
RefArbor,C4.5,WcD0A001711012100_08.ce,85,0.23226189319012414,"{1, 2, 3, 4, 5, 10, 13, 14, 15, 16, 17, 18, 19, 20, 21, 22, 26, 27, 28, 29, 30, 31, 35, 36, 37, 38, 42, 44, 46, 48, 52, 53, 55, 56, 57, 60, 66, 67, 69, 88, 91, 92, 94, 95, 96, 102, 103, 104, 105, 107, 109, 111, 129, 130, 133, 134, 135, 136, 137, 146, 147, 148, 149, 150, 151, 152, 153, 154, 155, 156, 157, 158, 159, 160, 161, 162, 163, 164, 168, 169, 170, 171, 177, 181, 182}" 
RefArbor,C4.5,WcD0A001711012115_08.ce,54,0.24839154427313817,"{8, 9, 18, 19, 20, 24, 25, 26, 28, 29, 33, 37, 38, 42, 43, 44, 51, 53, 55, 56, 57, 58, 59, 61, 62, 63, 64, 65, 66, 67, 68, 69, 70, 71, 75, 78, 82, 83, 84, 103, 142, 144, 145, 146, 147, 148, 151, 159, 160, 168, 170, 171, 172, 178}" 
RefArbor,C4.5,WcD0A001711012130_08.ce,59,0.23137887385727401,"{9, 10, 11, 12, 13, 17, 18, 20, 21, 24, 29, 30, 32, 33, 35, 40, 42, 43, 46, 49, 59, 60, 61, 62, 63, 64, 65, 66, 67, 71, 72, 74, 81, 85, 86, 111, 112, 118, 119, 120, 121, 128, 129, 134, 136, 142, 143, 146, 149, 154, 166, 172, 175, 185, 189, 190, 191, 192, 193}" 
RefArbor,C4.5,WcD0A001711012145_08.ce,49,0.2364026362421426,"{8, 20, 36, 37, 39, 40, 49, 50, 51, 53, 65, 66, 67, 75, 76, 79, 80, 81, 85, 88, 89, 101, 102, 135, 140, 141, 142, 145, 146, 156, 160, 161, 162, 163, 164, 165, 166, 167, 168, 169, 170, 171, 172, 173, 174, 175, 177, 186, 187}" 
RefArbor,C4.4,WcD0F331711012200_04.ce,99,0.24007343493900782,"{1, 2, 3, 4, 6, 11, 20, 26, 28, 32, 38, 39, 40, 41, 42, 43, 44, 45, 46, 47, 48, 49, 51, 52, 55, 56, 57, 58, 59, 60, 61, 62, 63, 64, 65, 66, 67, 68, 69, 72, 73, 74, 76, 79, 86, 87, 88, 89, 92, 93, 107, 108, 109, 110, 111, 112, 113, 114, 115, 116, 117, 123, 124, 128, 129, 143, 144, 145, 147, 148, 149, 150, 151, 152, 155, 159, 161, 162, 163, 164, 165, 167, 170, 171, 172, 173, 174, 175, 176, 177, 178, 179, 180, 181, 182, 185, 186, 191, 192}" 
RefArbor,C4.4,WcD0F331711012215_04.ce,60,0.23297055190733418,"{1, 15, 16, 17, 18, 20, 21, 27, 34, 48, 49, 50, 51, 52, 56, 57, 58, 59, 60, 61, 62, 63, 66, 68, 69, 70, 73, 75, 76, 77, 81, 84, 86, 88, 89, 90, 93, 94, 99, 100, 101, 102, 106, 131, 132, 137, 138, 139, 146, 150, 153, 154, 157, 167, 177, 179, 181, 182, 183, 193}" 
RefArbor,C4.4,WcD0F331711012230_04.ce,82,0.24747432332220992,"{2, 3, 4, 13, 14, 15, 25, 26, 28, 32, 34, 35, 45, 48, 50, 51, 52, 57, 61, 65, 68, 69, 70, 72, 73, 78, 84, 85, 88, 89, 93, 94, 97, 98, 99, 100, 101, 103, 105, 106, 110, 113, 115, 116, 117, 118, 119, 120, 121, 124, 125, 126, 127, 129, 133, 134, 135, 136, 137, 138, 139, 140, 141, 142, 143, 147, 153, 154, 155, 158, 159, 161, 164, 166, 167, 168, 174, 175, 180, 181, 182, 184}" 
RefArbor,C4.4,WcD0F331711012245_04.ce,40,0.23779616357107108,"{7, 8, 10, 14, 17, 23, 24, 38, 42, 46, 47, 49, 56, 61, 67, 71, 75, 97, 100, 111, 112, 113, 115, 116, 117, 118, 119, 127, 129, 136, 143, 145, 161, 167, 168, 169, 170, 176, 180, 181}" 
RefArbor,C4.5,WcD0A001711012200_08.ce,97,0.24438485467297189,"{1, 2, 3, 4, 5, 11, 12, 21, 26, 28, 35, 38, 39, 40, 41, 42, 43, 44, 45, 46, 47, 48, 49, 52, 56, 57, 58, 59, 60, 61, 62, 63, 64, 65, 66, 67, 70, 72, 73, 74, 76, 77, 79, 80, 86, 87, 88, 89, 90, 92, 93, 105, 107, 108, 109, 110, 111, 112, 113, 114, 115, 116, 117, 128, 129, 144, 145, 148, 149, 150, 151, 152, 155, 156, 159, 160, 162, 163, 164, 165, 167, 170, 171, 172, 174, 175, 176, 177, 179, 180, 181, 182, 183, 185, 187, 191, 194}" 
RefArbor,C4.5,WcD0A001711012215_08.ce,61,0.2282240827318635,"{14, 15, 16, 17, 19, 20, 26, 27, 34, 48, 49, 50, 51, 52, 55, 57, 58, 59, 60, 62, 63, 64, 66, 67, 68, 69, 70, 72, 75, 76, 77, 81, 83, 86, 87, 88, 89, 93, 98, 99, 100, 102, 103, 105, 106, 131, 134, 138, 149, 151, 152, 153, 163, 165, 166, 174, 176, 178, 179, 180, 182}" 
RefArbor,C4.5,WcD0A001711012230_08.ce,79,0.2491909928741489,"{3, 4, 5, 6, 13, 14, 15, 16, 26, 29, 32, 33, 35, 45, 48, 50, 51, 52, 58, 62, 66, 68, 69, 70, 71, 72, 73, 84, 85, 88, 89, 90, 94, 98, 99, 100, 101, 103, 104, 105, 112, 115, 116, 117, 118, 120, 121, 124, 125, 126, 128, 129, 134, 135, 136, 137, 138, 140, 141, 142, 143, 147, 152, 154, 155, 158, 159, 160, 161, 164, 165, 166, 167, 168, 172, 173, 181, 182, 184}" 
RefArbor,C4.5,WcD0A001711012245_08.ce,45,0.23478877883109633,"{8, 11, 23, 24, 25, 39, 43, 46, 47, 48, 49, 50, 51, 56, 60, 61, 66, 71, 75, 97, 100, 101, 109, 112, 113, 115, 116, 117, 119, 123, 135, 136, 139, 144, 145, 146, 148, 162, 168, 169, 170, 171, 173, 181, 182}" 
RefArbor,C4.4,WcD0F331711012300_04.ce,101,0.25402002593145506,"{1, 2, 3, 4, 5, 14, 15, 17, 19, 21, 22, 26, 28, 29, 30, 31, 32, 33, 34, 35, 36, 37, 38, 40, 42, 44, 45, 46, 47, 48, 49, 50, 51, 52, 54, 55, 56, 57, 58, 62, 63, 64, 65, 66, 67, 69, 104, 106, 111, 118, 119, 120, 121, 122, 123, 124, 125, 127, 128, 129, 130, 131, 132, 133, 134, 135, 136, 137, 138, 139, 140, 141, 143, 144, 145, 146, 147, 148, 150, 152, 153, 154, 155, 156, 158, 159, 160, 161, 167, 168, 170, 171, 172, 173, 174, 175, 181, 183, 185, 192, 193}" 
RefArbor,C4.4,WcD0F331711012315_04.ce,106,0.2377030357657972,"{5, 6, 7, 8, 9, 10, 11, 12, 13, 14, 15, 16, 17, 18, 19, 20, 21, 23, 24, 25, 26, 27, 29, 31, 32, 34, 35, 36, 37, 38, 39, 41, 43, 44, 45, 46, 47, 48, 49, 50, 51, 53, 54, 55, 56, 57, 58, 59, 60, 61, 62, 63, 64, 65, 66, 67, 68, 69, 70, 71, 72, 73, 75, 79, 80, 81, 82, 83, 84, 85, 86, 87, 88, 89, 90, 91, 92, 93, 95, 96, 110, 111, 112, 113, 115, 116, 144, 147, 148, 149, 150, 151, 152, 153, 154, 155, 156, 160, 161, 163, 165, 166, 167, 168, 171, 173}" 
RefArbor,C4.4,WcD0F331711012330_04.ce,63,0.2605492493751998,"{14, 15, 16, 17, 22, 28, 29, 30, 32, 35, 46, 49, 55, 58, 61, 62, 63, 64, 65, 67, 69, 70, 71, 72, 73, 74, 77, 78, 79, 80, 81, 82, 86, 87, 88, 89, 90, 91, 92, 93, 110, 113, 114, 116, 122, 123, 134, 139, 142, 145, 146, 149, 154, 155, 157, 158, 161, 162, 164, 168, 170, 173, 174}" 
RefArbor,C4.4,WcD0F331711012345_04.ce,58,0.23969793096462383,"{8, 16, 17, 18, 19, 20, 21, 22, 23, 26, 53, 55, 56, 62, 64, 68, 72, 73, 75, 78, 79, 80, 89, 90, 94, 98, 99, 101, 102, 110, 112, 118, 119, 120, 121, 122, 123, 124, 125, 126, 127, 128, 133, 134, 142, 143, 146, 153, 154, 155, 156, 159, 160, 161, 162, 164, 165, 183}" 
RefArbor,C4.5,WcD0A001711012300_08.ce,93,0.2607502475605278,"{1, 2, 3, 4, 13, 14, 15, 16, 18, 21, 26, 27, 28, 30, 32, 33, 35, 36, 37, 39, 41, 44, 45, 46, 47, 48, 49, 50, 52, 53, 54, 55, 56, 57, 60, 62, 63, 64, 65, 66, 68, 92, 104, 105, 115, 117, 118, 122, 124, 125, 126, 127, 129, 130, 131, 132, 134, 135, 136, 137, 138, 139, 140, 141, 143, 144, 145, 146, 147, 148, 149, 150, 152, 154, 155, 156, 157, 158, 159, 160, 167, 169, 170, 171, 172, 173, 174, 181, 182, 184, 191, 192, 193}" 
RefArbor,C4.5,WcD0A001711012315_08.ce,99,0.24331466148466616,"{6, 7, 8, 9, 11, 12, 15, 16, 17, 18, 19, 20, 21, 22, 24, 26, 27, 29, 30, 32, 33, 34, 35, 37, 38, 39, 43, 44, 45, 46, 47, 48, 49, 51, 52, 54, 55, 56, 57, 58, 59, 60, 61, 62, 63, 64, 65, 66, 67, 68, 69, 70, 71, 72, 73, 74, 76, 78, 80, 81, 82, 83, 84, 85, 86, 87, 88, 89, 90, 91, 92, 94, 95, 96, 110, 112, 116, 144, 148, 149, 150, 151, 152, 153, 154, 155, 156, 157, 160, 161, 164, 165, 166, 167, 168, 172, 173, 174, 181}" 
RefArbor,C4.5,WcD0A001711012330_08.ce,71,0.25700719436001035,"{14, 15, 16, 26, 28, 30, 33, 37, 39, 41, 45, 46, 48, 54, 55, 61, 62, 63, 64, 68, 69, 70, 71, 72, 73, 74, 76, 77, 78, 79, 81, 86, 87, 88, 89, 90, 91, 93, 95, 110, 112, 113, 116, 119, 121, 122, 130, 133, 138, 139, 140, 141, 142, 145, 146, 153, 154, 156, 157, 159, 160, 161, 163, 164, 167, 169, 171, 172, 173, 174, 176}" 
RefArbor,C4.5,WcD0A001711012345_08.ce,56,0.2428115502376075,"{16, 17, 18, 19, 20, 21, 22, 23, 56, 57, 62, 65, 69, 70, 73, 79, 80, 81, 83, 90, 91, 94, 99, 100, 101, 102, 111, 121, 122, 123, 124, 125, 126, 127, 128, 133, 134, 142, 143, 146, 147, 148, 150, 154, 155, 156, 157, 160, 161, 162, 164, 166, 175, 177, 183, 184}" 
