RefArbor,C4.4,WcD0A251711020000_01.ce,8,0.20286005683140895,"{1, 2, 3, 149, 161, 164, 167, 110}" 
RefArbor,C4.4,WcD0A251711020015_01.ce,18,0.22322046782665442,"{16, 19, 23, 26, 45, 49, 51, 53, 57, 88, 102, 103, 104, 109, 110, 120, 153, 161}" 
RefArbor,C4.4,WcD0A251711020030_01.ce,12,0.2081540109064022,"{64, 65, 67, 69, 72, 83, 84, 85, 86, 166, 172, 179}" 
RefArbor,C4.4,WcD0A251711020045_01.ce,13,0.22053277685441497,"{4, 49, 57, 131, 147, 156, 159, 162, 171, 172, 187, 189, 191}" 
RefArbor,C4.5,WcD0A001711020000_03.ce,11,0.20366264426353428,"{1, 2, 3, 4, 8, 159, 163, 165, 168, 110, 111}" 
RefArbor,C4.5,WcD0A001711020015_03.ce,16,0.2228066201941597,"{19, 23, 37, 45, 57, 87, 88, 102, 103, 109, 110, 120, 140, 153, 161, 171}" 
RefArbor,C4.5,WcD0A001711020030_03.ce,11,0.21281225580785149,"{12, 54, 64, 67, 83, 84, 85, 165, 168, 179, 181}" 
RefArbor,C4.5,WcD0A001711020045_03.ce,17,0.2180920881565042,"{5, 47, 51, 58, 66, 131, 132, 135, 156, 160, 163, 170, 171, 173, 181, 188, 192}" 
RefArbor,C4.4,WcD0A251711020100_01.ce,24,0.22580107953356854,"{1, 2, 3, 4, 6, 8, 11, 13, 16, 17, 18, 20, 22, 23, 32, 53, 160, 162, 180, 184, 188, 189, 190, 192}" 
RefArbor,C4.4,WcD0A251711020115_01.ce,42,0.23782186964782562,"{3, 4, 8, 11, 14, 15, 16, 17, 19, 21, 23, 24, 25, 26, 38, 52, 56, 69, 72, 81, 82, 84, 85, 90, 92, 93, 94, 95, 101, 102, 129, 130, 131, 132, 133, 134, 175, 184, 185, 186, 187, 188}" 
RefArbor,C4.4,WcD0A251711020130_01.ce,32,0.23246569765596076,"{10, 12, 13, 14, 22, 24, 25, 57, 62, 69, 84, 107, 108, 114, 117, 118, 119, 120, 121, 123, 126, 127, 128, 133, 134, 143, 158, 159, 160, 161, 170, 174}" 
RefArbor,C4.4,WcD0A251711020145_01.ce,23,0.22078622623207214,"{7, 8, 9, 10, 11, 12, 13, 56, 62, 68, 91, 132, 133, 134, 139, 146, 165, 169, 175, 179, 181, 184, 192}" 
RefArbor,C4.5,WcD0A001711020100_03.ce,28,0.222673582677294,"{1, 2, 3, 4, 8, 11, 13, 16, 17, 18, 19, 20, 22, 34, 39, 42, 117, 159, 162, 167, 180, 183, 184, 187, 188, 189, 190, 192}" 
RefArbor,C4.5,WcD0A001711020115_03.ce,40,0.2364554629334986,"{3, 4, 8, 13, 15, 16, 17, 19, 21, 22, 23, 52, 56, 62, 70, 72, 79, 80, 84, 90, 92, 93, 94, 95, 101, 107, 124, 129, 130, 131, 132, 133, 134, 159, 162, 176, 183, 184, 185, 187}" 
RefArbor,C4.5,WcD0A001711020130_03.ce,30,0.2342580648838467,"{8, 13, 14, 15, 25, 26, 28, 33, 58, 63, 69, 83, 113, 115, 117, 118, 120, 121, 124, 127, 128, 129, 134, 135, 144, 159, 161, 171, 172, 192}" 
RefArbor,C4.5,WcD0A001711020145_03.ce,26,0.22008566730469659,"{7, 8, 9, 10, 11, 12, 13, 17, 20, 56, 64, 67, 68, 90, 91, 132, 133, 134, 138, 141, 162, 165, 168, 169, 184, 189}" 
RefArbor,C4.4,WcD0A251711020200_01.ce,9,0.1997747408415437,"{1, 2, 3, 4, 43, 80, 151, 173, 192}" 
RefArbor,C4.4,WcD0A251711020215_01.ce,28,0.21527204015985882,"{22, 25, 27, 28, 29, 31, 50, 56, 59, 63, 67, 80, 95, 104, 112, 122, 123, 128, 129, 130, 140, 141, 142, 147, 148, 163, 164, 178}" 
RefArbor,C4.4,WcD0A251711020230_01.ce,24,0.19813943344563104,"{30, 31, 32, 33, 34, 82, 99, 144, 145, 152, 153, 154, 155, 156, 157, 158, 159, 160, 161, 177, 178, 180, 182, 191}" 
RefArbor,C4.4,WcD0A251711020245_01.ce,79,0.2508747760028968,"{1, 2, 4, 6, 8, 10, 11, 12, 13, 14, 15, 16, 22, 23, 24, 25, 26, 27, 30, 32, 33, 42, 56, 57, 58, 70, 72, 73, 74, 75, 77, 78, 79, 80, 81, 82, 85, 86, 89, 97, 98, 99, 100, 112, 114, 115, 116, 117, 118, 119, 121, 123, 124, 125, 126, 130, 131, 132, 134, 136, 137, 138, 147, 150, 154, 155, 156, 157, 158, 159, 170, 177, 178, 180, 189, 190, 191, 192, 193}" 
RefArbor,C4.5,WcD0A001711020200_03.ce,11,0.1945108559097611,"{1, 2, 3, 4, 43, 76, 78, 80, 149, 173, 192}" 
RefArbor,C4.5,WcD0A001711020215_03.ce,25,0.21444674752605491,"{8, 22, 25, 27, 28, 29, 31, 37, 56, 67, 79, 95, 104, 122, 123, 128, 129, 130, 140, 142, 147, 148, 159, 163, 164}" 
RefArbor,C4.5,WcD0A001711020230_03.ce,25,0.20218898107598682,"{12, 30, 31, 32, 33, 34, 102, 153, 154, 155, 156, 157, 158, 159, 160, 176, 177, 178, 179, 180, 182, 183, 186, 188, 192}" 
RefArbor,C4.5,WcD0A001711020245_03.ce,82,0.248491235206066,"{2, 4, 5, 6, 8, 9, 11, 12, 13, 14, 15, 16, 21, 22, 23, 24, 25, 26, 27, 29, 32, 33, 36, 42, 56, 57, 72, 73, 74, 75, 76, 77, 78, 79, 80, 81, 82, 85, 89, 95, 96, 98, 99, 100, 109, 110, 112, 114, 115, 116, 118, 119, 120, 121, 123, 124, 125, 126, 130, 131, 132, 134, 136, 137, 138, 151, 154, 155, 156, 158, 159, 163, 170, 171, 172, 177, 178, 180, 181, 189, 190, 191}" 
RefArbor,C4.4,WcD0A251711020400_01.ce,64,0.21747197066557783,"{1, 2, 3, 4, 5, 6, 7, 8, 9, 10, 11, 12, 13, 14, 15, 16, 17, 26, 62, 92, 94, 95, 109, 110, 112, 114, 115, 116, 117, 118, 119, 120, 121, 122, 125, 128, 129, 130, 131, 136, 138, 141, 142, 149, 150, 151, 152, 156, 157, 158, 160, 161, 162, 164, 168, 169, 170, 175, 176, 177, 181, 187, 191, 194}" 
RefArbor,C4.4,WcD0A251711020415_01.ce,37,0.22556129369288358,"{18, 24, 25, 27, 32, 33, 42, 43, 55, 60, 65, 66, 67, 68, 69, 70, 71, 72, 73, 74, 75, 76, 77, 79, 80, 90, 102, 106, 107, 122, 131, 132, 145, 147, 156, 166, 188}" 
RefArbor,C4.4,WcD0A251711020430_01.ce,45,0.251284283282368,"{4, 10, 19, 20, 21, 22, 28, 29, 30, 52, 53, 55, 77, 81, 82, 83, 86, 90, 97, 98, 99, 102, 106, 117, 118, 124, 131, 143, 144, 145, 153, 158, 162, 166, 167, 176, 182, 184, 185, 186, 187, 188, 189, 190, 193}" 
RefArbor,C4.4,WcD0A251711020445_01.ce,31,0.23000913271720683,"{3, 4, 26, 27, 28, 29, 30, 34, 35, 70, 76, 88, 95, 98, 105, 109, 110, 116, 118, 119, 120, 121, 127, 155, 156, 157, 158, 159, 161, 178, 188}" 
RefArbor,C4.5,WcD0A001711020400_03.ce,64,0.21504740894783791,"{1, 2, 3, 4, 5, 6, 7, 8, 9, 10, 11, 12, 13, 14, 15, 16, 17, 26, 70, 92, 95, 106, 108, 109, 110, 112, 113, 114, 115, 116, 117, 118, 119, 120, 121, 122, 124, 128, 129, 130, 131, 136, 137, 141, 142, 149, 150, 152, 156, 157, 158, 160, 161, 164, 169, 170, 175, 176, 178, 181, 187, 189, 190, 191}" 
RefArbor,C4.5,WcD0A001711020415_03.ce,38,0.22851177961704866,"{2, 9, 14, 19, 25, 26, 33, 34, 35, 37, 43, 60, 63, 66, 67, 68, 69, 70, 71, 72, 73, 74, 76, 77, 79, 80, 81, 91, 92, 93, 107, 120, 123, 132, 141, 146, 148, 189}" 
RefArbor,C4.5,WcD0A001711020430_03.ce,46,0.252341656795575,"{4, 10, 16, 19, 20, 21, 22, 28, 29, 33, 45, 51, 52, 54, 59, 72, 79, 81, 82, 84, 89, 90, 97, 99, 106, 117, 118, 124, 142, 143, 144, 145, 151, 153, 158, 162, 166, 182, 183, 184, 185, 186, 187, 188, 189, 190}" 
RefArbor,C4.5,WcD0A001711020445_03.ce,24,0.23052801348954885,"{1, 4, 26, 30, 34, 39, 76, 82, 87, 105, 107, 110, 116, 118, 120, 126, 127, 155, 156, 157, 158, 159, 167, 178}" 
RefArbor,C4.4,WcD0A251711020500_01.ce,39,0.23229180616826023,"{1, 2, 3, 8, 15, 16, 18, 19, 33, 38, 39, 42, 47, 51, 64, 93, 97, 122, 128, 135, 136, 137, 140, 141, 142, 144, 147, 148, 149, 152, 172, 174, 175, 181, 184, 185, 186, 188, 189}" 
RefArbor,C4.4,WcD0A251711020515_01.ce,25,0.20741449445439766,"{12, 13, 21, 22, 23, 24, 25, 26, 66, 70, 71, 91, 112, 113, 114, 115, 118, 125, 130, 143, 145, 147, 148, 153, 160}" 
RefArbor,C4.4,WcD0A251711020530_01.ce,15,0.22619460037065509,"{15, 16, 17, 21, 23, 47, 51, 76, 84, 122, 123, 154, 170, 193, 194}" 
RefArbor,C4.4,WcD0A251711020545_01.ce,19,0.21354234035267497,"{1, 4, 23, 25, 27, 45, 46, 88, 89, 94, 97, 99, 114, 153, 154, 155, 162, 170, 179}" 
RefArbor,C4.5,WcD0A001711020500_03.ce,35,0.2315019681504843,"{1, 2, 3, 4, 17, 20, 38, 39, 40, 43, 44, 50, 57, 92, 98, 118, 123, 129, 131, 135, 136, 137, 138, 141, 142, 143, 145, 148, 158, 173, 175, 185, 186, 189, 190}" 
RefArbor,C4.5,WcD0A001711020515_03.ce,27,0.20382455658305917,"{13, 21, 22, 23, 24, 25, 26, 66, 68, 70, 76, 87, 112, 113, 114, 118, 125, 126, 130, 141, 144, 145, 146, 147, 148, 156, 160}" 
RefArbor,C4.5,WcD0A001711020530_03.ce,15,0.22251742451798406,"{1, 15, 16, 17, 20, 21, 29, 76, 120, 122, 123, 149, 154, 193, 194}" 
RefArbor,C4.5,WcD0A001711020545_03.ce,20,0.21399646204117256,"{1, 4, 23, 25, 83, 88, 89, 94, 95, 96, 97, 114, 135, 153, 154, 159, 162, 170, 179, 191}" 
RefArbor,C4.4,WcD0A251711020600_01.ce,13,0.20787740223948192,"{1, 2, 3, 4, 11, 43, 83, 110, 112, 113, 126, 182, 193}" 
RefArbor,C4.4,WcD0A251711020615_01.ce,53,0.24176695354822064,"{1, 2, 6, 7, 9, 10, 11, 12, 47, 48, 49, 50, 52, 53, 54, 56, 57, 58, 60, 61, 62, 63, 64, 65, 66, 67, 68, 69, 70, 80, 81, 82, 83, 86, 89, 90, 91, 93, 94, 102, 106, 107, 124, 140, 144, 145, 177, 178, 180, 183, 184, 185, 192}" 
RefArbor,C4.4,WcD0A251711020630_01.ce,58,0.24026815029959905,"{6, 7, 11, 12, 13, 14, 15, 16, 17, 18, 19, 20, 22, 23, 24, 25, 27, 29, 31, 32, 34, 35, 36, 38, 40, 41, 42, 48, 49, 50, 51, 75, 76, 83, 84, 85, 86, 92, 103, 104, 109, 124, 125, 126, 127, 128, 129, 133, 143, 144, 145, 150, 160, 166, 167, 169, 184, 185}" 
RefArbor,C4.4,WcD0A251711020645_01.ce,45,0.2412567097453021,"{11, 24, 41, 57, 58, 59, 61, 68, 69, 72, 73, 74, 77, 78, 79, 92, 93, 94, 95, 107, 110, 111, 120, 122, 123, 125, 130, 131, 132, 133, 134, 135, 136, 137, 141, 142, 148, 149, 150, 151, 152, 161, 162, 189, 191}" 
RefArbor,C4.5,WcD0A001711020600_03.ce,11,0.21213418537144152,"{1, 2, 3, 4, 24, 43, 182, 193, 112, 113, 126}" 
RefArbor,C4.5,WcD0A001711020615_03.ce,59,0.24052815171013486,"{1, 2, 6, 7, 9, 11, 12, 47, 48, 50, 52, 53, 54, 55, 57, 58, 59, 60, 61, 62, 63, 64, 65, 66, 67, 68, 69, 70, 74, 75, 79, 80, 81, 82, 86, 89, 91, 94, 104, 106, 107, 109, 116, 124, 140, 145, 149, 150, 151, 154, 176, 177, 180, 183, 184, 185, 186, 188, 192}" 
RefArbor,C4.5,WcD0A001711020630_03.ce,58,0.23830475517656644,"{6, 7, 11, 12, 13, 14, 15, 16, 17, 18, 19, 20, 22, 23, 24, 25, 27, 29, 31, 32, 34, 35, 36, 40, 41, 42, 48, 49, 50, 51, 75, 83, 84, 92, 94, 103, 104, 109, 111, 124, 125, 126, 127, 128, 129, 135, 143, 144, 145, 150, 163, 165, 166, 167, 168, 169, 184, 185}" 
RefArbor,C4.5,WcD0A001711020645_03.ce,52,0.23708447765310844,"{10, 11, 21, 24, 41, 57, 58, 59, 68, 69, 71, 72, 73, 74, 78, 79, 91, 92, 97, 105, 107, 111, 119, 120, 121, 122, 123, 125, 126, 128, 130, 131, 132, 133, 134, 135, 136, 137, 140, 141, 148, 149, 150, 151, 155, 158, 160, 161, 162, 189, 191, 192}" 
RefArbor,C4.4,WcD0A251711020700_01.ce,31,0.22379707999551296,"{1, 2, 3, 4, 5, 16, 17, 18, 20, 30, 40, 59, 66, 68, 73, 98, 99, 116, 128, 129, 131, 150, 151, 152, 160, 167, 169, 171, 178, 186, 187}" 
RefArbor,C4.4,WcD0A251711020715_01.ce,19,0.21741540463262035,"{1, 50, 54, 55, 56, 91, 101, 112, 113, 123, 124, 125, 133, 145, 150, 157, 164, 167, 168}" 
RefArbor,C4.4,WcD0A251711020730_01.ce,23,0.20457532313915078,"{5, 23, 25, 26, 28, 29, 30, 53, 54, 55, 56, 57, 59, 67, 74, 146, 152, 154, 173, 182, 183, 184, 193}" 
RefArbor,C4.4,WcD0A251711020745_01.ce,15,0.18847894856241784,"{13, 42, 51, 52, 53, 54, 56, 59, 60, 63, 65, 67, 158, 160, 162}" 
RefArbor,C4.5,WcD0A001711020700_03.ce,25,0.2245321549929045,"{1, 2, 3, 4, 16, 17, 18, 19, 20, 21, 66, 67, 73, 78, 116, 131, 150, 151, 152, 160, 167, 169, 171, 186, 187}" 
RefArbor,C4.5,WcD0A001711020715_03.ce,25,0.21465643454195607,"{11, 15, 49, 50, 54, 55, 56, 57, 88, 102, 107, 109, 112, 118, 121, 122, 123, 125, 133, 145, 149, 150, 157, 165, 167}" 
RefArbor,C4.5,WcD0A001711020730_03.ce,22,0.20659431197271833,"{4, 5, 25, 26, 28, 30, 52, 54, 55, 56, 57, 58, 59, 67, 89, 90, 146, 170, 173, 182, 183, 184}" 
RefArbor,C4.5,WcD0A001711020745_03.ce,14,0.18701368497121562,"{13, 14, 52, 53, 54, 55, 56, 60, 61, 62, 64, 66, 159, 163}" 
RefArbor,C4.4,WcD0A251711020800_01.ce,23,0.20745922626843552,"{1, 2, 3, 4, 38, 62, 81, 91, 105, 108, 109, 111, 113, 120, 136, 139, 140, 142, 162, 163, 178, 186, 187}" 
RefArbor,C4.4,WcD0A251711020815_01.ce,12,0.19325255059532825,"{12, 13, 18, 19, 20, 83, 84, 85, 86, 87, 155, 178}" 
RefArbor,C4.4,WcD0A251711020830_01.ce,27,0.2509587418473836,"{3, 4, 5, 10, 22, 60, 70, 71, 75, 83, 84, 88, 91, 94, 95, 98, 103, 105, 108, 140, 142, 144, 145, 150, 181, 187, 188}" 
RefArbor,C4.4,WcD0A251711020845_01.ce,31,0.2585930467402132,"{4, 8, 20, 55, 57, 58, 62, 63, 67, 68, 69, 74, 75, 76, 83, 88, 108, 109, 112, 114, 121, 122, 127, 134, 140, 142, 145, 151, 169, 171, 173}" 
RefArbor,C4.5,WcD0A001711020800_03.ce,19,0.20937467402979532,"{1, 2, 3, 30, 38, 62, 81, 105, 107, 108, 111, 113, 120, 139, 141, 142, 163, 186, 187}" 
RefArbor,C4.5,WcD0A001711020815_03.ce,14,0.18841925163397463,"{12, 13, 18, 19, 20, 151, 153, 30, 41, 178, 83, 85, 86, 87}" 
RefArbor,C4.5,WcD0A001711020830_03.ce,23,0.24982870712559027,"{4, 6, 23, 32, 43, 61, 71, 89, 95, 96, 100, 104, 106, 115, 118, 123, 141, 143, 145, 146, 151, 180, 188}" 
RefArbor,C4.5,WcD0A001711020845_03.ce,34,0.2581841538504033,"{4, 20, 24, 39, 57, 62, 67, 68, 69, 74, 75, 76, 83, 88, 90, 108, 109, 114, 120, 122, 127, 134, 139, 140, 149, 151, 155, 159, 164, 165, 168, 171, 185, 189}" 
RefArbor,C4.4,WcD0A251711020900_01.ce,38,0.24162165050728077,"{1, 2, 3, 4, 16, 20, 21, 22, 43, 44, 51, 53, 64, 70, 74, 76, 82, 83, 84, 86, 87, 91, 92, 101, 109, 118, 121, 124, 125, 129, 144, 145, 159, 160, 167, 168, 169, 171}" 
RefArbor,C4.4,WcD0A251711020915_01.ce,14,0.22420395308637842,"{8, 22, 27, 28, 67, 76, 77, 128, 138, 140, 175, 180, 189, 190}" 
RefArbor,C4.4,WcD0A251711020930_01.ce,10,0.20683587803562872,"{42, 51, 56, 63, 107, 168, 169, 171, 172, 173}" 
RefArbor,C4.4,WcD0A251711020945_01.ce,16,0.21076419958777254,"{12, 19, 36, 37, 59, 64, 118, 139, 142, 144, 146, 159, 167, 168, 173, 174}" 
RefArbor,C4.5,WcD0A001711020900_03.ce,35,0.24028745134785218,"{1, 2, 3, 4, 20, 21, 43, 44, 50, 51, 53, 70, 74, 76, 77, 78, 82, 83, 84, 87, 91, 92, 101, 107, 109, 114, 115, 118, 121, 124, 143, 144, 159, 167, 169}" 
RefArbor,C4.5,WcD0A001711020915_03.ce,12,0.22357074977825406,"{6, 36, 65, 67, 116, 128, 131, 138, 175, 180, 189, 190}" 
RefArbor,C4.5,WcD0A001711020930_03.ce,4,0.21011339619128258,"{4, 168, 42, 171}" 
RefArbor,C4.5,WcD0A001711020945_03.ce,15,0.20780827169411512,"{12, 19, 20, 21, 27, 36, 37, 59, 139, 144, 146, 159, 162, 169, 174}" 
RefArbor,C4.4,WcD0A251711021000_01.ce,64,0.22426963735023744,"{1, 2, 3, 4, 5, 6, 9, 10, 15, 16, 25, 27, 28, 32, 33, 34, 35, 36, 39, 41, 43, 44, 45, 46, 47, 48, 49, 50, 54, 55, 73, 74, 75, 76, 77, 78, 80, 81, 82, 88, 92, 93, 94, 95, 97, 99, 101, 102, 103, 104, 105, 106, 107, 110, 111, 113, 117, 118, 122, 123, 124, 125, 126, 136}" 
RefArbor,C4.4,WcD0A251711021015_01.ce,25,0.20710663869554644,"{14, 16, 21, 33, 37, 46, 47, 49, 50, 51, 52, 53, 54, 55, 56, 60, 70, 74, 75, 76, 111, 112, 122, 131, 185}" 
RefArbor,C4.4,WcD0A251711021030_01.ce,64,0.24486923036196373,"{21, 22, 23, 24, 32, 36, 43, 44, 45, 46, 47, 48, 49, 50, 51, 52, 54, 56, 57, 59, 60, 61, 67, 69, 70, 97, 100, 101, 103, 106, 107, 108, 109, 110, 118, 119, 121, 122, 123, 124, 125, 126, 138, 139, 140, 142, 143, 147, 149, 151, 167, 170, 172, 173, 175, 176, 177, 178, 182, 184, 185, 191, 192, 194}" 
RefArbor,C4.4,WcD0A251711021045_01.ce,57,0.2616277542499274,"{1, 2, 5, 9, 11, 15, 23, 27, 33, 34, 35, 38, 47, 48, 53, 54, 55, 56, 57, 58, 60, 64, 65, 66, 74, 76, 81, 84, 85, 86, 91, 108, 109, 113, 116, 131, 133, 140, 141, 142, 143, 145, 146, 147, 148, 156, 159, 160, 165, 172, 173, 178, 182, 184, 188, 191, 192}" 
RefArbor,C4.5,WcD0A001711021000_03.ce,61,0.2280376164525613,"{1, 2, 3, 4, 9, 11, 15, 16, 25, 27, 28, 32, 33, 34, 35, 36, 39, 41, 43, 44, 45, 46, 47, 48, 49, 54, 72, 75, 76, 77, 79, 80, 81, 82, 83, 89, 90, 92, 93, 94, 95, 97, 98, 99, 102, 103, 104, 105, 106, 107, 108, 109, 110, 117, 118, 122, 123, 124, 125, 126, 136}" 
RefArbor,C4.5,WcD0A001711021015_03.ce,24,0.20911963306280174,"{14, 21, 25, 33, 46, 47, 49, 50, 51, 52, 53, 54, 55, 59, 60, 61, 70, 74, 75, 76, 130, 131, 180, 185}" 
RefArbor,C4.5,WcD0A001711021030_03.ce,67,0.24502236605297895,"{14, 21, 22, 23, 24, 25, 27, 42, 44, 45, 46, 47, 48, 49, 50, 51, 52, 53, 54, 56, 57, 59, 60, 61, 67, 69, 70, 73, 87, 96, 97, 100, 106, 107, 109, 110, 118, 119, 121, 122, 124, 125, 126, 138, 139, 140, 142, 143, 147, 148, 151, 164, 167, 170, 172, 173, 175, 176, 177, 178, 181, 182, 184, 185, 190, 191, 192}" 
RefArbor,C4.5,WcD0A001711021045_03.ce,59,0.25965934201673874,"{1, 5, 11, 12, 23, 26, 31, 33, 34, 35, 39, 47, 48, 51, 52, 53, 54, 55, 56, 57, 60, 66, 67, 74, 75, 81, 83, 84, 85, 86, 98, 108, 113, 114, 116, 131, 140, 141, 142, 143, 144, 145, 146, 147, 148, 151, 156, 158, 159, 171, 172, 173, 177, 178, 180, 182, 188, 192, 193}" 
RefArbor,C4.4,WcD0A251711021100_01.ce,62,0.23397796270014215,"{1, 2, 3, 4, 5, 7, 8, 9, 10, 11, 12, 13, 14, 16, 17, 18, 19, 20, 21, 23, 24, 25, 26, 27, 29, 30, 32, 33, 35, 41, 42, 53, 55, 60, 62, 63, 64, 67, 70, 71, 76, 82, 83, 84, 92, 98, 100, 104, 105, 107, 108, 111, 112, 129, 142, 146, 153, 181, 183, 185, 191, 192}" 
RefArbor,C4.4,WcD0A251711021115_01.ce,49,0.24871230710787393,"{1, 13, 14, 33, 34, 35, 38, 39, 44, 45, 46, 51, 55, 57, 62, 68, 83, 85, 90, 95, 99, 100, 102, 105, 107, 114, 118, 126, 128, 145, 147, 149, 150, 158, 162, 163, 167, 168, 176, 179, 180, 181, 182, 183, 184, 185, 188, 190, 191}" 
RefArbor,C4.4,WcD0A251711021130_01.ce,71,0.2505607847384828,"{30, 31, 32, 33, 34, 35, 36, 37, 38, 39, 59, 65, 66, 67, 68, 70, 73, 74, 75, 76, 77, 78, 79, 82, 89, 107, 108, 109, 110, 111, 112, 113, 114, 115, 116, 117, 118, 120, 122, 123, 124, 125, 126, 129, 130, 136, 137, 138, 152, 156, 157, 158, 159, 160, 161, 162, 165, 167, 171, 173, 174, 176, 177, 179, 180, 181, 182, 183, 184, 186, 189}" 
RefArbor,C4.4,WcD0A251711021145_01.ce,59,0.2327536076280377,"{2, 3, 4, 5, 7, 9, 12, 13, 14, 15, 16, 21, 29, 35, 37, 38, 39, 48, 49, 50, 51, 54, 65, 82, 90, 91, 92, 93, 94, 95, 97, 107, 122, 123, 124, 125, 133, 134, 135, 137, 143, 150, 152, 156, 157, 158, 160, 161, 163, 171, 172, 173, 174, 175, 185, 188, 190, 191, 192}" 
RefArbor,C4.5,WcD0A001711021100_03.ce,65,0.2402191142508183,"{1, 2, 3, 4, 7, 8, 9, 11, 12, 13, 15, 16, 17, 18, 20, 21, 23, 24, 25, 26, 27, 29, 30, 32, 35, 37, 38, 41, 42, 55, 58, 60, 62, 63, 64, 70, 71, 76, 79, 80, 82, 83, 84, 98, 100, 104, 105, 107, 108, 111, 130, 131, 132, 133, 139, 141, 142, 146, 147, 153, 171, 181, 182, 184, 191}" 
RefArbor,C4.5,WcD0A001711021115_03.ce,53,0.24987289521195163,"{1, 2, 14, 15, 16, 34, 35, 37, 39, 45, 46, 47, 48, 49, 54, 56, 58, 60, 66, 71, 84, 86, 89, 91, 95, 96, 101, 102, 106, 108, 114, 115, 120, 127, 133, 146, 150, 151, 159, 161, 162, 163, 168, 169, 180, 181, 182, 184, 185, 186, 187, 191, 192}" 
RefArbor,C4.5,WcD0A001711021130_03.ce,68,0.2529994506483337,"{7, 26, 30, 31, 32, 33, 34, 36, 37, 55, 65, 66, 67, 68, 70, 73, 74, 75, 76, 77, 79, 81, 82, 88, 106, 107, 108, 110, 111, 112, 113, 114, 115, 116, 117, 119, 120, 122, 123, 124, 125, 126, 129, 130, 136, 137, 138, 141, 152, 156, 157, 158, 159, 160, 161, 165, 167, 171, 173, 174, 176, 177, 179, 180, 181, 182, 183, 184}" 
RefArbor,C4.5,WcD0A001711021145_03.ce,50,0.2343314972843034,"{1, 2, 3, 4, 5, 7, 8, 10, 12, 13, 15, 21, 26, 29, 35, 37, 38, 39, 48, 49, 50, 82, 90, 91, 92, 93, 94, 95, 97, 122, 123, 124, 125, 133, 134, 143, 150, 152, 156, 157, 158, 164, 171, 172, 173, 174, 185, 188, 190, 191}" 
RefArbor,C4.4,WcD0A251711021200_01.ce,34,0.2276919130223986,"{1, 3, 12, 13, 17, 25, 27, 39, 51, 65, 81, 83, 84, 87, 105, 107, 108, 109, 110, 111, 114, 122, 123, 124, 125, 126, 128, 130, 131, 170, 172, 173, 175, 186}" 
RefArbor,C4.4,WcD0A251711021215_01.ce,36,0.2397363221559963,"{11, 13, 14, 15, 17, 29, 30, 35, 36, 40, 55, 61, 64, 65, 88, 98, 99, 100, 102, 103, 104, 106, 107, 108, 109, 111, 119, 147, 148, 162, 164, 168, 173, 178, 192, 193}" 
RefArbor,C4.4,WcD0A251711021230_01.ce,69,0.2559159702422729,"{5, 6, 7, 8, 9, 10, 16, 17, 22, 24, 27, 33, 34, 36, 38, 40, 41, 45, 47, 48, 49, 50, 52, 58, 60, 62, 63, 68, 69, 70, 73, 75, 76, 82, 83, 96, 98, 104, 132, 133, 134, 136, 140, 143, 144, 146, 149, 150, 151, 165, 166, 167, 174, 175, 178, 179, 180, 181, 182, 183, 184, 185, 186, 187, 188, 189, 192, 193, 194}" 
RefArbor,C4.4,WcD0A251711021245_01.ce,65,0.2383611917403457,"{1, 3, 6, 8, 10, 11, 14, 17, 18, 19, 20, 21, 22, 23, 36, 42, 43, 44, 46, 47, 49, 51, 52, 54, 55, 60, 61, 63, 65, 71, 72, 73, 81, 82, 83, 84, 85, 89, 91, 94, 95, 96, 97, 98, 100, 108, 112, 116, 117, 118, 119, 120, 126, 139, 145, 147, 148, 149, 152, 155, 156, 159, 160, 179, 180}" 
RefArbor,C4.5,WcD0A001711021200_03.ce,40,0.22536427465206396,"{1, 3, 4, 13, 14, 18, 40, 49, 52, 66, 79, 80, 84, 85, 87, 90, 95, 106, 108, 109, 110, 111, 112, 113, 123, 125, 126, 127, 129, 131, 132, 140, 153, 171, 172, 175, 176, 186, 187, 193}" 
RefArbor,C4.5,WcD0A001711021215_03.ce,38,0.23853003108325163,"{12, 13, 15, 17, 29, 30, 35, 40, 55, 61, 64, 65, 88, 94, 98, 99, 100, 102, 103, 104, 106, 107, 108, 109, 111, 112, 119, 123, 147, 150, 162, 164, 169, 173, 180, 191, 192, 193}" 
RefArbor,C4.5,WcD0A001711021230_03.ce,67,0.2551883676781069,"{1, 5, 6, 7, 8, 9, 10, 16, 24, 25, 27, 33, 34, 36, 45, 47, 48, 49, 51, 52, 58, 60, 61, 62, 63, 66, 67, 68, 69, 70, 72, 75, 76, 82, 83, 93, 96, 98, 130, 132, 133, 134, 136, 143, 144, 146, 149, 150, 151, 156, 165, 166, 167, 170, 174, 178, 180, 181, 182, 183, 184, 185, 186, 187, 188, 192, 193}" 
RefArbor,C4.5,WcD0A001711021245_03.ce,66,0.2339905473719265,"{1, 3, 6, 7, 8, 10, 13, 14, 17, 18, 19, 20, 21, 22, 23, 42, 43, 44, 46, 47, 49, 50, 51, 54, 55, 59, 60, 61, 63, 64, 65, 71, 72, 81, 82, 83, 84, 85, 89, 91, 94, 95, 96, 97, 98, 100, 108, 112, 116, 117, 118, 119, 128, 136, 139, 145, 147, 148, 149, 151, 152, 158, 159, 160, 179, 180}" 
RefArbor,C4.4,WcD0A251711021300_01.ce,36,0.2031241818634389,"{1, 2, 3, 4, 47, 48, 49, 50, 51, 53, 55, 56, 57, 61, 62, 67, 68, 103, 123, 141, 143, 144, 145, 146, 147, 151, 152, 154, 156, 158, 159, 161, 166, 171, 174, 181}" 
RefArbor,C4.4,WcD0A251711021315_01.ce,7,0.18821623000784474,"{14, 29, 57, 95, 148, 187, 192}" 
RefArbor,C4.4,WcD0A251711021330_01.ce,18,0.21649474352199835,"{17, 46, 51, 59, 65, 67, 76, 79, 104, 109, 125, 128, 148, 164, 167, 168, 169, 170}" 
RefArbor,C4.4,WcD0A251711021345_01.ce,43,0.2269359763765834,"{12, 18, 49, 61, 65, 66, 67, 68, 69, 70, 71, 72, 73, 74, 81, 88, 89, 94, 95, 99, 103, 106, 108, 109, 122, 123, 125, 129, 130, 136, 137, 138, 140, 145, 147, 148, 150, 151, 155, 184, 185, 186, 188}" 
RefArbor,C4.5,WcD0A001711021300_03.ce,34,0.20605991339139743,"{1, 2, 3, 47, 48, 49, 50, 53, 55, 60, 61, 62, 66, 67, 68, 123, 141, 143, 146, 147, 148, 149, 151, 152, 154, 156, 158, 159, 161, 166, 169, 171, 174, 175}" 
RefArbor,C4.5,WcD0A001711021315_03.ce,9,0.18583406205048883,"{14, 29, 57, 95, 122, 131, 148, 187, 192}" 
RefArbor,C4.5,WcD0A001711021330_03.ce,21,0.21500926044030996,"{16, 46, 47, 50, 51, 58, 59, 63, 65, 67, 76, 79, 82, 99, 125, 128, 148, 164, 167, 168, 169}" 
RefArbor,C4.5,WcD0A001711021345_03.ce,48,0.22358792182309573,"{17, 18, 33, 49, 61, 65, 66, 67, 68, 69, 70, 71, 72, 73, 74, 75, 77, 80, 81, 86, 88, 89, 98, 103, 105, 106, 108, 109, 122, 123, 125, 129, 130, 134, 137, 138, 140, 145, 147, 148, 150, 151, 155, 184, 185, 186, 187, 188}" 
RefArbor,C4.4,WcD0A251711011600_01.ce,14,0.18777886325040424,"{1, 2, 3, 4, 16, 59, 60, 66, 92, 94, 95, 96, 100, 194}" 
RefArbor,C4.4,WcD0A251711011615_01.ce,31,0.2197269773539978,"{5, 36, 43, 48, 52, 61, 65, 78, 79, 80, 81, 86, 87, 88, 89, 90, 91, 93, 94, 95, 97, 115, 120, 121, 124, 125, 139, 148, 182, 183, 184}" 
RefArbor,C4.4,WcD0A251711011630_01.ce,39,0.21890986309900132,"{5, 8, 9, 10, 14, 22, 37, 38, 58, 59, 60, 61, 62, 78, 86, 87, 88, 89, 92, 94, 95, 96, 97, 98, 101, 102, 103, 104, 105, 107, 114, 124, 131, 149, 150, 151, 154, 155, 189}" 
RefArbor,C4.4,WcD0A251711011645_01.ce,71,0.25168827555295076,"{7, 8, 13, 20, 23, 24, 25, 26, 27, 29, 30, 32, 34, 36, 40, 42, 44, 49, 54, 55, 56, 57, 58, 59, 60, 61, 62, 63, 66, 76, 79, 80, 81, 82, 83, 95, 96, 97, 98, 99, 100, 101, 103, 104, 106, 108, 110, 111, 114, 115, 116, 120, 122, 126, 127, 133, 151, 152, 153, 154, 161, 166, 175, 176, 177, 178, 179, 181, 182, 183, 192}" 
RefArbor,C4.5,WcD0A001711011600_03.ce,10,0.18893622440387897,"{1, 2, 3, 35, 91, 92, 94, 96, 138, 151}" 
RefArbor,C4.5,WcD0A001711011615_03.ce,36,0.21521239502315317,"{5, 24, 26, 53, 61, 62, 65, 66, 78, 79, 80, 81, 83, 85, 87, 88, 89, 90, 91, 92, 94, 95, 98, 116, 121, 122, 125, 126, 137, 140, 144, 171, 182, 183, 184, 185}" 
RefArbor,C4.5,WcD0A001711011630_03.ce,45,0.21553598614409958,"{4, 8, 9, 14, 24, 32, 37, 38, 58, 59, 61, 62, 69, 78, 86, 87, 88, 89, 94, 95, 96, 97, 98, 99, 100, 101, 102, 103, 104, 105, 106, 107, 112, 114, 124, 142, 148, 149, 150, 151, 155, 161, 189, 192, 193}" 
RefArbor,C4.5,WcD0A001711011645_03.ce,73,0.2458512759966569,"{6, 7, 12, 14, 19, 20, 23, 24, 25, 26, 29, 30, 32, 34, 38, 40, 46, 53, 54, 55, 56, 57, 58, 59, 60, 61, 62, 66, 71, 73, 79, 80, 81, 82, 83, 91, 96, 97, 98, 99, 100, 106, 107, 108, 111, 114, 115, 116, 117, 119, 120, 126, 127, 132, 134, 136, 143, 148, 150, 151, 152, 153, 154, 166, 175, 176, 177, 178, 179, 180, 181, 182, 183}" 
RefArbor,C4.4,WcD0A251711011700_01.ce,65,0.25719943713434873,"{1, 2, 3, 4, 5, 6, 7, 8, 9, 10, 11, 12, 27, 32, 34, 35, 36, 38, 40, 42, 43, 49, 50, 56, 57, 58, 63, 87, 99, 100, 102, 106, 112, 113, 117, 120, 122, 123, 125, 132, 133, 135, 137, 138, 139, 142, 144, 146, 147, 149, 150, 152, 153, 154, 168, 176, 177, 180, 182, 183, 184, 185, 186, 188, 193}" 
RefArbor,C4.4,WcD0A251711011715_01.ce,48,0.22484178962625312,"{8, 11, 12, 38, 39, 40, 41, 44, 47, 48, 49, 52, 54, 55, 56, 61, 65, 66, 67, 68, 70, 71, 72, 77, 78, 79, 80, 81, 82, 83, 84, 89, 109, 120, 129, 138, 140, 154, 155, 156, 157, 158, 159, 160, 161, 168, 171, 177}" 
RefArbor,C4.4,WcD0A251711011730_01.ce,10,0.21251109280962072,"{18, 25, 29, 30, 55, 83, 128, 129, 139, 149}" 
RefArbor,C4.4,WcD0A251711011745_01.ce,15,0.20741212048289956,"{24, 57, 58, 66, 67, 88, 92, 99, 100, 108, 161, 173, 184, 192, 193}" 
RefArbor,C4.5,WcD0A001711011700_03.ce,64,0.2567306578610958,"{1, 2, 3, 4, 5, 6, 7, 8, 9, 11, 12, 13, 27, 29, 32, 33, 35, 36, 39, 40, 41, 42, 43, 44, 50, 57, 62, 63, 85, 88, 100, 101, 104, 107, 115, 117, 120, 121, 123, 125, 127, 132, 135, 136, 138, 139, 140, 141, 143, 148, 150, 153, 155, 163, 177, 178, 182, 183, 184, 186, 189, 190, 193, 194}" 
RefArbor,C4.5,WcD0A001711011715_03.ce,45,0.2305551107453873,"{7, 8, 15, 25, 38, 39, 42, 47, 48, 50, 52, 54, 55, 58, 60, 61, 65, 66, 67, 69, 70, 71, 77, 78, 79, 80, 81, 82, 83, 84, 119, 128, 134, 138, 139, 153, 154, 155, 156, 157, 158, 160, 161, 169, 170}" 
RefArbor,C4.5,WcD0A001711011730_03.ce,12,0.21062703266835484,"{28, 29, 30, 52, 55, 71, 98, 127, 128, 133, 144, 156}" 
RefArbor,C4.5,WcD0A001711011745_03.ce,18,0.20734977213790165,"{10, 44, 45, 58, 59, 68, 92, 99, 107, 152, 161, 163, 174, 176, 185, 192, 193, 194}" 
RefArbor,C4.4,WcD0A251711011800_01.ce,16,0.18910445964263606,"{1, 2, 3, 4, 13, 32, 34, 56, 57, 89, 91, 93, 95, 145, 155, 157}" 
RefArbor,C4.4,WcD0A251711011815_01.ce,21,0.20552415311691333,"{23, 26, 29, 30, 35, 38, 43, 51, 64, 86, 114, 126, 135, 167, 169, 180, 181, 182, 183, 184, 185}" 
RefArbor,C4.4,WcD0A251711011830_01.ce,26,0.22192268229585244,"{4, 15, 17, 21, 34, 35, 36, 38, 39, 58, 59, 85, 86, 87, 92, 97, 119, 134, 137, 140, 150, 169, 171, 175, 178, 188}" 
RefArbor,C4.4,WcD0A251711011845_01.ce,21,0.22393324132049433,"{2, 11, 12, 16, 18, 31, 68, 69, 70, 75, 76, 103, 113, 119, 120, 154, 163, 164, 170, 174, 175}" 
RefArbor,C4.5,WcD0A001711011800_03.ce,16,0.1869052707607202,"{1, 2, 3, 4, 26, 32, 57, 78, 88, 89, 90, 91, 92, 95, 155, 157}" 
RefArbor,C4.5,WcD0A001711011815_03.ce,15,0.20291854763370262,"{29, 37, 42, 43, 44, 46, 98, 114, 125, 134, 180, 181, 182, 183, 188}" 
RefArbor,C4.5,WcD0A001711011830_03.ce,24,0.22619393938602106,"{10, 16, 20, 21, 35, 36, 37, 39, 59, 73, 80, 85, 86, 87, 135, 138, 162, 170, 171, 174, 176, 179, 182, 188}" 
RefArbor,C4.5,WcD0A001711011845_03.ce,24,0.22538013677446989,"{12, 16, 17, 28, 31, 67, 68, 69, 70, 75, 95, 103, 113, 116, 119, 142, 158, 159, 163, 164, 170, 173, 174, 175}" 
RefArbor,C4.4,WcD0A251711011900_01.ce,21,0.20451647947486126,"{1, 2, 3, 4, 8, 23, 24, 25, 26, 64, 77, 78, 84, 86, 87, 92, 98, 118, 119, 125, 156}" 
RefArbor,C4.4,WcD0A251711011915_01.ce,54,0.22125368464232986,"{17, 18, 28, 41, 42, 46, 51, 52, 67, 74, 81, 82, 83, 85, 90, 94, 96, 97, 116, 117, 123, 126, 127, 128, 129, 137, 138, 146, 147, 148, 152, 153, 155, 157, 158, 159, 160, 161, 162, 163, 164, 165, 166, 167, 168, 169, 173, 174, 175, 183, 188, 189, 192, 193}" 
RefArbor,C4.4,WcD0A251711011930_01.ce,109,0.26178192261812266,"{1, 2, 3, 4, 11, 12, 13, 16, 21, 22, 23, 24, 30, 32, 35, 36, 37, 41, 42, 43, 44, 45, 46, 47, 48, 49, 50, 51, 52, 56, 58, 59, 60, 64, 65, 66, 67, 73, 74, 75, 76, 77, 80, 83, 86, 93, 98, 99, 103, 104, 105, 106, 107, 108, 109, 110, 111, 112, 113, 114, 115, 116, 117, 118, 119, 122, 128, 130, 139, 140, 141, 142, 144, 146, 147, 148, 151, 152, 153, 155, 156, 157, 158, 159, 160, 161, 162, 163, 164, 167, 168, 169, 170, 171, 172, 173, 174, 175, 176, 178, 179, 184, 185, 187, 188, 189, 190, 191, 192}" 
RefArbor,C4.4,WcD0A251711011945_01.ce,94,0.2542514184377126,"{1, 14, 15, 16, 24, 25, 26, 27, 28, 30, 36, 39, 40, 41, 42, 44, 45, 46, 47, 50, 55, 60, 61, 67, 79, 81, 83, 84, 85, 86, 89, 90, 92, 93, 94, 95, 96, 98, 99, 100, 102, 103, 104, 105, 106, 107, 108, 109, 110, 111, 112, 114, 115, 116, 117, 118, 119, 120, 122, 123, 125, 126, 128, 129, 130, 131, 132, 133, 135, 136, 138, 139, 140, 141, 145, 146, 147, 148, 149, 150, 151, 152, 154, 157, 158, 160, 161, 162, 163, 165, 168, 177, 178, 188}" 
RefArbor,C4.5,WcD0A001711011900_03.ce,24,0.20034476320992609,"{1, 2, 3, 4, 8, 25, 26, 56, 59, 76, 77, 78, 81, 86, 87, 88, 90, 92, 101, 118, 119, 128, 175, 183}" 
RefArbor,C4.5,WcD0A001711011915_03.ce,57,0.2129477369777629,"{5, 17, 18, 41, 42, 47, 48, 71, 80, 81, 82, 83, 85, 88, 89, 92, 94, 97, 116, 117, 122, 124, 126, 127, 128, 129, 132, 133, 136, 137, 138, 146, 147, 152, 153, 157, 158, 159, 160, 161, 162, 163, 164, 165, 166, 167, 168, 169, 170, 172, 173, 174, 182, 188, 191, 192, 193}" 
RefArbor,C4.5,WcD0A001711011930_03.ce,112,0.2630148052062662,"{1, 2, 3, 6, 9, 12, 13, 16, 20, 21, 22, 23, 24, 30, 35, 36, 37, 40, 41, 42, 43, 44, 45, 46, 47, 48, 49, 50, 51, 53, 57, 58, 59, 60, 64, 65, 66, 67, 73, 74, 75, 76, 79, 81, 84, 86, 88, 91, 93, 96, 97, 98, 100, 101, 102, 104, 105, 106, 107, 108, 109, 110, 111, 112, 113, 114, 115, 116, 117, 118, 122, 130, 140, 141, 142, 144, 145, 146, 147, 149, 150, 151, 152, 153, 154, 155, 157, 158, 159, 160, 161, 162, 164, 165, 168, 169, 170, 171, 172, 173, 174, 175, 178, 179, 183, 184, 185, 187, 188, 189, 190, 191}" 
RefArbor,C4.5,WcD0A001711011945_03.ce,88,0.2598805048278985,"{15, 16, 17, 20, 25, 26, 27, 28, 31, 35, 37, 40, 41, 42, 43, 44, 47, 48, 61, 65, 68, 80, 83, 86, 90, 91, 92, 93, 94, 95, 96, 97, 98, 100, 101, 102, 103, 104, 105, 106, 107, 108, 109, 110, 111, 112, 113, 114, 115, 116, 117, 118, 119, 120, 121, 123, 124, 125, 126, 127, 129, 130, 132, 133, 134, 135, 136, 137, 139, 140, 141, 142, 146, 147, 148, 149, 150, 151, 152, 154, 158, 160, 162, 163, 164, 166, 178, 179}" 
RefArbor,C4.4,WcD0A251711012000_01.ce,88,0.24974629310264326,"{1, 2, 3, 4, 17, 18, 25, 26, 27, 28, 29, 30, 32, 33, 34, 35, 36, 37, 38, 39, 41, 42, 43, 44, 49, 52, 53, 54, 55, 56, 59, 63, 64, 65, 68, 69, 70, 92, 93, 94, 97, 98, 101, 102, 103, 105, 108, 109, 111, 112, 114, 115, 116, 117, 118, 119, 120, 123, 124, 125, 126, 127, 128, 129, 130, 135, 136, 137, 138, 139, 140, 142, 143, 145, 148, 150, 154, 159, 160, 164, 166, 175, 177, 178, 179, 180, 183, 193}" 
RefArbor,C4.4,WcD0A251711012015_01.ce,76,0.25538284863907823,"{1, 3, 4, 10, 11, 12, 13, 21, 22, 30, 34, 36, 39, 40, 41, 43, 46, 49, 50, 56, 61, 66, 67, 68, 69, 72, 74, 76, 77, 78, 79, 80, 88, 92, 93, 94, 98, 107, 109, 110, 111, 112, 113, 114, 117, 118, 119, 120, 125, 130, 131, 132, 133, 134, 135, 136, 138, 140, 143, 144, 145, 146, 147, 148, 149, 150, 151, 152, 153, 160, 161, 167, 168, 169, 170, 191}" 
RefArbor,C4.4,WcD0A251711012030_01.ce,83,0.24100100133367086,"{7, 9, 10, 15, 16, 19, 31, 32, 34, 38, 43, 44, 45, 46, 49, 52, 53, 54, 55, 56, 68, 69, 70, 71, 73, 74, 75, 76, 77, 78, 79, 82, 83, 90, 92, 93, 94, 95, 96, 97, 98, 100, 101, 102, 103, 104, 105, 106, 109, 110, 111, 112, 113, 114, 115, 117, 121, 122, 123, 128, 142, 146, 147, 148, 149, 150, 151, 152, 162, 163, 164, 170, 171, 174, 177, 178, 179, 180, 181, 184, 185, 191, 193}" 
RefArbor,C4.4,WcD0A251711012045_01.ce,98,0.2530789678204374,"{1, 3, 4, 5, 12, 15, 23, 26, 27, 28, 32, 37, 53, 55, 56, 57, 58, 60, 63, 64, 65, 66, 67, 68, 69, 70, 71, 75, 76, 77, 78, 84, 85, 86, 87, 88, 89, 90, 91, 93, 94, 96, 97, 98, 99, 100, 101, 102, 103, 105, 106, 107, 108, 109, 110, 112, 113, 114, 115, 118, 129, 130, 131, 136, 138, 139, 140, 142, 144, 145, 146, 147, 148, 149, 152, 155, 156, 157, 158, 159, 160, 161, 162, 163, 164, 168, 169, 171, 172, 173, 174, 175, 176, 177, 178, 179, 180, 181}" 
RefArbor,C4.5,WcD0A001711012000_03.ce,89,0.2517300733801423,"{1, 2, 3, 4, 16, 17, 25, 26, 27, 28, 29, 30, 32, 33, 34, 35, 36, 37, 38, 39, 41, 42, 43, 44, 48, 49, 52, 53, 54, 55, 56, 59, 63, 65, 68, 69, 70, 71, 93, 94, 97, 98, 101, 102, 108, 109, 110, 111, 112, 113, 114, 115, 116, 117, 118, 119, 120, 121, 122, 124, 125, 127, 128, 129, 130, 134, 135, 136, 137, 138, 139, 140, 141, 142, 148, 150, 154, 159, 162, 163, 164, 165, 177, 178, 179, 180, 183, 192, 193}" 
RefArbor,C4.5,WcD0A001711012015_03.ce,83,0.25048374510942234,"{2, 3, 4, 9, 10, 11, 12, 13, 15, 16, 20, 21, 22, 30, 31, 34, 36, 38, 40, 41, 43, 45, 46, 49, 56, 61, 66, 67, 68, 69, 77, 78, 79, 80, 92, 93, 94, 98, 101, 107, 108, 109, 110, 111, 112, 113, 114, 116, 117, 118, 123, 126, 127, 129, 130, 131, 132, 133, 134, 135, 136, 139, 140, 141, 143, 144, 145, 146, 147, 148, 149, 150, 151, 152, 154, 160, 161, 167, 168, 169, 170, 176, 192}" 
RefArbor,C4.5,WcD0A001711012030_03.ce,78,0.24649656761569816,"{8, 10, 11, 17, 32, 35, 38, 40, 46, 47, 53, 54, 55, 63, 69, 70, 71, 74, 75, 77, 79, 80, 81, 82, 83, 84, 87, 88, 90, 93, 94, 95, 96, 97, 98, 99, 100, 101, 102, 103, 104, 105, 106, 107, 110, 111, 112, 113, 114, 115, 116, 117, 122, 123, 124, 146, 147, 148, 149, 150, 151, 152, 153, 163, 164, 165, 171, 172, 176, 178, 179, 180, 181, 183, 184, 185, 186, 194}" 
RefArbor,C4.5,WcD0A001711012045_03.ce,95,0.2538767655871674,"{1, 4, 23, 26, 27, 28, 31, 32, 53, 55, 56, 57, 58, 63, 64, 65, 66, 67, 68, 69, 70, 71, 75, 76, 77, 78, 84, 85, 86, 87, 88, 89, 90, 91, 93, 96, 97, 98, 99, 100, 101, 102, 103, 105, 106, 107, 108, 109, 110, 111, 112, 113, 114, 115, 117, 118, 128, 129, 130, 131, 132, 134, 136, 138, 139, 142, 144, 145, 146, 147, 148, 149, 155, 156, 157, 158, 159, 160, 161, 162, 163, 164, 169, 170, 171, 172, 173, 174, 175, 176, 177, 178, 179, 181, 189}" 
RefArbor,C4.4,WcD0A251711012100_01.ce,20,0.22389974810357008,"{1, 2, 3, 4, 20, 38, 74, 77, 83, 89, 118, 121, 122, 123, 124, 126, 127, 129, 149, 171}" 
RefArbor,C4.4,WcD0A251711012115_01.ce,16,0.21193018828102617,"{9, 10, 18, 57, 74, 87, 137, 178, 180, 181, 182, 185, 187, 188, 190, 192}" 
RefArbor,C4.4,WcD0A251711012130_01.ce,43,0.24006358327914143,"{34, 35, 36, 39, 40, 41, 42, 43, 47, 48, 49, 50, 51, 52, 53, 54, 55, 56, 57, 58, 59, 67, 68, 69, 70, 73, 78, 79, 93, 94, 127, 128, 136, 137, 176, 177, 178, 179, 182, 183, 185, 191, 193}" 
RefArbor,C4.4,WcD0A251711012145_01.ce,58,0.23725089386092993,"{1, 5, 6, 7, 8, 9, 10, 11, 12, 13, 14, 16, 17, 18, 21, 23, 25, 26, 28, 29, 30, 33, 34, 35, 36, 42, 43, 44, 45, 66, 69, 70, 77, 78, 80, 86, 87, 88, 103, 105, 106, 111, 112, 114, 115, 116, 117, 131, 132, 135, 153, 154, 155, 156, 157, 171, 172, 173}" 
RefArbor,C4.5,WcD0A001711012100_03.ce,20,0.2229255497931255,"{1, 2, 3, 4, 19, 38, 74, 88, 118, 120, 121, 122, 124, 126, 127, 129, 142, 145, 171, 189}" 
RefArbor,C4.5,WcD0A001711012115_03.ce,16,0.2119007156658455,"{1, 10, 11, 56, 65, 70, 77, 181, 182, 183, 187, 188, 189, 190, 191, 193}" 
RefArbor,C4.5,WcD0A001711012130_03.ce,46,0.2390661934572079,"{34, 35, 36, 37, 38, 39, 40, 41, 42, 43, 44, 45, 47, 48, 49, 50, 51, 52, 53, 54, 55, 56, 57, 58, 65, 67, 68, 69, 70, 73, 76, 78, 92, 93, 94, 98, 116, 127, 128, 136, 176, 177, 178, 182, 184, 193}" 
RefArbor,C4.5,WcD0A001711012145_03.ce,50,0.23998372032716442,"{5, 6, 7, 8, 9, 10, 11, 12, 13, 16, 17, 18, 21, 22, 23, 25, 26, 28, 29, 30, 34, 35, 36, 42, 43, 44, 45, 69, 70, 77, 78, 81, 85, 86, 100, 111, 112, 113, 114, 115, 116, 130, 132, 137, 153, 154, 155, 156, 171, 172}" 
RefArbor,C4.4,WcD0A251711012200_01.ce,47,0.2332805763419521,"{1, 2, 3, 20, 45, 46, 47, 56, 59, 61, 65, 66, 68, 79, 80, 81, 84, 91, 97, 107, 108, 109, 110, 113, 114, 116, 117, 118, 119, 120, 121, 122, 123, 125, 127, 128, 129, 135, 136, 137, 138, 139, 143, 148, 149, 184, 186}" 
RefArbor,C4.4,WcD0A251711012215_01.ce,17,0.2180284259621585,"{1, 2, 6, 7, 56, 62, 71, 106, 118, 165, 166, 167, 170, 171, 186, 189, 191}" 
RefArbor,C4.4,WcD0A251711012230_01.ce,15,0.20796854451450886,"{1, 17, 19, 52, 57, 130, 131, 132, 139, 147, 148, 156, 166, 193, 194}" 
RefArbor,C4.4,WcD0A251711012245_01.ce,9,0.21549543925830547,"{1, 46, 47, 86, 113, 116, 129, 157, 180}" 
RefArbor,C4.5,WcD0A001711012200_03.ce,52,0.23253663122218562,"{1, 2, 3, 4, 29, 45, 46, 47, 48, 49, 56, 57, 59, 60, 61, 62, 63, 65, 66, 67, 68, 81, 82, 87, 99, 107, 109, 110, 111, 112, 114, 115, 118, 119, 120, 121, 123, 124, 125, 127, 129, 130, 136, 137, 138, 139, 140, 144, 149, 150, 181, 194}" 
RefArbor,C4.5,WcD0A001711012215_03.ce,22,0.21662096081277718,"{1, 2, 6, 7, 8, 32, 56, 61, 62, 69, 105, 106, 126, 142, 165, 166, 167, 170, 171, 186, 189, 191}" 
RefArbor,C4.5,WcD0A001711012230_03.ce,15,0.20897437706601443,"{1, 19, 52, 57, 68, 75, 130, 131, 132, 139, 147, 156, 168, 193, 194}" 
RefArbor,C4.5,WcD0A001711012245_03.ce,7,0.2188724373486377,"{1, 2, 86, 108, 115, 116, 185}" 
RefArbor,C4.4,WcD0A251711012300_01.ce,70,0.2504173440367016,"{6, 7, 9, 10, 18, 19, 20, 22, 26, 27, 28, 29, 33, 34, 35, 37, 38, 43, 45, 49, 53, 54, 55, 60, 61, 62, 63, 65, 66, 68, 69, 71, 72, 73, 77, 78, 79, 80, 81, 82, 83, 88, 89, 90, 93, 109, 119, 120, 131, 132, 133, 134, 137, 141, 143, 145, 146, 147, 149, 155, 157, 166, 173, 176, 178, 184, 185, 186, 190, 193}" 
RefArbor,C4.4,WcD0A251711012315_01.ce,67,0.24737682261309057,"{1, 24, 28, 36, 37, 39, 44, 45, 47, 48, 49, 50, 51, 52, 53, 54, 56, 57, 58, 60, 62, 74, 75, 76, 80, 81, 82, 86, 87, 88, 90, 91, 97, 98, 99, 100, 102, 103, 118, 119, 120, 132, 133, 134, 135, 136, 137, 138, 139, 141, 144, 146, 148, 150, 152, 154, 155, 156, 158, 159, 162, 163, 180, 185, 191, 193, 194}" 
RefArbor,C4.4,WcD0A251711012330_01.ce,21,0.20727212531062358,"{2, 5, 11, 12, 15, 16, 17, 19, 20, 22, 32, 37, 41, 45, 55, 57, 70, 71, 72, 73, 90}" 
RefArbor,C4.4,WcD0A251711012345_01.ce,11,0.21805321064701016,"{8, 19, 20, 30, 31, 40, 53, 64, 65, 73, 85}" 
RefArbor,C4.5,WcD0A001711012300_03.ce,68,0.24908939078599573,"{6, 7, 9, 18, 19, 20, 21, 26, 27, 28, 29, 33, 34, 35, 37, 38, 47, 50, 52, 53, 54, 55, 60, 61, 62, 63, 64, 65, 66, 70, 71, 72, 73, 77, 79, 80, 81, 82, 83, 88, 89, 90, 93, 127, 130, 131, 132, 133, 137, 140, 145, 146, 147, 148, 149, 155, 172, 173, 174, 178, 183, 184, 187, 188, 189, 190, 191, 193}" 
RefArbor,C4.5,WcD0A001711012315_03.ce,69,0.24328501833116944,"{1, 2, 24, 28, 36, 37, 38, 39, 42, 44, 47, 48, 49, 51, 52, 53, 54, 55, 57, 74, 75, 76, 81, 82, 85, 86, 87, 88, 89, 90, 94, 95, 97, 99, 102, 103, 116, 118, 119, 120, 127, 133, 134, 135, 137, 138, 139, 141, 142, 144, 146, 148, 150, 152, 155, 156, 157, 158, 159, 162, 163, 180, 184, 185, 189, 190, 191, 193, 194}" 
RefArbor,C4.5,WcD0A001711012330_03.ce,21,0.20465303962644069,"{2, 5, 16, 17, 19, 20, 22, 41, 42, 46, 55, 56, 59, 70, 71, 73, 89, 90, 91, 103, 158}" 
RefArbor,C4.5,WcD0A001711012345_03.ce,12,0.21853024512050329,"{8, 18, 19, 30, 31, 39, 44, 56, 85, 102, 103, 140}" 
