ref_4.5,C4.4,WcD0D211711070000_01.ce,23,0.20081748259027932,"{11, 43, 45, 83, 91, 94, 98, 102, 103, 104, 105, 114, 115, 131, 146, 147, 151, 158, 160, 171, 172, 174, 193}" 
ref_4.5,C4.4,WcD0D211711070015_01.ce,23,0.19080642557109667,"{43, 44, 45, 51, 52, 64, 67, 70, 71, 72, 73, 100, 111, 117, 148, 152, 153, 180, 182, 183, 185, 187, 189}" 
ref_4.5,C4.4,WcD0D211711070030_01.ce,18,0.19727786246611032,"{9, 83, 101, 103, 104, 114, 127, 131, 146, 147, 151, 160, 170, 171, 172, 174, 179, 193}" 
ref_4.5,C4.4,WcD0D211711070045_01.ce,29,0.18008081874444987,"{2, 42, 43, 44, 45, 46, 52, 53, 65, 67, 68, 71, 72, 73, 81, 101, 119, 122, 140, 167, 168, 171, 172, 175, 177, 180, 182, 183, 184}" 
ref_4.5,C4.5,WcD0C231711070000_01.ce,19,0.19927675250766366,"{1, 9, 83, 91, 101, 103, 104, 114, 127, 128, 146, 147, 151, 170, 171, 172, 174, 178, 193}" 
ref_4.5,C4.5,WcD0C231711070015_01.ce,26,0.1899816422760726,"{2, 30, 42, 43, 44, 45, 51, 53, 65, 67, 68, 71, 72, 73, 101, 112, 117, 118, 128, 160, 176, 177, 183, 184, 188, 190}" 
ref_4.5,C4.5,WcD0C231711070030_01.ce,18,0.20035771361090998,"{46, 91, 101, 103, 104, 114, 127, 128, 146, 157, 159, 162, 170, 171, 172, 174, 192, 193}" 
ref_4.5,C4.5,WcD0C231711070045_01.ce,30,0.18301927714682217,"{2, 30, 42, 44, 45, 51, 52, 65, 67, 68, 70, 71, 72, 73, 81, 110, 121, 149, 166, 171, 172, 174, 175, 177, 179, 181, 182, 183, 184, 194}" 
ref_4.5,C4.4,WcD0D211711070100_01.ce,24,0.1982578535482068,"{2, 25, 34, 35, 89, 93, 94, 95, 96, 105, 106, 118, 119, 122, 137, 138, 142, 149, 151, 162, 163, 165, 170, 184}" 
ref_4.5,C4.4,WcD0D211711070115_01.ce,27,0.1904993549825401,"{34, 35, 36, 37, 44, 56, 57, 58, 59, 62, 63, 64, 65, 92, 98, 100, 102, 112, 113, 132, 160, 161, 178, 180, 181, 183, 184}" 
ref_4.5,C4.4,WcD0D211711070130_01.ce,23,0.2038750370285156,"{9, 42, 96, 100, 102, 103, 113, 126, 129, 144, 145, 149, 156, 158, 169, 170, 171, 172, 173, 178, 182, 191, 192}" 
ref_4.5,C4.4,WcD0D211711070145_01.ce,30,0.1872734397289121,"{28, 41, 42, 43, 49, 50, 62, 63, 65, 66, 68, 69, 70, 71, 98, 113, 125, 143, 153, 174, 175, 179, 180, 183, 185, 187, 189, 190, 191, 192}" 
ref_4.5,C4.5,WcD0C231711070100_01.ce,17,0.20471218716231995,"{34, 74, 88, 92, 94, 95, 105, 118, 137, 138, 142, 161, 162, 163, 165, 184, 186}" 
ref_4.5,C4.5,WcD0C231711070115_01.ce,27,0.19960042389337235,"{33, 35, 36, 43, 44, 56, 58, 59, 62, 63, 64, 92, 97, 100, 101, 102, 111, 112, 132, 154, 161, 174, 180, 181, 183, 185, 187}" 
ref_4.5,C4.5,WcD0C231711070130_01.ce,23,0.20142680793691975,"{7, 9, 32, 41, 89, 95, 101, 102, 103, 112, 113, 121, 125, 129, 144, 145, 149, 156, 158, 169, 170, 172, 191}" 
ref_4.5,C4.5,WcD0C231711070145_01.ce,24,0.1909995142768358,"{41, 42, 43, 49, 50, 62, 64, 65, 68, 69, 70, 71, 98, 143, 175, 178, 179, 182, 184, 187, 189, 190, 191, 192}" 
ref_4.5,C4.4,WcD0D211711070200_01.ce,17,0.20486036825411177,"{44, 46, 83, 91, 101, 103, 104, 114, 127, 128, 146, 150, 159, 170, 171, 174, 193}" 
ref_4.5,C4.4,WcD0D211711070215_01.ce,31,0.18755064900767687,"{2, 30, 42, 44, 45, 46, 52, 53, 65, 67, 68, 70, 71, 72, 73, 81, 101, 112, 116, 120, 124, 126, 127, 173, 178, 182, 185, 186, 188, 190, 192}" 
ref_4.5,C4.4,WcD0D211711070230_01.ce,16,0.1936811263481851,"{48, 93, 103, 105, 106, 116, 129, 130, 148, 159, 161, 164, 172, 174, 176, 185}" 
ref_4.5,C4.4,WcD0D211711070245_01.ce,27,0.18965921787240095,"{2, 4, 32, 46, 47, 54, 55, 67, 69, 70, 72, 73, 74, 75, 129, 157, 174, 175, 179, 182, 183, 185, 187, 189, 190, 191, 192}" 
ref_4.5,C4.5,WcD0C231711070200_01.ce,20,0.19371352930355706,"{10, 44, 45, 46, 90, 97, 101, 103, 104, 114, 127, 130, 145, 146, 150, 159, 170, 173, 174, 193}" 
ref_4.5,C4.5,WcD0C231711070215_01.ce,25,0.19039914360923854,"{43, 44, 45, 52, 53, 64, 65, 67, 70, 71, 72, 73, 100, 114, 116, 126, 127, 129, 146, 178, 182, 184, 185, 187, 189}" 
ref_4.5,C4.5,WcD0C231711070230_01.ce,23,0.19496441829692795,"{10, 12, 44, 45, 84, 94, 103, 104, 105, 106, 115, 116, 124, 128, 132, 147, 148, 155, 159, 161, 172, 173, 175}" 
ref_4.5,C4.5,WcD0C231711070245_01.ce,27,0.1884964110796734,"{1, 44, 45, 46, 47, 54, 66, 68, 69, 72, 73, 74, 75, 102, 111, 129, 147, 157, 174, 178, 179, 182, 187, 189, 190, 191, 192}" 
ref_4.5,C4.4,WcD0D211711070300_01.ce,17,0.20326326646548296,"{45, 82, 90, 100, 102, 103, 113, 126, 127, 145, 156, 158, 169, 170, 171, 173, 192}" 
ref_4.5,C4.4,WcD0D211711070315_01.ce,33,0.1884335460018745,"{1, 29, 41, 42, 43, 44, 51, 52, 64, 66, 67, 69, 70, 71, 72, 80, 104, 111, 113, 115, 119, 125, 126, 177, 178, 181, 182, 184, 185, 187, 190, 192, 193}" 
ref_4.5,C4.4,WcD0D211711070330_01.ce,17,0.2033583445017847,"{1, 2, 13, 104, 106, 107, 117, 133, 148, 149, 153, 160, 162, 173, 174, 176, 180}" 
ref_4.5,C4.4,WcD0D211711070345_01.ce,14,0.20225978928248337,"{1, 51, 54, 72, 79, 98, 108, 121, 122, 125, 146, 155, 175, 182}" 
ref_4.5,C4.5,WcD0C231711070300_01.ce,18,0.20484590736834743,"{10, 77, 101, 102, 103, 104, 114, 130, 145, 146, 150, 157, 159, 170, 171, 173, 178, 192}" 
ref_4.5,C4.5,WcD0C231711070315_01.ce,27,0.20112579302181735,"{41, 42, 43, 44, 50, 51, 63, 64, 66, 69, 70, 71, 72, 99, 113, 115, 125, 145, 181, 184, 185, 187, 188, 189, 191, 192, 193}" 
ref_4.5,C4.5,WcD0C231711070330_01.ce,20,0.2034786998551777,"{1, 11, 85, 93, 95, 103, 105, 106, 116, 129, 130, 133, 148, 149, 153, 172, 173, 174, 176, 180}" 
ref_4.5,C4.5,WcD0C231711070345_01.ce,14,0.20254861270393515,"{2, 4, 32, 46, 54, 73, 81, 122, 126, 146, 156, 160, 176, 183}" 
ref_4.5,C4.4,WcD0D211711070400_01.ce,21,0.19863687604121247,"{1, 2, 3, 4, 15, 19, 21, 22, 44, 83, 98, 122, 132, 156, 160, 161, 162, 163, 164, 176, 177}" 
ref_4.5,C4.4,WcD0D211711070415_01.ce,16,0.20440202880332453,"{11, 25, 66, 67, 92, 108, 146, 155, 162, 163, 167, 188, 189, 192, 193, 194}" 
ref_4.5,C4.4,WcD0D211711070430_01.ce,25,0.1983505312155171,"{16, 20, 21, 23, 24, 28, 30, 43, 73, 80, 81, 102, 117, 124, 125, 129, 130, 135, 137, 138, 148, 161, 162, 180, 193}" 
ref_4.5,C4.4,WcD0D211711070445_01.ce,30,0.19376773655444934,"{3, 11, 12, 13, 15, 19, 34, 36, 64, 76, 78, 79, 80, 86, 87, 99, 101, 102, 104, 105, 106, 107, 115, 117, 153, 157, 175, 176, 177, 191}" 
ref_4.5,C4.5,WcD0C231711070400_01.ce,21,0.20341748654615238,"{1, 2, 3, 19, 21, 44, 73, 98, 122, 143, 156, 160, 161, 162, 163, 164, 176, 177, 179, 182, 188}" 
ref_4.5,C4.5,WcD0C231711070415_01.ce,18,0.20669885206940777,"{11, 50, 66, 91, 92, 107, 131, 145, 149, 162, 166, 167, 185, 188, 189, 191, 192, 193}" 
ref_4.5,C4.5,WcD0C231711070430_01.ce,21,0.194361371697262,"{21, 24, 28, 31, 45, 80, 82, 90, 125, 126, 131, 136, 138, 139, 149, 162, 165, 180, 181, 192, 194}" 
ref_4.5,C4.5,WcD0C231711070445_01.ce,29,0.186470741902102,"{11, 12, 14, 23, 27, 34, 64, 76, 77, 78, 79, 86, 98, 99, 101, 102, 104, 105, 106, 107, 134, 153, 154, 157, 175, 176, 179, 184, 191}" 
ref_4.5,C4.4,WcD0D211711070500_01.ce,30,0.20951356826489706,"{4, 18, 20, 24, 25, 26, 27, 42, 53, 54, 64, 67, 68, 72, 73, 74, 81, 85, 86, 87, 92, 93, 110, 116, 153, 154, 155, 181, 183, 189}" 
ref_4.5,C4.4,WcD0D211711070515_01.ce,29,0.19634469159085122,"{18, 24, 25, 29, 47, 61, 62, 82, 98, 110, 111, 114, 116, 117, 118, 119, 121, 122, 123, 124, 125, 130, 145, 154, 156, 157, 158, 159, 187}" 
ref_4.5,C4.4,WcD0D211711070530_01.ce,23,0.19883968611918656,"{5, 9, 16, 18, 22, 28, 44, 45, 117, 123, 126, 130, 131, 135, 137, 138, 149, 150, 151, 152, 154, 170, 177}" 
ref_4.5,C4.4,WcD0D211711070545_01.ce,30,0.21581449790123516,"{5, 10, 18, 28, 35, 38, 75, 76, 77, 78, 82, 86, 92, 93, 94, 99, 105, 130, 134, 159, 160, 163, 166, 167, 168, 171, 174, 185, 186, 187}" 
ref_4.5,C4.5,WcD0C231711070500_01.ce,25,0.22008624216998504,"{4, 19, 23, 24, 25, 28, 64, 67, 68, 72, 73, 74, 85, 86, 92, 116, 131, 141, 153, 154, 155, 157, 181, 182, 189}" 
ref_4.5,C4.5,WcD0C231711070515_01.ce,26,0.1994348432560595,"{18, 24, 47, 59, 61, 71, 81, 110, 111, 115, 116, 117, 118, 119, 121, 123, 124, 125, 129, 130, 149, 154, 156, 157, 158, 177}" 
ref_4.5,C4.5,WcD0C231711070530_01.ce,24,0.20131855281012673,"{2, 8, 21, 28, 43, 45, 116, 117, 122, 123, 127, 129, 130, 131, 135, 137, 138, 149, 150, 152, 153, 154, 169, 176}" 
ref_4.5,C4.5,WcD0C231711070545_01.ce,34,0.20833576770559695,"{10, 17, 18, 28, 35, 56, 65, 75, 76, 77, 81, 82, 84, 91, 92, 93, 105, 129, 131, 158, 159, 160, 165, 166, 168, 170, 171, 173, 174, 176, 184, 185, 186, 187}" 
ref_4.5,C4.4,WcD0D211711070600_01.ce,31,0.2233698125347067,"{1, 2, 4, 9, 10, 37, 46, 47, 63, 69, 70, 71, 80, 85, 89, 98, 108, 109, 110, 140, 145, 156, 157, 158, 159, 161, 163, 164, 165, 170, 171}" 
ref_4.5,C4.4,WcD0D211711070615_01.ce,33,0.19815856263178142,"{4, 10, 33, 47, 51, 59, 65, 80, 82, 86, 87, 98, 99, 108, 111, 143, 148, 154, 155, 156, 157, 158, 159, 161, 179, 180, 184, 186, 187, 188, 190, 191, 193}" 
ref_4.5,C4.4,WcD0D211711070630_01.ce,15,0.18844456159815082,"{2, 8, 11, 12, 13, 18, 20, 22, 25, 31, 35, 38, 50, 51, 185}" 
ref_4.5,C4.4,WcD0D211711070645_01.ce,18,0.19801355948080868,"{12, 35, 56, 88, 89, 90, 107, 116, 117, 127, 135, 147, 148, 150, 168, 175, 191, 193}" 
ref_4.5,C4.5,WcD0C231711070600_01.ce,33,0.23372622901817877,"{1, 2, 3, 9, 10, 46, 47, 53, 68, 69, 70, 71, 89, 90, 98, 101, 108, 109, 124, 125, 140, 153, 156, 157, 158, 159, 161, 162, 163, 164, 170, 171, 172}" 
ref_4.5,C4.5,WcD0C231711070615_01.ce,26,0.20577493924366186,"{3, 9, 10, 15, 52, 59, 65, 71, 86, 98, 111, 148, 154, 155, 156, 157, 158, 171, 178, 179, 185, 186, 187, 188, 190, 193}" 
ref_4.5,C4.5,WcD0C231711070630_01.ce,15,0.1957825119469934,"{1, 3, 9, 12, 13, 14, 18, 19, 21, 22, 36, 51, 52, 53, 185}" 
ref_4.5,C4.5,WcD0C231711070645_01.ce,15,0.1958287379890687,"{8, 87, 88, 89, 104, 110, 116, 135, 147, 148, 152, 182, 187, 191, 193}" 
ref_4.5,C4.4,WcD0D211711070700_01.ce,27,0.22294761663239418,"{1, 24, 25, 28, 31, 48, 49, 50, 81, 88, 89, 91, 92, 94, 111, 119, 120, 121, 152, 153, 159, 160, 161, 162, 177, 192, 194}" 
ref_4.5,C4.4,WcD0D211711070715_01.ce,32,0.21796347935580948,"{6, 7, 8, 16, 17, 18, 23, 24, 36, 43, 48, 59, 60, 61, 62, 65, 70, 92, 93, 103, 109, 124, 141, 153, 156, 157, 159, 160, 173, 183, 190, 193}" 
ref_4.5,C4.4,WcD0D211711070730_01.ce,36,0.2265787819319517,"{3, 5, 13, 35, 36, 40, 41, 44, 51, 62, 63, 64, 65, 71, 77, 88, 89, 94, 95, 103, 116, 122, 129, 140, 141, 142, 143, 144, 145, 146, 156, 171, 173, 180, 181, 186}" 
ref_4.5,C4.4,WcD0D211711070745_01.ce,32,0.22318885784140255,"{1, 11, 15, 26, 32, 40, 45, 58, 59, 60, 61, 62, 72, 73, 74, 76, 84, 96, 102, 103, 111, 115, 119, 120, 138, 151, 152, 153, 157, 182, 184, 187}" 
ref_4.5,C4.5,WcD0C231711070700_01.ce,28,0.21918954617605513,"{1, 7, 23, 25, 27, 30, 31, 48, 49, 50, 80, 88, 89, 91, 119, 120, 129, 137, 152, 153, 159, 160, 161, 162, 176, 187, 192, 193}" 
ref_4.5,C4.5,WcD0C231711070715_01.ce,30,0.21155656199832545,"{1, 6, 7, 8, 17, 23, 24, 36, 44, 46, 60, 61, 62, 63, 66, 68, 70, 92, 94, 103, 109, 124, 150, 154, 160, 161, 173, 174, 187, 193}" 
ref_4.5,C4.5,WcD0C231711070730_01.ce,36,0.22205058428899682,"{4, 5, 12, 26, 35, 39, 40, 41, 44, 48, 50, 51, 62, 63, 64, 65, 76, 94, 95, 102, 110, 126, 129, 137, 139, 140, 141, 142, 143, 144, 156, 171, 172, 173, 179, 188}" 
ref_4.5,C4.5,WcD0C231711070745_01.ce,34,0.21262917488102404,"{26, 28, 29, 45, 48, 57, 58, 59, 60, 61, 62, 72, 73, 75, 76, 84, 96, 99, 103, 111, 112, 114, 115, 119, 127, 137, 138, 146, 150, 151, 152, 185, 186, 188}" 
ref_4.5,C4.4,WcD0D211711070800_01.ce,12,0.21278628203287298,"{1, 2, 3, 4, 24, 32, 35, 39, 83, 104, 118, 131}" 
ref_4.5,C4.4,WcD0D211711070815_01.ce,14,0.2172353062528236,"{64, 74, 76, 113, 127, 135, 157, 184, 185, 188, 189, 190, 191, 192}" 
ref_4.5,C4.4,WcD0D211711070830_01.ce,17,0.18824350611091265,"{9, 23, 24, 30, 37, 52, 54, 55, 56, 57, 58, 59, 72, 98, 99, 100, 101}" 
ref_4.5,C4.4,WcD0D211711070845_01.ce,27,0.21181681272363495,"{1, 2, 19, 20, 21, 22, 23, 24, 25, 37, 38, 41, 44, 66, 75, 79, 98, 108, 115, 122, 123, 125, 147, 151, 171, 178, 189}" 
ref_4.5,C4.5,WcD0C231711070800_01.ce,10,0.21155459335925478,"{1, 2, 3, 24, 32, 33, 38, 81, 84, 117}" 
ref_4.5,C4.5,WcD0C231711070815_01.ce,12,0.2121080099238807,"{21, 76, 112, 134, 135, 160, 184, 185, 188, 189, 190, 191}" 
ref_4.5,C4.5,WcD0C231711070830_01.ce,21,0.17769688336197612,"{6, 10, 24, 25, 30, 31, 37, 42, 52, 53, 55, 56, 57, 58, 59, 60, 72, 73, 101, 102, 194}" 
ref_4.5,C4.5,WcD0C231711070845_01.ce,27,0.20271090239546757,"{1, 2, 21, 22, 23, 24, 25, 34, 37, 38, 41, 44, 46, 63, 75, 98, 99, 107, 108, 125, 139, 149, 170, 182, 183, 184, 189}" 
ref_4.5,C4.4,WcD0D211711070900_01.ce,23,0.22431458814610403,"{1, 39, 50, 51, 52, 75, 76, 77, 80, 81, 97, 98, 100, 101, 103, 121, 132, 134, 135, 150, 162, 180, 187}" 
ref_4.5,C4.4,WcD0D211711070915_01.ce,8,0.20969874681239645,"{16, 92, 113, 122, 124, 163, 187, 188}" 
ref_4.5,C4.4,WcD0D211711070930_01.ce,14,0.20916381027825307,"{3, 36, 65, 72, 84, 107, 149, 150, 151, 165, 176, 187, 191, 193}" 
ref_4.5,C4.4,WcD0D211711070945_01.ce,15,0.19772976432459527,"{11, 30, 35, 45, 72, 73, 94, 95, 102, 117, 118, 124, 129, 172, 181}" 
ref_4.5,C4.5,WcD0C231711070900_01.ce,24,0.22907060340516966,"{1, 4, 49, 50, 51, 75, 76, 77, 79, 80, 81, 97, 100, 102, 103, 105, 112, 134, 135, 138, 162, 173, 179, 187}" 
ref_4.5,C4.5,WcD0C231711070915_01.ce,5,0.21280517301471294,"{25, 42, 124, 166, 188}" 
ref_4.5,C4.5,WcD0C231711070930_01.ce,13,0.21106171656472417,"{2, 61, 66, 127, 148, 149, 150, 151, 165, 170, 176, 187, 191}" 
ref_4.5,C4.5,WcD0C231711070945_01.ce,16,0.21105430996178642,"{10, 30, 34, 35, 72, 73, 77, 94, 95, 101, 117, 118, 129, 153, 161, 172}" 
ref_4.5,C4.4,WcD0D211711071000_01.ce,35,0.19830240249380776,"{1, 2, 3, 4, 10, 12, 21, 44, 45, 46, 47, 56, 57, 76, 86, 91, 92, 130, 133, 140, 141, 142, 145, 146, 149, 150, 151, 152, 157, 158, 159, 161, 162, 166, 170}" 
ref_4.5,C4.4,WcD0D211711071015_01.ce,3,0.1737835806604962,"{51, 185, 186}" 
ref_4.5,C4.4,WcD0D211711071030_01.ce,34,0.20474259407393883,"{8, 15, 16, 63, 64, 92, 94, 98, 100, 102, 110, 112, 119, 120, 121, 124, 127, 128, 129, 134, 135, 142, 145, 154, 159, 160, 161, 164, 166, 167, 168, 171, 174, 186}" 
ref_4.5,C4.4,WcD0D211711071045_01.ce,7,0.20012290363256235,"{130, 79, 80, 24, 166, 167, 173}" 
ref_4.5,C4.5,WcD0C231711071000_01.ce,38,0.19096760901917248,"{1, 2, 3, 4, 10, 12, 22, 34, 44, 45, 46, 47, 57, 58, 77, 87, 88, 92, 93, 140, 141, 142, 143, 145, 146, 150, 151, 152, 153, 157, 158, 159, 160, 162, 166, 167, 192, 194}" 
ref_4.5,C4.5,WcD0C231711071015_01.ce,3,0.17803904821344999,"{3, 185, 186}" 
ref_4.5,C4.5,WcD0C231711071030_01.ce,29,0.21216028303638104,"{15, 30, 78, 94, 97, 100, 102, 105, 107, 112, 119, 120, 121, 124, 125, 127, 128, 129, 135, 142, 144, 153, 155, 159, 167, 168, 171, 174, 186}" 
ref_4.5,C4.5,WcD0C231711071045_01.ce,13,0.20142434038146262,"{21, 22, 58, 77, 130, 145, 150, 151, 156, 165, 166, 167, 172}" 
ref_4.5,C4.4,WcD0D211711071100_01.ce,32,0.21436477188589134,"{1, 2, 3, 4, 39, 40, 43, 51, 65, 79, 83, 86, 103, 113, 114, 116, 117, 118, 119, 130, 131, 132, 133, 151, 152, 154, 155, 157, 180, 181, 186, 187}" 
ref_4.5,C4.4,WcD0D211711071115_01.ce,29,0.20267257092510105,"{10, 12, 16, 33, 39, 53, 69, 79, 80, 81, 85, 86, 88, 89, 95, 96, 97, 98, 109, 119, 124, 125, 137, 138, 171, 184, 185, 190, 193}" 
ref_4.5,C4.4,WcD0D211711071130_01.ce,33,0.22542184823777284,"{1, 10, 11, 26, 27, 28, 29, 30, 31, 32, 33, 34, 38, 39, 40, 63, 73, 74, 94, 105, 106, 124, 126, 145, 152, 167, 174, 175, 180, 183, 190, 191, 192}" 
ref_4.5,C4.4,WcD0D211711071145_01.ce,32,0.1857154668592609,"{3, 4, 13, 14, 15, 16, 27, 41, 45, 46, 56, 57, 65, 73, 75, 79, 80, 82, 97, 104, 109, 131, 139, 140, 158, 172, 175, 176, 177, 178, 183, 186}" 
ref_4.5,C4.5,WcD0C231711071100_01.ce,24,0.22309368523752668,"{1, 2, 3, 28, 43, 78, 79, 85, 114, 115, 116, 117, 118, 129, 130, 131, 132, 137, 151, 152, 154, 179, 180, 186}" 
ref_4.5,C4.5,WcD0C231711071115_01.ce,25,0.19768020898165925,"{9, 11, 16, 33, 39, 40, 46, 78, 79, 80, 81, 85, 86, 88, 95, 96, 97, 124, 125, 131, 137, 164, 171, 183, 187}" 
ref_4.5,C4.5,WcD0C231711071130_01.ce,27,0.223032226719256,"{9, 10, 11, 26, 27, 28, 29, 31, 32, 33, 38, 39, 40, 42, 53, 63, 73, 74, 80, 105, 124, 126, 167, 189, 190, 191, 192}" 
ref_4.5,C4.5,WcD0C231711071145_01.ce,22,0.19286797243593815,"{3, 4, 13, 14, 15, 41, 44, 45, 56, 62, 73, 79, 80, 87, 109, 131, 139, 158, 159, 176, 178, 185}" 
ref_4.5,C4.4,WcD0D211711071200_01.ce,34,0.2040861363222118,"{2, 3, 9, 10, 15, 24, 25, 26, 27, 41, 43, 45, 47, 64, 68, 72, 74, 75, 76, 77, 78, 79, 94, 112, 119, 127, 132, 141, 142, 150, 155, 156, 157, 161}" 
ref_4.5,C4.4,WcD0D211711071215_01.ce,27,0.18739059343761147,"{7, 8, 9, 31, 44, 50, 64, 77, 78, 79, 80, 84, 94, 95, 96, 107, 117, 119, 120, 121, 127, 141, 150, 169, 174, 182, 191}" 
ref_4.5,C4.4,WcD0D211711071230_01.ce,35,0.20955098332027083,"{3, 4, 7, 8, 9, 10, 11, 18, 19, 20, 28, 29, 30, 50, 54, 59, 74, 75, 83, 84, 95, 96, 97, 98, 102, 112, 113, 114, 125, 128, 139, 153, 171, 178, 191}" 
ref_4.5,C4.4,WcD0D211711071245_01.ce,23,0.188860572911628,"{6, 7, 15, 20, 21, 22, 25, 26, 65, 67, 89, 122, 130, 131, 134, 136, 153, 162, 163, 179, 182, 183, 187}" 
ref_4.5,C4.5,WcD0C231711071200_01.ce,28,0.20641643596656423,"{3, 4, 10, 11, 28, 42, 44, 45, 48, 68, 69, 72, 73, 74, 75, 76, 77, 78, 79, 81, 120, 128, 142, 143, 156, 157, 161, 162}" 
ref_4.5,C4.5,WcD0C231711071215_01.ce,33,0.19534052307098437,"{7, 8, 9, 31, 38, 43, 50, 64, 67, 70, 77, 78, 79, 83, 84, 93, 94, 95, 96, 107, 119, 120, 121, 127, 141, 142, 150, 156, 174, 176, 177, 181, 184}" 
ref_4.5,C4.5,WcD0C231711071230_01.ce,32,0.2134140285278363,"{3, 4, 6, 7, 8, 9, 10, 17, 18, 19, 20, 28, 29, 54, 76, 83, 85, 95, 96, 97, 101, 102, 111, 112, 113, 125, 127, 138, 139, 171, 178, 186}" 
ref_4.5,C4.5,WcD0C231711071245_01.ce,21,0.19268808397152623,"{7, 8, 21, 22, 26, 27, 67, 68, 90, 111, 121, 124, 130, 131, 132, 137, 153, 162, 163, 181, 188}" 
ref_4.5,C4.4,WcD0D211711071300_01.ce,35,0.19899980769820652,"{3, 4, 6, 7, 22, 23, 36, 37, 38, 39, 60, 65, 66, 67, 68, 70, 71, 73, 74, 76, 77, 102, 104, 130, 131, 147, 148, 154, 155, 156, 157, 168, 187, 191, 192}" 
ref_4.5,C4.4,WcD0D211711071315_01.ce,6,0.1910211610320314,"{36, 43, 49, 66, 72, 79}" 
ref_4.5,C4.4,WcD0D211711071330_01.ce,6,0.21070792205138963,"{30, 31, 127, 143, 180, 182}" 
ref_4.5,C4.4,WcD0D211711071345_01.ce,21,0.22467139910669967,"{25, 39, 64, 71, 72, 74, 75, 83, 89, 90, 95, 99, 101, 104, 110, 117, 124, 171, 177, 180, 193}" 
ref_4.5,C4.5,WcD0C231711071300_01.ce,28,0.21139520290464336,"{3, 4, 5, 6, 22, 34, 36, 37, 38, 65, 66, 68, 73, 76, 77, 102, 104, 130, 131, 139, 147, 154, 155, 156, 187, 190, 191, 192}" 
ref_4.5,C4.5,WcD0C231711071315_01.ce,22,0.20567380865391796,"{4, 15, 17, 36, 41, 42, 59, 66, 82, 83, 84, 85, 88, 100, 102, 116, 130, 134, 138, 141, 145, 151}" 
ref_4.5,C4.5,WcD0C231711071330_01.ce,8,0.21359186006663364,"{30, 33, 40, 169, 179, 181, 188, 99}" 
ref_4.5,C4.5,WcD0C231711071345_01.ce,22,0.22128631337040003,"{11, 18, 47, 64, 72, 74, 75, 81, 90, 96, 101, 104, 110, 124, 138, 162, 164, 170, 171, 178, 180, 193}" 
ref_4.5,C4.4,WcD0D211711071400_01.ce,42,0.21072175694476894,"{1, 2, 3, 4, 5, 10, 15, 19, 29, 30, 42, 43, 44, 45, 46, 47, 48, 49, 50, 51, 52, 72, 79, 87, 89, 119, 126, 145, 148, 150, 172, 175, 177, 178, 179, 180, 181, 182, 183, 184, 185, 190}" 
ref_4.5,C4.4,WcD0D211711071415_01.ce,24,0.19878350265142677,"{2, 3, 24, 38, 46, 47, 48, 51, 66, 76, 96, 134, 158, 166, 170, 171, 177, 178, 179, 180, 184, 185, 190, 194}" 
ref_4.5,C4.4,WcD0D211711071430_01.ce,26,0.21914539182565923,"{1, 2, 40, 41, 46, 55, 56, 57, 58, 59, 60, 61, 62, 63, 80, 81, 92, 94, 95, 96, 115, 132, 133, 149, 157, 164}" 
ref_4.5,C4.4,WcD0D211711071445_01.ce,21,0.22004289603231345,"{2, 32, 55, 69, 82, 86, 89, 97, 99, 101, 103, 104, 127, 131, 138, 148, 157, 171, 175, 179, 183}" 
ref_4.5,C4.5,WcD0C231711071400_01.ce,44,0.20683721000939256,"{1, 2, 3, 4, 5, 10, 11, 15, 17, 20, 30, 42, 43, 44, 45, 46, 47, 48, 49, 50, 51, 52, 57, 65, 79, 87, 89, 119, 126, 145, 146, 148, 150, 172, 175, 178, 179, 180, 181, 182, 183, 184, 185, 190}" 
ref_4.5,C4.5,WcD0C231711071415_01.ce,20,0.18962145687170195,"{2, 24, 38, 47, 48, 59, 66, 76, 96, 106, 125, 166, 168, 177, 178, 179, 180, 184, 185, 194}" 
ref_4.5,C4.5,WcD0C231711071430_01.ce,32,0.22617703880634366,"{1, 2, 31, 33, 40, 41, 46, 50, 55, 56, 57, 58, 59, 60, 61, 62, 63, 81, 92, 93, 94, 95, 96, 115, 132, 133, 156, 160, 188, 189, 191, 192}" 
ref_4.5,C4.5,WcD0C231711071445_01.ce,29,0.21674579466524785,"{2, 20, 22, 27, 32, 38, 43, 71, 72, 76, 81, 86, 89, 97, 99, 103, 104, 106, 121, 124, 127, 131, 138, 145, 148, 157, 175, 176, 179}" 
ref_4.5,C4.4,WcD0D211711071500_01.ce,20,0.2095922165631796,"{2, 11, 28, 29, 37, 38, 40, 45, 88, 90, 119, 120, 143, 146, 148, 149, 173, 175, 182, 188}" 
ref_4.5,C4.4,WcD0D211711071515_01.ce,17,0.20835989826621196,"{1, 16, 22, 31, 74, 129, 130, 131, 132, 136, 137, 146, 147, 148, 174, 176, 183}" 
ref_4.5,C4.4,WcD0D211711071530_01.ce,23,0.2036092844252845,"{15, 32, 52, 75, 78, 79, 80, 81, 82, 83, 84, 85, 86, 87, 88, 125, 132, 139, 142, 149, 150, 151, 184}" 
ref_4.5,C4.4,WcD0D211711071545_01.ce,23,0.2056971454429237,"{20, 26, 44, 45, 50, 67, 68, 71, 79, 92, 98, 127, 145, 147, 148, 149, 151, 159, 160, 170, 178, 179, 183}" 
ref_4.5,C4.5,WcD0C231711071500_01.ce,20,0.21524068510119818,"{3, 29, 30, 38, 39, 46, 81, 89, 91, 120, 122, 144, 145, 147, 150, 169, 174, 182, 183, 189}" 
ref_4.5,C4.5,WcD0C231711071515_01.ce,18,0.2141485819294912,"{2, 16, 31, 108, 120, 123, 129, 130, 131, 132, 136, 137, 146, 147, 148, 172, 176, 183}" 
ref_4.5,C4.5,WcD0C231711071530_01.ce,27,0.20392948344957668,"{15, 16, 32, 33, 64, 78, 79, 80, 81, 82, 83, 84, 85, 86, 87, 88, 125, 130, 132, 142, 149, 151, 152, 167, 177, 178, 193}" 
ref_4.5,C4.5,WcD0C231711071545_01.ce,22,0.2044687317707545,"{20, 26, 36, 44, 45, 46, 50, 51, 58, 68, 79, 92, 127, 147, 148, 150, 151, 160, 170, 172, 180, 183}" 
ref_4.5,C4.4,WcD0D211711071600_01.ce,32,0.2334401764630397,"{1, 2, 5, 25, 35, 54, 56, 60, 63, 67, 71, 72, 73, 75, 78, 81, 82, 84, 91, 108, 109, 110, 129, 132, 133, 134, 135, 137, 138, 141, 149, 151}" 
ref_4.5,C4.4,WcD0D211711071615_01.ce,22,0.20110613481607126,"{18, 19, 22, 26, 27, 29, 56, 58, 88, 90, 91, 96, 97, 111, 112, 125, 145, 166, 167, 177, 178, 188}" 
ref_4.5,C4.4,WcD0D211711071630_01.ce,21,0.21734165124441565,"{31, 32, 36, 41, 64, 73, 74, 76, 89, 90, 97, 99, 132, 135, 136, 137, 147, 156, 161, 167, 168}" 
ref_4.5,C4.4,WcD0D211711071645_01.ce,11,0.21939916029092935,"{3, 4, 18, 19, 20, 21, 33, 42, 43, 55, 142}" 
ref_4.5,C4.5,WcD0C231711071600_01.ce,30,0.2329097276095096,"{1, 2, 3, 16, 54, 58, 61, 63, 65, 67, 68, 75, 77, 82, 83, 108, 109, 110, 129, 130, 132, 133, 134, 135, 137, 138, 141, 149, 151, 155}" 
ref_4.5,C4.5,WcD0C231711071615_01.ce,17,0.20646764215924393,"{19, 22, 29, 40, 56, 88, 90, 91, 111, 125, 166, 167, 174, 178, 179, 185, 188}" 
ref_4.5,C4.5,WcD0C231711071630_01.ce,15,0.21161516215266107,"{12, 31, 32, 36, 41, 64, 90, 91, 97, 99, 132, 136, 137, 161, 177}" 
ref_4.5,C4.5,WcD0C231711071645_01.ce,11,0.2121035228711019,"{3, 4, 19, 20, 21, 43, 44, 45, 55, 128, 189}" 
ref_4.5,C4.4,WcD0D211711071700_01.ce,8,0.2060380502127965,"{1, 2, 3, 5, 58, 72, 73, 96}" 
ref_4.5,C4.4,WcD0D211711071715_01.ce,12,0.17886875472327707,"{134, 146, 155, 156, 158, 164, 167, 168, 182, 114, 115, 121}" 
ref_4.5,C4.4,WcD0D211711071730_01.ce,19,0.21873533234213702,"{2, 4, 30, 41, 50, 51, 52, 53, 57, 58, 73, 80, 82, 89, 118, 137, 138, 139, 157}" 
ref_4.5,C4.4,WcD0D211711071745_01.ce,15,0.2059469605775825,"{14, 15, 17, 20, 21, 41, 83, 99, 101, 119, 131, 144, 164, 165, 171}" 
ref_4.5,C4.5,WcD0C231711071700_01.ce,10,0.19739237969905032,"{1, 2, 3, 4, 59, 60, 73, 74, 101, 154}" 
ref_4.5,C4.5,WcD0C231711071715_01.ce,10,0.1768299118131637,"{76, 115, 121, 134, 147, 155, 156, 158, 168, 184}" 
ref_4.5,C4.5,WcD0C231711071730_01.ce,22,0.21234140584777905,"{2, 5, 14, 27, 30, 35, 41, 51, 53, 57, 58, 73, 80, 91, 118, 119, 126, 129, 137, 138, 139, 157}" 
ref_4.5,C4.5,WcD0C231711071745_01.ce,19,0.19448046268790203,"{15, 17, 20, 21, 41, 61, 83, 84, 99, 101, 125, 127, 131, 158, 164, 165, 171, 185, 191}" 
ref_4.5,C4.4,WcD0D211711071800_01.ce,23,0.20625905141531028,"{4, 13, 28, 33, 52, 61, 67, 76, 86, 99, 100, 101, 102, 103, 111, 117, 126, 152, 158, 167, 168, 169, 183}" 
ref_4.5,C4.4,WcD0D211711071815_01.ce,102,0.22421014598855174,"{21, 22, 23, 24, 26, 27, 28, 29, 30, 31, 32, 33, 34, 35, 36, 37, 38, 39, 40, 42, 43, 44, 45, 46, 47, 48, 49, 50, 51, 52, 53, 54, 55, 56, 57, 58, 59, 60, 61, 62, 63, 64, 65, 67, 68, 69, 70, 71, 72, 73, 89, 90, 91, 92, 96, 97, 98, 99, 100, 103, 104, 105, 106, 107, 118, 119, 120, 121, 122, 123, 124, 125, 126, 127, 128, 129, 130, 131, 133, 135, 137, 138, 139, 140, 159, 160, 162, 163, 166, 170, 171, 172, 173, 174, 175, 176, 177, 181, 186, 187, 188, 189}" 
ref_4.5,C4.4,WcD0D211711071830_01.ce,46,0.19717338566462994,"{9, 13, 14, 21, 22, 23, 24, 25, 26, 27, 28, 29, 48, 50, 52, 54, 55, 56, 57, 58, 59, 60, 61, 62, 63, 64, 65, 66, 67, 68, 69, 70, 76, 78, 103, 136, 137, 138, 139, 140, 141, 142, 143, 144, 145, 175}" 
ref_4.5,C4.4,WcD0D211711071845_01.ce,15,0.1971921645271525,"{44, 47, 48, 51, 57, 100, 101, 119, 127, 137, 143, 153, 154, 160, 166}" 
ref_4.5,C4.5,WcD0C231711071800_01.ce,21,0.21121524141919232,"{4, 28, 33, 50, 67, 76, 86, 88, 100, 101, 102, 111, 126, 127, 146, 152, 158, 167, 168, 169, 183}" 
ref_4.5,C4.5,WcD0C231711071815_01.ce,103,0.22886456839900662,"{7, 21, 22, 23, 24, 26, 27, 28, 29, 30, 31, 32, 33, 34, 35, 36, 37, 38, 39, 40, 42, 43, 44, 45, 46, 47, 48, 49, 50, 51, 52, 54, 55, 56, 57, 58, 59, 60, 61, 62, 63, 64, 65, 68, 69, 70, 71, 72, 73, 89, 90, 91, 92, 96, 97, 98, 99, 100, 104, 105, 106, 107, 118, 120, 121, 122, 123, 124, 125, 126, 127, 128, 129, 130, 131, 132, 133, 134, 136, 138, 139, 140, 159, 160, 161, 162, 163, 164, 166, 170, 171, 172, 173, 174, 175, 176, 177, 181, 186, 187, 188, 189, 190}" 
ref_4.5,C4.5,WcD0C231711071830_01.ce,48,0.2022462942347286,"{9, 13, 14, 21, 22, 23, 24, 25, 26, 27, 29, 30, 48, 50, 51, 52, 53, 54, 55, 56, 57, 58, 59, 60, 61, 62, 63, 64, 65, 66, 67, 68, 69, 70, 76, 77, 78, 136, 138, 139, 140, 141, 142, 143, 144, 145, 162, 170}" 
ref_4.5,C4.5,WcD0C231711071845_01.ce,16,0.20376427891937096,"{43, 56, 59, 60, 109, 112, 113, 132, 143, 149, 156, 165, 166, 172, 189, 190}" 
ref_4.5,C4.4,WcD0D211711071900_01.ce,31,0.20428953246055576,"{2, 3, 4, 12, 15, 16, 23, 49, 53, 54, 55, 56, 57, 58, 59, 60, 62, 63, 64, 65, 66, 82, 83, 84, 94, 95, 96, 107, 142, 143, 144}" 
ref_4.5,C4.4,WcD0D211711071915_01.ce,29,0.21124010343495223,"{4, 5, 6, 20, 22, 28, 29, 40, 43, 44, 45, 51, 82, 83, 88, 103, 122, 123, 125, 127, 128, 129, 130, 177, 178, 179, 180, 193, 194}" 
ref_4.5,C4.4,WcD0D211711071930_01.ce,21,0.2079580438550486,"{1, 2, 109, 110, 111, 112, 113, 129, 130, 131, 132, 133, 134, 169, 171, 176, 177, 179, 180, 181, 193}" 
ref_4.5,C4.4,WcD0D211711071945_01.ce,18,0.18027366752270693,"{27, 33, 49, 67, 81, 84, 86, 87, 88, 123, 129, 130, 136, 148, 155, 164, 174, 188}" 
ref_4.5,C4.5,WcD0C231711071900_01.ce,30,0.21315959338540238,"{3, 4, 16, 30, 49, 54, 55, 56, 57, 58, 59, 60, 63, 64, 65, 66, 82, 83, 84, 85, 88, 91, 94, 95, 96, 107, 142, 143, 144, 157}" 
ref_4.5,C4.5,WcD0C231711071915_01.ce,24,0.22653754286620562,"{4, 5, 19, 21, 28, 36, 42, 43, 44, 51, 54, 82, 102, 122, 123, 126, 127, 128, 176, 177, 178, 179, 192, 193}" 
ref_4.5,C4.5,WcD0C231711071930_01.ce,25,0.21916616423993948,"{1, 2, 33, 64, 108, 109, 110, 111, 112, 113, 130, 131, 132, 133, 134, 168, 169, 170, 171, 176, 177, 180, 181, 186, 193}" 
ref_4.5,C4.5,WcD0C231711071945_01.ce,17,0.18715099580475278,"{27, 33, 49, 66, 80, 83, 86, 122, 128, 129, 130, 136, 157, 173, 176, 177, 181}" 
ref_4.5,C4.4,WcD0D211711072000_01.ce,24,0.20941991355475573,"{1, 2, 3, 26, 30, 31, 37, 43, 44, 55, 56, 67, 73, 85, 86, 115, 119, 120, 135, 139, 150, 151, 179, 180}" 
ref_4.5,C4.4,WcD0D211711072015_01.ce,9,0.21324502950210958,"{25, 26, 27, 28, 38, 125, 155, 172, 187}" 
ref_4.5,C4.4,WcD0D211711072030_01.ce,5,0.19885055252832307,"{41, 56, 57, 80, 86}" 
ref_4.5,C4.4,WcD0D211711072045_01.ce,15,0.20059038691532516,"{67, 89, 94, 100, 107, 118, 135, 136, 142, 144, 150, 151, 171, 187, 192}" 
ref_4.5,C4.5,WcD0C231711072000_01.ce,23,0.20504394798505796,"{1, 2, 3, 26, 31, 37, 44, 53, 55, 73, 86, 91, 105, 110, 115, 116, 118, 119, 120, 146, 160, 179, 180}" 
ref_4.5,C4.5,WcD0C231711072015_01.ce,4,0.20822412416671354,"{26, 27, 28, 191}" 
ref_4.5,C4.5,WcD0C231711072030_01.ce,8,0.19359444051298969,"{43, 44, 45, 56, 57, 73, 81, 83}" 
ref_4.5,C4.5,WcD0C231711072045_01.ce,13,0.19144558441002557,"{59, 67, 89, 100, 101, 107, 118, 136, 142, 144, 151, 184, 192}" 
ref_4.5,C4.4,WcD0D211711072100_01.ce,22,0.20184885392389698,"{1, 2, 3, 4, 34, 48, 81, 82, 83, 92, 93, 106, 107, 112, 114, 117, 118, 132, 133, 134, 163, 180}" 
ref_4.5,C4.4,WcD0D211711072115_01.ce,30,0.1906183856223564,"{12, 14, 15, 24, 45, 46, 47, 48, 49, 59, 60, 61, 62, 80, 100, 104, 107, 108, 114, 131, 132, 144, 146, 147, 152, 160, 161, 162, 185, 190}" 
ref_4.5,C4.4,WcD0D211711072130_01.ce,15,0.19603885874982171,"{10, 27, 48, 49, 59, 76, 80, 83, 89, 106, 107, 112, 113, 124, 139}" 
ref_4.5,C4.4,WcD0D211711072145_01.ce,14,0.2138283519628971,"{33, 45, 57, 58, 62, 65, 67, 69, 73, 77, 78, 83, 86, 90}" 
ref_4.5,C4.5,WcD0C231711072100_01.ce,31,0.2015945604295774,"{1, 2, 3, 4, 5, 37, 46, 48, 80, 81, 82, 83, 88, 92, 93, 94, 107, 112, 114, 115, 117, 118, 119, 122, 132, 133, 134, 149, 153, 180, 181}" 
ref_4.5,C4.5,WcD0C231711072115_01.ce,33,0.19778491382119023,"{13, 14, 23, 45, 46, 47, 48, 61, 62, 74, 79, 99, 100, 103, 104, 106, 107, 113, 114, 120, 130, 131, 143, 145, 146, 151, 159, 160, 161, 162, 181, 185, 189}" 
ref_4.5,C4.5,WcD0C231711072130_01.ce,14,0.2076131978430925,"{10, 15, 48, 49, 51, 60, 89, 106, 107, 113, 124, 138, 149, 160}" 
ref_4.5,C4.5,WcD0C231711072145_01.ce,13,0.22119677007905214,"{58, 61, 65, 66, 67, 68, 70, 73, 78, 80, 83, 86, 104}" 
ref_4.5,C4.4,WcD0D211711072200_01.ce,19,0.1881272563211859,"{1, 2, 3, 4, 27, 47, 92, 98, 106, 107, 111, 112, 113, 120, 121, 129, 130, 156, 180}" 
ref_4.5,C4.4,WcD0D211711072215_01.ce,14,0.1881046720186464,"{69, 70, 71, 83, 87, 108, 124, 136, 143, 154, 155, 161, 167, 172}" 
ref_4.5,C4.4,WcD0D211711072230_01.ce,21,0.1814555411683855,"{22, 36, 37, 38, 39, 48, 49, 53, 58, 60, 61, 63, 64, 65, 78, 79, 80, 135, 137, 151, 152}" 
ref_4.5,C4.4,WcD0D211711072245_01.ce,24,0.18463525808781506,"{7, 8, 9, 14, 15, 18, 40, 41, 42, 53, 54, 55, 112, 119, 125, 132, 139, 142, 144, 146, 152, 164, 170, 193}" 
ref_4.5,C4.5,WcD0C231711072200_01.ce,11,0.19987866665226703,"{1, 2, 3, 44, 91, 97, 106, 110, 111, 112, 155}" 
ref_4.5,C4.5,WcD0C231711072215_01.ce,18,0.19596898566894397,"{50, 69, 70, 71, 72, 77, 83, 87, 88, 108, 125, 136, 143, 155, 164, 172, 173, 185}" 
ref_4.5,C4.5,WcD0C231711072230_01.ce,30,0.18194310547549375,"{21, 23, 36, 37, 38, 39, 48, 49, 50, 53, 59, 61, 63, 64, 65, 69, 75, 77, 78, 79, 80, 127, 130, 134, 135, 136, 137, 151, 152, 190}" 
ref_4.5,C4.5,WcD0C231711072245_01.ce,31,0.18284127865229619,"{7, 8, 14, 15, 17, 39, 40, 41, 42, 53, 54, 61, 63, 68, 82, 88, 105, 111, 112, 113, 124, 131, 138, 139, 141, 151, 152, 163, 169, 184, 192}" 
ref_4.5,C4.4,WcD0D211711072300_01.ce,26,0.195288445558825,"{1, 2, 3, 4, 5, 45, 59, 60, 61, 62, 70, 71, 72, 76, 81, 83, 86, 87, 88, 100, 101, 102, 103, 157, 174, 175}" 
ref_4.5,C4.4,WcD0D211711072315_01.ce,16,0.18638016524061585,"{30, 31, 32, 37, 38, 62, 63, 64, 65, 77, 135, 142, 163, 173, 174, 192}" 
ref_4.5,C4.4,WcD0D211711072330_01.ce,26,0.19460102536770005,"{14, 22, 51, 53, 66, 67, 68, 69, 74, 78, 79, 80, 83, 88, 89, 91, 94, 95, 107, 108, 109, 111, 147, 155, 167, 182}" 
ref_4.5,C4.4,WcD0D211711072345_01.ce,18,0.18140478977468621,"{37, 38, 44, 45, 47, 69, 70, 71, 72, 82, 83, 84, 118, 129, 135, 144, 156, 179}" 
ref_4.5,C4.5,WcD0C231711072300_01.ce,27,0.18939520143439426,"{1, 2, 3, 4, 5, 45, 46, 60, 61, 62, 71, 72, 76, 81, 83, 84, 86, 87, 88, 100, 101, 102, 103, 148, 158, 160, 175}" 
ref_4.5,C4.5,WcD0C231711072315_01.ce,18,0.1804492186658575,"{30, 31, 32, 36, 37, 38, 41, 63, 64, 65, 77, 78, 85, 136, 142, 164, 173, 174}" 
ref_4.5,C4.5,WcD0C231711072330_01.ce,25,0.19806485150395348,"{13, 50, 52, 65, 66, 67, 68, 69, 73, 77, 78, 79, 82, 83, 88, 90, 93, 94, 98, 108, 109, 165, 167, 181, 182}" 
ref_4.5,C4.5,WcD0C231711072345_01.ce,18,0.18245204217199773,"{37, 38, 39, 44, 45, 69, 70, 71, 72, 83, 84, 118, 129, 136, 144, 145, 168, 179}" 
