ref_4.5,C4.4,WcD0D211711070000_02.ce,84,0.2175409510270502,"{1, 2, 3, 4, 5, 6, 7, 8, 9, 10, 11, 12, 13, 18, 19, 27, 28, 29, 30, 31, 35, 38, 44, 52, 55, 56, 60, 61, 62, 63, 68, 70, 72, 73, 74, 75, 76, 77, 78, 79, 84, 85, 86, 87, 88, 89, 90, 91, 92, 93, 94, 95, 101, 104, 108, 109, 112, 120, 122, 123, 124, 125, 126, 127, 128, 129, 130, 131, 132, 133, 156, 157, 158, 159, 160, 161, 162, 183, 188, 189, 190, 191, 192, 193}" 
ref_4.5,C4.4,WcD0D211711070015_02.ce,86,0.21453788197066914,"{1, 2, 3, 10, 11, 12, 13, 15, 16, 17, 24, 25, 26, 27, 28, 29, 30, 31, 35, 36, 53, 54, 55, 56, 57, 58, 59, 60, 72, 75, 76, 77, 78, 79, 80, 88, 91, 92, 93, 102, 103, 104, 108, 109, 110, 111, 112, 113, 114, 115, 116, 117, 124, 125, 126, 127, 128, 129, 130, 131, 132, 133, 134, 135, 136, 137, 138, 139, 150, 154, 155, 156, 157, 158, 168, 171, 172, 173, 174, 175, 176, 177, 178, 183, 185, 192}" 
ref_4.5,C4.4,WcD0D211711070030_02.ce,85,0.21243264069356657,"{1, 2, 3, 6, 7, 8, 9, 10, 11, 12, 13, 14, 15, 16, 17, 18, 35, 36, 37, 38, 39, 41, 47, 54, 55, 69, 70, 71, 72, 73, 76, 77, 78, 80, 81, 85, 86, 87, 88, 94, 95, 97, 98, 99, 100, 101, 102, 106, 107, 108, 113, 114, 115, 117, 118, 119, 120, 121, 122, 128, 129, 130, 138, 139, 141, 142, 143, 144, 148, 151, 160, 161, 162, 163, 176, 180, 181, 182, 187, 189, 190, 191, 192, 193, 194}" 
ref_4.5,C4.4,WcD0D211711070045_02.ce,78,0.21714965396640926,"{1, 2, 7, 8, 9, 12, 13, 24, 25, 26, 27, 29, 30, 31, 32, 33, 35, 42, 45, 46, 53, 60, 67, 68, 69, 70, 71, 72, 73, 74, 75, 76, 77, 78, 79, 80, 84, 85, 93, 94, 96, 97, 103, 104, 105, 106, 107, 109, 111, 112, 113, 114, 115, 122, 123, 129, 138, 139, 141, 142, 143, 144, 145, 146, 147, 156, 160, 166, 167, 168, 169, 170, 176, 177, 178, 191, 192, 193}" 
ref_4.5,C4.5,WcD0C231711070000_04.ce,79,0.22003936123949733,"{1, 2, 3, 4, 5, 6, 7, 8, 9, 10, 11, 12, 13, 18, 19, 21, 27, 28, 29, 30, 31, 35, 38, 44, 52, 53, 55, 56, 60, 62, 63, 66, 69, 71, 72, 74, 75, 76, 77, 78, 81, 87, 88, 89, 90, 91, 92, 93, 94, 95, 104, 108, 109, 112, 122, 123, 124, 125, 126, 127, 128, 129, 130, 131, 132, 133, 147, 156, 157, 158, 159, 160, 161, 162, 183, 188, 191, 192, 193}" 
ref_4.5,C4.5,WcD0C231711070015_04.ce,90,0.21158542935587962,"{1, 2, 3, 5, 10, 11, 12, 13, 15, 16, 17, 24, 25, 26, 27, 28, 29, 30, 31, 36, 38, 53, 54, 55, 56, 57, 58, 59, 60, 72, 76, 77, 78, 79, 80, 81, 88, 90, 91, 92, 93, 102, 103, 104, 108, 109, 110, 111, 112, 113, 114, 115, 116, 117, 118, 125, 126, 127, 128, 129, 130, 131, 132, 133, 134, 135, 136, 137, 138, 139, 140, 151, 154, 155, 156, 157, 158, 168, 171, 172, 173, 174, 175, 176, 177, 178, 179, 185, 190, 192}" 
ref_4.5,C4.5,WcD0C231711070030_04.ce,78,0.21628334276298833,"{1, 2, 3, 5, 6, 7, 8, 9, 10, 11, 12, 13, 14, 15, 16, 17, 35, 36, 37, 38, 40, 46, 54, 68, 69, 70, 71, 72, 73, 75, 76, 77, 79, 80, 82, 84, 85, 86, 87, 93, 94, 96, 97, 99, 100, 101, 103, 106, 107, 114, 117, 118, 119, 120, 121, 127, 128, 129, 130, 138, 140, 141, 142, 143, 147, 159, 160, 161, 162, 176, 179, 181, 186, 189, 190, 191, 192, 193}" 
ref_4.5,C4.5,WcD0C231711070045_04.ce,81,0.2194009339293144,"{1, 2, 7, 8, 9, 12, 13, 24, 25, 26, 27, 28, 29, 30, 31, 32, 33, 34, 46, 47, 51, 53, 54, 60, 67, 68, 69, 70, 71, 72, 73, 74, 75, 76, 77, 78, 79, 80, 84, 93, 94, 96, 97, 102, 103, 104, 105, 106, 107, 111, 113, 114, 116, 119, 122, 123, 124, 129, 130, 137, 139, 141, 142, 144, 145, 146, 147, 156, 160, 166, 167, 168, 169, 170, 176, 177, 178, 191, 192, 193, 194}" 
ref_4.5,C4.4,WcD0D211711070100_02.ce,59,0.2001125692325711,"{1, 2, 3, 4, 5, 6, 7, 8, 20, 24, 25, 26, 27, 28, 29, 38, 39, 43, 53, 54, 55, 62, 63, 64, 65, 68, 69, 70, 72, 73, 79, 80, 81, 82, 83, 87, 94, 104, 105, 106, 107, 108, 109, 119, 120, 140, 141, 142, 143, 150, 151, 152, 153, 154, 164, 169, 170, 171, 191}" 
ref_4.5,C4.4,WcD0D211711070115_02.ce,46,0.21735786870768448,"{6, 7, 8, 10, 13, 39, 51, 52, 53, 59, 67, 68, 77, 78, 79, 80, 98, 102, 104, 105, 112, 114, 116, 119, 121, 126, 134, 135, 144, 145, 146, 147, 151, 156, 159, 170, 171, 178, 179, 180, 181, 182, 183, 187, 188, 192}" 
ref_4.5,C4.4,WcD0D211711070130_02.ce,53,0.2124884370538747,"{9, 11, 12, 28, 31, 32, 33, 34, 50, 51, 52, 53, 54, 55, 56, 57, 58, 59, 60, 61, 94, 97, 98, 99, 106, 107, 108, 109, 110, 139, 140, 141, 142, 143, 144, 151, 152, 158, 163, 169, 177, 178, 179, 180, 181, 182, 183, 184, 185, 186, 187, 188, 189}" 
ref_4.5,C4.4,WcD0D211711070145_02.ce,32,0.20143951413508643,"{28, 29, 30, 31, 39, 43, 51, 62, 66, 67, 68, 74, 75, 76, 77, 114, 115, 116, 118, 119, 132, 133, 134, 138, 139, 143, 148, 149, 157, 163, 165, 179}" 
ref_4.5,C4.5,WcD0C231711070100_04.ce,56,0.2034828054440708,"{1, 2, 3, 4, 5, 6, 7, 19, 23, 24, 25, 26, 27, 28, 37, 38, 39, 53, 54, 61, 62, 63, 64, 67, 68, 69, 73, 78, 79, 80, 81, 82, 86, 93, 104, 105, 106, 107, 108, 118, 119, 139, 140, 141, 142, 143, 149, 150, 151, 152, 153, 160, 168, 169, 170, 190}" 
ref_4.5,C4.5,WcD0C231711070115_04.ce,47,0.21506560069380198,"{5, 6, 7, 12, 38, 45, 51, 52, 67, 74, 76, 77, 78, 79, 91, 100, 101, 104, 111, 113, 115, 118, 120, 125, 132, 134, 139, 143, 144, 145, 146, 150, 156, 158, 159, 169, 170, 177, 178, 179, 180, 181, 182, 186, 187, 191, 192}" 
ref_4.5,C4.5,WcD0C231711070130_04.ce,59,0.20768118315908193,"{9, 10, 11, 12, 28, 29, 32, 33, 34, 39, 50, 51, 52, 53, 54, 55, 56, 57, 58, 59, 60, 61, 88, 94, 97, 98, 99, 106, 107, 108, 109, 110, 127, 139, 140, 141, 142, 143, 144, 151, 152, 159, 163, 164, 165, 176, 177, 178, 179, 180, 181, 182, 183, 184, 185, 186, 187, 188, 189}" 
ref_4.5,C4.5,WcD0C231711070145_04.ce,36,0.20220326331774857,"{27, 28, 29, 30, 38, 42, 50, 65, 66, 67, 68, 74, 75, 76, 80, 91, 101, 115, 116, 117, 118, 132, 133, 137, 138, 139, 143, 146, 148, 150, 155, 156, 163, 164, 171, 178}" 
ref_4.5,C4.4,WcD0D211711070200_02.ce,38,0.1805077994793537,"{1, 2, 3, 4, 5, 6, 7, 12, 13, 14, 24, 27, 33, 41, 80, 81, 83, 84, 85, 86, 87, 96, 119, 121, 131, 139, 141, 144, 180, 182, 183, 188, 189, 190, 191, 192, 193, 194}" 
ref_4.5,C4.4,WcD0D211711070215_02.ce,65,0.20442592482979424,"{1, 2, 3, 4, 5, 6, 7, 8, 9, 13, 14, 15, 16, 17, 18, 19, 20, 21, 22, 23, 30, 32, 33, 34, 35, 37, 38, 39, 40, 41, 42, 43, 50, 51, 52, 53, 54, 55, 56, 58, 68, 69, 75, 76, 79, 100, 101, 104, 106, 112, 113, 121, 122, 127, 134, 139, 140, 144, 148, 152, 153, 154, 155, 156, 157}" 
ref_4.5,C4.4,WcD0D211711070230_02.ce,61,0.17942843460663688,"{18, 19, 20, 21, 22, 23, 83, 84, 85, 86, 87, 88, 89, 90, 96, 98, 99, 100, 103, 104, 105, 106, 107, 108, 109, 110, 111, 115, 116, 117, 119, 124, 125, 126, 127, 130, 131, 133, 135, 136, 138, 144, 148, 149, 152, 154, 155, 158, 160, 163, 164, 165, 166, 168, 169, 174, 178, 181, 184, 185, 186}" 
ref_4.5,C4.4,WcD0D211711070245_02.ce,17,0.18652102188693104,"{30, 31, 32, 33, 74, 91, 92, 99, 103, 122, 135, 145, 146, 149, 150, 161, 182}" 
ref_4.5,C4.5,WcD0C231711070200_04.ce,42,0.17417754556514745,"{1, 2, 3, 4, 5, 12, 13, 14, 23, 26, 32, 33, 40, 79, 81, 83, 84, 85, 86, 96, 117, 118, 121, 127, 131, 138, 140, 143, 144, 173, 179, 181, 182, 183, 185, 187, 188, 189, 190, 191, 192, 193}" 
ref_4.5,C4.5,WcD0C231711070215_04.ce,68,0.20128785605822988,"{1, 2, 4, 5, 6, 7, 8, 9, 13, 14, 15, 16, 17, 18, 19, 20, 21, 22, 23, 24, 25, 30, 32, 33, 34, 35, 37, 38, 39, 40, 41, 42, 43, 45, 46, 51, 52, 53, 54, 55, 56, 61, 68, 69, 75, 76, 79, 87, 100, 101, 102, 112, 113, 119, 122, 127, 135, 139, 140, 141, 145, 148, 152, 153, 154, 155, 156, 157}" 
ref_4.5,C4.5,WcD0C231711070230_04.ce,59,0.1843440323899611,"{17, 18, 20, 21, 22, 82, 83, 84, 85, 86, 87, 88, 89, 94, 95, 97, 98, 99, 102, 103, 104, 105, 106, 107, 108, 109, 110, 114, 116, 123, 124, 126, 129, 130, 131, 134, 135, 143, 145, 147, 148, 153, 154, 157, 158, 159, 160, 162, 163, 164, 165, 166, 167, 168, 173, 180, 182, 184, 185}" 
ref_4.5,C4.5,WcD0C231711070245_04.ce,21,0.18309146982764676,"{29, 30, 31, 32, 73, 89, 90, 91, 98, 102, 114, 121, 134, 135, 144, 145, 148, 149, 150, 160, 175}" 
ref_4.5,C4.4,WcD0D211711070300_02.ce,79,0.21923040259856671,"{1, 2, 3, 4, 5, 12, 13, 14, 23, 26, 27, 28, 30, 31, 35, 40, 41, 42, 43, 44, 47, 50, 58, 63, 64, 65, 86, 88, 94, 95, 96, 97, 98, 99, 100, 101, 123, 124, 125, 126, 128, 133, 134, 139, 141, 144, 145, 146, 147, 148, 149, 150, 152, 153, 154, 155, 156, 165, 166, 167, 168, 169, 170, 177, 178, 179, 181, 182, 183, 184, 185, 186, 187, 188, 189, 190, 191, 192, 193}" 
ref_4.5,C4.4,WcD0D211711070315_02.ce,61,0.17481903386859768,"{1, 2, 10, 11, 12, 13, 23, 24, 37, 38, 39, 40, 41, 42, 43, 48, 49, 71, 80, 81, 82, 83, 84, 85, 86, 88, 89, 90, 91, 92, 93, 96, 100, 101, 102, 103, 104, 108, 110, 111, 112, 113, 114, 121, 122, 123, 124, 125, 127, 128, 129, 130, 131, 132, 133, 161, 162, 174, 175, 177, 178}" 
ref_4.5,C4.4,WcD0D211711070330_02.ce,47,0.2082377779617736,"{2, 5, 6, 7, 8, 9, 10, 12, 13, 14, 18, 26, 37, 38, 44, 96, 101, 115, 125, 128, 133, 137, 138, 139, 142, 143, 144, 145, 146, 147, 148, 149, 152, 153, 158, 159, 164, 169, 170, 171, 172, 173, 174, 184, 185, 186, 192}" 
ref_4.5,C4.4,WcD0D211711070345_02.ce,47,0.19571259245836395,"{2, 4, 10, 11, 19, 25, 26, 27, 28, 29, 30, 31, 32, 33, 34, 44, 45, 46, 47, 51, 56, 57, 58, 59, 60, 74, 75, 76, 77, 78, 79, 80, 81, 82, 97, 107, 108, 110, 114, 152, 160, 167, 173, 183, 191, 192, 193}" 
ref_4.5,C4.5,WcD0C231711070300_04.ce,81,0.21101993067383212,"{1, 2, 3, 4, 5, 12, 13, 14, 24, 26, 27, 28, 29, 31, 35, 36, 40, 41, 42, 43, 44, 45, 47, 50, 58, 63, 64, 88, 94, 95, 96, 97, 98, 99, 100, 101, 117, 119, 123, 124, 125, 126, 128, 133, 134, 145, 146, 147, 148, 149, 150, 152, 153, 154, 155, 156, 165, 166, 167, 168, 169, 170, 176, 177, 178, 179, 180, 181, 182, 183, 184, 185, 186, 187, 188, 189, 190, 191, 192, 193, 194}" 
ref_4.5,C4.5,WcD0C231711070315_04.ce,62,0.17285879193973874,"{1, 9, 10, 11, 12, 22, 23, 24, 36, 37, 38, 39, 40, 41, 42, 47, 48, 49, 79, 80, 81, 82, 83, 84, 85, 87, 88, 89, 90, 91, 92, 95, 99, 100, 101, 102, 103, 104, 107, 109, 110, 111, 112, 113, 120, 121, 122, 123, 124, 126, 127, 128, 129, 130, 131, 132, 160, 161, 162, 173, 176, 177}" 
ref_4.5,C4.5,WcD0C231711070330_04.ce,51,0.20517620628017633,"{2, 5, 6, 7, 8, 9, 10, 12, 13, 14, 18, 26, 27, 28, 47, 74, 79, 84, 96, 102, 108, 115, 128, 129, 133, 137, 138, 139, 141, 142, 143, 144, 145, 146, 147, 148, 149, 152, 153, 154, 159, 169, 170, 171, 172, 173, 174, 184, 185, 186, 192}" 
ref_4.5,C4.5,WcD0C231711070345_04.ce,51,0.1929147612441453,"{2, 5, 10, 11, 12, 13, 19, 25, 26, 27, 28, 29, 30, 31, 32, 33, 34, 35, 44, 45, 46, 47, 51, 56, 57, 58, 59, 60, 75, 76, 77, 78, 79, 80, 81, 82, 88, 90, 108, 109, 110, 152, 153, 160, 173, 183, 184, 191, 192, 193, 194}" 
ref_4.5,C4.4,WcD0D211711070400_02.ce,52,0.21027300439653218,"{1, 2, 3, 4, 5, 7, 9, 10, 11, 26, 29, 30, 33, 35, 38, 46, 47, 48, 75, 82, 84, 86, 98, 99, 102, 103, 106, 118, 122, 123, 127, 136, 161, 174, 175, 176, 177, 178, 179, 181, 182, 183, 184, 185, 186, 187, 189, 190, 191, 192, 193, 194}" 
ref_4.5,C4.4,WcD0D211711070415_02.ce,34,0.15714191964402252,"{1, 2, 3, 6, 7, 8, 9, 10, 11, 12, 13, 14, 15, 24, 42, 47, 48, 49, 50, 59, 60, 62, 63, 67, 90, 104, 106, 107, 117, 124, 137, 143, 178, 191}" 
ref_4.5,C4.4,WcD0D211711070430_02.ce,68,0.2213567955832951,"{8, 13, 14, 15, 16, 19, 20, 21, 22, 27, 28, 29, 33, 37, 38, 42, 43, 55, 56, 57, 58, 59, 60, 61, 62, 63, 64, 65, 66, 67, 68, 69, 71, 72, 74, 81, 82, 83, 84, 85, 86, 89, 90, 93, 94, 95, 96, 97, 106, 121, 122, 125, 127, 128, 129, 130, 135, 150, 151, 152, 153, 154, 155, 156, 190, 191, 192, 193}" 
ref_4.5,C4.4,WcD0D211711070445_02.ce,36,0.1737266611331114,"{1, 2, 3, 4, 5, 6, 7, 8, 44, 45, 46, 57, 76, 88, 89, 90, 91, 98, 99, 113, 114, 115, 116, 117, 118, 159, 165, 166, 174, 180, 186, 189, 190, 191, 192, 194}" 
ref_4.5,C4.5,WcD0C231711070400_04.ce,57,0.2069288579390244,"{1, 2, 3, 4, 5, 6, 8, 9, 10, 25, 28, 29, 30, 31, 33, 34, 37, 38, 42, 44, 45, 46, 47, 74, 82, 83, 84, 98, 100, 111, 118, 119, 122, 125, 126, 135, 157, 160, 173, 174, 175, 176, 177, 178, 180, 181, 182, 183, 184, 185, 186, 188, 189, 190, 191, 192, 193}" 
ref_4.5,C4.5,WcD0C231711070415_04.ce,30,0.16309731554859863,"{1, 2, 3, 6, 7, 8, 9, 10, 11, 12, 13, 14, 15, 16, 24, 40, 47, 48, 49, 50, 51, 62, 63, 67, 104, 105, 106, 107, 143, 191}" 
ref_4.5,C4.5,WcD0C231711070430_04.ce,69,0.22033436654182484,"{1, 2, 12, 13, 14, 15, 16, 18, 19, 20, 21, 26, 27, 28, 32, 36, 37, 41, 44, 55, 56, 57, 58, 59, 60, 61, 62, 63, 64, 65, 66, 67, 69, 70, 71, 80, 81, 82, 83, 84, 85, 88, 89, 92, 93, 94, 95, 96, 106, 120, 121, 124, 126, 127, 128, 129, 134, 149, 150, 151, 152, 153, 154, 155, 181, 190, 191, 192, 193}" 
ref_4.5,C4.5,WcD0C231711070445_04.ce,30,0.17767784139267975,"{1, 2, 3, 4, 5, 6, 30, 43, 45, 75, 83, 87, 88, 89, 90, 98, 99, 112, 113, 114, 116, 117, 158, 164, 166, 186, 188, 189, 190, 191}" 
ref_4.5,C4.4,WcD0D211711070500_02.ce,73,0.22265523521880912,"{1, 2, 3, 8, 9, 10, 14, 18, 19, 21, 23, 25, 26, 28, 29, 30, 31, 32, 37, 39, 40, 48, 49, 52, 53, 54, 56, 57, 58, 59, 60, 61, 62, 65, 66, 67, 72, 75, 76, 77, 78, 79, 80, 81, 82, 84, 85, 88, 89, 90, 91, 101, 116, 120, 123, 124, 125, 126, 127, 128, 129, 130, 131, 132, 150, 166, 167, 168, 169, 170, 171, 172, 173}" 
ref_4.5,C4.4,WcD0D211711070515_02.ce,46,0.15145309491698106,"{15, 17, 18, 19, 20, 21, 22, 23, 24, 25, 26, 27, 32, 33, 34, 44, 48, 50, 51, 52, 55, 61, 62, 63, 64, 65, 66, 67, 68, 69, 106, 108, 137, 138, 139, 140, 141, 144, 145, 146, 164, 174, 175, 176, 177, 189}" 
ref_4.5,C4.4,WcD0D211711070530_02.ce,66,0.22140817578297006,"{7, 14, 15, 16, 17, 19, 20, 21, 22, 27, 28, 29, 33, 37, 38, 42, 43, 47, 67, 69, 71, 72, 73, 74, 75, 76, 77, 78, 79, 80, 82, 83, 87, 88, 89, 101, 102, 109, 110, 111, 128, 129, 137, 142, 143, 144, 148, 162, 165, 166, 167, 169, 174, 175, 176, 177, 181, 182, 183, 184, 185, 186, 187, 189, 193, 194}" 
ref_4.5,C4.4,WcD0D211711070545_02.ce,32,0.16394935453190287,"{1, 2, 3, 4, 8, 11, 12, 13, 14, 15, 18, 19, 60, 61, 62, 63, 64, 95, 105, 106, 107, 108, 115, 116, 129, 130, 131, 152, 153, 158, 170, 190}" 
ref_4.5,C4.5,WcD0C231711070500_04.ce,73,0.22224421815008263,"{1, 2, 3, 4, 8, 9, 10, 14, 18, 19, 23, 24, 25, 28, 29, 30, 31, 32, 37, 38, 48, 49, 50, 52, 53, 54, 56, 57, 58, 59, 60, 61, 62, 63, 65, 66, 67, 72, 75, 76, 77, 78, 79, 80, 81, 82, 84, 85, 88, 89, 90, 91, 92, 102, 116, 120, 123, 124, 125, 126, 127, 128, 129, 130, 132, 166, 167, 168, 169, 170, 171, 172, 173}" 
ref_4.5,C4.5,WcD0C231711070515_04.ce,44,0.1518474613263549,"{6, 15, 16, 17, 18, 19, 20, 21, 22, 23, 24, 25, 26, 31, 32, 33, 43, 48, 49, 50, 51, 54, 60, 61, 62, 63, 64, 65, 66, 67, 68, 136, 137, 138, 139, 140, 144, 161, 163, 173, 174, 175, 176, 188}" 
ref_4.5,C4.5,WcD0C231711070530_04.ce,60,0.22595977611196047,"{6, 13, 14, 15, 16, 19, 20, 21, 27, 28, 32, 33, 36, 37, 41, 42, 46, 71, 72, 73, 74, 75, 76, 77, 78, 79, 81, 82, 85, 86, 88, 100, 101, 108, 109, 110, 115, 127, 128, 136, 140, 141, 142, 143, 147, 161, 165, 166, 173, 175, 176, 180, 181, 182, 183, 184, 185, 186, 188, 193}" 
ref_4.5,C4.5,WcD0C231711070545_04.ce,33,0.16205329447431965,"{1, 2, 3, 4, 6, 8, 11, 12, 13, 14, 15, 19, 60, 61, 62, 63, 95, 104, 105, 106, 107, 108, 115, 116, 129, 130, 131, 152, 153, 158, 170, 182, 190}" 
ref_4.5,C4.4,WcD0D211711070600_02.ce,61,0.2353915913976497,"{1, 2, 3, 4, 6, 12, 13, 19, 21, 22, 23, 24, 25, 27, 28, 29, 30, 36, 37, 41, 45, 46, 50, 51, 56, 57, 58, 59, 60, 61, 62, 65, 66, 67, 70, 71, 72, 74, 75, 77, 78, 82, 84, 94, 96, 111, 112, 113, 121, 130, 159, 168, 169, 175, 180, 181, 184, 185, 186, 187, 188}" 
ref_4.5,C4.4,WcD0D211711070615_02.ce,53,0.1971417911752453,"{6, 7, 8, 9, 15, 16, 29, 34, 35, 43, 44, 45, 53, 54, 56, 57, 58, 59, 60, 61, 64, 65, 68, 69, 70, 71, 72, 81, 96, 100, 101, 102, 103, 104, 105, 106, 107, 108, 109, 110, 145, 146, 148, 149, 150, 151, 156, 174, 182, 183, 184, 185, 186}" 
ref_4.5,C4.4,WcD0D211711070630_02.ce,50,0.22423952057565583,"{11, 14, 24, 25, 26, 27, 28, 30, 31, 32, 33, 38, 39, 40, 44, 48, 49, 53, 56, 73, 78, 82, 83, 86, 87, 88, 89, 90, 91, 92, 93, 98, 99, 100, 101, 116, 117, 118, 122, 148, 149, 153, 164, 167, 168, 169, 170, 171, 172, 173}" 
ref_4.5,C4.4,WcD0D211711070645_02.ce,29,0.1832413581522108,"{1, 2, 11, 12, 26, 27, 30, 32, 33, 34, 35, 36, 37, 40, 41, 81, 82, 86, 115, 116, 117, 118, 119, 127, 128, 142, 143, 175, 180}" 
ref_4.5,C4.5,WcD0C231711070600_04.ce,57,0.23466421192614367,"{1, 2, 3, 5, 6, 12, 13, 18, 20, 21, 22, 23, 24, 26, 27, 28, 29, 35, 36, 40, 41, 45, 49, 50, 51, 55, 56, 58, 59, 60, 61, 64, 65, 66, 69, 73, 74, 76, 77, 82, 83, 92, 110, 111, 112, 135, 146, 167, 168, 169, 174, 180, 183, 184, 185, 187, 188}" 
ref_4.5,C4.5,WcD0C231711070615_04.ce,51,0.19756999011281678,"{5, 7, 8, 14, 15, 33, 34, 43, 52, 55, 56, 57, 58, 59, 60, 61, 63, 64, 67, 68, 69, 70, 71, 80, 81, 93, 95, 96, 99, 100, 101, 102, 103, 104, 105, 106, 107, 108, 109, 144, 145, 147, 148, 149, 150, 152, 155, 173, 183, 184, 185}" 
ref_4.5,C4.5,WcD0C231711070630_04.ce,54,0.22709781748137411,"{9, 11, 14, 25, 26, 27, 28, 30, 31, 32, 33, 38, 39, 40, 44, 48, 49, 53, 58, 66, 73, 80, 82, 83, 86, 87, 88, 89, 90, 91, 92, 93, 99, 100, 101, 111, 116, 117, 118, 119, 122, 134, 149, 151, 159, 164, 167, 168, 169, 170, 171, 172, 173, 194}" 
ref_4.5,C4.5,WcD0C231711070645_04.ce,28,0.17798377261920117,"{1, 10, 16, 25, 26, 29, 32, 33, 34, 35, 36, 39, 40, 80, 81, 82, 84, 114, 115, 117, 118, 119, 126, 127, 140, 142, 179, 184}" 
ref_4.5,C4.4,WcD0D211711070700_02.ce,71,0.23735046757015324,"{1, 2, 8, 9, 14, 16, 17, 20, 21, 22, 23, 24, 26, 27, 35, 36, 37, 38, 43, 44, 45, 49, 54, 57, 58, 59, 62, 71, 74, 75, 76, 77, 78, 79, 80, 81, 82, 85, 86, 94, 95, 113, 114, 115, 116, 135, 136, 137, 138, 139, 144, 145, 146, 147, 148, 150, 151, 153, 154, 155, 156, 157, 158, 167, 168, 182, 183, 186, 187, 188, 189}" 
ref_4.5,C4.4,WcD0D211711070715_02.ce,42,0.1869871582713266,"{2, 11, 15, 18, 22, 29, 40, 47, 48, 49, 50, 51, 52, 53, 88, 91, 92, 93, 94, 117, 126, 127, 128, 130, 142, 153, 154, 158, 159, 166, 169, 170, 171, 181, 182, 183, 184, 185, 187, 188, 189, 190}" 
ref_4.5,C4.4,WcD0D211711070730_02.ce,65,0.22728743871775237,"{2, 3, 4, 5, 6, 7, 11, 12, 15, 29, 30, 31, 32, 33, 34, 35, 36, 37, 38, 39, 40, 41, 42, 43, 44, 45, 46, 47, 48, 51, 56, 57, 65, 66, 67, 72, 77, 82, 83, 84, 88, 96, 97, 101, 118, 119, 130, 136, 137, 138, 142, 143, 148, 152, 153, 154, 158, 161, 163, 169, 170, 171, 179, 182, 187}" 
ref_4.5,C4.4,WcD0D211711070745_02.ce,27,0.19962769947331258,"{1, 2, 11, 14, 30, 32, 33, 36, 37, 38, 81, 82, 83, 91, 100, 106, 107, 111, 117, 123, 132, 139, 161, 176, 191, 192, 193}" 
ref_4.5,C4.5,WcD0C231711070700_04.ce,79,0.23128128472648246,"{1, 2, 8, 9, 14, 16, 17, 19, 21, 22, 23, 24, 26, 27, 28, 35, 36, 37, 38, 43, 44, 45, 49, 50, 54, 57, 58, 59, 60, 61, 62, 63, 66, 69, 73, 74, 75, 76, 77, 78, 79, 80, 81, 83, 85, 86, 87, 94, 95, 96, 114, 116, 135, 136, 137, 138, 139, 144, 145, 146, 147, 148, 150, 151, 154, 155, 156, 157, 158, 168, 179, 180, 182, 183, 186, 187, 188, 189, 190}" 
ref_4.5,C4.5,WcD0C231711070715_04.ce,46,0.1837844156167483,"{11, 15, 18, 19, 22, 29, 34, 40, 48, 49, 50, 51, 52, 53, 88, 89, 91, 92, 93, 94, 95, 97, 118, 126, 127, 128, 130, 142, 153, 154, 155, 158, 159, 166, 169, 170, 178, 181, 182, 183, 184, 185, 187, 188, 189, 190}" 
ref_4.5,C4.5,WcD0C231711070730_04.ce,63,0.2326855648748486,"{2, 3, 4, 5, 6, 11, 14, 15, 21, 29, 30, 31, 32, 33, 34, 35, 36, 37, 38, 39, 40, 41, 42, 43, 44, 45, 46, 47, 52, 55, 64, 65, 66, 76, 81, 82, 83, 84, 87, 93, 96, 117, 118, 121, 126, 128, 129, 135, 136, 137, 138, 140, 141, 142, 151, 153, 157, 162, 167, 169, 170, 178, 186}" 
ref_4.5,C4.5,WcD0C231711070745_04.ce,29,0.19914514091081056,"{1, 2, 11, 15, 31, 32, 33, 37, 38, 81, 82, 83, 84, 92, 100, 107, 108, 111, 117, 123, 124, 149, 156, 176, 180, 191, 192, 193, 194}" 
ref_4.5,C4.4,WcD0D211711070800_02.ce,88,0.2320458847760633,"{1, 2, 3, 4, 5, 9, 10, 11, 12, 13, 15, 16, 17, 18, 19, 25, 29, 30, 31, 32, 33, 34, 38, 39, 41, 42, 43, 44, 46, 47, 48, 49, 50, 51, 52, 53, 54, 55, 56, 57, 58, 59, 60, 61, 62, 63, 64, 65, 66, 67, 69, 70, 71, 72, 74, 75, 76, 81, 82, 86, 88, 90, 93, 97, 99, 100, 101, 102, 106, 107, 108, 109, 110, 111, 112, 126, 127, 128, 133, 143, 144, 146, 148, 155, 165, 176, 183, 191}" 
ref_4.5,C4.4,WcD0D211711070815_02.ce,58,0.2267144850478032,"{3, 25, 26, 27, 28, 29, 30, 31, 32, 33, 34, 35, 36, 38, 39, 40, 41, 42, 43, 44, 60, 62, 79, 80, 85, 102, 109, 110, 113, 114, 115, 116, 117, 123, 125, 126, 127, 129, 141, 147, 150, 151, 152, 157, 158, 160, 163, 164, 166, 167, 172, 173, 182, 183, 188, 189, 190, 191}" 
ref_4.5,C4.4,WcD0D211711070830_02.ce,18,0.13977450821045478,"{16, 17, 18, 19, 20, 21, 22, 59, 85, 88, 100, 137, 138, 139, 140, 141, 142, 185}" 
ref_4.5,C4.4,WcD0D211711070845_02.ce,14,0.1410750318697246,"{32, 63, 64, 65, 66, 67, 68, 92, 93, 153, 154, 185, 186, 187}" 
ref_4.5,C4.5,WcD0C231711070800_04.ce,80,0.2398052049087454,"{1, 2, 3, 4, 5, 6, 8, 9, 10, 11, 12, 14, 15, 16, 17, 18, 19, 24, 28, 29, 30, 31, 32, 33, 37, 41, 43, 46, 47, 48, 49, 50, 51, 52, 53, 54, 55, 56, 57, 58, 59, 60, 61, 62, 63, 64, 66, 70, 71, 73, 74, 75, 81, 82, 83, 85, 88, 98, 99, 100, 101, 103, 105, 106, 107, 108, 109, 110, 111, 125, 126, 127, 142, 147, 148, 154, 163, 179, 182, 183}" 
ref_4.5,C4.5,WcD0C231711070815_04.ce,65,0.2246622071593176,"{2, 3, 5, 15, 22, 24, 25, 26, 27, 28, 29, 30, 31, 33, 34, 35, 36, 37, 38, 39, 40, 42, 43, 57, 59, 61, 77, 79, 84, 100, 101, 108, 109, 112, 113, 114, 115, 116, 117, 122, 124, 125, 126, 128, 129, 140, 141, 146, 149, 150, 151, 153, 156, 159, 162, 163, 166, 170, 171, 172, 181, 182, 188, 189, 190}" 
ref_4.5,C4.5,WcD0C231711070830_04.ce,20,0.13675388036340563,"{16, 17, 18, 19, 20, 21, 22, 85, 86, 88, 100, 130, 132, 137, 138, 139, 140, 141, 142, 182}" 
ref_4.5,C4.5,WcD0C231711070845_04.ce,16,0.1385094000077355,"{31, 37, 39, 62, 63, 64, 65, 66, 91, 92, 152, 153, 183, 184, 185, 186}" 
ref_4.5,C4.4,WcD0D211711070900_02.ce,80,0.21947355988127681,"{1, 2, 3, 4, 5, 9, 10, 11, 12, 13, 14, 16, 17, 18, 19, 42, 43, 44, 45, 46, 47, 48, 49, 50, 51, 52, 53, 55, 56, 57, 58, 59, 60, 61, 62, 63, 64, 65, 66, 67, 68, 69, 70, 71, 72, 73, 74, 75, 76, 77, 78, 79, 81, 82, 83, 84, 85, 90, 91, 92, 93, 94, 95, 96, 110, 111, 112, 127, 129, 130, 131, 132, 133, 146, 151, 155, 170, 186, 189, 190}" 
ref_4.5,C4.4,WcD0D211711070915_02.ce,66,0.2230491667508444,"{2, 3, 9, 28, 30, 31, 32, 33, 34, 35, 36, 37, 38, 39, 40, 41, 42, 43, 44, 45, 46, 47, 48, 49, 65, 67, 83, 85, 90, 107, 115, 118, 119, 120, 121, 122, 123, 128, 130, 131, 133, 134, 135, 147, 149, 152, 153, 155, 156, 157, 160, 162, 163, 164, 165, 169, 172, 178, 179, 180, 181, 182, 190, 191, 192, 193}" 
ref_4.5,C4.4,WcD0D211711070930_02.ce,5,0.1349395493326616,"{1, 2, 3, 6, 194}" 
ref_4.5,C4.4,WcD0D211711070945_02.ce,6,0.13490364784218464,"{7, 8, 9, 188, 191, 88}" 
ref_4.5,C4.5,WcD0C231711070900_04.ce,78,0.21721349647464008,"{1, 2, 3, 4, 6, 9, 10, 11, 12, 13, 15, 16, 17, 18, 41, 42, 43, 44, 45, 46, 48, 49, 50, 51, 52, 54, 55, 56, 57, 58, 59, 60, 61, 62, 64, 65, 66, 67, 68, 69, 70, 71, 72, 73, 74, 75, 76, 77, 78, 80, 81, 82, 83, 84, 85, 89, 90, 91, 92, 93, 94, 95, 109, 110, 111, 126, 128, 129, 130, 131, 132, 150, 161, 169, 178, 181, 186, 189}" 
ref_4.5,C4.5,WcD0C231711070915_04.ce,69,0.22167619539881026,"{3, 9, 24, 30, 31, 32, 33, 34, 35, 36, 37, 38, 39, 40, 41, 42, 43, 44, 45, 46, 47, 48, 49, 65, 66, 67, 68, 85, 86, 90, 91, 106, 115, 119, 120, 121, 122, 123, 131, 132, 134, 135, 147, 149, 153, 154, 155, 156, 157, 160, 162, 163, 164, 165, 166, 169, 170, 172, 178, 179, 180, 181, 182, 183, 190, 191, 192, 193, 194}" 
ref_4.5,C4.5,WcD0C231711070930_04.ce,3,0.13375672207875353,"{2, 5, 193}" 
ref_4.5,C4.5,WcD0C231711070945_04.ce,7,0.13315517618533665,"{7, 9, 188, 192, 88, 106, 126}" 
ref_4.5,C4.4,WcD0D211711071000_02.ce,73,0.2434302467036861,"{1, 2, 3, 4, 6, 9, 10, 11, 12, 13, 15, 20, 21, 24, 28, 29, 41, 42, 48, 49, 50, 51, 52, 53, 54, 55, 57, 58, 59, 60, 82, 84, 85, 86, 87, 88, 90, 91, 92, 93, 94, 95, 97, 98, 100, 101, 102, 103, 104, 105, 115, 116, 119, 120, 123, 133, 134, 135, 136, 137, 138, 140, 143, 150, 151, 154, 155, 156, 157, 158, 159, 160, 161}" 
ref_4.5,C4.4,WcD0D211711071015_02.ce,78,0.21706815697357237,"{2, 10, 11, 14, 15, 21, 25, 26, 37, 45, 57, 58, 64, 65, 67, 68, 69, 70, 71, 72, 74, 75, 76, 77, 78, 79, 80, 81, 82, 83, 84, 85, 86, 87, 88, 91, 92, 93, 94, 95, 96, 102, 103, 105, 106, 107, 108, 109, 110, 119, 121, 122, 127, 128, 129, 130, 131, 132, 133, 143, 149, 151, 152, 161, 162, 163, 164, 165, 166, 168, 169, 170, 171, 172, 191, 192, 193, 194}" 
ref_4.5,C4.4,WcD0D211711071030_02.ce,80,0.22804770420584303,"{1, 2, 3, 11, 12, 13, 15, 17, 18, 19, 20, 21, 22, 23, 38, 65, 69, 70, 73, 78, 83, 84, 89, 90, 91, 92, 93, 94, 95, 96, 102, 103, 104, 106, 107, 114, 115, 116, 117, 118, 119, 120, 121, 122, 125, 126, 129, 130, 131, 135, 136, 137, 138, 139, 140, 141, 142, 143, 144, 145, 147, 149, 151, 152, 155, 158, 159, 162, 163, 164, 165, 166, 167, 168, 169, 170, 171, 172, 173, 174}" 
ref_4.5,C4.4,WcD0D211711071045_02.ce,61,0.22803163134837837,"{4, 16, 23, 26, 44, 51, 52, 57, 60, 79, 80, 81, 82, 83, 84, 85, 86, 87, 88, 89, 90, 91, 92, 93, 94, 95, 96, 97, 102, 114, 116, 133, 134, 139, 156, 163, 167, 168, 169, 170, 171, 172, 173, 174, 175, 176, 177, 178, 179, 181, 183, 184, 185, 186, 187, 188, 189, 190, 191, 192, 193}" 
ref_4.5,C4.5,WcD0C231711071000_04.ce,72,0.23975055763221187,"{1, 2, 3, 4, 7, 9, 10, 11, 12, 13, 20, 24, 26, 34, 42, 49, 50, 51, 52, 53, 54, 55, 56, 58, 59, 60, 61, 84, 85, 86, 87, 88, 89, 91, 92, 93, 94, 95, 97, 98, 100, 101, 102, 103, 104, 105, 106, 115, 116, 119, 120, 123, 127, 132, 134, 135, 136, 137, 138, 140, 142, 150, 151, 155, 156, 157, 158, 159, 160, 161, 172, 183}" 
ref_4.5,C4.5,WcD0C231711071015_04.ce,76,0.21844043579551092,"{1, 10, 13, 14, 15, 20, 26, 36, 45, 56, 57, 58, 63, 64, 65, 66, 67, 68, 69, 70, 71, 73, 74, 75, 76, 77, 78, 79, 80, 81, 82, 83, 84, 85, 86, 87, 90, 91, 92, 93, 94, 95, 101, 102, 103, 104, 105, 106, 107, 108, 109, 120, 121, 127, 128, 129, 130, 131, 148, 149, 150, 151, 160, 161, 162, 163, 164, 165, 167, 168, 169, 170, 171, 191, 192, 193}" 
ref_4.5,C4.5,WcD0C231711071030_04.ce,85,0.22780430628582,"{1, 2, 3, 11, 12, 13, 15, 17, 18, 19, 20, 21, 22, 23, 38, 44, 45, 50, 65, 69, 70, 73, 74, 78, 83, 88, 89, 90, 92, 93, 94, 95, 96, 100, 103, 107, 112, 113, 114, 115, 116, 117, 118, 119, 120, 121, 122, 124, 125, 126, 130, 131, 135, 136, 137, 138, 139, 140, 141, 142, 143, 144, 145, 148, 149, 150, 154, 155, 156, 159, 160, 162, 163, 164, 165, 166, 167, 168, 169, 170, 171, 172, 173, 174, 192}" 
ref_4.5,C4.5,WcD0C231711071045_04.ce,66,0.22407904858329977,"{3, 6, 15, 24, 25, 43, 44, 50, 56, 59, 68, 78, 79, 80, 81, 82, 83, 84, 85, 86, 87, 88, 89, 90, 91, 92, 93, 94, 96, 97, 113, 114, 115, 133, 138, 154, 155, 162, 163, 166, 167, 168, 169, 170, 171, 172, 173, 174, 175, 176, 177, 178, 179, 180, 182, 183, 184, 185, 186, 187, 188, 189, 190, 191, 192, 193}" 
ref_4.5,C4.4,WcD0D211711071100_02.ce,76,0.2257192211987871,"{1, 2, 3, 4, 5, 6, 10, 11, 12, 13, 14, 15, 16, 20, 21, 22, 35, 36, 37, 38, 39, 42, 48, 49, 50, 52, 55, 57, 58, 59, 60, 61, 62, 63, 65, 74, 79, 88, 89, 90, 91, 92, 93, 94, 95, 100, 101, 102, 103, 104, 112, 114, 116, 124, 128, 129, 130, 138, 139, 140, 141, 142, 143, 162, 163, 168, 169, 170, 171, 172, 173, 180, 181, 192, 193, 194}" 
ref_4.5,C4.4,WcD0D211711071115_02.ce,64,0.22163003340535808,"{1, 2, 3, 4, 5, 8, 10, 11, 12, 13, 14, 15, 25, 28, 29, 30, 32, 36, 43, 44, 45, 46, 47, 51, 59, 60, 61, 64, 65, 66, 67, 68, 69, 70, 85, 104, 105, 113, 114, 116, 118, 123, 124, 129, 138, 139, 140, 148, 158, 159, 160, 161, 169, 170, 171, 172, 173, 174, 175, 176, 177, 186, 188, 189}" 
ref_4.5,C4.4,WcD0D211711071130_02.ce,77,0.23386112471048195,"{1, 2, 3, 4, 5, 6, 23, 25, 26, 35, 36, 37, 38, 39, 40, 45, 47, 48, 49, 50, 64, 66, 70, 71, 72, 73, 74, 75, 86, 89, 98, 99, 100, 112, 116, 117, 118, 119, 120, 121, 122, 123, 124, 125, 126, 132, 134, 135, 137, 142, 144, 145, 152, 153, 154, 155, 156, 157, 158, 159, 160, 161, 162, 163, 164, 165, 169, 170, 171, 172, 173, 174, 178, 184, 185, 186, 187}" 
ref_4.5,C4.4,WcD0D211711071145_02.ce,57,0.21248041832861064,"{16, 19, 21, 28, 37, 56, 57, 63, 64, 69, 70, 77, 89, 91, 92, 93, 94, 95, 96, 97, 98, 99, 100, 101, 102, 103, 104, 105, 106, 107, 109, 110, 126, 128, 144, 146, 151, 158, 167, 168, 175, 176, 179, 180, 181, 182, 183, 184, 185, 187, 188, 189, 190, 191, 192, 193, 194}" 
ref_4.5,C4.5,WcD0C231711071100_04.ce,75,0.21604050964448512,"{1, 2, 3, 4, 6, 9, 10, 11, 12, 13, 14, 15, 19, 20, 21, 35, 36, 37, 47, 48, 49, 51, 54, 55, 56, 57, 58, 59, 60, 61, 62, 64, 73, 74, 88, 89, 90, 91, 92, 93, 94, 95, 99, 100, 101, 102, 103, 108, 111, 115, 123, 124, 128, 129, 131, 137, 138, 139, 140, 141, 142, 146, 161, 162, 168, 169, 170, 171, 172, 179, 180, 181, 191, 192, 193}" 
ref_4.5,C4.5,WcD0C231711071115_04.ce,60,0.22357627745227895,"{1, 2, 3, 4, 5, 8, 10, 11, 12, 13, 14, 15, 22, 25, 29, 30, 43, 44, 45, 46, 47, 50, 60, 61, 64, 65, 66, 67, 68, 69, 70, 71, 74, 105, 113, 114, 118, 124, 129, 138, 139, 140, 146, 148, 159, 160, 161, 162, 169, 170, 171, 172, 173, 174, 175, 176, 177, 188, 189, 191}" 
ref_4.5,C4.5,WcD0C231711071130_04.ce,77,0.2320863869335626,"{1, 2, 3, 4, 5, 23, 24, 25, 34, 35, 36, 37, 38, 39, 47, 48, 49, 50, 63, 65, 69, 70, 72, 73, 74, 78, 80, 85, 86, 88, 97, 98, 99, 111, 115, 116, 117, 118, 119, 120, 121, 122, 123, 124, 125, 128, 132, 135, 136, 140, 141, 143, 144, 145, 152, 153, 154, 155, 156, 157, 158, 159, 160, 161, 162, 163, 164, 168, 169, 170, 171, 172, 173, 183, 184, 185, 186}" 
ref_4.5,C4.5,WcD0C231711071145_04.ce,52,0.21849597390089595,"{17, 20, 22, 36, 50, 56, 62, 63, 69, 77, 90, 91, 92, 93, 94, 95, 96, 97, 98, 99, 100, 101, 102, 103, 104, 105, 106, 107, 108, 123, 125, 126, 127, 145, 150, 166, 167, 175, 179, 180, 181, 182, 183, 184, 186, 187, 188, 189, 190, 191, 192, 193}" 
ref_4.5,C4.4,WcD0D211711071200_02.ce,51,0.20794430346814974,"{1, 2, 3, 4, 8, 9, 10, 19, 21, 22, 23, 26, 27, 37, 41, 42, 46, 47, 50, 51, 55, 57, 59, 60, 61, 62, 63, 69, 89, 125, 127, 128, 129, 131, 132, 154, 163, 164, 165, 166, 167, 168, 170, 171, 174, 175, 176, 177, 178, 188, 192}" 
ref_4.5,C4.4,WcD0D211711071215_02.ce,43,0.21220606003024706,"{9, 10, 13, 25, 27, 28, 29, 32, 52, 54, 61, 62, 75, 76, 83, 93, 95, 96, 97, 98, 99, 100, 101, 115, 143, 144, 146, 163, 165, 170, 171, 172, 173, 174, 175, 176, 182, 183, 185, 187, 188, 189, 190}" 
ref_4.5,C4.4,WcD0D211711071230_02.ce,32,0.1453871591112915,"{2, 14, 32, 33, 34, 35, 36, 41, 42, 43, 44, 95, 97, 98, 99, 101, 102, 103, 104, 105, 106, 107, 108, 135, 145, 146, 186, 188, 189, 190, 191, 192}" 
ref_4.5,C4.4,WcD0D211711071245_02.ce,39,0.1715142640729585,"{2, 4, 5, 13, 59, 67, 68, 69, 75, 76, 97, 98, 99, 113, 114, 115, 116, 117, 118, 119, 120, 156, 157, 158, 160, 161, 162, 163, 164, 166, 167, 169, 170, 172, 173, 174, 175, 176, 178}" 
ref_4.5,C4.5,WcD0C231711071200_04.ce,51,0.21107039889069454,"{1, 2, 3, 4, 9, 10, 19, 21, 22, 23, 26, 27, 37, 41, 42, 46, 47, 50, 51, 55, 57, 59, 60, 61, 62, 63, 64, 69, 88, 103, 129, 130, 131, 132, 143, 154, 161, 162, 164, 165, 166, 167, 168, 170, 171, 174, 175, 176, 177, 178, 188}" 
ref_4.5,C4.5,WcD0C231711071215_04.ce,40,0.21490718716992932,"{8, 9, 15, 25, 26, 28, 29, 53, 61, 74, 75, 79, 92, 94, 95, 96, 97, 98, 99, 100, 101, 117, 142, 143, 145, 146, 162, 170, 171, 172, 173, 174, 175, 181, 182, 184, 186, 187, 188, 189}" 
ref_4.5,C4.5,WcD0C231711071230_04.ce,31,0.14569504446830406,"{13, 16, 20, 29, 31, 32, 33, 34, 35, 40, 41, 42, 43, 97, 98, 100, 101, 102, 103, 104, 105, 106, 107, 134, 145, 185, 187, 188, 189, 190, 191}" 
ref_4.5,C4.5,WcD0C231711071245_04.ce,41,0.16965020436542552,"{2, 4, 5, 13, 59, 67, 68, 69, 75, 76, 98, 99, 113, 114, 115, 116, 117, 118, 119, 120, 131, 149, 156, 157, 158, 159, 161, 162, 163, 164, 166, 167, 170, 171, 172, 173, 175, 176, 177, 178, 185}" 
ref_4.5,C4.4,WcD0D211711071300_02.ce,72,0.23166924473454192,"{1, 2, 3, 4, 5, 6, 9, 11, 12, 13, 14, 15, 16, 19, 20, 21, 33, 34, 35, 36, 37, 38, 39, 52, 57, 58, 59, 60, 61, 62, 70, 71, 72, 73, 74, 86, 90, 91, 92, 93, 106, 109, 111, 112, 113, 114, 115, 116, 126, 128, 130, 131, 133, 137, 142, 144, 145, 146, 147, 148, 152, 161, 162, 164, 165, 166, 167, 168, 169, 170, 171, 175}" 
ref_4.5,C4.4,WcD0D211711071315_02.ce,21,0.21947351557052258,"{12, 20, 21, 25, 30, 31, 33, 35, 36, 45, 55, 66, 67, 68, 70, 71, 72, 76, 77, 78, 79}" 
ref_4.5,C4.4,WcD0D211711071330_02.ce,92,0.2168086229070579,"{4, 5, 7, 8, 10, 11, 12, 13, 14, 15, 16, 31, 34, 36, 37, 39, 58, 61, 62, 63, 66, 68, 69, 70, 71, 77, 78, 79, 82, 83, 84, 85, 86, 87, 92, 93, 94, 96, 98, 99, 100, 105, 107, 108, 114, 118, 119, 120, 121, 122, 124, 127, 128, 129, 130, 131, 132, 133, 134, 135, 136, 137, 140, 141, 145, 146, 147, 148, 151, 152, 153, 154, 155, 156, 157, 158, 159, 160, 161, 162, 163, 164, 168, 169, 170, 171, 172, 173, 183, 184, 185, 186}" 
ref_4.5,C4.4,WcD0D211711071345_02.ce,55,0.2169507718973008,"{14, 19, 35, 54, 55, 61, 62, 67, 68, 89, 90, 91, 92, 93, 94, 95, 96, 97, 98, 99, 100, 101, 102, 103, 104, 105, 106, 107, 108, 124, 126, 142, 144, 149, 165, 166, 173, 174, 177, 178, 179, 180, 181, 182, 183, 184, 185, 186, 187, 188, 189, 190, 191, 192, 193}" 
ref_4.5,C4.5,WcD0C231711071300_04.ce,73,0.22713002100803345,"{1, 2, 3, 4, 5, 8, 10, 11, 12, 13, 14, 15, 19, 20, 32, 33, 34, 35, 36, 37, 38, 56, 57, 58, 59, 60, 61, 62, 69, 70, 71, 72, 73, 74, 85, 86, 89, 90, 91, 92, 105, 106, 108, 110, 111, 112, 113, 114, 115, 116, 125, 126, 129, 130, 133, 135, 143, 144, 145, 146, 147, 150, 153, 160, 161, 164, 165, 166, 167, 168, 169, 170, 171}" 
ref_4.5,C4.5,WcD0C231711071315_04.ce,54,0.21532828794665454,"{3, 4, 12, 20, 21, 25, 31, 35, 36, 45, 55, 67, 68, 69, 71, 72, 76, 77, 78, 79, 80, 81, 82, 83, 84, 95, 96, 98, 102, 103, 104, 105, 106, 124, 125, 126, 135, 136, 137, 138, 139, 140, 142, 143, 144, 145, 146, 147, 148, 162, 163, 164, 179, 181}" 
ref_4.5,C4.5,WcD0C231711071330_04.ce,93,0.22143575234304824,"{3, 4, 6, 7, 9, 10, 11, 12, 13, 14, 15, 30, 33, 35, 38, 60, 61, 62, 65, 66, 67, 68, 69, 70, 73, 76, 77, 83, 84, 85, 86, 89, 91, 92, 93, 95, 98, 99, 104, 106, 107, 108, 109, 113, 117, 118, 119, 120, 121, 122, 124, 126, 127, 128, 129, 130, 131, 132, 133, 134, 135, 136, 139, 140, 144, 145, 146, 147, 150, 151, 152, 153, 154, 155, 156, 157, 158, 159, 160, 161, 162, 163, 167, 168, 169, 170, 171, 172, 176, 182, 183, 184, 185}" 
ref_4.5,C4.5,WcD0C231711071345_04.ce,56,0.21658277524867794,"{14, 19, 26, 35, 36, 54, 55, 61, 62, 67, 68, 89, 90, 91, 92, 93, 94, 95, 96, 97, 98, 99, 100, 101, 102, 103, 104, 105, 107, 108, 124, 126, 142, 144, 149, 165, 166, 173, 174, 177, 178, 179, 180, 181, 182, 183, 184, 185, 186, 187, 188, 189, 190, 191, 192, 193}" 
ref_4.5,C4.4,WcD0D211711071400_02.ce,81,0.21395252042200844,"{1, 2, 3, 4, 5, 7, 8, 9, 11, 12, 13, 14, 15, 19, 20, 21, 33, 34, 35, 36, 37, 38, 56, 57, 58, 59, 60, 61, 62, 63, 65, 66, 67, 68, 69, 70, 76, 78, 79, 84, 85, 86, 87, 88, 101, 102, 103, 104, 107, 108, 109, 110, 111, 112, 113, 114, 115, 116, 117, 118, 119, 120, 121, 122, 123, 124, 125, 126, 131, 132, 133, 134, 135, 152, 153, 154, 168, 175, 178, 180, 184}" 
ref_4.5,C4.4,WcD0D211711071415_02.ce,53,0.21872434648230454,"{8, 16, 32, 34, 35, 36, 37, 38, 39, 50, 51, 54, 60, 61, 62, 68, 77, 78, 79, 80, 81, 82, 93, 94, 100, 101, 102, 103, 104, 115, 121, 138, 140, 141, 142, 144, 156, 158, 162, 163, 164, 165, 166, 167, 169, 172, 175, 176, 178, 179, 182, 184, 194}" 
ref_4.5,C4.4,WcD0D211711071430_02.ce,97,0.2601549304242772,"{1, 2, 7, 10, 12, 13, 14, 15, 16, 17, 18, 19, 20, 21, 25, 26, 27, 28, 29, 34, 37, 39, 40, 41, 42, 43, 44, 45, 46, 47, 49, 50, 51, 52, 54, 57, 61, 62, 63, 67, 68, 71, 72, 73, 75, 77, 80, 81, 82, 84, 92, 95, 98, 99, 101, 102, 104, 105, 106, 110, 111, 112, 113, 114, 115, 116, 117, 118, 119, 120, 121, 122, 123, 124, 127, 129, 133, 141, 142, 144, 151, 152, 153, 154, 155, 164, 165, 167, 168, 169, 172, 176, 183, 184, 185, 186, 187}" 
ref_4.5,C4.4,WcD0D211711071445_02.ce,54,0.2103796308947771,"{12, 16, 19, 21, 28, 51, 53, 56, 63, 64, 69, 72, 91, 92, 93, 94, 95, 96, 97, 98, 100, 101, 102, 103, 104, 105, 106, 107, 109, 110, 126, 127, 128, 146, 151, 167, 168, 175, 176, 179, 180, 181, 182, 183, 184, 185, 186, 187, 188, 189, 190, 191, 192, 193}" 
ref_4.5,C4.5,WcD0C231711071400_04.ce,81,0.21472024606932621,"{1, 2, 3, 4, 5, 7, 8, 9, 10, 11, 12, 13, 14, 15, 19, 20, 32, 33, 34, 35, 36, 37, 38, 56, 57, 58, 59, 60, 61, 62, 63, 65, 66, 67, 68, 69, 70, 78, 79, 84, 85, 86, 87, 88, 101, 102, 103, 104, 107, 108, 109, 110, 111, 112, 113, 114, 115, 116, 117, 118, 119, 120, 121, 122, 123, 124, 125, 126, 127, 128, 131, 132, 133, 134, 135, 152, 153, 154, 168, 180, 184}" 
ref_4.5,C4.5,WcD0C231711071415_04.ce,58,0.21633984155185543,"{8, 15, 16, 32, 33, 34, 35, 36, 37, 38, 39, 50, 51, 59, 60, 61, 62, 67, 77, 78, 79, 80, 81, 82, 91, 93, 94, 99, 100, 101, 102, 103, 104, 115, 121, 138, 140, 141, 142, 144, 152, 156, 162, 163, 164, 165, 166, 167, 169, 172, 175, 176, 178, 179, 181, 182, 184, 194}" 
ref_4.5,C4.5,WcD0C231711071430_04.ce,92,0.2611603184318771,"{1, 7, 10, 12, 13, 14, 15, 16, 17, 18, 19, 20, 25, 26, 27, 28, 29, 37, 39, 40, 41, 42, 43, 44, 45, 46, 47, 49, 50, 51, 52, 53, 54, 55, 57, 60, 61, 62, 63, 64, 69, 71, 72, 75, 80, 81, 82, 84, 86, 92, 93, 95, 99, 101, 110, 111, 112, 113, 114, 115, 116, 117, 118, 119, 120, 121, 122, 123, 124, 127, 133, 137, 141, 142, 144, 151, 152, 153, 154, 155, 164, 165, 167, 168, 169, 172, 182, 183, 184, 185, 186, 187}" 
ref_4.5,C4.5,WcD0C231711071445_04.ce,58,0.20793338550200846,"{12, 16, 17, 19, 21, 28, 51, 56, 63, 64, 69, 72, 91, 92, 93, 94, 95, 96, 97, 98, 99, 100, 101, 102, 103, 104, 105, 106, 107, 108, 109, 110, 120, 126, 127, 128, 145, 146, 151, 158, 168, 175, 179, 180, 181, 182, 183, 184, 185, 186, 187, 188, 189, 190, 191, 192, 193, 194}" 
ref_4.5,C4.4,WcD0D211711071500_02.ce,61,0.23257247259602545,"{1, 2, 3, 4, 5, 6, 9, 11, 12, 13, 14, 15, 16, 20, 21, 22, 34, 35, 36, 38, 43, 44, 45, 46, 47, 53, 54, 55, 56, 57, 62, 64, 65, 66, 67, 68, 69, 70, 72, 73, 74, 75, 78, 82, 88, 91, 95, 96, 99, 102, 103, 104, 105, 123, 124, 125, 127, 139, 151, 183, 193}" 
ref_4.5,C4.4,WcD0D211711071515_02.ce,67,0.2059640418935416,"{2, 3, 4, 5, 6, 7, 8, 9, 20, 21, 29, 30, 31, 32, 37, 42, 46, 47, 48, 49, 50, 51, 62, 63, 69, 70, 71, 72, 73, 91, 93, 102, 104, 105, 106, 107, 108, 109, 123, 124, 125, 131, 140, 150, 151, 152, 160, 163, 164, 165, 166, 167, 168, 169, 170, 171, 175, 176, 177, 178, 179, 180, 184, 190, 191, 192, 193}" 
ref_4.5,C4.4,WcD0D211711071530_02.ce,81,0.259015404956217,"{2, 4, 6, 7, 8, 9, 10, 15, 17, 18, 19, 20, 25, 26, 28, 29, 30, 32, 33, 37, 38, 39, 42, 43, 46, 48, 49, 50, 51, 56, 57, 58, 60, 61, 62, 66, 67, 68, 69, 70, 71, 72, 73, 74, 75, 76, 77, 78, 79, 80, 81, 89, 90, 93, 97, 98, 100, 101, 102, 103, 104, 113, 114, 117, 118, 121, 125, 132, 133, 134, 135, 136, 166, 182, 184, 185, 188, 189, 191, 192, 193}" 
ref_4.5,C4.4,WcD0D211711071545_02.ce,57,0.2255324213809942,"{4, 5, 6, 7, 8, 11, 12, 14, 18, 29, 34, 57, 70, 85, 90, 92, 93, 94, 95, 96, 97, 98, 99, 100, 101, 102, 103, 104, 105, 106, 107, 108, 109, 110, 115, 127, 129, 138, 146, 147, 152, 176, 180, 181, 182, 183, 184, 185, 186, 187, 188, 189, 190, 191, 192, 193, 194}" 
ref_4.5,C4.5,WcD0C231711071500_04.ce,67,0.22773273687664428,"{1, 2, 3, 4, 5, 8, 10, 11, 12, 13, 14, 15, 19, 20, 21, 32, 33, 34, 35, 37, 41, 42, 43, 44, 45, 46, 52, 53, 54, 55, 56, 61, 63, 64, 65, 66, 67, 68, 69, 71, 72, 73, 74, 77, 81, 87, 90, 93, 94, 95, 98, 101, 102, 103, 104, 119, 122, 123, 124, 126, 138, 150, 171, 178, 179, 182, 192}" 
ref_4.5,C4.5,WcD0C231711071515_04.ce,69,0.2045968121022459,"{3, 4, 5, 6, 7, 8, 9, 20, 21, 29, 30, 31, 37, 42, 44, 46, 47, 48, 49, 50, 51, 62, 63, 69, 70, 71, 72, 73, 91, 93, 102, 103, 104, 105, 106, 107, 108, 109, 123, 124, 125, 140, 150, 151, 152, 157, 160, 162, 163, 164, 165, 166, 167, 168, 169, 170, 171, 175, 176, 177, 178, 179, 180, 184, 187, 190, 191, 192, 193}" 
ref_4.5,C4.5,WcD0C231711071530_04.ce,85,0.2588249541013561,"{2, 4, 6, 7, 8, 9, 11, 16, 17, 18, 19, 20, 21, 25, 26, 28, 29, 30, 32, 37, 39, 40, 41, 42, 43, 44, 47, 48, 49, 50, 51, 53, 55, 56, 57, 58, 59, 60, 61, 62, 66, 67, 68, 69, 70, 71, 72, 73, 74, 75, 76, 77, 78, 79, 80, 82, 89, 93, 97, 98, 100, 101, 102, 103, 104, 113, 114, 117, 118, 121, 125, 132, 133, 134, 135, 136, 158, 163, 166, 182, 184, 189, 191, 192, 193}" 
ref_4.5,C4.5,WcD0C231711071545_04.ce,59,0.22559348384264438,"{3, 4, 5, 6, 10, 11, 13, 20, 28, 36, 56, 63, 69, 78, 84, 90, 91, 92, 93, 94, 95, 96, 97, 98, 99, 100, 101, 102, 103, 104, 105, 106, 107, 108, 109, 115, 125, 126, 128, 145, 146, 151, 158, 175, 179, 180, 181, 182, 183, 184, 185, 186, 187, 188, 189, 190, 191, 192, 193}" 
ref_4.5,C4.4,WcD0D211711071600_02.ce,81,0.2134241497895558,"{1, 2, 3, 4, 5, 9, 10, 11, 12, 13, 14, 15, 18, 19, 33, 34, 35, 36, 37, 38, 54, 57, 58, 59, 60, 61, 62, 63, 66, 67, 68, 69, 70, 71, 72, 73, 74, 79, 80, 84, 85, 90, 91, 92, 93, 94, 97, 101, 102, 103, 104, 105, 107, 109, 125, 126, 130, 131, 132, 133, 134, 135, 137, 138, 139, 140, 141, 142, 143, 162, 163, 166, 169, 174, 175, 176, 177, 178, 179, 192, 193}" 
ref_4.5,C4.4,WcD0D211711071615_02.ce,75,0.20807930452161974,"{1, 2, 5, 6, 7, 8, 9, 10, 11, 12, 13, 14, 15, 16, 17, 18, 19, 20, 21, 22, 23, 24, 28, 29, 30, 31, 32, 35, 36, 50, 51, 52, 57, 67, 73, 76, 78, 79, 80, 81, 90, 91, 92, 93, 104, 106, 107, 108, 109, 110, 111, 112, 123, 124, 125, 126, 127, 132, 141, 142, 143, 144, 145, 146, 147, 156, 157, 158, 164, 165, 166, 167, 168, 186, 188}" 
ref_4.5,C4.4,WcD0D211711071630_02.ce,107,0.2583495934031279,"{4, 14, 15, 22, 23, 24, 26, 27, 28, 29, 30, 31, 32, 33, 34, 38, 39, 40, 41, 42, 43, 51, 53, 54, 55, 56, 57, 58, 60, 61, 63, 64, 65, 66, 67, 73, 74, 75, 76, 78, 79, 82, 84, 85, 86, 88, 89, 90, 95, 97, 98, 102, 103, 105, 106, 107, 108, 109, 111, 113, 114, 115, 118, 119, 123, 124, 125, 126, 127, 128, 129, 130, 131, 132, 133, 134, 135, 136, 140, 142, 143, 144, 145, 146, 147, 148, 151, 152, 153, 154, 155, 159, 160, 161, 162, 163, 164, 165, 166, 175, 176, 179, 180, 183, 185, 193, 194}" 
ref_4.5,C4.4,WcD0D211711071645_02.ce,47,0.2123788236060554,"{1, 2, 3, 22, 26, 27, 30, 31, 38, 48, 66, 79, 100, 101, 102, 103, 104, 105, 106, 107, 108, 109, 110, 111, 112, 113, 114, 115, 116, 117, 118, 119, 130, 135, 136, 138, 155, 156, 161, 168, 178, 185, 189, 190, 191, 192, 193}" 
ref_4.5,C4.5,WcD0C231711071600_04.ce,79,0.21563287767970596,"{1, 2, 3, 4, 5, 9, 10, 11, 12, 13, 14, 15, 18, 33, 34, 35, 36, 37, 38, 54, 57, 58, 59, 60, 61, 62, 63, 66, 67, 69, 70, 71, 72, 73, 74, 75, 77, 80, 84, 85, 90, 91, 92, 93, 94, 97, 101, 102, 103, 104, 105, 107, 109, 124, 125, 126, 130, 131, 132, 133, 134, 135, 137, 138, 139, 140, 141, 142, 143, 162, 163, 174, 175, 176, 177, 178, 179, 192, 193}" 
ref_4.5,C4.5,WcD0C231711071615_04.ce,74,0.21227931736932562,"{1, 2, 5, 6, 7, 8, 9, 10, 11, 12, 13, 14, 15, 16, 17, 18, 19, 20, 21, 22, 23, 24, 28, 29, 30, 31, 32, 35, 50, 51, 52, 57, 60, 67, 73, 78, 79, 80, 89, 91, 92, 93, 100, 101, 104, 106, 107, 108, 109, 110, 111, 112, 123, 124, 125, 126, 127, 132, 141, 142, 143, 144, 145, 146, 156, 157, 158, 164, 165, 166, 167, 168, 186, 188}" 
ref_4.5,C4.5,WcD0C231711071630_04.ce,105,0.26486655452929947,"{3, 13, 14, 20, 22, 23, 25, 26, 27, 28, 29, 30, 31, 32, 33, 37, 38, 39, 40, 41, 42, 50, 52, 53, 54, 55, 56, 57, 59, 60, 62, 63, 64, 65, 66, 72, 73, 74, 75, 77, 78, 83, 84, 85, 86, 87, 88, 94, 95, 96, 97, 98, 101, 102, 104, 105, 106, 107, 108, 110, 112, 113, 114, 117, 122, 123, 124, 125, 126, 128, 129, 130, 131, 132, 133, 134, 135, 136, 139, 141, 142, 143, 144, 146, 147, 150, 151, 152, 153, 154, 158, 159, 160, 161, 162, 163, 164, 171, 174, 175, 178, 179, 190, 192, 193}" 
ref_4.5,C4.5,WcD0C231711071645_04.ce,49,0.21387761562814003,"{1, 2, 3, 26, 27, 28, 30, 31, 38, 43, 66, 73, 79, 87, 101, 102, 103, 104, 106, 107, 108, 109, 110, 111, 112, 113, 114, 115, 116, 117, 118, 119, 124, 130, 135, 136, 138, 147, 155, 156, 161, 168, 178, 185, 189, 190, 191, 192, 193}" 
ref_4.5,C4.4,WcD0D211711071700_02.ce,86,0.20332904416498737,"{1, 2, 3, 4, 5, 7, 9, 10, 11, 12, 13, 16, 17, 31, 32, 33, 34, 35, 36, 39, 52, 53, 55, 56, 57, 61, 62, 64, 65, 66, 67, 68, 72, 73, 74, 75, 76, 82, 83, 84, 85, 86, 91, 93, 94, 95, 96, 97, 98, 105, 106, 107, 108, 109, 110, 111, 135, 136, 137, 138, 139, 140, 152, 154, 155, 156, 157, 163, 164, 165, 167, 168, 169, 170, 171, 172, 175, 176, 177, 179, 180, 181, 182, 183, 193, 194}" 
ref_4.5,C4.4,WcD0D211711071715_02.ce,64,0.21149484894449694,"{1, 2, 3, 6, 7, 21, 22, 23, 31, 32, 35, 38, 41, 49, 50, 51, 52, 53, 55, 62, 63, 64, 65, 75, 77, 78, 79, 80, 81, 82, 83, 96, 97, 98, 103, 112, 113, 114, 115, 116, 117, 118, 127, 129, 130, 135, 136, 137, 138, 139, 140, 151, 157, 159, 170, 171, 172, 173, 174, 175, 176, 190, 191, 192}" 
ref_4.5,C4.4,WcD0D211711071730_02.ce,96,0.24962425292543097,"{35, 37, 38, 39, 40, 41, 42, 43, 44, 45, 46, 50, 51, 52, 53, 54, 55, 59, 62, 65, 66, 67, 68, 69, 72, 73, 74, 75, 76, 77, 79, 82, 83, 84, 86, 87, 88, 93, 95, 96, 97, 98, 100, 101, 109, 110, 116, 117, 122, 123, 124, 125, 126, 129, 130, 134, 135, 136, 137, 138, 139, 140, 141, 142, 143, 144, 145, 146, 147, 151, 152, 153, 154, 155, 156, 157, 158, 159, 160, 162, 163, 164, 166, 167, 170, 171, 172, 173, 174, 175, 176, 177, 186, 187, 190, 191}" 
ref_4.5,C4.4,WcD0D211711071745_02.ce,40,0.21131165324760245,"{1, 5, 10, 12, 13, 14, 15, 16, 42, 58, 78, 84, 85, 90, 91, 112, 113, 114, 115, 116, 117, 119, 120, 121, 122, 123, 124, 125, 126, 127, 128, 129, 130, 131, 147, 149, 167, 172, 188, 189}" 
ref_4.5,C4.5,WcD0C231711071700_04.ce,84,0.2080220754170268,"{1, 2, 3, 4, 5, 7, 9, 10, 11, 12, 13, 16, 17, 31, 32, 33, 34, 35, 36, 39, 52, 53, 55, 56, 57, 61, 62, 64, 65, 66, 67, 68, 72, 73, 74, 75, 76, 82, 83, 84, 85, 86, 91, 93, 94, 95, 96, 97, 98, 105, 106, 107, 108, 109, 110, 135, 136, 137, 138, 139, 140, 154, 155, 156, 163, 164, 165, 167, 168, 169, 170, 171, 172, 175, 176, 177, 179, 180, 181, 182, 183, 184, 193, 194}" 
ref_4.5,C4.5,WcD0C231711071715_04.ce,63,0.20905643302625795,"{1, 2, 3, 6, 7, 21, 22, 23, 31, 32, 35, 38, 41, 49, 50, 51, 52, 55, 62, 63, 64, 75, 77, 78, 79, 80, 81, 82, 83, 96, 97, 98, 103, 112, 113, 114, 115, 116, 117, 118, 127, 129, 130, 135, 136, 137, 138, 139, 140, 151, 157, 158, 159, 170, 171, 172, 173, 174, 175, 176, 190, 191, 192}" 
ref_4.5,C4.5,WcD0C231711071730_04.ce,102,0.2470942043797078,"{4, 35, 37, 38, 39, 40, 41, 42, 43, 44, 45, 46, 50, 51, 52, 53, 54, 59, 62, 65, 66, 67, 68, 69, 70, 74, 75, 76, 77, 78, 79, 83, 84, 86, 87, 88, 91, 93, 95, 96, 97, 98, 99, 100, 101, 102, 108, 109, 114, 116, 117, 122, 123, 124, 125, 126, 129, 130, 132, 134, 135, 136, 137, 138, 139, 140, 141, 142, 143, 144, 145, 146, 147, 150, 151, 152, 153, 154, 155, 156, 157, 158, 159, 160, 162, 163, 164, 166, 167, 170, 171, 172, 173, 174, 175, 176, 177, 186, 187, 190, 191, 194}" 
ref_4.5,C4.5,WcD0C231711071745_04.ce,42,0.20959884992159658,"{4, 9, 11, 12, 13, 14, 15, 41, 48, 57, 58, 76, 77, 83, 84, 89, 90, 111, 112, 113, 114, 115, 116, 117, 118, 119, 120, 121, 122, 123, 124, 125, 126, 127, 129, 130, 146, 148, 166, 171, 187, 188}" 
ref_4.5,C4.4,WcD0D211711071800_02.ce,88,0.21615053255780045,"{1, 2, 3, 7, 8, 9, 10, 11, 14, 15, 16, 17, 18, 19, 21, 22, 37, 38, 39, 40, 41, 60, 61, 62, 63, 64, 65, 66, 67, 69, 70, 71, 72, 73, 78, 79, 80, 81, 82, 88, 89, 90, 91, 92, 96, 97, 99, 100, 101, 102, 103, 104, 116, 119, 129, 130, 131, 132, 133, 134, 145, 147, 148, 149, 152, 155, 156, 157, 158, 159, 160, 161, 162, 163, 167, 168, 169, 170, 171, 173, 174, 175, 178, 183, 184, 185, 187, 188}" 
ref_4.5,C4.4,WcD0D211711071815_02.ce,33,0.1852552360024504,"{5, 7, 8, 14, 23, 36, 42, 49, 64, 80, 81, 94, 95, 96, 99, 104, 105, 106, 108, 109, 113, 114, 118, 142, 143, 144, 174, 182, 183, 190, 192, 193, 194}" 
ref_4.5,C4.4,WcD0D211711071830_02.ce,38,0.17911169874762892,"{1, 2, 3, 4, 5, 6, 7, 8, 9, 10, 11, 12, 13, 14, 15, 57, 58, 61, 79, 80, 96, 97, 111, 112, 114, 116, 117, 127, 128, 131, 132, 135, 136, 137, 178, 179, 181, 183}" 
ref_4.5,C4.4,WcD0D211711071845_02.ce,17,0.16480288644411978,"{8, 13, 17, 18, 19, 69, 101, 102, 154, 155, 168, 169, 172, 173, 174, 175, 176}" 
ref_4.5,C4.5,WcD0C231711071800_04.ce,89,0.21349644861862863,"{1, 2, 3, 6, 7, 8, 9, 10, 11, 14, 15, 16, 17, 18, 21, 22, 37, 38, 39, 40, 41, 60, 61, 62, 63, 64, 65, 66, 67, 69, 70, 71, 72, 73, 78, 79, 80, 81, 88, 89, 90, 91, 92, 96, 97, 99, 100, 101, 102, 103, 104, 116, 119, 129, 130, 131, 132, 133, 134, 145, 147, 148, 149, 152, 155, 156, 157, 158, 159, 160, 161, 162, 163, 167, 168, 169, 170, 171, 173, 174, 175, 176, 177, 178, 179, 183, 184, 185, 186}" 
ref_4.5,C4.5,WcD0C231711071815_04.ce,26,0.18840127709371052,"{5, 7, 14, 23, 42, 49, 80, 94, 96, 104, 105, 106, 108, 109, 113, 114, 118, 142, 143, 144, 174, 182, 183, 192, 193, 194}" 
ref_4.5,C4.5,WcD0C231711071830_04.ce,34,0.18353558613158585,"{1, 2, 3, 4, 5, 6, 7, 8, 9, 10, 11, 12, 13, 14, 15, 57, 61, 79, 80, 96, 97, 111, 112, 115, 117, 127, 131, 132, 135, 136, 137, 178, 181, 183}" 
ref_4.5,C4.5,WcD0C231711071845_04.ce,19,0.16793578578534032,"{20, 25, 29, 30, 31, 38, 49, 70, 81, 114, 166, 167, 170, 181, 184, 185, 186, 187, 188}" 
ref_4.5,C4.4,WcD0D211711071900_02.ce,82,0.19801093913917098,"{1, 2, 3, 4, 5, 9, 10, 11, 12, 13, 14, 15, 18, 19, 27, 37, 38, 39, 40, 41, 42, 45, 66, 67, 68, 69, 70, 71, 72, 73, 80, 81, 82, 83, 84, 85, 87, 88, 89, 90, 92, 93, 96, 98, 99, 100, 103, 105, 108, 111, 112, 113, 114, 115, 116, 117, 118, 126, 131, 132, 133, 134, 135, 156, 157, 162, 163, 164, 165, 166, 167, 180, 181, 182, 183, 185, 188, 189, 190, 191, 192, 193}" 
ref_4.5,C4.4,WcD0D211711071915_02.ce,45,0.22012606634115375,"{10, 18, 19, 20, 21, 22, 23, 24, 25, 26, 27, 28, 29, 30, 31, 32, 33, 34, 35, 36, 42, 44, 46, 47, 48, 49, 54, 55, 56, 59, 76, 87, 89, 90, 91, 105, 108, 119, 124, 128, 139, 143, 144, 155, 174}" 
ref_4.5,C4.4,WcD0D211711071930_02.ce,30,0.20974206474964047,"{7, 8, 20, 27, 28, 38, 39, 55, 70, 71, 72, 75, 79, 87, 95, 143, 144, 145, 146, 148, 150, 151, 152, 153, 154, 157, 158, 190, 192, 193}" 
ref_4.5,C4.4,WcD0D211711071945_02.ce,20,0.20411323447349644,"{4, 5, 23, 42, 44, 47, 75, 80, 95, 101, 111, 113, 116, 120, 121, 122, 127, 160, 165, 188}" 
ref_4.5,C4.5,WcD0C231711071900_04.ce,83,0.2106822892210753,"{1, 2, 3, 4, 5, 9, 10, 11, 12, 13, 14, 15, 18, 19, 27, 37, 38, 39, 40, 41, 42, 45, 66, 67, 68, 69, 70, 71, 72, 73, 80, 81, 82, 83, 84, 85, 87, 88, 89, 90, 92, 93, 96, 98, 99, 100, 103, 105, 106, 108, 111, 112, 113, 114, 115, 116, 117, 118, 126, 131, 132, 133, 134, 135, 156, 157, 162, 163, 164, 165, 166, 167, 180, 181, 182, 183, 185, 188, 189, 190, 191, 192, 193}" 
ref_4.5,C4.5,WcD0C231711071915_04.ce,44,0.23145550160407505,"{8, 18, 19, 20, 21, 22, 23, 24, 25, 26, 27, 28, 29, 30, 31, 32, 33, 34, 35, 36, 42, 46, 47, 49, 51, 54, 55, 56, 59, 76, 87, 89, 90, 105, 108, 124, 128, 131, 139, 143, 144, 155, 174, 187}" 
ref_4.5,C4.5,WcD0C231711071930_04.ce,29,0.2207773308630968,"{7, 15, 27, 38, 39, 55, 71, 72, 75, 79, 87, 89, 95, 143, 144, 145, 146, 147, 148, 150, 151, 152, 153, 154, 157, 163, 190, 192, 193}" 
ref_4.5,C4.5,WcD0C231711071945_04.ce,14,0.20798324084104972,"{5, 20, 24, 42, 44, 80, 95, 101, 111, 116, 120, 121, 127, 146}" 
ref_4.5,C4.4,WcD0D211711072000_02.ce,43,0.2182876481111667,"{1, 2, 3, 5, 12, 22, 24, 31, 35, 36, 37, 38, 39, 40, 43, 66, 68, 81, 84, 85, 86, 87, 88, 89, 90, 91, 92, 93, 94, 102, 110, 117, 147, 148, 149, 155, 160, 161, 162, 170, 182, 191, 192}" 
ref_4.5,C4.4,WcD0D211711072015_02.ce,52,0.22631064654406188,"{16, 17, 39, 40, 41, 43, 44, 45, 46, 48, 49, 50, 52, 53, 55, 56, 57, 58, 61, 62, 63, 67, 68, 69, 76, 81, 83, 84, 85, 86, 87, 91, 92, 95, 116, 117, 120, 129, 130, 131, 136, 147, 148, 153, 154, 161, 166, 167, 168, 170, 171, 189}" 
ref_4.5,C4.4,WcD0D211711072030_02.ce,26,0.18483176228882586,"{4, 6, 11, 12, 13, 23, 24, 26, 28, 29, 30, 61, 82, 84, 99, 103, 152, 155, 158, 159, 161, 162, 165, 169, 179, 185}" 
ref_4.5,C4.4,WcD0D211711072045_02.ce,40,0.20089231782334532,"{2, 11, 13, 14, 17, 18, 21, 33, 40, 51, 71, 75, 76, 80, 86, 87, 88, 89, 92, 93, 101, 102, 104, 110, 117, 121, 122, 126, 140, 147, 151, 152, 153, 154, 155, 156, 157, 158, 159, 165}" 
ref_4.5,C4.5,WcD0C231711072000_04.ce,43,0.21836388360370934,"{1, 2, 3, 5, 12, 22, 24, 29, 30, 31, 33, 35, 36, 37, 38, 39, 40, 43, 66, 68, 81, 84, 85, 86, 87, 88, 89, 90, 92, 93, 94, 102, 110, 117, 147, 148, 149, 155, 162, 182, 190, 191, 192}" 
ref_4.5,C4.5,WcD0C231711072015_04.ce,53,0.2267882112110129,"{1, 39, 40, 41, 43, 44, 45, 46, 48, 49, 50, 52, 53, 55, 56, 57, 58, 62, 63, 65, 67, 68, 69, 80, 81, 83, 84, 85, 86, 87, 91, 92, 93, 96, 97, 116, 117, 120, 129, 130, 131, 136, 147, 148, 153, 154, 161, 166, 167, 168, 170, 171, 174}" 
ref_4.5,C4.5,WcD0C231711072030_04.ce,27,0.1843133742474656,"{4, 6, 11, 12, 13, 23, 24, 26, 28, 29, 61, 82, 84, 99, 103, 152, 155, 158, 159, 161, 162, 165, 167, 169, 176, 179, 185}" 
ref_4.5,C4.5,WcD0C231711072045_04.ce,37,0.20245416162502977,"{2, 11, 13, 14, 17, 18, 21, 40, 51, 71, 75, 76, 86, 87, 88, 89, 91, 92, 93, 104, 110, 117, 121, 122, 126, 140, 147, 151, 152, 153, 154, 156, 157, 158, 159, 165, 170}" 
ref_4.5,C4.4,WcD0D211711072100_02.ce,40,0.21823071223696783,"{1, 2, 3, 4, 24, 25, 26, 27, 29, 33, 37, 38, 39, 41, 43, 44, 45, 46, 51, 53, 64, 84, 91, 95, 102, 103, 113, 118, 125, 126, 134, 140, 145, 155, 156, 179, 180, 186, 187, 190}" 
ref_4.5,C4.4,WcD0D211711072115_02.ce,24,0.20961811637673652,"{4, 10, 11, 33, 34, 39, 40, 43, 48, 61, 62, 68, 71, 72, 73, 74, 76, 78, 93, 94, 107, 115, 121, 139}" 
ref_4.5,C4.4,WcD0D211711072130_02.ce,8,0.16336540004807137,"{23, 95, 105, 106, 120, 121, 122, 123}" 
ref_4.5,C4.4,WcD0D211711072145_02.ce,11,0.16766119124188517,"{22, 26, 27, 28, 32, 109, 110, 111, 124, 128, 175}" 
ref_4.5,C4.5,WcD0C231711072100_04.ce,41,0.21714223759528672,"{1, 2, 3, 4, 24, 25, 26, 27, 33, 37, 38, 39, 41, 43, 44, 45, 46, 51, 64, 76, 84, 91, 95, 102, 103, 104, 113, 118, 125, 126, 137, 140, 145, 155, 156, 164, 179, 180, 186, 187, 190}" 
ref_4.5,C4.5,WcD0C231711072115_04.ce,24,0.20912618104941968,"{4, 10, 34, 39, 40, 43, 48, 61, 62, 68, 69, 71, 72, 73, 74, 76, 93, 94, 107, 115, 120, 121, 139, 177}" 
ref_4.5,C4.5,WcD0C231711072130_04.ce,9,0.1650178314096396,"{23, 95, 105, 106, 120, 121, 122, 123, 167}" 
ref_4.5,C4.5,WcD0C231711072145_04.ce,9,0.16958166941949057,"{22, 26, 27, 32, 109, 110, 124, 128, 175}" 
ref_4.5,C4.4,WcD0D211711072200_02.ce,86,0.22486030781169408,"{1, 2, 3, 18, 19, 20, 27, 28, 29, 30, 31, 32, 33, 51, 53, 54, 55, 58, 69, 70, 71, 73, 75, 77, 79, 80, 81, 82, 86, 87, 88, 92, 93, 94, 95, 96, 97, 98, 99, 100, 104, 105, 116, 117, 118, 119, 122, 123, 124, 136, 137, 139, 144, 145, 146, 148, 149, 150, 151, 152, 153, 154, 155, 156, 157, 158, 159, 166, 167, 168, 169, 170, 171, 172, 173, 174, 175, 176, 177, 178, 179, 180, 181, 182, 183, 184}" 
ref_4.5,C4.4,WcD0D211711072215_02.ce,66,0.1971556527661497,"{3, 8, 15, 17, 27, 30, 38, 39, 40, 41, 42, 43, 44, 45, 46, 47, 48, 85, 87, 88, 89, 90, 91, 92, 94, 98, 99, 100, 101, 102, 103, 108, 109, 118, 123, 124, 125, 126, 127, 128, 129, 130, 131, 132, 155, 158, 161, 170, 171, 172, 173, 175, 176, 181, 182, 183, 184, 185, 186, 187, 188, 189, 190, 191, 192, 193}" 
ref_4.5,C4.4,WcD0D211711072230_02.ce,36,0.17402253457853756,"{1, 2, 3, 4, 5, 6, 7, 9, 10, 14, 17, 18, 45, 46, 96, 97, 98, 99, 100, 101, 102, 103, 123, 124, 164, 174, 175, 177, 183, 184, 185, 190, 191, 192, 193, 194}" 
ref_4.5,C4.4,WcD0D211711072245_02.ce,21,0.15792071718592662,"{1, 28, 57, 60, 61, 76, 82, 92, 93, 94, 95, 96, 97, 98, 99, 144, 160, 164, 171, 186, 187}" 
ref_4.5,C4.5,WcD0C231711072200_04.ce,86,0.22475719251418366,"{1, 2, 3, 18, 19, 20, 24, 27, 28, 29, 30, 31, 32, 33, 51, 52, 53, 54, 55, 60, 65, 69, 71, 73, 77, 80, 82, 86, 87, 88, 89, 90, 92, 93, 94, 95, 96, 97, 98, 99, 100, 104, 105, 116, 117, 118, 122, 123, 136, 137, 139, 143, 144, 145, 146, 148, 149, 150, 151, 152, 153, 154, 155, 156, 157, 158, 159, 166, 167, 168, 169, 170, 171, 172, 173, 174, 175, 176, 177, 178, 179, 180, 181, 182, 183, 184}" 
ref_4.5,C4.5,WcD0C231711072215_04.ce,65,0.19747932099468912,"{3, 8, 15, 17, 27, 38, 39, 40, 41, 42, 43, 44, 45, 46, 47, 48, 85, 88, 89, 90, 91, 92, 94, 98, 99, 100, 101, 102, 103, 107, 108, 109, 112, 123, 124, 125, 126, 127, 128, 129, 130, 131, 132, 155, 161, 170, 171, 172, 173, 174, 175, 176, 181, 182, 183, 184, 185, 186, 187, 188, 189, 190, 191, 192, 193}" 
ref_4.5,C4.5,WcD0C231711072230_04.ce,37,0.1723764932657766,"{1, 2, 3, 4, 5, 6, 7, 9, 10, 14, 17, 18, 45, 46, 68, 96, 97, 98, 99, 100, 101, 102, 103, 123, 124, 141, 173, 174, 175, 176, 183, 184, 190, 191, 192, 193, 194}" 
ref_4.5,C4.5,WcD0C231711072245_04.ce,21,0.15833627517443175,"{1, 27, 28, 38, 61, 62, 82, 93, 94, 95, 96, 97, 98, 99, 144, 145, 160, 164, 171, 186, 187}" 
ref_4.5,C4.4,WcD0D211711072300_02.ce,33,0.16532581690263665,"{3, 4, 7, 12, 29, 32, 33, 34, 52, 56, 57, 61, 66, 70, 71, 90, 92, 97, 98, 99, 100, 101, 102, 103, 104, 149, 162, 163, 164, 165, 166, 167, 170}" 
ref_4.5,C4.4,WcD0D211711072315_02.ce,29,0.16741933077941729,"{21, 22, 23, 24, 35, 36, 37, 69, 70, 71, 72, 73, 74, 75, 76, 130, 131, 132, 133, 134, 148, 149, 150, 151, 159, 168, 171, 172, 173}" 
ref_4.5,C4.4,WcD0D211711072330_02.ce,22,0.14282897987360474,"{6, 20, 21, 22, 23, 24, 25, 47, 63, 88, 89, 92, 103, 104, 140, 141, 142, 143, 144, 145, 146, 189}" 
ref_4.5,C4.4,WcD0D211711072345_02.ce,16,0.147035314147714,"{67, 68, 69, 70, 71, 72, 96, 97, 144, 151, 155, 156, 157, 158, 189, 190}" 
ref_4.5,C4.5,WcD0C231711072300_04.ce,30,0.1681316594114082,"{3, 4, 7, 9, 29, 32, 33, 34, 56, 57, 61, 70, 71, 92, 97, 98, 99, 100, 101, 102, 103, 162, 163, 164, 165, 166, 167, 170, 175, 176}" 
ref_4.5,C4.5,WcD0C231711072315_04.ce,32,0.16596880455720178,"{20, 21, 22, 23, 34, 35, 36, 68, 69, 70, 71, 72, 73, 74, 75, 129, 130, 131, 132, 133, 147, 148, 149, 150, 158, 162, 167, 170, 171, 172, 175, 187}" 
ref_4.5,C4.5,WcD0C231711072330_04.ce,22,0.14259821528656286,"{6, 20, 21, 22, 23, 24, 25, 47, 63, 88, 89, 92, 103, 104, 136, 140, 141, 142, 143, 144, 145, 146}" 
ref_4.5,C4.5,WcD0C231711072345_04.ce,15,0.14756908371246272,"{67, 68, 69, 70, 71, 72, 96, 97, 144, 155, 156, 157, 158, 189, 190}" 
