ref_4.5,C4.4,WcD0D211711070000_02.ce,73,0.20708061752647075,"{1, 2, 3, 4, 6, 8, 9, 10, 11, 12, 18, 19, 27, 28, 29, 30, 31, 35, 38, 52, 56, 60, 61, 62, 63, 70, 72, 73, 74, 75, 76, 77, 78, 81, 83, 84, 86, 87, 88, 89, 90, 91, 92, 93, 94, 95, 101, 104, 108, 109, 120, 122, 123, 124, 125, 126, 127, 128, 129, 130, 131, 132, 133, 156, 157, 158, 159, 160, 161, 162, 190, 191, 192}" 
ref_4.5,C4.4,WcD0D211711070015_02.ce,79,0.19671813545522882,"{1, 2, 3, 10, 11, 12, 13, 15, 16, 17, 24, 25, 26, 27, 28, 29, 30, 31, 36, 53, 54, 55, 56, 57, 58, 59, 60, 72, 76, 77, 78, 79, 80, 91, 92, 93, 102, 103, 104, 108, 109, 110, 111, 113, 114, 115, 116, 117, 124, 125, 126, 127, 128, 129, 130, 131, 132, 133, 134, 135, 136, 137, 138, 139, 154, 155, 156, 157, 158, 168, 171, 172, 173, 174, 175, 176, 177, 178, 192}" 
ref_4.5,C4.4,WcD0D211711070030_02.ce,69,0.2070268323624079,"{1, 2, 3, 6, 7, 8, 9, 10, 11, 12, 13, 14, 16, 17, 18, 35, 36, 37, 38, 39, 41, 54, 55, 69, 70, 71, 72, 73, 75, 76, 77, 80, 81, 85, 86, 87, 88, 94, 95, 97, 100, 102, 106, 107, 117, 118, 119, 120, 122, 128, 129, 130, 138, 139, 141, 142, 143, 148, 151, 161, 163, 176, 181, 182, 189, 190, 191, 192, 194}" 
ref_4.5,C4.4,WcD0D211711070045_02.ce,62,0.20941728428077439,"{1, 2, 7, 8, 9, 12, 13, 24, 25, 26, 27, 28, 29, 30, 31, 32, 33, 46, 53, 54, 60, 67, 68, 69, 70, 71, 72, 73, 74, 75, 76, 77, 78, 79, 93, 96, 97, 103, 104, 105, 106, 110, 125, 129, 139, 143, 144, 145, 146, 147, 160, 166, 167, 168, 169, 170, 176, 177, 178, 191, 192, 193}" 
ref_4.5,C4.5,WcD0C231711070000_04.ce,68,0.20860961796181432,"{1, 2, 3, 4, 5, 6, 8, 9, 11, 12, 13, 18, 19, 21, 27, 28, 29, 30, 31, 35, 44, 52, 60, 61, 62, 63, 74, 75, 76, 78, 81, 86, 87, 88, 89, 90, 91, 92, 93, 94, 95, 104, 108, 109, 112, 122, 123, 124, 125, 126, 127, 128, 129, 130, 131, 132, 133, 156, 157, 158, 159, 160, 161, 162, 189, 191, 192, 193}" 
ref_4.5,C4.5,WcD0C231711070015_04.ce,82,0.193424858635793,"{1, 2, 3, 10, 11, 12, 13, 15, 16, 17, 24, 25, 26, 27, 28, 29, 30, 31, 36, 53, 54, 55, 56, 57, 58, 59, 60, 72, 76, 77, 78, 79, 80, 81, 88, 91, 92, 93, 102, 103, 104, 108, 109, 110, 111, 112, 114, 115, 116, 117, 118, 125, 126, 127, 128, 129, 130, 131, 132, 133, 134, 135, 136, 137, 138, 139, 154, 155, 156, 157, 158, 168, 171, 172, 173, 174, 175, 176, 177, 178, 183, 185}" 
ref_4.5,C4.5,WcD0C231711070030_04.ce,72,0.20328337810721753,"{1, 5, 6, 7, 8, 9, 10, 11, 12, 13, 14, 15, 16, 17, 34, 35, 36, 37, 38, 40, 54, 68, 69, 70, 71, 72, 75, 76, 79, 80, 82, 84, 85, 86, 87, 93, 94, 96, 97, 99, 100, 101, 103, 105, 106, 107, 117, 118, 119, 120, 127, 128, 129, 130, 138, 140, 141, 142, 147, 160, 161, 162, 175, 176, 179, 181, 186, 189, 190, 191, 192, 193}" 
ref_4.5,C4.5,WcD0C231711070045_04.ce,68,0.20338130534231616,"{1, 2, 7, 8, 9, 12, 13, 24, 25, 26, 27, 28, 29, 30, 31, 32, 33, 35, 46, 53, 54, 60, 67, 68, 69, 70, 71, 72, 73, 74, 75, 76, 77, 78, 79, 80, 93, 94, 96, 97, 104, 105, 106, 107, 111, 113, 114, 115, 124, 137, 141, 142, 144, 145, 146, 147, 160, 166, 167, 168, 169, 170, 177, 178, 191, 192, 193, 194}" 
ref_4.5,C4.4,WcD0D211711070100_02.ce,54,0.18743806397747123,"{1, 2, 3, 4, 5, 6, 7, 8, 20, 25, 26, 27, 28, 29, 38, 39, 43, 53, 54, 55, 56, 62, 64, 65, 68, 69, 70, 73, 79, 80, 81, 83, 87, 94, 105, 106, 107, 108, 109, 119, 120, 140, 141, 142, 143, 150, 151, 152, 153, 154, 164, 169, 170, 171}" 
ref_4.5,C4.4,WcD0D211711070115_02.ce,40,0.19780903269723096,"{7, 8, 52, 53, 67, 68, 77, 78, 79, 80, 92, 98, 101, 102, 105, 112, 114, 116, 119, 121, 126, 135, 139, 144, 145, 146, 147, 151, 156, 159, 170, 171, 178, 179, 180, 181, 182, 187, 188, 192}" 
ref_4.5,C4.4,WcD0D211711070130_02.ce,46,0.19776367302907064,"{9, 11, 12, 32, 33, 34, 50, 51, 52, 53, 54, 56, 57, 58, 59, 60, 61, 94, 97, 98, 106, 107, 108, 109, 110, 139, 140, 141, 142, 143, 144, 151, 152, 163, 177, 178, 179, 180, 181, 182, 183, 184, 185, 186, 187, 188}" 
ref_4.5,C4.4,WcD0D211711070145_02.ce,23,0.19068344828993616,"{28, 29, 30, 31, 43, 51, 66, 67, 68, 70, 74, 76, 77, 116, 118, 119, 132, 134, 143, 149, 156, 163, 165}" 
ref_4.5,C4.5,WcD0C231711070100_04.ce,49,0.1899363040033404,"{1, 2, 3, 4, 5, 6, 7, 19, 24, 25, 26, 27, 28, 37, 38, 55, 63, 64, 67, 68, 69, 73, 78, 79, 80, 82, 86, 93, 104, 105, 106, 107, 108, 118, 119, 139, 140, 141, 142, 143, 149, 150, 151, 152, 153, 168, 169, 170, 190}" 
ref_4.5,C4.5,WcD0C231711070115_04.ce,40,0.1992768929149181,"{5, 7, 38, 39, 51, 52, 67, 74, 76, 77, 78, 79, 100, 104, 111, 113, 115, 118, 125, 134, 138, 139, 143, 144, 145, 146, 150, 156, 159, 169, 170, 177, 178, 179, 180, 181, 182, 186, 187, 191}" 
ref_4.5,C4.5,WcD0C231711070130_04.ce,46,0.1984780402909835,"{10, 11, 29, 32, 33, 34, 50, 52, 53, 54, 56, 57, 58, 59, 60, 61, 94, 97, 98, 106, 107, 108, 109, 110, 140, 141, 142, 143, 144, 150, 151, 152, 165, 177, 178, 179, 180, 181, 182, 183, 184, 185, 186, 187, 188, 189}" 
ref_4.5,C4.5,WcD0C231711070145_04.ce,28,0.19096122497531642,"{27, 28, 29, 30, 38, 42, 50, 65, 66, 67, 74, 75, 76, 77, 100, 115, 117, 118, 132, 133, 138, 145, 146, 148, 153, 155, 156, 163}" 
ref_4.5,C4.4,WcD0D211711070200_02.ce,31,0.16908290629351172,"{1, 2, 3, 4, 5, 12, 13, 14, 24, 27, 33, 41, 84, 85, 86, 87, 119, 131, 139, 141, 144, 180, 182, 183, 188, 189, 190, 191, 192, 193, 194}" 
ref_4.5,C4.4,WcD0D211711070215_02.ce,57,0.19284999367270886,"{1, 2, 3, 4, 5, 6, 7, 8, 9, 13, 14, 15, 16, 17, 18, 19, 20, 21, 22, 23, 24, 32, 34, 35, 37, 38, 39, 40, 41, 42, 43, 50, 51, 52, 53, 54, 55, 56, 58, 68, 69, 76, 79, 100, 101, 112, 113, 122, 127, 139, 140, 148, 152, 153, 155, 156, 157}" 
ref_4.5,C4.4,WcD0D211711070230_02.ce,55,0.1710429590523982,"{18, 19, 22, 23, 39, 83, 84, 85, 86, 87, 88, 89, 90, 94, 98, 99, 100, 104, 107, 108, 109, 110, 111, 115, 116, 117, 119, 124, 125, 127, 130, 131, 133, 135, 138, 144, 148, 149, 151, 154, 155, 158, 161, 163, 164, 165, 167, 168, 169, 170, 174, 178, 184, 185, 186}" 
ref_4.5,C4.4,WcD0D211711070245_02.ce,14,0.16488416444197276,"{30, 31, 32, 36, 91, 92, 99, 103, 134, 135, 145, 146, 149, 150}" 
ref_4.5,C4.5,WcD0C231711070200_04.ce,33,0.16661256110956618,"{1, 2, 3, 4, 5, 12, 13, 23, 26, 32, 40, 83, 84, 85, 86, 96, 118, 130, 138, 140, 143, 144, 179, 181, 182, 185, 187, 188, 189, 190, 191, 192, 193}" 
ref_4.5,C4.5,WcD0C231711070215_04.ce,62,0.19046501685788014,"{1, 2, 4, 5, 6, 7, 8, 9, 13, 14, 15, 16, 17, 18, 19, 20, 21, 22, 23, 24, 32, 33, 34, 35, 36, 37, 38, 39, 40, 41, 42, 43, 45, 46, 51, 52, 53, 54, 55, 58, 68, 69, 76, 79, 87, 100, 101, 112, 113, 117, 122, 127, 136, 140, 145, 148, 152, 153, 154, 155, 156, 157}" 
ref_4.5,C4.5,WcD0C231711070230_04.ce,45,0.18265991017023261,"{17, 22, 82, 83, 84, 85, 86, 87, 88, 89, 97, 98, 99, 102, 104, 106, 107, 108, 110, 113, 114, 116, 123, 126, 129, 130, 131, 135, 147, 148, 153, 154, 157, 162, 163, 164, 165, 166, 168, 173, 176, 180, 182, 184, 185}" 
ref_4.5,C4.5,WcD0C231711070245_04.ce,16,0.16450080014501695,"{134, 135, 145, 148, 149, 150, 29, 30, 31, 32, 73, 90, 91, 98, 102, 113}" 
ref_4.5,C4.4,WcD0D211711070300_02.ce,68,0.20475221704737376,"{1, 2, 3, 4, 5, 12, 13, 14, 23, 26, 28, 30, 35, 40, 41, 42, 43, 44, 47, 50, 63, 85, 94, 96, 97, 98, 99, 100, 101, 119, 123, 124, 125, 126, 128, 133, 145, 146, 147, 148, 149, 150, 152, 153, 154, 155, 156, 165, 166, 167, 168, 169, 170, 178, 179, 180, 182, 183, 184, 185, 186, 187, 188, 189, 190, 191, 192, 193}" 
ref_4.5,C4.4,WcD0D211711070315_02.ce,55,0.16151607772092885,"{1, 2, 10, 11, 12, 13, 23, 24, 37, 38, 39, 40, 41, 42, 43, 48, 49, 80, 81, 82, 83, 84, 85, 86, 88, 89, 90, 91, 92, 93, 96, 100, 101, 102, 103, 104, 108, 111, 112, 113, 114, 121, 122, 123, 124, 125, 129, 130, 131, 132, 161, 162, 174, 176, 178}" 
ref_4.5,C4.4,WcD0D211711070330_02.ce,42,0.20051995603621078,"{5, 6, 7, 8, 9, 10, 12, 25, 27, 37, 38, 69, 96, 101, 115, 120, 128, 133, 137, 138, 139, 140, 141, 142, 143, 144, 145, 146, 147, 148, 152, 158, 159, 169, 171, 172, 173, 174, 184, 185, 186, 192}" 
ref_4.5,C4.4,WcD0D211711070345_02.ce,42,0.18487692434070932,"{10, 11, 19, 26, 27, 28, 29, 30, 31, 32, 33, 34, 44, 45, 46, 47, 51, 56, 57, 58, 59, 60, 74, 75, 76, 77, 78, 79, 80, 81, 82, 89, 98, 106, 108, 110, 114, 152, 183, 191, 192, 193}" 
ref_4.5,C4.5,WcD0C231711070300_04.ce,68,0.2001556557817205,"{1, 2, 3, 4, 5, 12, 13, 14, 24, 26, 28, 31, 40, 41, 42, 43, 44, 45, 47, 50, 63, 94, 96, 97, 98, 99, 100, 101, 123, 124, 125, 126, 128, 133, 134, 140, 145, 146, 147, 148, 149, 150, 152, 153, 154, 155, 156, 165, 166, 167, 168, 169, 170, 178, 179, 180, 181, 182, 183, 185, 186, 187, 188, 189, 190, 191, 193, 194}" 
ref_4.5,C4.5,WcD0C231711070315_04.ce,56,0.1603257915217313,"{1, 10, 11, 12, 22, 23, 36, 37, 38, 39, 40, 41, 42, 47, 48, 79, 80, 81, 82, 83, 84, 85, 87, 88, 89, 90, 91, 92, 95, 99, 100, 101, 102, 103, 107, 110, 111, 112, 113, 120, 121, 122, 123, 124, 128, 129, 130, 131, 132, 160, 161, 162, 173, 174, 175, 177}" 
ref_4.5,C4.5,WcD0C231711070330_04.ce,45,0.1989021282624556,"{2, 5, 6, 7, 8, 9, 10, 12, 13, 18, 25, 28, 36, 44, 79, 96, 102, 111, 115, 120, 128, 133, 138, 139, 141, 142, 143, 144, 145, 146, 147, 148, 149, 152, 153, 159, 169, 170, 171, 172, 173, 174, 185, 186, 192}" 
ref_4.5,C4.5,WcD0C231711070345_04.ce,43,0.18522594183334268,"{10, 11, 25, 26, 27, 28, 29, 30, 31, 32, 33, 34, 44, 45, 46, 47, 51, 56, 57, 58, 59, 60, 75, 76, 77, 78, 79, 80, 81, 82, 90, 97, 107, 108, 109, 110, 152, 153, 183, 191, 192, 193, 194}" 
ref_4.5,C4.4,WcD0D211711070400_02.ce,53,0.1915153967705779,"{1, 2, 3, 4, 5, 7, 9, 10, 11, 26, 29, 30, 33, 35, 43, 44, 45, 46, 47, 48, 75, 82, 84, 86, 98, 99, 103, 106, 118, 119, 123, 127, 136, 161, 174, 175, 176, 177, 178, 179, 181, 182, 183, 184, 185, 186, 187, 189, 190, 191, 192, 193, 194}" 
ref_4.5,C4.4,WcD0D211711070415_02.ce,30,0.14635815690550297,"{2, 3, 6, 7, 8, 9, 10, 11, 12, 13, 14, 15, 24, 42, 47, 48, 49, 50, 59, 60, 63, 67, 90, 102, 104, 106, 107, 143, 178, 191}" 
ref_4.5,C4.4,WcD0D211711070430_02.ce,62,0.20350628087044595,"{2, 13, 14, 16, 19, 20, 21, 22, 27, 28, 29, 33, 37, 38, 42, 55, 56, 57, 58, 59, 60, 61, 62, 63, 64, 65, 66, 67, 68, 71, 72, 80, 82, 83, 84, 85, 86, 89, 90, 93, 94, 95, 96, 97, 106, 107, 121, 122, 125, 127, 128, 129, 150, 151, 152, 153, 154, 155, 156, 190, 191, 192}" 
ref_4.5,C4.4,WcD0D211711070445_02.ce,30,0.16082451128628672,"{1, 2, 3, 4, 5, 6, 7, 8, 43, 44, 46, 57, 76, 88, 89, 90, 91, 98, 99, 113, 114, 115, 116, 117, 118, 159, 187, 189, 190, 192}" 
ref_4.5,C4.5,WcD0C231711070400_04.ce,48,0.19623255563634728,"{1, 2, 3, 4, 5, 8, 9, 10, 25, 28, 29, 33, 34, 38, 42, 43, 47, 74, 82, 83, 98, 101, 117, 118, 122, 123, 126, 135, 160, 173, 174, 175, 176, 177, 178, 180, 181, 182, 183, 184, 185, 186, 188, 189, 190, 191, 192, 193}" 
ref_4.5,C4.5,WcD0C231711070415_04.ce,27,0.152477955492346,"{2, 3, 6, 7, 8, 9, 10, 11, 12, 13, 14, 15, 16, 24, 40, 47, 48, 49, 50, 51, 62, 102, 104, 106, 107, 143, 191}" 
ref_4.5,C4.5,WcD0C231711070430_04.ce,57,0.2082874879163393,"{13, 16, 18, 19, 20, 21, 27, 28, 32, 36, 37, 41, 55, 56, 57, 58, 59, 60, 61, 62, 63, 64, 65, 66, 67, 70, 71, 74, 80, 82, 83, 85, 88, 89, 92, 93, 94, 95, 96, 106, 120, 121, 126, 127, 128, 134, 150, 151, 152, 153, 154, 155, 181, 190, 191, 192, 193}" 
ref_4.5,C4.5,WcD0C231711070445_04.ce,28,0.16401021062599772,"{1, 2, 3, 4, 5, 6, 7, 43, 44, 45, 75, 87, 88, 89, 90, 98, 99, 112, 113, 114, 115, 116, 117, 158, 164, 181, 189, 191}" 
ref_4.5,C4.4,WcD0D211711070500_02.ce,57,0.2121246847405519,"{1, 2, 3, 8, 9, 14, 18, 23, 28, 29, 30, 31, 37, 49, 52, 53, 54, 56, 57, 58, 59, 60, 61, 62, 65, 67, 74, 75, 76, 77, 79, 80, 81, 84, 85, 88, 89, 90, 91, 101, 116, 120, 123, 124, 125, 126, 128, 132, 148, 168, 169, 170, 171, 172, 173, 179, 193}" 
ref_4.5,C4.4,WcD0D211711070515_02.ce,40,0.14418253004276188,"{15, 16, 17, 18, 20, 21, 22, 23, 24, 25, 26, 32, 33, 34, 44, 50, 51, 52, 55, 62, 63, 64, 65, 66, 67, 68, 69, 104, 107, 137, 138, 139, 140, 141, 146, 174, 175, 176, 177, 189}" 
ref_4.5,C4.4,WcD0D211711070530_02.ce,48,0.20972281483233518,"{7, 14, 17, 19, 20, 21, 22, 27, 28, 29, 33, 37, 38, 42, 43, 71, 72, 73, 74, 75, 76, 77, 78, 79, 80, 82, 83, 86, 102, 109, 110, 128, 129, 142, 143, 144, 148, 165, 167, 174, 182, 183, 184, 185, 186, 187, 189, 194}" 
ref_4.5,C4.4,WcD0D211711070545_02.ce,26,0.1527998908523937,"{1, 2, 3, 4, 8, 11, 14, 15, 19, 60, 61, 62, 95, 105, 106, 107, 108, 115, 116, 129, 130, 131, 152, 153, 158, 170}" 
ref_4.5,C4.5,WcD0C231711070500_04.ce,63,0.20632878810932684,"{1, 2, 3, 9, 10, 14, 18, 19, 23, 24, 28, 29, 30, 31, 32, 37, 38, 40, 49, 50, 52, 53, 54, 56, 57, 58, 59, 60, 61, 62, 63, 65, 67, 72, 75, 76, 77, 78, 79, 80, 81, 82, 84, 85, 89, 90, 91, 102, 116, 117, 120, 123, 124, 126, 127, 128, 132, 168, 169, 170, 171, 172, 173}" 
ref_4.5,C4.5,WcD0C231711070515_04.ce,40,0.14140092860999517,"{6, 15, 16, 18, 19, 20, 21, 22, 23, 24, 25, 26, 31, 32, 33, 43, 49, 50, 51, 54, 60, 61, 62, 63, 64, 65, 66, 67, 68, 106, 136, 138, 139, 140, 144, 173, 174, 175, 176, 188}" 
ref_4.5,C4.5,WcD0C231711070530_04.ce,51,0.20854385968066938,"{6, 13, 15, 16, 19, 20, 21, 27, 28, 32, 33, 37, 41, 42, 70, 71, 72, 73, 74, 75, 76, 77, 78, 79, 81, 82, 88, 101, 109, 110, 115, 127, 128, 141, 142, 143, 147, 165, 166, 168, 173, 175, 176, 181, 182, 183, 184, 185, 186, 188, 193}" 
ref_4.5,C4.5,WcD0C231711070545_04.ce,24,0.15386746169649088,"{1, 2, 3, 4, 8, 11, 12, 14, 15, 62, 63, 95, 105, 106, 107, 108, 115, 116, 129, 130, 131, 152, 153, 170}" 
ref_4.5,C4.4,WcD0D211711070600_02.ce,46,0.22311313147014353,"{1, 2, 3, 4, 6, 19, 22, 25, 27, 28, 29, 30, 36, 37, 41, 45, 46, 50, 51, 58, 59, 60, 61, 62, 65, 66, 67, 72, 74, 75, 77, 78, 84, 94, 111, 112, 113, 130, 132, 133, 159, 168, 169, 170, 180, 185}" 
ref_4.5,C4.4,WcD0D211711070615_02.ce,41,0.18871561257119268,"{8, 15, 16, 29, 43, 45, 57, 58, 59, 60, 61, 64, 68, 69, 70, 71, 72, 81, 96, 100, 101, 102, 103, 104, 105, 106, 107, 108, 109, 110, 145, 146, 148, 149, 150, 151, 156, 183, 184, 185, 186}" 
ref_4.5,C4.4,WcD0D211711070630_02.ce,40,0.2126048962739504,"{11, 14, 24, 25, 27, 30, 31, 32, 38, 39, 40, 44, 48, 53, 58, 63, 73, 86, 87, 88, 89, 90, 91, 93, 98, 99, 100, 101, 116, 117, 118, 122, 149, 159, 164, 168, 170, 171, 172, 173}" 
ref_4.5,C4.4,WcD0D211711070645_02.ce,25,0.16863432479009421,"{1, 2, 11, 12, 26, 27, 30, 33, 34, 35, 36, 37, 40, 41, 81, 82, 95, 115, 116, 118, 119, 127, 128, 142, 143}" 
ref_4.5,C4.5,WcD0C231711070600_04.ce,45,0.2210709652167455,"{1, 2, 3, 4, 6, 12, 13, 18, 22, 23, 24, 26, 27, 28, 29, 35, 36, 41, 45, 49, 50, 58, 59, 60, 61, 66, 73, 74, 76, 77, 80, 83, 90, 93, 110, 111, 112, 131, 132, 167, 168, 169, 184, 185, 188}" 
ref_4.5,C4.5,WcD0C231711070615_04.ce,43,0.1852111133999032,"{14, 15, 33, 52, 56, 57, 58, 59, 60, 61, 63, 64, 67, 68, 69, 70, 71, 80, 81, 95, 96, 99, 100, 101, 102, 103, 104, 105, 106, 107, 108, 109, 144, 145, 147, 149, 150, 152, 155, 183, 184, 185, 186}" 
ref_4.5,C4.5,WcD0C231711070630_04.ce,43,0.21533493423513758,"{11, 14, 24, 25, 28, 30, 31, 32, 33, 38, 39, 40, 44, 48, 49, 53, 73, 86, 87, 88, 89, 90, 91, 92, 93, 99, 100, 101, 111, 116, 117, 118, 122, 134, 148, 149, 164, 167, 168, 170, 172, 173, 194}" 
ref_4.5,C4.5,WcD0C231711070645_04.ce,23,0.16468809941758045,"{1, 10, 29, 32, 33, 34, 35, 36, 39, 40, 80, 81, 82, 114, 115, 118, 119, 126, 127, 140, 141, 142, 184}" 
ref_4.5,C4.4,WcD0D211711070700_02.ce,57,0.23032900655069286,"{1, 2, 8, 9, 14, 16, 21, 23, 24, 26, 27, 35, 36, 37, 38, 43, 44, 45, 49, 57, 58, 62, 71, 74, 75, 76, 77, 78, 79, 80, 85, 94, 95, 96, 113, 116, 135, 136, 137, 138, 144, 145, 146, 147, 148, 150, 151, 154, 155, 156, 157, 167, 182, 186, 187, 188, 189}" 
ref_4.5,C4.4,WcD0D211711070715_02.ce,37,0.17340774426267283,"{11, 15, 47, 48, 49, 50, 51, 52, 53, 63, 88, 91, 92, 93, 94, 96, 97, 117, 126, 127, 128, 130, 142, 153, 154, 158, 159, 166, 169, 170, 171, 182, 185, 187, 188, 189, 190}" 
ref_4.5,C4.4,WcD0D211711070730_02.ce,55,0.21396164224875613,"{2, 3, 4, 5, 6, 7, 11, 12, 15, 22, 30, 31, 32, 33, 34, 35, 36, 37, 38, 39, 40, 41, 42, 43, 44, 45, 46, 47, 48, 56, 65, 66, 67, 77, 80, 82, 83, 84, 88, 101, 118, 126, 138, 139, 142, 143, 148, 151, 153, 154, 158, 163, 169, 170, 182}" 
ref_4.5,C4.4,WcD0D211711070745_02.ce,16,0.18057861085577392,"{1, 2, 11, 30, 32, 33, 37, 84, 105, 139, 151, 176, 190, 191, 192, 193}" 
ref_4.5,C4.5,WcD0C231711070700_04.ce,64,0.22312482820744567,"{1, 2, 8, 9, 16, 17, 19, 21, 22, 23, 24, 26, 27, 35, 36, 37, 38, 44, 45, 49, 57, 58, 59, 60, 62, 69, 74, 75, 76, 77, 78, 79, 80, 81, 85, 94, 95, 96, 114, 116, 135, 136, 137, 138, 139, 144, 145, 146, 147, 148, 150, 151, 154, 155, 156, 157, 158, 168, 182, 183, 187, 188, 189, 190}" 
ref_4.5,C4.5,WcD0C231711070715_04.ce,37,0.17260906781807436,"{11, 22, 29, 34, 48, 49, 50, 51, 52, 53, 88, 89, 91, 92, 93, 94, 95, 97, 118, 126, 127, 128, 130, 142, 153, 158, 159, 169, 170, 182, 183, 184, 185, 187, 188, 189, 190}" 
ref_4.5,C4.5,WcD0C231711070730_04.ce,50,0.21747243994949567,"{2, 3, 4, 5, 6, 11, 14, 15, 22, 29, 30, 31, 32, 33, 34, 35, 36, 37, 38, 39, 40, 41, 42, 43, 44, 45, 46, 47, 53, 64, 65, 66, 76, 81, 82, 83, 84, 87, 94, 118, 121, 124, 137, 140, 142, 144, 153, 157, 169, 170}" 
ref_4.5,C4.5,WcD0C231711070745_04.ce,16,0.18131036210416265,"{1, 2, 11, 32, 33, 38, 84, 100, 108, 117, 156, 161, 191, 192, 193, 194}" 
ref_4.5,C4.4,WcD0D211711070800_02.ce,67,0.2231170272720866,"{1, 2, 3, 4, 7, 9, 10, 11, 12, 13, 15, 16, 17, 18, 19, 25, 29, 30, 31, 32, 33, 34, 42, 46, 47, 48, 49, 50, 51, 52, 53, 54, 55, 56, 57, 58, 59, 60, 61, 62, 63, 64, 65, 66, 67, 69, 71, 72, 86, 90, 100, 101, 102, 106, 107, 108, 109, 110, 111, 112, 126, 127, 128, 133, 155, 165, 191}" 
ref_4.5,C4.4,WcD0D211711070815_02.ce,51,0.2112410463836627,"{3, 25, 26, 27, 28, 29, 32, 34, 35, 36, 37, 38, 39, 40, 41, 42, 43, 44, 60, 62, 79, 80, 85, 102, 109, 110, 113, 114, 115, 116, 117, 123, 125, 127, 128, 130, 147, 150, 152, 157, 159, 163, 164, 166, 167, 172, 173, 182, 183, 190, 191}" 
ref_4.5,C4.4,WcD0D211711070830_02.ce,16,0.12188942780113095,"{16, 17, 18, 19, 20, 21, 22, 85, 100, 137, 138, 139, 140, 141, 142, 159}" 
ref_4.5,C4.4,WcD0D211711070845_02.ce,11,0.12307044331854239,"{32, 63, 64, 65, 67, 92, 93, 153, 154, 185, 186}" 
ref_4.5,C4.5,WcD0C231711070800_04.ce,70,0.220852097561533,"{1, 2, 3, 4, 8, 9, 10, 11, 12, 14, 15, 16, 17, 18, 19, 24, 28, 29, 30, 31, 32, 33, 37, 41, 43, 46, 47, 48, 49, 50, 51, 52, 53, 54, 55, 56, 57, 58, 59, 60, 61, 62, 63, 64, 65, 70, 71, 74, 85, 98, 99, 100, 101, 103, 105, 106, 107, 108, 109, 110, 111, 125, 126, 127, 145, 147, 154, 163, 183, 190}" 
ref_4.5,C4.5,WcD0C231711070815_04.ce,48,0.21215141913989274,"{2, 3, 24, 25, 26, 27, 28, 29, 31, 33, 34, 35, 36, 37, 38, 39, 40, 42, 48, 59, 61, 79, 84, 100, 101, 108, 109, 112, 113, 114, 115, 116, 122, 124, 125, 127, 146, 150, 156, 157, 163, 166, 171, 172, 181, 182, 188, 190}" 
ref_4.5,C4.5,WcD0C231711070830_04.ce,17,0.1206842632394834,"{130, 137, 138, 139, 140, 141, 142, 16, 17, 18, 19, 20, 21, 22, 85, 88, 100}" 
ref_4.5,C4.5,WcD0C231711070845_04.ce,10,0.12381458151923251,"{31, 63, 64, 66, 91, 92, 152, 153, 185, 186}" 
ref_4.5,C4.4,WcD0D211711070900_02.ce,72,0.2022393433088316,"{1, 2, 3, 4, 5, 9, 10, 11, 12, 13, 14, 16, 17, 18, 19, 42, 43, 44, 45, 46, 47, 48, 49, 50, 51, 52, 53, 55, 56, 59, 60, 61, 62, 63, 64, 65, 66, 67, 68, 69, 70, 71, 72, 73, 74, 75, 76, 77, 78, 79, 81, 82, 83, 84, 85, 90, 91, 92, 93, 94, 95, 96, 110, 111, 112, 127, 129, 130, 131, 132, 170, 190}" 
ref_4.5,C4.4,WcD0D211711070915_02.ce,49,0.2155567545836119,"{9, 30, 31, 32, 33, 34, 35, 37, 38, 39, 41, 42, 43, 44, 45, 46, 47, 48, 49, 65, 83, 85, 90, 115, 119, 120, 121, 122, 123, 128, 130, 131, 134, 147, 149, 155, 163, 164, 165, 169, 172, 178, 179, 180, 182, 190, 191, 192, 193}" 
ref_4.5,C4.4,WcD0D211711070930_02.ce,3,0.1142407652787787,"{1, 3, 6}" 
ref_4.5,C4.4,WcD0D211711070945_02.ce,2,0.11277276201397844,"{188, 191}" 
ref_4.5,C4.5,WcD0C231711070900_04.ce,70,0.19985013015460576,"{1, 2, 3, 4, 9, 10, 11, 12, 13, 15, 16, 17, 18, 41, 42, 43, 44, 45, 46, 48, 49, 50, 51, 52, 54, 55, 58, 59, 60, 61, 62, 64, 65, 66, 67, 68, 69, 70, 71, 72, 73, 74, 75, 76, 77, 78, 80, 81, 83, 84, 85, 89, 90, 91, 92, 93, 94, 95, 109, 110, 111, 126, 128, 129, 130, 131, 132, 154, 161, 189}" 
ref_4.5,C4.5,WcD0C231711070915_04.ce,52,0.21779363302982602,"{9, 24, 31, 32, 33, 34, 37, 38, 39, 42, 43, 44, 45, 46, 47, 48, 49, 66, 77, 85, 86, 106, 115, 119, 120, 121, 122, 123, 131, 132, 133, 135, 147, 149, 154, 156, 158, 160, 164, 165, 169, 170, 172, 178, 179, 180, 182, 183, 191, 192, 193, 194}" 
ref_4.5,C4.5,WcD0C231711070930_04.ce,3,0.11322904541545573,"{2, 5, 193}" 
ref_4.5,C4.5,WcD0C231711070945_04.ce,2,0.11256693450217091,"{192, 188}" 
ref_4.5,C4.4,WcD0D211711071000_02.ce,62,0.22997256940743632,"{1, 2, 3, 4, 9, 10, 11, 12, 13, 15, 20, 21, 48, 50, 51, 52, 53, 54, 55, 57, 58, 59, 60, 84, 85, 86, 87, 88, 90, 91, 92, 93, 94, 95, 97, 98, 100, 101, 102, 103, 104, 105, 115, 119, 120, 123, 134, 135, 136, 137, 140, 150, 151, 154, 155, 156, 157, 158, 159, 160, 161, 186}" 
ref_4.5,C4.4,WcD0D211711071015_02.ce,69,0.21477731300899222,"{2, 10, 11, 14, 15, 18, 21, 25, 26, 37, 57, 58, 64, 65, 68, 69, 70, 71, 72, 74, 75, 76, 77, 78, 79, 80, 81, 82, 83, 84, 85, 86, 87, 88, 91, 93, 94, 95, 102, 103, 105, 106, 107, 108, 109, 110, 119, 121, 127, 128, 129, 130, 131, 132, 149, 152, 161, 162, 163, 164, 165, 166, 168, 169, 170, 171, 192, 193, 194}" 
ref_4.5,C4.4,WcD0D211711071030_02.ce,69,0.2165844633662423,"{1, 2, 3, 11, 12, 13, 15, 17, 18, 19, 20, 21, 22, 24, 38, 65, 69, 70, 73, 76, 77, 78, 83, 89, 91, 93, 94, 95, 100, 102, 103, 104, 106, 107, 114, 115, 117, 119, 120, 121, 122, 125, 130, 135, 136, 137, 138, 139, 140, 141, 142, 143, 144, 145, 149, 155, 162, 163, 164, 165, 166, 167, 168, 169, 170, 171, 172, 173, 174}" 
ref_4.5,C4.4,WcD0D211711071045_02.ce,53,0.21457472241270686,"{4, 8, 16, 23, 26, 51, 52, 57, 79, 80, 81, 82, 83, 85, 86, 87, 89, 90, 91, 92, 93, 94, 95, 114, 116, 133, 134, 139, 156, 163, 167, 168, 169, 171, 172, 173, 174, 175, 176, 177, 178, 179, 183, 184, 185, 186, 187, 188, 189, 190, 191, 192, 193}" 
ref_4.5,C4.5,WcD0C231711071000_04.ce,62,0.22890227794929216,"{1, 2, 3, 4, 9, 10, 11, 12, 13, 20, 49, 51, 52, 53, 54, 55, 56, 58, 59, 60, 61, 84, 85, 86, 87, 88, 89, 91, 92, 93, 94, 98, 100, 102, 103, 104, 105, 106, 115, 116, 119, 120, 123, 127, 134, 135, 136, 137, 138, 142, 150, 151, 155, 156, 157, 158, 159, 160, 161, 172, 183, 186}" 
ref_4.5,C4.5,WcD0C231711071015_04.ce,68,0.2149223077104901,"{1, 10, 13, 14, 15, 20, 24, 26, 36, 56, 57, 58, 63, 64, 67, 68, 69, 70, 71, 73, 74, 75, 76, 77, 78, 79, 80, 81, 82, 83, 84, 85, 86, 87, 90, 91, 92, 93, 94, 101, 102, 104, 105, 106, 107, 108, 109, 120, 127, 128, 129, 130, 131, 148, 151, 160, 161, 162, 163, 164, 165, 167, 168, 169, 170, 191, 192, 193}" 
ref_4.5,C4.5,WcD0C231711071030_04.ce,65,0.22029565560557784,"{1, 2, 3, 11, 12, 13, 15, 17, 18, 19, 20, 21, 22, 23, 38, 65, 68, 69, 70, 74, 76, 78, 83, 89, 90, 93, 94, 95, 103, 107, 113, 114, 116, 117, 119, 120, 121, 125, 130, 131, 135, 136, 137, 138, 139, 140, 141, 142, 143, 144, 145, 155, 161, 163, 164, 165, 166, 167, 168, 169, 170, 171, 172, 173, 174}" 
ref_4.5,C4.5,WcD0C231711071045_04.ce,54,0.21425544403343,"{3, 8, 15, 44, 51, 56, 78, 79, 80, 81, 82, 85, 87, 88, 89, 90, 91, 92, 93, 94, 96, 113, 115, 133, 138, 154, 155, 162, 163, 166, 167, 168, 169, 170, 171, 172, 173, 174, 175, 176, 177, 178, 181, 183, 184, 185, 186, 187, 188, 189, 190, 191, 192, 193}" 
ref_4.5,C4.4,WcD0D211711071100_02.ce,65,0.21337220274502158,"{1, 2, 3, 4, 5, 6, 10, 11, 12, 13, 14, 15, 16, 20, 21, 36, 37, 40, 48, 49, 51, 52, 57, 58, 59, 60, 61, 62, 65, 89, 90, 91, 92, 93, 94, 95, 100, 101, 102, 103, 104, 112, 114, 115, 116, 128, 129, 138, 139, 140, 141, 142, 162, 163, 168, 169, 170, 171, 172, 173, 180, 181, 192, 193, 194}" 
ref_4.5,C4.4,WcD0D211711071115_02.ce,60,0.20809933254235394,"{1, 2, 3, 4, 5, 8, 10, 11, 12, 13, 14, 15, 25, 29, 30, 32, 36, 43, 44, 45, 46, 47, 51, 59, 60, 64, 65, 66, 67, 68, 69, 70, 104, 105, 113, 114, 116, 118, 123, 124, 128, 129, 138, 139, 147, 148, 159, 160, 161, 169, 170, 171, 172, 173, 174, 175, 176, 177, 186, 188}" 
ref_4.5,C4.4,WcD0D211711071130_02.ce,70,0.22282825014441668,"{1, 2, 3, 4, 5, 6, 23, 26, 35, 36, 37, 38, 39, 45, 48, 51, 52, 64, 71, 73, 76, 80, 86, 89, 98, 99, 100, 112, 117, 118, 119, 120, 121, 122, 123, 124, 125, 126, 129, 130, 135, 137, 141, 142, 144, 145, 152, 153, 154, 155, 156, 157, 158, 159, 160, 161, 162, 163, 164, 165, 169, 170, 171, 172, 173, 174, 184, 185, 186, 187}" 
ref_4.5,C4.4,WcD0D211711071145_02.ce,42,0.20170794326234784,"{16, 21, 28, 38, 57, 64, 69, 91, 92, 93, 94, 95, 96, 98, 100, 103, 104, 105, 106, 107, 109, 128, 144, 146, 151, 168, 175, 176, 179, 180, 181, 182, 183, 184, 187, 188, 189, 190, 191, 192, 193, 194}" 
ref_4.5,C4.5,WcD0C231711071100_04.ce,70,0.20152292092306603,"{1, 2, 3, 4, 6, 9, 10, 11, 12, 13, 14, 15, 19, 20, 35, 36, 37, 47, 48, 51, 52, 54, 56, 57, 58, 59, 60, 61, 62, 64, 73, 88, 89, 90, 91, 92, 93, 94, 95, 99, 100, 101, 102, 103, 108, 111, 114, 115, 128, 129, 131, 137, 138, 139, 140, 141, 142, 161, 162, 168, 169, 170, 171, 172, 179, 180, 181, 191, 192, 193}" 
ref_4.5,C4.5,WcD0C231711071115_04.ce,57,0.20987149483918274,"{1, 2, 3, 4, 5, 8, 11, 12, 13, 14, 15, 22, 25, 29, 30, 41, 44, 45, 46, 47, 50, 60, 61, 64, 65, 66, 67, 68, 69, 70, 71, 105, 113, 114, 118, 123, 124, 128, 129, 138, 139, 146, 148, 159, 160, 161, 169, 170, 171, 172, 173, 174, 175, 176, 177, 188, 191}" 
ref_4.5,C4.5,WcD0C231711071130_04.ce,72,0.2193940962105507,"{1, 2, 3, 4, 5, 24, 34, 35, 36, 37, 38, 39, 47, 48, 50, 51, 63, 70, 71, 72, 74, 78, 79, 80, 85, 86, 88, 98, 99, 111, 116, 117, 118, 119, 120, 121, 122, 123, 124, 128, 129, 130, 132, 134, 135, 137, 140, 144, 145, 152, 153, 154, 155, 156, 157, 158, 159, 160, 161, 162, 163, 164, 168, 169, 170, 171, 172, 173, 183, 184, 185, 186}" 
ref_4.5,C4.5,WcD0C231711071145_04.ce,40,0.20138943519709204,"{36, 52, 56, 63, 69, 90, 91, 92, 93, 94, 95, 97, 98, 99, 102, 103, 104, 105, 106, 107, 108, 109, 125, 145, 150, 166, 167, 175, 179, 180, 181, 183, 186, 187, 188, 189, 190, 191, 192, 193}" 
ref_4.5,C4.4,WcD0D211711071200_02.ce,40,0.19592014368716437,"{1, 2, 3, 4, 8, 9, 10, 21, 22, 23, 26, 27, 41, 42, 46, 47, 50, 51, 54, 55, 57, 59, 60, 61, 62, 69, 129, 131, 165, 166, 167, 168, 170, 171, 174, 175, 176, 177, 178, 188}" 
ref_4.5,C4.4,WcD0D211711071215_02.ce,33,0.19377359401377311,"{9, 10, 13, 26, 29, 54, 61, 62, 75, 76, 95, 96, 97, 98, 99, 100, 101, 115, 143, 146, 170, 171, 173, 174, 175, 176, 182, 183, 185, 187, 188, 189, 190}" 
ref_4.5,C4.4,WcD0D211711071230_02.ce,29,0.12838483334957507,"{14, 32, 33, 34, 35, 36, 41, 42, 43, 44, 95, 97, 98, 99, 101, 102, 104, 105, 106, 107, 108, 135, 145, 146, 188, 189, 190, 191, 192}" 
ref_4.5,C4.4,WcD0D211711071245_02.ce,36,0.1560917118895651,"{2, 4, 5, 59, 67, 68, 69, 75, 76, 97, 98, 99, 113, 114, 115, 116, 117, 118, 119, 120, 156, 157, 158, 159, 160, 161, 162, 164, 166, 169, 170, 172, 173, 174, 176, 185}" 
ref_4.5,C4.5,WcD0C231711071200_04.ce,37,0.1999369517927098,"{1, 2, 3, 4, 10, 19, 21, 22, 26, 27, 41, 42, 46, 47, 50, 55, 57, 59, 60, 61, 62, 69, 130, 132, 154, 164, 165, 166, 167, 168, 171, 174, 175, 176, 177, 178, 188}" 
ref_4.5,C4.5,WcD0C231711071215_04.ce,31,0.19532673742338463,"{8, 9, 24, 25, 27, 28, 61, 75, 92, 95, 96, 97, 98, 99, 100, 101, 117, 142, 170, 171, 172, 173, 174, 175, 181, 182, 184, 186, 187, 188, 189}" 
ref_4.5,C4.5,WcD0C231711071230_04.ce,29,0.1291803600789638,"{13, 16, 25, 29, 31, 32, 33, 34, 35, 40, 41, 42, 43, 97, 98, 100, 101, 102, 104, 105, 106, 107, 134, 145, 187, 188, 189, 190, 191}" 
ref_4.5,C4.5,WcD0C231711071245_04.ce,33,0.1584446405540746,"{2, 4, 5, 67, 68, 69, 75, 76, 98, 99, 113, 114, 115, 116, 117, 118, 119, 120, 149, 156, 157, 158, 160, 161, 162, 164, 167, 170, 171, 172, 173, 175, 177}" 
ref_4.5,C4.4,WcD0D211711071300_02.ce,65,0.2175207638606037,"{1, 2, 3, 4, 5, 6, 9, 11, 12, 13, 14, 15, 16, 19, 20, 21, 33, 34, 35, 36, 37, 38, 39, 57, 58, 59, 60, 61, 62, 70, 71, 72, 73, 74, 86, 87, 90, 91, 92, 93, 106, 109, 111, 112, 113, 114, 115, 116, 126, 130, 131, 133, 145, 146, 147, 148, 161, 162, 165, 166, 167, 168, 169, 170, 171}" 
ref_4.5,C4.4,WcD0D211711071315_02.ce,20,0.2073704744509687,"{12, 20, 21, 25, 28, 31, 35, 36, 45, 55, 66, 67, 68, 70, 71, 72, 76, 77, 78, 79}" 
ref_4.5,C4.4,WcD0D211711071330_02.ce,75,0.21122456063886044,"{5, 7, 8, 10, 11, 12, 13, 14, 15, 16, 31, 34, 37, 39, 58, 61, 62, 63, 68, 70, 71, 78, 79, 84, 85, 86, 87, 94, 96, 98, 99, 100, 107, 108, 117, 118, 119, 120, 121, 122, 127, 128, 129, 130, 131, 132, 133, 135, 136, 137, 140, 146, 152, 153, 154, 155, 156, 157, 158, 159, 160, 161, 162, 163, 164, 168, 169, 170, 171, 172, 173, 183, 184, 185, 186}" 
ref_4.5,C4.4,WcD0D211711071345_02.ce,41,0.2064825477244084,"{17, 35, 55, 62, 67, 68, 89, 90, 91, 92, 93, 94, 96, 98, 99, 100, 101, 102, 103, 104, 105, 107, 108, 124, 126, 144, 149, 174, 178, 179, 180, 181, 182, 183, 184, 188, 189, 190, 191, 192, 193}" 
ref_4.5,C4.5,WcD0C231711071300_04.ce,67,0.21439798495383725,"{1, 2, 3, 4, 5, 10, 11, 12, 13, 14, 15, 19, 20, 33, 34, 35, 36, 37, 38, 57, 58, 59, 60, 61, 62, 64, 70, 71, 72, 73, 74, 85, 86, 89, 90, 91, 92, 105, 106, 108, 110, 111, 112, 113, 114, 115, 116, 125, 129, 130, 135, 143, 144, 145, 146, 147, 150, 160, 161, 164, 165, 166, 167, 168, 169, 170, 171}" 
ref_4.5,C4.5,WcD0C231711071315_04.ce,47,0.20129852112532573,"{4, 12, 20, 21, 25, 28, 31, 35, 36, 45, 55, 67, 68, 71, 72, 76, 77, 78, 79, 80, 81, 82, 83, 84, 95, 96, 102, 103, 104, 105, 106, 135, 136, 137, 138, 139, 140, 142, 143, 144, 145, 146, 147, 148, 162, 163, 164}" 
ref_4.5,C4.5,WcD0C231711071330_04.ce,78,0.21421310274215852,"{3, 4, 6, 7, 9, 10, 11, 12, 13, 14, 15, 33, 36, 38, 60, 61, 62, 65, 66, 67, 69, 70, 73, 77, 83, 84, 85, 86, 93, 95, 98, 99, 106, 107, 108, 116, 117, 118, 119, 126, 127, 128, 129, 130, 131, 132, 133, 134, 135, 136, 139, 145, 148, 150, 151, 152, 153, 154, 155, 156, 157, 158, 159, 160, 161, 162, 163, 167, 168, 169, 170, 171, 172, 176, 182, 183, 184, 185}" 
ref_4.5,C4.5,WcD0C231711071345_04.ce,44,0.20611699510263282,"{14, 17, 26, 55, 62, 67, 68, 89, 90, 91, 92, 93, 94, 96, 98, 99, 100, 101, 102, 103, 104, 105, 107, 108, 124, 126, 144, 149, 173, 174, 177, 178, 179, 180, 181, 182, 183, 184, 188, 189, 190, 191, 192, 193}" 
ref_4.5,C4.4,WcD0D211711071400_02.ce,71,0.1946915592590524,"{1, 2, 3, 4, 5, 9, 11, 12, 13, 14, 15, 19, 20, 21, 33, 34, 35, 36, 37, 38, 57, 58, 59, 60, 61, 62, 63, 65, 66, 67, 68, 69, 70, 78, 79, 84, 85, 86, 87, 88, 101, 102, 103, 104, 107, 108, 109, 110, 111, 112, 113, 114, 115, 116, 117, 118, 119, 120, 121, 122, 123, 124, 127, 129, 131, 132, 133, 134, 135, 153, 154}" 
ref_4.5,C4.4,WcD0D211711071415_02.ce,45,0.205748831130919,"{32, 34, 35, 36, 37, 38, 39, 50, 51, 60, 61, 62, 68, 77, 78, 79, 80, 81, 82, 90, 93, 100, 101, 102, 103, 104, 121, 123, 138, 140, 141, 156, 162, 163, 164, 165, 172, 173, 174, 175, 178, 181, 182, 184, 194}" 
ref_4.5,C4.4,WcD0D211711071430_02.ce,87,0.2487287769020683,"{1, 2, 10, 12, 13, 14, 15, 16, 17, 18, 19, 20, 25, 26, 27, 28, 29, 34, 37, 39, 40, 42, 43, 45, 47, 49, 50, 51, 52, 61, 62, 63, 65, 66, 67, 68, 72, 73, 74, 75, 76, 77, 78, 84, 88, 92, 97, 98, 101, 103, 104, 105, 111, 112, 113, 114, 115, 116, 117, 118, 119, 120, 121, 122, 123, 124, 137, 141, 142, 144, 151, 152, 153, 154, 155, 164, 165, 167, 168, 169, 172, 176, 183, 184, 185, 186, 187}" 
ref_4.5,C4.4,WcD0D211711071445_02.ce,43,0.1975085348902585,"{16, 28, 38, 51, 63, 69, 91, 92, 93, 94, 95, 98, 100, 101, 102, 104, 105, 106, 107, 109, 110, 126, 128, 146, 151, 167, 168, 175, 176, 179, 180, 181, 182, 183, 184, 185, 186, 187, 188, 190, 191, 192, 193}" 
ref_4.5,C4.5,WcD0C231711071400_04.ce,69,0.1984619801720065,"{1, 2, 3, 4, 9, 11, 12, 13, 14, 15, 19, 20, 32, 33, 34, 35, 36, 37, 38, 56, 57, 58, 59, 60, 61, 62, 63, 65, 66, 67, 68, 69, 70, 78, 79, 84, 85, 86, 87, 88, 101, 102, 103, 104, 107, 108, 109, 110, 111, 112, 113, 114, 115, 116, 117, 118, 119, 120, 121, 122, 123, 124, 127, 131, 132, 133, 134, 153, 154}" 
ref_4.5,C4.5,WcD0C231711071415_04.ce,44,0.2065817413077147,"{32, 34, 35, 36, 37, 38, 39, 50, 59, 60, 61, 62, 77, 78, 79, 80, 81, 82, 93, 99, 100, 101, 102, 103, 104, 121, 123, 138, 140, 141, 156, 163, 164, 165, 172, 173, 174, 175, 178, 179, 181, 182, 184, 194}" 
ref_4.5,C4.5,WcD0C231711071430_04.ce,86,0.2502485962457751,"{1, 7, 10, 12, 13, 14, 15, 16, 17, 18, 19, 20, 25, 26, 27, 28, 29, 37, 39, 40, 42, 43, 44, 45, 46, 47, 49, 50, 51, 52, 57, 60, 61, 62, 65, 67, 68, 71, 72, 73, 74, 75, 76, 77, 78, 82, 84, 92, 97, 101, 104, 105, 110, 111, 112, 113, 114, 115, 116, 117, 118, 119, 120, 121, 122, 123, 124, 141, 142, 144, 151, 152, 153, 154, 155, 164, 165, 167, 168, 169, 172, 183, 184, 185, 186, 187}" 
ref_4.5,C4.5,WcD0C231711071445_04.ce,46,0.19492857351768958,"{16, 28, 35, 51, 63, 69, 91, 92, 93, 94, 95, 97, 98, 99, 100, 102, 103, 104, 105, 106, 107, 108, 109, 110, 126, 128, 145, 146, 151, 168, 175, 179, 180, 181, 182, 183, 184, 185, 186, 187, 189, 190, 191, 192, 193, 194}" 
ref_4.5,C4.4,WcD0D211711071500_02.ce,52,0.21111922380577813,"{1, 2, 3, 4, 5, 9, 11, 12, 13, 14, 15, 16, 20, 21, 34, 35, 36, 43, 44, 45, 46, 47, 53, 54, 55, 56, 57, 62, 64, 65, 66, 67, 68, 69, 70, 72, 73, 74, 75, 78, 88, 95, 96, 99, 102, 103, 104, 105, 106, 124, 125, 139}" 
ref_4.5,C4.4,WcD0D211711071515_02.ce,61,0.1955234249951483,"{2, 3, 4, 5, 6, 7, 8, 9, 20, 29, 30, 31, 32, 37, 46, 47, 48, 49, 50, 51, 62, 63, 65, 69, 70, 71, 72, 73, 102, 104, 105, 106, 107, 108, 109, 124, 125, 150, 151, 152, 160, 163, 164, 165, 166, 167, 168, 169, 170, 171, 175, 176, 177, 178, 179, 180, 184, 190, 191, 192, 193}" 
ref_4.5,C4.4,WcD0D211711071530_02.ce,62,0.24992055164644492,"{2, 4, 7, 8, 9, 17, 18, 19, 20, 26, 29, 30, 31, 32, 33, 40, 41, 42, 46, 49, 55, 58, 62, 67, 68, 69, 70, 71, 72, 73, 74, 75, 76, 77, 78, 79, 80, 97, 98, 100, 101, 102, 103, 104, 113, 114, 117, 118, 121, 125, 132, 133, 134, 135, 136, 166, 167, 168, 182, 189, 191, 193}" 
ref_4.5,C4.4,WcD0D211711071545_02.ce,49,0.21282673466224653,"{5, 6, 11, 12, 14, 29, 34, 54, 64, 70, 82, 85, 90, 92, 93, 94, 95, 96, 97, 98, 99, 101, 103, 104, 105, 106, 107, 108, 109, 110, 127, 129, 146, 147, 152, 176, 180, 181, 182, 183, 184, 185, 186, 187, 190, 191, 192, 193, 194}" 
ref_4.5,C4.5,WcD0C231711071500_04.ce,58,0.20920916609853427,"{1, 2, 3, 4, 8, 9, 10, 11, 12, 13, 14, 15, 19, 20, 32, 33, 34, 35, 42, 43, 44, 45, 46, 52, 53, 54, 55, 56, 61, 63, 64, 65, 66, 67, 68, 69, 71, 72, 73, 74, 77, 81, 87, 88, 93, 94, 95, 98, 101, 102, 103, 104, 123, 124, 138, 140, 151, 192}" 
ref_4.5,C4.5,WcD0C231711071515_04.ce,59,0.1936908663517778,"{3, 4, 5, 6, 7, 8, 9, 20, 29, 30, 31, 37, 46, 47, 48, 49, 50, 51, 62, 63, 69, 70, 71, 72, 73, 104, 105, 106, 107, 108, 109, 123, 124, 125, 150, 151, 152, 160, 163, 164, 165, 166, 167, 168, 169, 170, 171, 175, 176, 177, 178, 179, 180, 184, 187, 190, 191, 192, 193}" 
ref_4.5,C4.5,WcD0C231711071530_04.ce,63,0.25244890110974616,"{2, 6, 7, 8, 9, 11, 17, 18, 19, 20, 29, 31, 32, 33, 40, 41, 47, 49, 55, 58, 62, 67, 68, 69, 70, 71, 72, 73, 74, 75, 76, 77, 78, 79, 80, 82, 85, 92, 97, 98, 100, 101, 102, 103, 104, 113, 114, 117, 118, 121, 125, 132, 133, 134, 135, 136, 158, 163, 166, 167, 168, 191, 193}" 
ref_4.5,C4.5,WcD0C231711071545_04.ce,44,0.21565718405446666,"{3, 4, 5, 10, 13, 28, 53, 56, 63, 69, 84, 91, 92, 93, 94, 95, 97, 98, 99, 102, 103, 104, 105, 106, 107, 109, 126, 145, 146, 151, 175, 179, 180, 181, 182, 183, 184, 185, 186, 189, 190, 191, 192, 193}" 
ref_4.5,C4.4,WcD0D211711071600_02.ce,68,0.20229417701212954,"{1, 2, 3, 4, 9, 10, 11, 12, 13, 14, 15, 18, 19, 33, 34, 35, 36, 37, 38, 58, 59, 60, 61, 68, 70, 71, 72, 74, 78, 79, 84, 85, 90, 91, 92, 93, 94, 97, 101, 102, 103, 104, 105, 109, 125, 126, 131, 132, 133, 134, 135, 137, 138, 139, 140, 141, 142, 143, 162, 163, 174, 175, 176, 177, 178, 179, 192, 193}" 
ref_4.5,C4.4,WcD0D211711071615_02.ce,71,0.19835077474930662,"{1, 2, 4, 5, 6, 7, 8, 9, 10, 11, 12, 13, 14, 15, 16, 17, 18, 19, 20, 21, 22, 23, 25, 28, 29, 30, 31, 32, 35, 50, 51, 52, 55, 57, 60, 61, 64, 71, 78, 79, 80, 81, 91, 92, 93, 104, 106, 107, 108, 109, 110, 111, 112, 125, 126, 127, 132, 141, 142, 143, 144, 145, 146, 147, 157, 158, 164, 165, 166, 167, 168}" 
ref_4.5,C4.4,WcD0D211711071630_02.ce,87,0.2478628747034392,"{4, 14, 15, 22, 23, 24, 26, 27, 28, 29, 30, 31, 32, 33, 34, 39, 40, 41, 42, 43, 51, 53, 54, 55, 56, 57, 58, 59, 60, 61, 63, 64, 65, 66, 67, 75, 76, 82, 84, 85, 86, 88, 90, 95, 96, 98, 103, 104, 106, 108, 114, 115, 123, 124, 125, 126, 127, 129, 130, 131, 132, 133, 134, 135, 136, 143, 145, 146, 147, 151, 152, 155, 157, 159, 160, 161, 162, 163, 164, 165, 166, 175, 179, 180, 183, 193, 194}" 
ref_4.5,C4.4,WcD0D211711071645_02.ce,40,0.19559817212308483,"{1, 2, 3, 4, 26, 38, 66, 79, 101, 102, 103, 104, 105, 107, 108, 109, 110, 111, 112, 113, 114, 115, 116, 117, 118, 119, 124, 136, 137, 138, 155, 156, 161, 178, 185, 189, 190, 191, 192, 193}" 
ref_4.5,C4.5,WcD0C231711071600_04.ce,67,0.2058409983501314,"{1, 2, 3, 4, 9, 10, 11, 12, 13, 14, 15, 18, 33, 34, 35, 36, 37, 38, 58, 59, 60, 68, 70, 71, 72, 73, 75, 78, 80, 84, 85, 90, 91, 92, 93, 94, 101, 102, 103, 104, 109, 124, 125, 126, 130, 131, 132, 133, 134, 135, 137, 138, 139, 140, 141, 142, 143, 162, 163, 174, 175, 176, 177, 178, 179, 192, 193}" 
ref_4.5,C4.5,WcD0C231711071615_04.ce,65,0.19823957957478341,"{1, 2, 4, 5, 6, 7, 8, 9, 10, 11, 12, 13, 14, 15, 16, 17, 18, 19, 20, 21, 22, 23, 28, 29, 30, 31, 32, 35, 50, 51, 67, 78, 79, 80, 81, 91, 92, 93, 104, 106, 107, 108, 109, 110, 111, 112, 124, 125, 126, 127, 132, 141, 142, 143, 144, 145, 146, 156, 157, 158, 164, 165, 166, 167, 168}" 
ref_4.5,C4.5,WcD0C231711071630_04.ce,94,0.2489864912356869,"{3, 13, 14, 22, 23, 25, 26, 27, 28, 29, 30, 31, 32, 33, 37, 38, 39, 40, 41, 42, 50, 52, 53, 54, 55, 57, 59, 60, 62, 63, 64, 65, 66, 72, 74, 75, 77, 78, 81, 83, 84, 85, 87, 88, 89, 94, 95, 97, 99, 100, 101, 102, 103, 105, 106, 107, 111, 113, 114, 116, 122, 123, 124, 125, 126, 128, 129, 130, 131, 132, 133, 134, 135, 136, 143, 144, 145, 146, 150, 154, 158, 159, 160, 161, 162, 163, 164, 171, 174, 178, 179, 190, 192, 193}" 
ref_4.5,C4.5,WcD0C231711071645_04.ce,38,0.198408359866663,"{1, 2, 3, 26, 38, 79, 81, 94, 99, 101, 102, 103, 104, 105, 107, 108, 109, 111, 112, 113, 114, 115, 116, 117, 118, 119, 136, 137, 138, 155, 156, 161, 185, 189, 190, 191, 192, 193}" 
ref_4.5,C4.4,WcD0D211711071700_02.ce,80,0.1838284852143562,"{1, 2, 3, 4, 5, 7, 9, 10, 11, 12, 13, 16, 17, 31, 32, 33, 34, 35, 36, 53, 55, 56, 57, 59, 63, 64, 65, 66, 67, 68, 72, 73, 74, 75, 76, 82, 83, 84, 85, 86, 91, 93, 94, 95, 96, 97, 98, 105, 106, 107, 108, 109, 110, 135, 136, 137, 138, 139, 140, 152, 154, 155, 156, 163, 164, 165, 167, 169, 170, 171, 175, 176, 177, 179, 180, 181, 182, 183, 193, 194}" 
ref_4.5,C4.4,WcD0D211711071715_02.ce,53,0.19891725496970827,"{1, 2, 3, 6, 7, 22, 23, 29, 31, 32, 35, 38, 49, 50, 51, 52, 54, 63, 64, 77, 78, 79, 80, 81, 82, 83, 96, 97, 98, 103, 113, 114, 115, 116, 117, 118, 129, 135, 136, 137, 138, 139, 140, 170, 171, 172, 173, 174, 175, 176, 190, 191, 192}" 
ref_4.5,C4.4,WcD0D211711071730_02.ce,77,0.23510918538613035,"{4, 35, 37, 38, 39, 40, 41, 42, 43, 44, 45, 46, 50, 51, 52, 53, 54, 55, 59, 62, 65, 66, 67, 68, 74, 75, 76, 77, 83, 86, 87, 88, 90, 93, 95, 96, 97, 101, 102, 110, 111, 116, 117, 124, 126, 127, 128, 130, 134, 135, 136, 137, 138, 140, 141, 142, 143, 144, 145, 146, 147, 156, 157, 162, 163, 166, 167, 171, 173, 174, 175, 176, 177, 186, 187, 190, 191}" 
ref_4.5,C4.4,WcD0D211711071745_02.ce,38,0.1943677793665787,"{1, 5, 12, 13, 14, 15, 16, 72, 74, 78, 84, 85, 90, 91, 112, 113, 114, 115, 116, 117, 119, 121, 122, 123, 124, 125, 126, 127, 128, 130, 131, 147, 148, 149, 165, 167, 172, 188}" 
ref_4.5,C4.5,WcD0C231711071700_04.ce,80,0.1863779413283011,"{1, 2, 3, 4, 5, 7, 9, 10, 11, 12, 13, 16, 17, 31, 32, 33, 34, 35, 36, 53, 55, 56, 57, 59, 64, 65, 66, 67, 68, 72, 73, 74, 75, 76, 82, 83, 84, 85, 86, 91, 93, 94, 95, 96, 97, 98, 105, 106, 107, 108, 109, 110, 135, 136, 137, 138, 139, 140, 154, 155, 156, 163, 164, 165, 167, 169, 170, 171, 172, 175, 176, 177, 179, 180, 181, 182, 183, 185, 193, 194}" 
ref_4.5,C4.5,WcD0C231711071715_04.ce,57,0.19031372725277929,"{1, 2, 3, 6, 7, 21, 22, 23, 32, 35, 38, 46, 49, 50, 51, 52, 54, 55, 62, 63, 64, 68, 75, 77, 78, 79, 80, 81, 82, 83, 96, 97, 98, 103, 112, 113, 114, 115, 116, 117, 118, 129, 135, 136, 137, 138, 139, 170, 171, 172, 173, 174, 175, 176, 190, 191, 192}" 
ref_4.5,C4.5,WcD0C231711071730_04.ce,85,0.23096517660947907,"{4, 34, 35, 37, 38, 39, 40, 41, 42, 43, 44, 45, 46, 50, 51, 52, 53, 54, 59, 62, 65, 66, 67, 68, 69, 70, 74, 75, 76, 77, 78, 83, 84, 86, 87, 88, 90, 93, 96, 97, 98, 100, 102, 108, 109, 115, 116, 117, 118, 123, 124, 126, 128, 134, 135, 136, 137, 138, 140, 141, 142, 143, 144, 145, 146, 147, 155, 156, 157, 162, 163, 164, 166, 167, 171, 172, 173, 174, 175, 176, 177, 186, 190, 191, 194}" 
ref_4.5,C4.5,WcD0C231711071745_04.ce,36,0.19732959442951029,"{11, 12, 13, 14, 15, 71, 73, 77, 83, 84, 89, 90, 111, 112, 113, 114, 115, 116, 118, 120, 121, 122, 123, 124, 125, 126, 127, 129, 130, 146, 147, 148, 164, 166, 171, 187}" 
ref_4.5,C4.4,WcD0D211711071800_02.ce,76,0.2060632664625119,"{1, 2, 3, 7, 8, 9, 10, 11, 14, 15, 16, 17, 18, 21, 22, 37, 38, 39, 40, 41, 57, 61, 62, 63, 64, 66, 70, 72, 73, 78, 79, 80, 81, 88, 89, 90, 91, 92, 96, 97, 99, 100, 101, 102, 103, 104, 129, 130, 131, 132, 133, 134, 147, 148, 149, 155, 157, 158, 160, 161, 162, 163, 166, 167, 168, 169, 170, 173, 174, 175, 182, 183, 184, 185, 187, 188}" 
ref_4.5,C4.4,WcD0D211711071815_02.ce,17,0.1727771210583303,"{22, 42, 49, 80, 104, 105, 106, 108, 109, 142, 143, 144, 182, 183, 192, 193, 194}" 
ref_4.5,C4.4,WcD0D211711071830_02.ce,32,0.1657857952278104,"{1, 2, 3, 4, 5, 6, 7, 8, 9, 10, 11, 12, 13, 14, 15, 57, 58, 61, 79, 80, 96, 97, 111, 112, 114, 127, 135, 136, 137, 178, 181, 183}" 
ref_4.5,C4.4,WcD0D211711071845_02.ce,9,0.15165834579133913,"{13, 17, 18, 19, 172, 173, 174, 69, 102}" 
ref_4.5,C4.5,WcD0C231711071800_04.ce,79,0.20497574643817942,"{1, 2, 3, 7, 8, 9, 10, 14, 15, 16, 17, 18, 21, 22, 37, 38, 39, 40, 41, 57, 61, 62, 64, 66, 70, 71, 72, 73, 78, 79, 80, 81, 88, 89, 90, 91, 92, 96, 99, 100, 101, 102, 103, 104, 116, 129, 130, 131, 132, 133, 134, 147, 148, 149, 155, 156, 157, 158, 160, 161, 162, 163, 166, 167, 168, 169, 170, 171, 173, 174, 175, 176, 177, 179, 183, 184, 185, 186, 187}" 
ref_4.5,C4.5,WcD0C231711071815_04.ce,19,0.17186667666984384,"{7, 22, 23, 42, 49, 80, 104, 105, 106, 108, 109, 113, 142, 143, 144, 183, 192, 193, 194}" 
ref_4.5,C4.5,WcD0C231711071830_04.ce,31,0.16657655136570976,"{1, 2, 3, 4, 5, 6, 7, 8, 9, 10, 11, 12, 13, 14, 15, 57, 61, 79, 80, 96, 97, 111, 112, 115, 127, 135, 136, 137, 178, 181, 183}" 
ref_4.5,C4.5,WcD0C231711071845_04.ce,9,0.15829140126827457,"{25, 29, 30, 31, 81, 114, 184, 185, 186}" 
ref_4.5,C4.4,WcD0D211711071900_02.ce,77,0.17538074338623635,"{1, 2, 3, 4, 5, 9, 10, 11, 12, 13, 14, 15, 16, 18, 19, 37, 38, 39, 40, 41, 42, 68, 69, 70, 71, 72, 73, 80, 81, 82, 83, 84, 85, 87, 88, 89, 90, 93, 96, 98, 99, 100, 103, 105, 107, 108, 111, 112, 113, 114, 115, 116, 117, 118, 131, 132, 133, 134, 135, 156, 157, 162, 163, 164, 165, 166, 167, 181, 182, 183, 185, 188, 189, 190, 191, 192, 193}" 
ref_4.5,C4.4,WcD0D211711071915_02.ce,25,0.19943433822548037,"{17, 19, 20, 21, 23, 24, 25, 27, 28, 30, 31, 32, 33, 34, 35, 42, 44, 49, 55, 56, 59, 89, 128, 139, 143}" 
ref_4.5,C4.4,WcD0D211711071930_02.ce,16,0.18817375578901369,"{7, 38, 75, 79, 95, 143, 146, 148, 150, 151, 152, 153, 157, 166, 190, 193}" 
ref_4.5,C4.4,WcD0D211711071945_02.ce,8,0.18596751918705856,"{15, 42, 75, 80, 101, 120, 121, 160}" 
ref_4.5,C4.5,WcD0C231711071900_04.ce,78,0.19138130583408058,"{1, 2, 3, 4, 5, 9, 10, 11, 12, 13, 14, 15, 16, 18, 19, 37, 38, 39, 40, 41, 42, 68, 69, 70, 71, 72, 73, 80, 81, 82, 83, 84, 85, 87, 88, 89, 90, 92, 93, 96, 98, 99, 100, 103, 105, 107, 108, 111, 112, 113, 114, 115, 116, 117, 118, 131, 132, 133, 134, 135, 156, 157, 162, 163, 164, 165, 166, 167, 181, 182, 183, 185, 188, 189, 190, 191, 192, 193}" 
ref_4.5,C4.5,WcD0C231711071915_04.ce,26,0.2098358766535865,"{19, 20, 21, 22, 23, 24, 25, 27, 28, 29, 30, 31, 32, 33, 34, 35, 42, 48, 55, 56, 59, 89, 90, 91, 128, 143}" 
ref_4.5,C4.5,WcD0C231711071930_04.ce,15,0.20173874746759426,"{7, 38, 75, 79, 87, 143, 148, 150, 151, 152, 153, 154, 157, 190, 193}" 
ref_4.5,C4.5,WcD0C231711071945_04.ce,10,0.18711163499204056,"{5, 16, 42, 44, 80, 101, 111, 120, 143, 166}" 
ref_4.5,C4.4,WcD0D211711072000_02.ce,29,0.19852149568490993,"{1, 2, 3, 5, 30, 35, 36, 37, 38, 39, 40, 43, 66, 81, 87, 88, 89, 90, 91, 92, 93, 94, 117, 147, 148, 149, 177, 191, 192}" 
ref_4.5,C4.4,WcD0D211711072015_02.ce,43,0.20650968569412698,"{11, 39, 40, 41, 43, 44, 45, 46, 48, 49, 52, 53, 55, 56, 57, 58, 61, 62, 68, 69, 81, 83, 84, 85, 86, 87, 91, 92, 116, 117, 129, 131, 136, 147, 148, 153, 161, 166, 167, 168, 169, 170, 171}" 
ref_4.5,C4.4,WcD0D211711072030_02.ce,19,0.1730772322682357,"{4, 5, 6, 12, 13, 24, 30, 61, 62, 82, 84, 99, 152, 155, 158, 159, 169, 176, 179}" 
ref_4.5,C4.4,WcD0D211711072045_02.ce,26,0.19153942071528993,"{2, 14, 17, 18, 71, 86, 87, 89, 92, 101, 102, 104, 110, 117, 121, 122, 126, 140, 147, 152, 154, 156, 157, 158, 159, 165}" 
ref_4.5,C4.5,WcD0C231711072000_04.ce,30,0.1988328344489219,"{1, 2, 3, 5, 30, 31, 35, 36, 37, 38, 39, 40, 43, 81, 87, 88, 89, 90, 92, 93, 94, 110, 147, 148, 149, 160, 161, 162, 191, 192}" 
ref_4.5,C4.5,WcD0C231711072015_04.ce,40,0.20866818314034655,"{1, 11, 39, 40, 41, 43, 44, 45, 46, 48, 49, 52, 53, 55, 56, 57, 58, 62, 68, 69, 83, 84, 85, 86, 87, 91, 92, 116, 117, 131, 136, 147, 148, 161, 166, 167, 168, 169, 170, 171}" 
ref_4.5,C4.5,WcD0C231711072030_04.ce,22,0.1714881760389954,"{4, 6, 12, 13, 23, 24, 26, 30, 61, 82, 84, 99, 152, 155, 158, 159, 165, 169, 176, 178, 179, 180}" 
ref_4.5,C4.5,WcD0C231711072045_04.ce,28,0.18803283151225328,"{2, 17, 18, 40, 71, 75, 86, 87, 88, 89, 92, 102, 104, 110, 117, 121, 122, 126, 140, 147, 152, 153, 154, 156, 157, 158, 159, 165}" 
ref_4.5,C4.4,WcD0D211711072100_02.ce,35,0.2024590329010914,"{1, 2, 3, 4, 25, 26, 27, 33, 37, 39, 41, 43, 44, 45, 64, 84, 88, 91, 95, 102, 103, 113, 118, 125, 126, 131, 137, 140, 145, 155, 156, 179, 180, 186, 187}" 
ref_4.5,C4.4,WcD0D211711072115_02.ce,17,0.19301158705677854,"{10, 34, 40, 43, 48, 61, 62, 71, 72, 73, 74, 76, 78, 93, 94, 107, 115}" 
ref_4.5,C4.4,WcD0D211711072130_02.ce,8,0.14638166454081927,"{23, 105, 106, 119, 120, 122, 123, 167}" 
ref_4.5,C4.4,WcD0D211711072145_02.ce,7,0.15286347967619085,"{22, 27, 32, 110, 111, 124, 175}" 
ref_4.5,C4.5,WcD0C231711072100_04.ce,31,0.20463201103588474,"{1, 2, 3, 4, 25, 26, 27, 33, 37, 39, 41, 43, 44, 45, 64, 84, 91, 95, 102, 103, 113, 118, 125, 126, 137, 145, 155, 156, 179, 180, 187}" 
ref_4.5,C4.5,WcD0C231711072115_04.ce,13,0.19567781593976888,"{10, 34, 43, 48, 62, 71, 72, 73, 74, 76, 93, 107, 115}" 
ref_4.5,C4.5,WcD0C231711072130_04.ce,7,0.15057243762011738,"{105, 106, 119, 23, 120, 121, 122}" 
ref_4.5,C4.5,WcD0C231711072145_04.ce,7,0.1535633627598353,"{22, 27, 32, 109, 110, 124, 175}" 
ref_4.5,C4.4,WcD0D211711072200_02.ce,78,0.20646406819272176,"{1, 2, 3, 18, 19, 20, 27, 28, 29, 30, 31, 32, 33, 54, 55, 65, 69, 73, 77, 79, 80, 81, 82, 86, 88, 89, 91, 92, 93, 94, 95, 96, 97, 98, 99, 100, 105, 116, 117, 118, 122, 123, 136, 137, 139, 144, 145, 146, 148, 149, 150, 151, 152, 153, 154, 155, 156, 157, 158, 166, 167, 168, 169, 170, 171, 172, 173, 174, 175, 176, 177, 178, 179, 180, 181, 182, 183, 184}" 
ref_4.5,C4.4,WcD0D211711072215_02.ce,59,0.18145038852552564,"{3, 8, 27, 38, 39, 40, 41, 42, 43, 44, 45, 46, 47, 48, 88, 89, 90, 91, 92, 93, 94, 98, 99, 100, 101, 102, 108, 109, 123, 124, 125, 126, 127, 128, 129, 130, 131, 132, 155, 161, 170, 171, 172, 173, 174, 175, 176, 181, 182, 183, 184, 185, 186, 187, 188, 189, 190, 191, 193}" 
ref_4.5,C4.4,WcD0D211711072230_02.ce,34,0.1553275519169192,"{1, 2, 3, 4, 5, 6, 7, 9, 10, 14, 17, 18, 46, 96, 97, 98, 99, 100, 101, 102, 103, 122, 123, 141, 173, 174, 175, 177, 183, 190, 191, 192, 193, 194}" 
ref_4.5,C4.4,WcD0D211711072245_02.ce,13,0.14774732574878277,"{1, 28, 82, 93, 94, 95, 97, 98, 99, 144, 160, 171, 187}" 
ref_4.5,C4.5,WcD0C231711072200_04.ce,79,0.20703577388439787,"{1, 2, 3, 18, 19, 20, 24, 27, 28, 29, 30, 31, 32, 33, 54, 58, 65, 69, 73, 77, 79, 80, 81, 82, 85, 88, 89, 91, 92, 93, 94, 95, 96, 97, 98, 99, 100, 105, 116, 117, 118, 122, 123, 136, 137, 139, 144, 145, 146, 148, 149, 150, 151, 152, 153, 154, 155, 156, 157, 158, 166, 167, 168, 169, 170, 171, 172, 173, 174, 175, 176, 177, 178, 179, 180, 181, 182, 183, 184}" 
ref_4.5,C4.5,WcD0C231711072215_04.ce,57,0.1835005440935326,"{3, 8, 27, 39, 40, 41, 42, 43, 44, 45, 46, 47, 48, 88, 89, 90, 91, 92, 93, 98, 99, 100, 101, 102, 103, 105, 108, 109, 123, 124, 125, 126, 127, 128, 129, 130, 131, 132, 155, 161, 170, 171, 172, 173, 175, 176, 181, 182, 183, 184, 185, 186, 187, 188, 189, 191, 193}" 
ref_4.5,C4.5,WcD0C231711072230_04.ce,31,0.15841404192272987,"{1, 2, 3, 4, 5, 6, 7, 9, 10, 14, 18, 45, 46, 68, 96, 97, 98, 99, 100, 101, 102, 103, 124, 141, 173, 174, 183, 190, 191, 193, 194}" 
ref_4.5,C4.5,WcD0C231711072245_04.ce,15,0.14616536849972353,"{1, 28, 38, 60, 61, 82, 94, 95, 97, 98, 99, 160, 164, 186, 187}" 
ref_4.5,C4.4,WcD0D211711072300_02.ce,22,0.1573387067200233,"{3, 4, 32, 52, 57, 66, 70, 71, 90, 97, 98, 99, 100, 102, 103, 162, 163, 164, 165, 166, 167, 170}" 
ref_4.5,C4.4,WcD0D211711072315_02.ce,26,0.15386579874634745,"{21, 22, 23, 24, 36, 37, 69, 70, 71, 73, 74, 130, 131, 132, 133, 134, 149, 150, 151, 154, 159, 168, 171, 172, 173, 176}" 
ref_4.5,C4.4,WcD0D211711072330_02.ce,18,0.13033248381763196,"{20, 21, 22, 23, 24, 25, 47, 63, 89, 104, 136, 141, 142, 143, 144, 145, 146, 189}" 
ref_4.5,C4.4,WcD0D211711072345_02.ce,12,0.1314561840112905,"{67, 68, 69, 70, 71, 72, 96, 97, 156, 157, 158, 190}" 
ref_4.5,C4.5,WcD0C231711072300_04.ce,26,0.15360937636126212,"{3, 4, 7, 9, 12, 32, 33, 52, 57, 66, 70, 71, 90, 98, 99, 100, 101, 102, 104, 162, 163, 164, 165, 166, 167, 170}" 
ref_4.5,C4.5,WcD0C231711072315_04.ce,29,0.15198630162307475,"{20, 21, 22, 23, 35, 36, 68, 69, 70, 71, 72, 73, 74, 129, 130, 131, 132, 133, 148, 149, 150, 153, 158, 167, 170, 171, 172, 175, 187}" 
ref_4.5,C4.5,WcD0C231711072330_04.ce,18,0.13013801168138603,"{20, 21, 22, 23, 24, 25, 47, 63, 89, 104, 136, 141, 142, 143, 144, 145, 146, 189}" 
ref_4.5,C4.5,WcD0C231711072345_04.ce,13,0.13098453394766874,"{67, 68, 70, 71, 72, 96, 97, 144, 155, 156, 157, 189, 190}" 
