ref_Arbor,C4.4,WcD0A251711080000_01.ce,90,0.23937975768245423,"{1, 2, 3, 5, 7, 8, 9, 10, 18, 22, 23, 24, 25, 28, 29, 41, 42, 43, 44, 45, 46, 60, 61, 62, 63, 64, 65, 66, 67, 68, 69, 70, 71, 79, 80, 82, 83, 92, 93, 101, 102, 103, 104, 116, 119, 123, 124, 125, 127, 128, 129, 131, 133, 134, 135, 136, 138, 139, 140, 141, 142, 143, 144, 145, 146, 147, 148, 149, 150, 151, 152, 153, 158, 159, 160, 161, 162, 163, 164, 165, 166, 168, 170, 171, 172, 173, 178, 183, 191, 193}"
ref_Arbor,C4.4,WcD0A251711080015_01.ce,99,0.25361450150705717,"{3, 7, 8, 9, 10, 11, 14, 15, 18, 19, 23, 24, 25, 26, 27, 30, 32, 33, 34, 35, 38, 39, 40, 41, 42, 43, 44, 45, 46, 48, 51, 52, 53, 57, 60, 61, 63, 64, 65, 66, 67, 68, 78, 99, 100, 101, 103, 108, 109, 110, 111, 113, 115, 116, 117, 118, 119, 120, 121, 122, 123, 124, 125, 129, 131, 132, 137, 138, 139, 140, 141, 142, 145, 148, 160, 162, 163, 170, 171, 172, 173, 174, 175, 176, 177, 178, 179, 180, 181, 182, 184, 186, 187, 188, 189, 190, 191, 192, 193}"
ref_Arbor,C4.4,WcD0A251711080030_01.ce,36,0.2277244157161678,"{1, 2, 3, 6, 7, 18, 50, 52, 54, 55, 64, 65, 67, 71, 72, 73, 74, 85, 86, 87, 88, 94, 95, 96, 97, 98, 100, 101, 102, 108, 132, 137, 138, 141, 145, 146}"
ref_Arbor,C4.4,WcD0A251711080045_01.ce,9,0.20513640282619167,"{14, 16, 80, 81, 98, 109, 136, 139, 161}"
ref_Arbor,C4.5,WcD0A001711080000_03.ce,94,0.23447278063762897,"{1, 2, 3, 4, 5, 7, 8, 9, 10, 19, 21, 22, 23, 24, 25, 26, 28, 29, 42, 43, 44, 45, 46, 47, 60, 61, 62, 63, 64, 65, 66, 67, 68, 69, 70, 71, 72, 75, 78, 79, 80, 81, 82, 83, 84, 92, 93, 101, 102, 103, 104, 105, 109, 116, 119, 124, 125, 127, 129, 131, 135, 139, 140, 141, 143, 144, 145, 146, 147, 148, 149, 150, 151, 152, 154, 155, 156, 158, 161, 162, 163, 164, 166, 169, 170, 171, 172, 173, 178, 180, 181, 182, 192, 193}"
ref_Arbor,C4.5,WcD0A001711080015_03.ce,102,0.25113777925858877,"{3, 7, 8, 9, 10, 11, 12, 14, 15, 18, 19, 24, 25, 26, 27, 29, 33, 34, 35, 36, 37, 39, 40, 41, 43, 44, 46, 48, 51, 52, 53, 57, 60, 62, 64, 65, 66, 67, 68, 70, 78, 99, 100, 101, 102, 107, 108, 109, 110, 111, 112, 115, 116, 117, 118, 119, 120, 121, 122, 124, 125, 129, 130, 131, 132, 137, 138, 139, 140, 141, 142, 145, 148, 153, 159, 161, 163, 164, 170, 171, 172, 173, 174, 175, 176, 177, 178, 179, 180, 181, 182, 184, 185, 186, 187, 188, 189, 190, 191, 192, 193, 194}"
ref_Arbor,C4.5,WcD0A001711080030_03.ce,31,0.2336045703075388,"{1, 2, 5, 6, 16, 17, 50, 51, 54, 62, 63, 70, 71, 73, 84, 85, 87, 93, 94, 95, 96, 97, 98, 100, 101, 136, 140, 144, 145, 184, 185}"
ref_Arbor,C4.5,WcD0A001711080045_03.ce,8,0.2068635581267439,"{17, 56, 80, 81, 97, 98, 136, 161}"
ref_Arbor,C4.4,WcD0A251711080100_01.ce,10,0.19442555527367655,"{128, 1, 2, 3, 4, 145, 18, 176, 59, 60}"
ref_Arbor,C4.4,WcD0A251711080115_01.ce,13,0.2151820526563282,"{7, 13, 14, 21, 22, 24, 35, 71, 137, 168, 173, 186, 194}"
ref_Arbor,C4.4,WcD0A251711080130_01.ce,71,0.24574269547559344,"{1, 6, 9, 21, 24, 25, 26, 27, 31, 32, 33, 45, 46, 47, 48, 55, 57, 63, 64, 67, 74, 75, 77, 78, 81, 82, 84, 86, 89, 92, 94, 98, 103, 105, 106, 107, 108, 109, 110, 112, 114, 115, 116, 117, 118, 121, 124, 125, 127, 128, 132, 133, 135, 136, 137, 149, 150, 154, 155, 158, 164, 165, 176, 177, 183, 184, 185, 186, 187, 188, 189}"
ref_Arbor,C4.4,WcD0A251711080145_01.ce,59,0.24524729845325197,"{6, 11, 15, 16, 17, 18, 19, 21, 22, 23, 24, 25, 27, 28, 29, 31, 41, 46, 55, 56, 57, 62, 63, 64, 67, 68, 69, 70, 71, 73, 74, 76, 79, 80, 85, 86, 87, 103, 104, 107, 108, 110, 116, 119, 120, 145, 146, 147, 149, 150, 151, 159, 163, 167, 168, 185, 186, 187, 192}"
ref_Arbor,C4.5,WcD0A001711080100_03.ce,9,0.19630736239540728,"{128, 1, 2, 3, 4, 18, 20, 59, 60}"
ref_Arbor,C4.5,WcD0A001711080115_03.ce,10,0.21810260333241513,"{129, 2, 6, 12, 13, 135, 20, 193, 84, 92}"
ref_Arbor,C4.5,WcD0A001711080130_03.ce,81,0.23725978789803165,"{2, 4, 6, 9, 11, 13, 16, 20, 21, 25, 26, 27, 30, 31, 32, 33, 41, 46, 48, 55, 57, 58, 64, 67, 74, 75, 77, 78, 81, 86, 88, 89, 93, 95, 103, 104, 105, 106, 107, 109, 110, 111, 115, 116, 117, 118, 120, 121, 122, 123, 124, 125, 126, 127, 128, 130, 131, 132, 133, 134, 135, 136, 149, 150, 154, 156, 159, 160, 163, 164, 175, 176, 177, 178, 184, 185, 186, 187, 188, 189, 190}"
ref_Arbor,C4.5,WcD0A001711080145_03.ce,60,0.24399254824468644,"{7, 11, 12, 13, 14, 16, 17, 18, 19, 21, 22, 23, 24, 25, 26, 28, 29, 40, 46, 52, 54, 56, 58, 62, 63, 64, 65, 69, 70, 71, 74, 75, 79, 80, 85, 86, 87, 89, 102, 104, 107, 110, 113, 119, 120, 121, 131, 145, 146, 150, 151, 152, 167, 173, 182, 185, 186, 187, 188, 193}"
ref_Arbor,C4.4,WcD0A251711080200_01.ce,51,0.22733057312337257,"{1, 2, 3, 4, 17, 20, 25, 28, 29, 30, 31, 34, 35, 39, 62, 65, 66, 67, 71, 73, 86, 90, 92, 93, 95, 96, 97, 99, 100, 102, 103, 104, 105, 106, 108, 110, 111, 112, 119, 120, 121, 122, 123, 155, 166, 167, 168, 169, 172, 177, 180}"
ref_Arbor,C4.4,WcD0A251711080215_01.ce,23,0.2018678370436598,"{16, 23, 46, 47, 48, 49, 51, 59, 70, 71, 72, 84, 101, 102, 120, 121, 122, 123, 124, 153, 162, 173, 179}"
ref_Arbor,C4.4,WcD0A251711080230_01.ce,15,0.21170092477423744,"{16, 18, 19, 24, 26, 27, 30, 68, 72, 98, 120, 130, 160, 177, 184}"
ref_Arbor,C4.4,WcD0A251711080245_01.ce,15,0.22320084567436793,"{39, 48, 50, 58, 59, 60, 61, 67, 69, 75, 79, 165, 182, 187, 190}"
ref_Arbor,C4.5,WcD0A001711080200_03.ce,47,0.22686734190624444,"{1, 2, 3, 17, 19, 25, 28, 29, 30, 34, 38, 61, 62, 63, 64, 65, 66, 72, 85, 88, 90, 93, 94, 95, 96, 98, 99, 101, 102, 103, 104, 105, 107, 109, 110, 112, 118, 119, 120, 121, 122, 147, 165, 166, 170, 171, 177}"
ref_Arbor,C4.5,WcD0A001711080215_03.ce,21,0.20650675015886935,"{16, 23, 47, 48, 49, 51, 52, 70, 71, 72, 101, 102, 121, 122, 124, 125, 155, 162, 163, 179, 185}"
ref_Arbor,C4.5,WcD0A001711080230_03.ce,17,0.21496494686184486,"{1, 16, 18, 19, 22, 25, 26, 27, 30, 32, 85, 98, 108, 120, 136, 178, 185}"
ref_Arbor,C4.5,WcD0A001711080245_03.ce,13,0.226895487359384,"{136, 146, 164, 40, 190, 182, 58, 59, 60, 61, 68, 69, 75}"
ref_Arbor,C4.4,WcD0A251711080300_01.ce,21,0.2109781331937822,"{1, 2, 3, 4, 34, 35, 39, 41, 52, 68, 69, 106, 115, 136, 137, 140, 144, 145, 146, 162, 191}"
ref_Arbor,C4.4,WcD0A251711080315_01.ce,24,0.21476382887812687,"{3, 14, 15, 16, 20, 48, 51, 58, 61, 62, 63, 65, 66, 88, 118, 127, 158, 165, 166, 167, 170, 172, 173, 180}"
ref_Arbor,C4.4,WcD0A251711080330_01.ce,12,0.1954726816621022,"{21, 40, 54, 64, 76, 97, 98, 99, 115, 118, 125, 126}"
ref_Arbor,C4.4,WcD0A251711080345_01.ce,7,0.19745440864943792,"{40, 55, 105, 113, 122, 166, 182}"
ref_Arbor,C4.5,WcD0A001711080300_03.ce,21,0.2112265370579352,"{1, 2, 3, 4, 34, 35, 36, 39, 54, 64, 68, 69, 106, 115, 132, 133, 136, 144, 146, 158, 193}"
ref_Arbor,C4.5,WcD0A001711080315_03.ce,22,0.21914484303658777,"{13, 14, 15, 18, 19, 50, 61, 62, 65, 66, 69, 83, 117, 127, 148, 157, 164, 165, 166, 171, 172, 175}"
ref_Arbor,C4.5,WcD0A001711080330_03.ce,11,0.20274038881169368,"{29, 53, 54, 64, 76, 96, 98, 99, 126, 178, 184}"
ref_Arbor,C4.5,WcD0A001711080345_03.ce,9,0.20110040405397653,"{19, 20, 21, 182, 183, 57, 186, 87, 120}"
ref_Arbor,C4.4,WcD0A251711080400_01.ce,194,-1,"{1, 2, 3, 4, 5, 6, 7, 8, 9, 10, 11, 12, 13, 14, 15, 16, 17, 18, 19, 20, 21, 22, 23, 24, 25, 26, 27, 28, 29, 30, 31, 32, 33, 34, 35, 36, 37, 38, 39, 40, 41, 42, 43, 44, 45, 46, 47, 48, 49, 50, 51, 52, 53, 54, 55, 56, 57, 58, 59, 60, 61, 62, 63, 64, 65, 66, 67, 68, 69, 70, 71, 72, 73, 74, 75, 76, 77, 78, 79, 80, 81, 82, 83, 84, 85, 86, 87, 88, 89, 90, 91, 92, 93, 94, 95, 96, 97, 98, 99, 100, 101, 102, 103, 104, 105, 106, 107, 108, 109, 110, 111, 112, 113, 114, 115, 116, 117, 118, 119, 120, 121, 122, 123, 124, 125, 126, 127, 128, 129, 130, 131, 132, 133, 134, 135, 136, 137, 138, 139, 140, 141, 142, 143, 144, 145, 146, 147, 148, 149, 150, 151, 152, 153, 154, 155, 156, 157, 158, 159, 160, 161, 162, 163, 164, 165, 166, 167, 168, 169, 170, 171, 172, 173, 174, 175, 176, 177, 178, 179, 180, 181, 182, 183, 184, 185, 186, 187, 188, 189, 190, 191, 192, 193, 194}"
ref_Arbor,C4.4,WcD0A251711080415_01.ce,193,-1,"{1, 2, 3, 4, 5, 6, 7, 8, 9, 10, 11, 12, 13, 14, 15, 16, 17, 18, 19, 20, 21, 22, 23, 24, 25, 26, 27, 28, 29, 30, 31, 32, 33, 34, 35, 36, 37, 38, 39, 40, 41, 42, 43, 44, 45, 46, 47, 48, 49, 50, 51, 52, 53, 54, 55, 56, 57, 58, 59, 60, 61, 62, 63, 64, 65, 66, 67, 68, 69, 70, 71, 72, 73, 74, 75, 76, 77, 78, 79, 80, 81, 82, 83, 84, 85, 86, 87, 88, 89, 90, 91, 92, 93, 94, 95, 96, 97, 98, 99, 100, 101, 102, 103, 104, 105, 106, 107, 108, 109, 110, 111, 112, 113, 114, 115, 116, 117, 118, 119, 120, 121, 122, 123, 124, 125, 126, 127, 128, 129, 130, 131, 132, 133, 134, 135, 136, 137, 138, 139, 140, 141, 142, 143, 144, 145, 146, 147, 148, 149, 150, 151, 152, 153, 154, 155, 156, 157, 158, 159, 160, 161, 162, 163, 164, 165, 166, 167, 168, 169, 170, 171, 172, 173, 174, 175, 176, 177, 178, 179, 180, 181, 182, 183, 184, 185, 186, 187, 188, 189, 190, 191, 192, 193}"
ref_Arbor,C4.4,WcD0A251711080430_01.ce,193,-1,"{1, 2, 3, 4, 5, 6, 7, 8, 9, 10, 11, 12, 13, 14, 15, 16, 17, 18, 19, 20, 21, 22, 23, 24, 25, 26, 27, 28, 29, 30, 31, 32, 33, 34, 35, 36, 37, 38, 39, 40, 41, 42, 43, 44, 45, 46, 47, 48, 49, 50, 51, 52, 53, 54, 55, 56, 57, 58, 59, 60, 61, 62, 63, 64, 65, 66, 67, 68, 69, 70, 71, 72, 73, 74, 75, 76, 77, 78, 79, 80, 81, 82, 83, 84, 85, 86, 87, 88, 89, 90, 91, 92, 93, 94, 95, 96, 97, 98, 99, 100, 101, 102, 103, 104, 105, 106, 107, 108, 109, 110, 111, 112, 113, 114, 115, 116, 117, 118, 119, 120, 121, 122, 123, 124, 125, 126, 127, 128, 129, 130, 131, 132, 133, 134, 135, 136, 137, 138, 139, 140, 141, 142, 143, 144, 145, 146, 147, 148, 149, 150, 151, 152, 153, 154, 155, 156, 157, 158, 159, 160, 161, 162, 163, 164, 165, 166, 167, 168, 169, 170, 171, 172, 173, 174, 175, 176, 177, 178, 179, 180, 181, 182, 183, 184, 185, 186, 187, 188, 189, 190, 191, 192, 193}"
ref_Arbor,C4.4,WcD0A251711080445_01.ce,194,-1,"{1, 2, 3, 4, 5, 6, 7, 8, 9, 10, 11, 12, 13, 14, 15, 16, 17, 18, 19, 20, 21, 22, 23, 24, 25, 26, 27, 28, 29, 30, 31, 32, 33, 34, 35, 36, 37, 38, 39, 40, 41, 42, 43, 44, 45, 46, 47, 48, 49, 50, 51, 52, 53, 54, 55, 56, 57, 58, 59, 60, 61, 62, 63, 64, 65, 66, 67, 68, 69, 70, 71, 72, 73, 74, 75, 76, 77, 78, 79, 80, 81, 82, 83, 84, 85, 86, 87, 88, 89, 90, 91, 92, 93, 94, 95, 96, 97, 98, 99, 100, 101, 102, 103, 104, 105, 106, 107, 108, 109, 110, 111, 112, 113, 114, 115, 116, 117, 118, 119, 120, 121, 122, 123, 124, 125, 126, 127, 128, 129, 130, 131, 132, 133, 134, 135, 136, 137, 138, 139, 140, 141, 142, 143, 144, 145, 146, 147, 148, 149, 150, 151, 152, 153, 154, 155, 156, 157, 158, 159, 160, 161, 162, 163, 164, 165, 166, 167, 168, 169, 170, 171, 172, 173, 174, 175, 176, 177, 178, 179, 180, 181, 182, 183, 184, 185, 186, 187, 188, 189, 190, 191, 192, 193, 194}"
ref_Arbor,C4.5,WcD0A001711080400_03.ce,193,-1,"{1, 2, 3, 4, 5, 6, 7, 8, 9, 10, 11, 12, 13, 14, 15, 16, 17, 18, 19, 20, 21, 22, 23, 24, 25, 26, 27, 28, 29, 30, 31, 32, 33, 34, 35, 36, 37, 38, 39, 40, 41, 42, 43, 44, 45, 46, 47, 48, 49, 50, 51, 52, 53, 54, 55, 56, 57, 58, 59, 60, 61, 62, 63, 64, 65, 66, 67, 68, 69, 70, 71, 72, 73, 74, 75, 76, 77, 78, 79, 80, 81, 82, 83, 84, 85, 86, 87, 88, 89, 90, 91, 92, 93, 94, 95, 96, 97, 98, 99, 100, 101, 102, 103, 104, 105, 106, 107, 108, 109, 110, 111, 112, 113, 114, 115, 116, 117, 118, 119, 120, 121, 122, 123, 124, 125, 126, 127, 128, 129, 130, 131, 132, 133, 134, 135, 136, 137, 138, 139, 140, 141, 142, 143, 144, 145, 146, 147, 148, 149, 150, 151, 152, 153, 154, 155, 156, 157, 158, 159, 160, 161, 162, 163, 164, 165, 166, 167, 168, 169, 170, 171, 172, 173, 174, 175, 176, 177, 178, 179, 180, 181, 182, 183, 184, 185, 186, 187, 188, 189, 190, 191, 192, 193}"
ref_Arbor,C4.5,WcD0A001711080415_03.ce,193,-1,"{1, 2, 3, 4, 5, 6, 7, 8, 9, 10, 11, 12, 13, 14, 15, 16, 17, 18, 19, 20, 21, 22, 23, 24, 25, 26, 27, 28, 29, 30, 31, 32, 33, 34, 35, 36, 37, 38, 39, 40, 41, 42, 43, 44, 45, 46, 47, 48, 49, 50, 51, 52, 53, 54, 55, 56, 57, 58, 59, 60, 61, 62, 63, 64, 65, 66, 67, 68, 69, 70, 71, 72, 73, 74, 75, 76, 77, 78, 79, 80, 81, 82, 83, 84, 85, 86, 87, 88, 89, 90, 91, 92, 93, 94, 95, 96, 97, 98, 99, 100, 101, 102, 103, 104, 105, 106, 107, 108, 109, 110, 111, 112, 113, 114, 115, 116, 117, 118, 119, 120, 121, 122, 123, 124, 125, 126, 127, 128, 129, 130, 131, 132, 133, 134, 135, 136, 137, 138, 139, 140, 141, 142, 143, 144, 145, 146, 147, 148, 149, 150, 151, 152, 153, 154, 155, 156, 157, 158, 159, 160, 161, 162, 163, 164, 165, 166, 167, 168, 169, 170, 171, 172, 173, 174, 175, 176, 177, 178, 179, 180, 181, 182, 183, 184, 185, 186, 187, 188, 189, 190, 191, 192, 193}"
ref_Arbor,C4.5,WcD0A001711080430_03.ce,194,-1,"{1, 2, 3, 4, 5, 6, 7, 8, 9, 10, 11, 12, 13, 14, 15, 16, 17, 18, 19, 20, 21, 22, 23, 24, 25, 26, 27, 28, 29, 30, 31, 32, 33, 34, 35, 36, 37, 38, 39, 40, 41, 42, 43, 44, 45, 46, 47, 48, 49, 50, 51, 52, 53, 54, 55, 56, 57, 58, 59, 60, 61, 62, 63, 64, 65, 66, 67, 68, 69, 70, 71, 72, 73, 74, 75, 76, 77, 78, 79, 80, 81, 82, 83, 84, 85, 86, 87, 88, 89, 90, 91, 92, 93, 94, 95, 96, 97, 98, 99, 100, 101, 102, 103, 104, 105, 106, 107, 108, 109, 110, 111, 112, 113, 114, 115, 116, 117, 118, 119, 120, 121, 122, 123, 124, 125, 126, 127, 128, 129, 130, 131, 132, 133, 134, 135, 136, 137, 138, 139, 140, 141, 142, 143, 144, 145, 146, 147, 148, 149, 150, 151, 152, 153, 154, 155, 156, 157, 158, 159, 160, 161, 162, 163, 164, 165, 166, 167, 168, 169, 170, 171, 172, 173, 174, 175, 176, 177, 178, 179, 180, 181, 182, 183, 184, 185, 186, 187, 188, 189, 190, 191, 192, 193, 194}"
ref_Arbor,C4.5,WcD0A001711080445_03.ce,193,-1,"{1, 2, 3, 4, 5, 6, 7, 8, 9, 10, 11, 12, 13, 14, 15, 16, 17, 18, 19, 20, 21, 22, 23, 24, 25, 26, 27, 28, 29, 30, 31, 32, 33, 34, 35, 36, 37, 38, 39, 40, 41, 42, 43, 44, 45, 46, 47, 48, 49, 50, 51, 52, 53, 54, 55, 56, 57, 58, 59, 60, 61, 62, 63, 64, 65, 66, 67, 68, 69, 70, 71, 72, 73, 74, 75, 76, 77, 78, 79, 80, 81, 82, 83, 84, 85, 86, 87, 88, 89, 90, 91, 92, 93, 94, 95, 96, 97, 98, 99, 100, 101, 102, 103, 104, 105, 106, 107, 108, 109, 110, 111, 112, 113, 114, 115, 116, 117, 118, 119, 120, 121, 122, 123, 124, 125, 126, 127, 128, 129, 130, 131, 132, 133, 134, 135, 136, 137, 138, 139, 140, 141, 142, 143, 144, 145, 146, 147, 148, 149, 150, 151, 152, 153, 154, 155, 156, 157, 158, 159, 160, 161, 162, 163, 164, 165, 166, 167, 168, 169, 170, 171, 172, 173, 174, 175, 176, 177, 178, 179, 180, 181, 182, 183, 184, 185, 186, 187, 188, 189, 190, 191, 192, 193}"
ref_Arbor,C4.4,WcD0A251711080500_01.ce,76,0.2440116266470083,"{1, 2, 3, 4, 5, 6, 7, 8, 9, 10, 11, 12, 13, 14, 15, 16, 17, 20, 33, 34, 35, 38, 41, 43, 47, 48, 49, 50, 53, 55, 57, 59, 61, 62, 63, 72, 73, 74, 77, 79, 80, 81, 82, 83, 84, 85, 86, 87, 88, 89, 90, 91, 92, 93, 98, 103, 104, 107, 110, 113, 114, 115, 122, 136, 141, 143, 148, 149, 150, 151, 152, 155, 161, 162, 172, 190}"
ref_Arbor,C4.4,WcD0A251711080515_01.ce,70,0.2509726330718422,"{5, 9, 10, 13, 14, 15, 16, 17, 18, 19, 20, 21, 22, 23, 24, 27, 28, 30, 31, 32, 33, 34, 35, 36, 38, 39, 41, 42, 43, 44, 45, 48, 49, 50, 51, 52, 57, 68, 71, 80, 92, 93, 94, 95, 97, 103, 104, 105, 107, 108, 110, 122, 123, 128, 129, 130, 131, 132, 134, 136, 137, 138, 139, 149, 151, 157, 163, 164, 185, 186}"
ref_Arbor,C4.4,WcD0A251711080530_01.ce,43,0.2452112039037544,"{1, 4, 10, 16, 17, 20, 22, 23, 37, 42, 43, 50, 51, 58, 59, 60, 61, 64, 66, 67, 68, 69, 70, 71, 73, 76, 77, 78, 81, 83, 84, 94, 102, 109, 111, 117, 124, 128, 132, 142, 145, 150, 191}"
ref_Arbor,C4.4,WcD0A251711080545_01.ce,17,0.2231086004123549,"{2, 46, 48, 62, 84, 93, 94, 95, 121, 132, 144, 151, 165, 178, 189, 192, 193}"
ref_Arbor,C4.5,WcD0A001711080500_03.ce,78,0.24958441725372718,"{1, 2, 3, 4, 5, 6, 7, 8, 9, 10, 11, 12, 13, 14, 15, 16, 17, 31, 34, 35, 39, 43, 47, 49, 50, 52, 53, 54, 55, 57, 59, 60, 61, 63, 64, 66, 73, 74, 76, 77, 78, 79, 80, 81, 82, 83, 84, 85, 86, 87, 89, 90, 91, 92, 93, 99, 104, 106, 107, 114, 116, 122, 141, 142, 143, 145, 149, 150, 151, 154, 155, 156, 157, 159, 160, 172, 185, 190}"
ref_Arbor,C4.5,WcD0A001711080515_03.ce,74,0.2534697979474985,"{7, 10, 11, 14, 15, 16, 17, 18, 20, 21, 22, 23, 25, 27, 28, 29, 30, 31, 32, 34, 35, 36, 39, 41, 42, 43, 44, 45, 46, 47, 48, 49, 50, 51, 52, 57, 71, 72, 90, 92, 93, 94, 95, 96, 100, 104, 105, 106, 107, 108, 110, 118, 122, 123, 124, 129, 130, 131, 132, 133, 134, 136, 137, 138, 139, 151, 157, 163, 164, 165, 181, 186, 193, 194}"
ref_Arbor,C4.5,WcD0A001711080530_03.ce,49,0.240213568672834,"{3, 8, 9, 16, 19, 20, 21, 22, 35, 37, 41, 42, 49, 50, 53, 54, 56, 58, 59, 60, 61, 65, 66, 67, 68, 69, 72, 73, 75, 76, 77, 79, 80, 82, 84, 92, 93, 101, 116, 118, 119, 120, 129, 135, 141, 144, 149, 150, 173}"
ref_Arbor,C4.5,WcD0A001711080545_03.ce,12,0.2281793335643014,"{2, 3, 49, 94, 95, 128, 140, 144, 151, 166, 167, 193}"
ref_Arbor,C4.4,WcD0A251711080600_01.ce,27,0.2370723423589481,"{1, 2, 3, 4, 7, 9, 11, 16, 25, 30, 40, 42, 43, 44, 45, 48, 52, 60, 61, 64, 65, 107, 120, 121, 123, 143, 156}"
ref_Arbor,C4.4,WcD0A251711080615_01.ce,25,0.2108676774932546,"{7, 9, 10, 13, 18, 29, 46, 54, 57, 64, 65, 93, 94, 95, 134, 135, 151, 180, 181, 182, 183, 184, 187, 190, 192}"
ref_Arbor,C4.4,WcD0A251711080630_01.ce,10,0.21446970360667839,"{2, 14, 23, 43, 52, 74, 90, 131, 144, 187}"
ref_Arbor,C4.4,WcD0A251711080645_01.ce,26,0.22508001127799981,"{5, 6, 7, 8, 9, 10, 11, 12, 13, 14, 15, 16, 19, 24, 30, 37, 99, 100, 102, 104, 113, 138, 175, 176, 177, 180}"
ref_Arbor,C4.5,WcD0A001711080600_03.ce,31,0.2370039446856497,"{1, 2, 3, 4, 5, 7, 8, 11, 15, 20, 24, 31, 40, 42, 43, 44, 48, 53, 60, 61, 64, 65, 81, 83, 88, 97, 109, 121, 123, 124, 166}"
ref_Arbor,C4.5,WcD0A001711080615_03.ce,32,0.21034411470951955,"{9, 14, 15, 18, 20, 29, 33, 43, 46, 47, 54, 55, 57, 58, 64, 65, 72, 94, 96, 97, 135, 143, 144, 159, 161, 166, 181, 183, 184, 187, 190, 192}"
ref_Arbor,C4.5,WcD0A001711080630_03.ce,7,0.21836160642102917,"{12, 172, 56, 188, 74, 75, 124}"
ref_Arbor,C4.5,WcD0A001711080645_03.ce,27,0.2272213885675579,"{4, 5, 6, 7, 8, 9, 10, 11, 12, 13, 14, 15, 29, 46, 99, 100, 101, 102, 103, 111, 112, 155, 174, 175, 176, 179, 180}"
ref_Arbor,C4.4,WcD0A251711080700_01.ce,28,0.22017955279621793,"{1, 2, 3, 15, 16, 21, 62, 79, 80, 83, 84, 92, 93, 105, 106, 126, 127, 128, 129, 131, 136, 158, 169, 170, 171, 172, 175, 189}"
ref_Arbor,C4.4,WcD0A251711080715_01.ce,19,0.218177918616183,"{4, 5, 10, 13, 16, 24, 27, 32, 50, 80, 81, 107, 113, 114, 137, 143, 148, 152, 191}"
ref_Arbor,C4.4,WcD0A251711080730_01.ce,10,0.210124737313229,"{23, 45, 46, 47, 60, 75, 85, 90, 132, 156}"
ref_Arbor,C4.4,WcD0A251711080745_01.ce,6,0.19412582203950998,"{9, 10, 13, 52, 55, 60}"
ref_Arbor,C4.5,WcD0A001711080700_03.ce,23,0.22214815149765685,"{1, 2, 3, 4, 15, 16, 62, 79, 91, 106, 126, 127, 128, 129, 130, 148, 154, 156, 161, 169, 170, 171, 172}"
ref_Arbor,C4.5,WcD0A001711080715_03.ce,17,0.22473850785400187,"{5, 6, 7, 13, 14, 25, 29, 81, 114, 132, 134, 139, 144, 148, 186, 187, 193}"
ref_Arbor,C4.5,WcD0A001711080730_03.ce,13,0.20897810641144954,"{4, 22, 44, 45, 46, 74, 75, 103, 106, 129, 130, 132, 155}"
ref_Arbor,C4.5,WcD0A001711080745_03.ce,6,0.19490684415276216,"{13, 51, 56, 58, 110, 187}"
ref_Arbor,C4.4,WcD0A251711080800_01.ce,12,0.2066912810063356,"{1, 2, 3, 4, 95, 100, 134, 152, 167, 186, 188, 190}"
ref_Arbor,C4.4,WcD0A251711080815_01.ce,37,0.23684518165553609,"{8, 9, 10, 11, 12, 16, 17, 20, 21, 22, 24, 26, 27, 41, 42, 46, 52, 69, 70, 103, 104, 120, 139, 145, 151, 156, 173, 174, 175, 176, 178, 181, 183, 186, 192, 193, 194}"
ref_Arbor,C4.4,WcD0A251711080830_01.ce,35,0.22005967801834342,"{1, 6, 8, 12, 15, 17, 19, 20, 60, 61, 63, 64, 65, 66, 71, 82, 90, 93, 97, 99, 100, 101, 109, 112, 119, 121, 157, 158, 159, 176, 177, 189, 190, 191, 192}"
ref_Arbor,C4.4,WcD0A251711080845_01.ce,45,0.2357427220239171,"{4, 10, 11, 12, 13, 14, 17, 21, 22, 23, 24, 26, 38, 41, 48, 51, 77, 78, 89, 91, 94, 95, 100, 101, 102, 103, 105, 106, 108, 111, 112, 113, 114, 115, 117, 118, 119, 120, 121, 122, 123, 140, 141, 185, 186}"
ref_Arbor,C4.5,WcD0A001711080800_03.ce,9,0.20963927445339187,"{1, 2, 3, 4, 103, 134, 152, 167, 186}"
ref_Arbor,C4.5,WcD0A001711080815_03.ce,37,0.23890290856799432,"{7, 8, 9, 10, 11, 12, 15, 16, 19, 20, 21, 22, 23, 24, 25, 26, 39, 41, 69, 103, 119, 123, 137, 139, 144, 172, 173, 174, 175, 177, 180, 184, 185, 186, 188, 192, 193}"
ref_Arbor,C4.5,WcD0A001711080830_03.ce,26,0.22675547582723488,"{1, 18, 61, 63, 64, 65, 66, 72, 83, 94, 96, 97, 100, 101, 102, 106, 107, 112, 158, 159, 160, 176, 177, 190, 191, 192}"
ref_Arbor,C4.5,WcD0A001711080845_03.ce,51,0.23288009188695455,"{4, 10, 11, 12, 13, 14, 20, 21, 22, 23, 24, 28, 29, 39, 41, 43, 48, 49, 51, 52, 66, 77, 78, 88, 89, 90, 91, 94, 95, 100, 101, 103, 104, 105, 106, 107, 112, 113, 114, 116, 117, 118, 119, 120, 121, 122, 123, 124, 140, 141, 151}"
ref_Arbor,C4.4,WcD0A251711080900_01.ce,27,0.21066269023250983,"{1, 2, 3, 4, 15, 18, 21, 22, 23, 24, 25, 26, 30, 31, 46, 51, 52, 74, 76, 112, 147, 148, 150, 166, 172, 179, 189}"
ref_Arbor,C4.4,WcD0A251711080915_01.ce,23,0.20492459363682078,"{23, 35, 37, 39, 40, 41, 50, 52, 54, 72, 76, 80, 82, 107, 129, 132, 133, 168, 169, 170, 186, 188, 190}"
ref_Arbor,C4.4,WcD0A251711080930_01.ce,33,0.23050242351188704,"{1, 2, 3, 7, 13, 14, 25, 55, 56, 57, 58, 59, 63, 84, 94, 105, 130, 131, 132, 135, 137, 140, 142, 144, 145, 150, 151, 154, 162, 163, 164, 166, 188}"
ref_Arbor,C4.4,WcD0A251711080945_01.ce,12,0.21660048535897283,"{52, 55, 57, 61, 70, 73, 76, 77, 85, 169, 177, 191}"
ref_Arbor,C4.5,WcD0A001711080900_03.ce,25,0.2127582041934422,"{1, 2, 3, 12, 14, 19, 20, 21, 22, 24, 25, 26, 27, 29, 30, 50, 51, 68, 75, 111, 118, 146, 147, 149, 165}"
ref_Arbor,C4.5,WcD0A001711080915_03.ce,19,0.208936348274274,"{23, 40, 41, 50, 54, 76, 77, 79, 80, 103, 107, 115, 132, 133, 138, 168, 170, 189, 192}"
ref_Arbor,C4.5,WcD0A001711080930_03.ce,34,0.2297723661119318,"{1, 2, 3, 13, 14, 26, 34, 55, 56, 57, 58, 90, 94, 103, 113, 123, 124, 130, 131, 132, 135, 137, 140, 143, 146, 150, 151, 152, 162, 163, 164, 174, 188, 192}"
ref_Arbor,C4.5,WcD0A001711080945_03.ce,17,0.216077687146905,"{9, 53, 55, 57, 58, 60, 66, 76, 79, 84, 125, 130, 154, 159, 174, 176, 190}"
ref_Arbor,C4.4,WcD0A251711081000_01.ce,27,0.24061564158664964,"{1, 2, 3, 4, 19, 22, 28, 29, 30, 63, 80, 101, 124, 127, 129, 132, 138, 139, 152, 157, 167, 169, 170, 171, 172, 173, 180}"
ref_Arbor,C4.4,WcD0A251711081015_01.ce,0,-1,set()
ref_Arbor,C4.4,WcD0A251711081030_01.ce,29,0.2254597666264199,"{4, 5, 17, 18, 19, 20, 32, 34, 35, 36, 37, 38, 39, 46, 47, 52, 53, 57, 58, 109, 150, 152, 153, 154, 159, 174, 175, 176, 177}"
ref_Arbor,C4.4,WcD0A251711081045_01.ce,13,0.21824798148754773,"{41, 44, 74, 78, 80, 86, 92, 93, 94, 120, 121, 182, 194}"
ref_Arbor,C4.5,WcD0A001711081000_03.ce,33,0.24312126913543247,"{1, 2, 3, 4, 19, 28, 29, 30, 45, 67, 82, 124, 127, 128, 129, 130, 139, 140, 142, 144, 146, 152, 156, 158, 166, 168, 171, 172, 173, 188, 189, 192, 193}"
ref_Arbor,C4.5,WcD0A001711081015_03.ce,1,0.21637491516454263,{5}
ref_Arbor,C4.5,WcD0A001711081030_03.ce,35,0.2226337748435717,"{4, 5, 12, 17, 18, 19, 20, 27, 32, 34, 35, 36, 38, 39, 40, 45, 52, 53, 57, 58, 78, 82, 102, 109, 113, 114, 119, 147, 148, 151, 152, 153, 154, 176, 177}"
ref_Arbor,C4.5,WcD0A001711081045_03.ce,12,0.2195511456278847,"{74, 77, 80, 81, 85, 87, 92, 120, 135, 136, 165, 181}"
ref_Arbor,C4.4,WcD0A251711081100_01.ce,18,0.23257761317214207,"{1, 2, 3, 28, 42, 83, 84, 93, 96, 97, 98, 99, 102, 112, 113, 145, 155, 165}"
ref_Arbor,C4.4,WcD0A251711081115_01.ce,38,0.2132343435718856,"{5, 8, 23, 27, 37, 38, 39, 41, 42, 43, 45, 47, 48, 51, 52, 55, 58, 59, 60, 61, 62, 63, 67, 72, 73, 74, 86, 102, 115, 116, 117, 139, 140, 146, 147, 148, 165, 189}"
ref_Arbor,C4.4,WcD0A251711081130_01.ce,60,0.24873366659035234,"{9, 19, 20, 24, 25, 26, 27, 29, 36, 37, 38, 39, 40, 43, 46, 47, 48, 50, 51, 52, 54, 55, 57, 58, 59, 68, 69, 70, 71, 73, 77, 78, 79, 80, 81, 95, 96, 97, 98, 100, 113, 115, 123, 125, 126, 127, 141, 144, 145, 146, 161, 162, 168, 170, 172, 177, 179, 186, 190, 191}"
ref_Arbor,C4.4,WcD0A251711081145_01.ce,63,0.2600415282264239,"{2, 6, 9, 16, 18, 23, 37, 44, 47, 57, 58, 65, 66, 67, 68, 71, 73, 74, 75, 76, 79, 83, 84, 86, 92, 94, 95, 100, 101, 102, 103, 104, 109, 110, 112, 113, 114, 115, 116, 117, 118, 119, 120, 121, 122, 123, 124, 126, 127, 142, 147, 155, 158, 161, 163, 165, 166, 169, 173, 178, 181, 185, 186}"
ref_Arbor,C4.5,WcD0A001711081100_03.ce,21,0.23722224010221568,"{1, 2, 3, 60, 62, 83, 84, 94, 97, 98, 99, 102, 103, 112, 113, 114, 147, 155, 168, 179, 187}"
ref_Arbor,C4.5,WcD0A001711081115_03.ce,31,0.2189782870865811,"{22, 23, 27, 37, 38, 39, 41, 42, 43, 48, 49, 52, 55, 59, 60, 61, 62, 63, 67, 73, 74, 84, 86, 99, 116, 117, 118, 140, 146, 148, 172}"
ref_Arbor,C4.5,WcD0A001711081130_03.ce,56,0.24619888592610192,"{9, 11, 19, 20, 25, 35, 36, 37, 38, 39, 40, 42, 43, 49, 50, 51, 53, 54, 56, 58, 68, 70, 72, 76, 77, 78, 80, 81, 90, 94, 95, 96, 98, 99, 100, 116, 122, 123, 125, 126, 138, 141, 144, 145, 160, 169, 170, 178, 184, 185, 186, 187, 188, 189, 190, 193}"
ref_Arbor,C4.5,WcD0A001711081145_03.ce,63,0.25317603760208884,"{1, 3, 5, 8, 37, 52, 64, 65, 66, 67, 68, 70, 71, 74, 75, 76, 77, 80, 83, 84, 85, 86, 87, 91, 92, 96, 100, 101, 102, 103, 104, 109, 110, 111, 112, 113, 114, 115, 116, 117, 118, 120, 121, 122, 123, 124, 126, 134, 141, 142, 143, 147, 148, 155, 158, 163, 165, 166, 169, 170, 173, 185, 186}"
ref_Arbor,C4.4,WcD0A251711081200_01.ce,81,0.2536346748766699,"{1, 2, 3, 4, 5, 12, 17, 18, 19, 21, 22, 23, 24, 25, 26, 27, 28, 29, 30, 31, 32, 34, 37, 38, 39, 40, 41, 45, 46, 47, 48, 49, 50, 51, 52, 54, 55, 56, 57, 58, 59, 60, 61, 62, 63, 64, 75, 76, 86, 92, 95, 96, 97, 98, 100, 103, 105, 106, 107, 109, 110, 111, 112, 114, 116, 141, 155, 156, 157, 172, 173, 174, 176, 177, 178, 181, 182, 184, 191, 192, 193}"
ref_Arbor,C4.4,WcD0A251711081215_01.ce,72,0.2557553919928705,"{2, 3, 4, 9, 10, 11, 12, 13, 14, 16, 17, 18, 21, 22, 23, 24, 25, 26, 27, 28, 29, 30, 32, 34, 35, 37, 38, 41, 43, 44, 45, 50, 56, 59, 60, 67, 71, 73, 78, 79, 94, 95, 101, 103, 105, 106, 107, 110, 111, 112, 113, 114, 125, 128, 130, 131, 134, 135, 136, 156, 176, 178, 179, 180, 181, 182, 183, 184, 185, 190, 191, 193}"
ref_Arbor,C4.4,WcD0A251711081230_01.ce,65,0.26218432225896143,"{8, 10, 11, 16, 17, 19, 20, 21, 31, 32, 34, 35, 36, 37, 38, 39, 40, 41, 42, 43, 44, 45, 50, 51, 53, 54, 59, 65, 66, 70, 71, 72, 81, 82, 84, 85, 86, 89, 90, 91, 92, 93, 94, 95, 96, 102, 105, 108, 132, 134, 146, 152, 156, 157, 158, 159, 160, 161, 162, 163, 165, 166, 184, 191, 192}"
ref_Arbor,C4.4,WcD0A251711081245_01.ce,78,0.2542984798088933,"{1, 2, 4, 5, 6, 7, 8, 10, 11, 16, 18, 19, 35, 37, 39, 40, 42, 43, 44, 46, 48, 51, 53, 54, 55, 57, 59, 60, 61, 62, 63, 64, 65, 67, 68, 69, 70, 76, 77, 81, 83, 89, 91, 109, 110, 111, 126, 127, 128, 130, 131, 132, 140, 141, 142, 145, 146, 147, 148, 153, 155, 156, 157, 158, 159, 160, 162, 163, 164, 165, 166, 168, 169, 176, 177, 178, 179, 182}"
ref_Arbor,C4.5,WcD0A001711081200_03.ce,84,0.2560774743914606,"{1, 2, 3, 4, 17, 18, 19, 22, 23, 24, 25, 27, 28, 29, 30, 31, 32, 34, 35, 37, 38, 39, 40, 41, 43, 44, 45, 46, 47, 48, 49, 50, 51, 54, 56, 57, 58, 59, 60, 61, 62, 63, 64, 65, 68, 76, 77, 92, 96, 97, 98, 105, 106, 107, 109, 110, 111, 112, 114, 115, 117, 140, 142, 144, 155, 157, 159, 164, 165, 172, 173, 174, 175, 176, 177, 179, 181, 182, 183, 184, 191, 192, 193, 194}"
ref_Arbor,C4.5,WcD0A001711081215_03.ce,70,0.2572778076853516,"{1, 2, 3, 10, 11, 12, 13, 16, 17, 21, 22, 24, 26, 27, 28, 29, 31, 32, 34, 37, 38, 41, 42, 44, 51, 52, 54, 55, 56, 58, 59, 60, 72, 77, 82, 83, 91, 93, 94, 96, 103, 104, 105, 106, 107, 109, 110, 111, 112, 113, 114, 125, 129, 130, 134, 135, 155, 156, 164, 175, 177, 178, 179, 180, 182, 183, 187, 189, 190, 191}"
ref_Arbor,C4.5,WcD0A001711081230_03.ce,66,0.2599030667773572,"{8, 16, 20, 21, 23, 31, 32, 33, 35, 36, 37, 38, 39, 40, 43, 44, 45, 50, 51, 54, 57, 65, 66, 68, 70, 71, 72, 81, 82, 84, 85, 86, 89, 90, 91, 92, 93, 94, 95, 102, 104, 105, 107, 120, 147, 149, 152, 156, 157, 159, 160, 161, 162, 163, 165, 166, 167, 170, 171, 179, 180, 182, 184, 188, 192, 193}"
ref_Arbor,C4.5,WcD0A001711081245_03.ce,76,0.25811971288543567,"{1, 4, 5, 7, 8, 9, 10, 11, 17, 19, 20, 38, 43, 44, 45, 46, 47, 48, 51, 53, 54, 55, 56, 58, 59, 60, 61, 62, 63, 64, 66, 68, 69, 77, 78, 90, 95, 97, 99, 110, 113, 123, 128, 129, 130, 131, 132, 133, 136, 139, 141, 142, 145, 146, 147, 148, 149, 153, 154, 156, 157, 158, 159, 161, 163, 164, 165, 166, 168, 170, 175, 176, 177, 178, 179, 182}"
ref_Arbor,C4.4,WcD0A251711081300_01.ce,53,0.23223445459945666,"{1, 2, 3, 4, 5, 6, 9, 10, 12, 17, 24, 28, 33, 36, 40, 41, 42, 43, 50, 51, 52, 58, 60, 61, 76, 79, 84, 103, 105, 110, 111, 113, 114, 133, 160, 163, 164, 165, 166, 169, 170, 171, 172, 177, 179, 181, 182, 183, 184, 185, 189, 190, 192}"
ref_Arbor,C4.4,WcD0A251711081315_01.ce,46,0.24381924595590818,"{7, 8, 23, 24, 25, 26, 29, 30, 35, 44, 45, 56, 60, 63, 64, 71, 80, 86, 89, 93, 95, 98, 99, 101, 102, 104, 112, 126, 130, 131, 132, 133, 134, 135, 136, 137, 141, 156, 160, 176, 177, 178, 180, 182, 183, 185}"
ref_Arbor,C4.4,WcD0A251711081330_01.ce,41,0.22753063674138935,"{4, 5, 6, 7, 13, 14, 23, 25, 26, 32, 71, 80, 81, 88, 92, 93, 96, 97, 98, 99, 103, 104, 109, 110, 111, 112, 113, 114, 116, 131, 133, 134, 136, 143, 144, 145, 149, 180, 184, 192, 193}"
ref_Arbor,C4.4,WcD0A251711081345_01.ce,60,0.24613405153042264,"{1, 2, 11, 17, 20, 21, 22, 25, 35, 36, 41, 43, 44, 49, 50, 51, 52, 54, 55, 56, 59, 79, 81, 82, 86, 89, 90, 91, 93, 94, 95, 96, 97, 101, 114, 115, 116, 117, 134, 135, 136, 137, 138, 139, 140, 156, 159, 160, 161, 165, 168, 170, 171, 173, 182, 183, 184, 186, 187, 188}"
ref_Arbor,C4.5,WcD0A001711081300_03.ce,53,0.23151808504478838,"{1, 2, 3, 4, 5, 8, 11, 15, 17, 23, 24, 27, 28, 34, 35, 40, 41, 42, 43, 50, 51, 57, 58, 59, 60, 76, 83, 84, 102, 103, 104, 105, 110, 112, 113, 120, 129, 132, 160, 161, 163, 165, 166, 170, 171, 178, 179, 180, 181, 182, 189, 190, 191}"
ref_Arbor,C4.5,WcD0A001711081315_03.ce,55,0.23719463696753007,"{8, 9, 24, 25, 30, 35, 38, 42, 44, 45, 46, 56, 57, 58, 60, 64, 70, 71, 72, 74, 80, 86, 88, 89, 90, 93, 94, 96, 99, 100, 102, 103, 112, 116, 130, 131, 132, 133, 134, 135, 136, 137, 138, 139, 140, 142, 160, 161, 175, 177, 178, 180, 182, 183, 185}"
ref_Arbor,C4.5,WcD0A001711081330_03.ce,43,0.22979693322161382,"{3, 4, 5, 6, 8, 13, 14, 18, 24, 26, 27, 43, 69, 81, 82, 88, 93, 96, 97, 99, 103, 104, 105, 109, 111, 112, 113, 114, 115, 131, 133, 134, 135, 136, 144, 145, 146, 155, 178, 180, 192, 193, 194}"
ref_Arbor,C4.5,WcD0A001711081345_03.ce,52,0.2518484851038113,"{2, 10, 19, 20, 22, 35, 41, 42, 43, 45, 47, 48, 50, 51, 52, 53, 54, 55, 60, 65, 69, 78, 81, 89, 90, 91, 93, 94, 95, 96, 100, 102, 113, 114, 115, 117, 130, 134, 135, 136, 137, 138, 139, 153, 156, 158, 165, 180, 181, 182, 183, 184}"
ref_Arbor,C4.4,WcD0A251711081400_01.ce,57,0.23733310154379014,"{1, 2, 3, 17, 18, 19, 20, 21, 25, 36, 38, 39, 53, 54, 58, 59, 60, 63, 66, 74, 83, 97, 106, 109, 110, 111, 115, 116, 117, 118, 119, 120, 126, 132, 136, 138, 139, 140, 143, 154, 155, 157, 158, 159, 160, 161, 166, 167, 170, 171, 177, 178, 184, 186, 187, 191, 192}"
ref_Arbor,C4.4,WcD0A251711081415_01.ce,60,0.26562477832215553,"{1, 9, 10, 12, 16, 18, 23, 25, 26, 30, 38, 41, 42, 43, 44, 46, 69, 71, 73, 78, 79, 80, 81, 84, 86, 100, 101, 102, 104, 107, 108, 111, 112, 113, 115, 116, 117, 118, 127, 133, 134, 137, 139, 141, 142, 149, 152, 153, 154, 160, 161, 166, 170, 174, 175, 176, 179, 183, 187, 193}"
ref_Arbor,C4.4,WcD0A251711081430_01.ce,20,0.2119566375736209,"{4, 8, 24, 25, 26, 47, 48, 50, 51, 54, 57, 90, 100, 162, 173, 176, 184, 188, 189, 192}"
ref_Arbor,C4.4,WcD0A251711081445_01.ce,50,0.2209203152694682,"{1, 3, 4, 5, 8, 11, 12, 13, 14, 22, 24, 26, 28, 37, 46, 60, 62, 63, 64, 65, 95, 105, 120, 124, 128, 136, 137, 138, 139, 140, 144, 155, 158, 160, 171, 174, 175, 176, 177, 179, 180, 182, 183, 185, 186, 187, 188, 189, 191, 193}"
ref_Arbor,C4.5,WcD0A001711081400_03.ce,68,0.2307673747461881,"{1, 2, 3, 4, 5, 10, 17, 18, 19, 20, 21, 23, 31, 37, 38, 39, 54, 55, 58, 60, 63, 66, 69, 72, 74, 75, 82, 83, 84, 85, 94, 98, 101, 102, 112, 115, 116, 117, 118, 119, 120, 121, 128, 132, 135, 139, 140, 141, 143, 146, 155, 157, 158, 159, 160, 167, 168, 169, 170, 177, 178, 184, 185, 187, 188, 191, 192, 194}"
ref_Arbor,C4.5,WcD0A001711081415_03.ce,71,0.2641714988489598,"{8, 10, 11, 16, 17, 24, 25, 26, 31, 34, 37, 39, 40, 41, 42, 43, 45, 73, 77, 78, 79, 80, 83, 84, 86, 99, 101, 103, 106, 107, 108, 109, 110, 111, 113, 115, 116, 117, 122, 126, 127, 131, 133, 135, 136, 138, 140, 141, 142, 143, 144, 146, 149, 151, 152, 153, 155, 158, 159, 160, 164, 165, 173, 174, 176, 178, 179, 184, 186, 188, 191}"
ref_Arbor,C4.5,WcD0A001711081430_03.ce,21,0.21574310275022585,"{4, 22, 47, 50, 53, 56, 75, 85, 87, 89, 90, 102, 166, 171, 172, 174, 183, 187, 188, 189, 191}"
ref_Arbor,C4.5,WcD0A001711081445_03.ce,48,0.22541424019171358,"{1, 2, 4, 5, 7, 8, 14, 15, 23, 28, 31, 38, 41, 46, 48, 60, 62, 63, 64, 65, 92, 101, 105, 115, 120, 131, 136, 137, 138, 139, 140, 144, 158, 171, 172, 175, 177, 179, 180, 181, 182, 183, 187, 188, 189, 190, 193, 194}"
ref_Arbor,C4.4,WcD0A251711081500_01.ce,56,0.24185964864550533,"{1, 2, 3, 4, 7, 16, 28, 29, 35, 46, 62, 64, 65, 67, 68, 72, 74, 75, 76, 77, 80, 106, 107, 108, 120, 121, 122, 123, 124, 125, 126, 127, 128, 129, 132, 133, 135, 136, 137, 139, 140, 141, 148, 155, 156, 157, 161, 167, 168, 169, 170, 171, 172, 173, 174, 175}"
ref_Arbor,C4.4,WcD0A251711081515_01.ce,54,0.2509380839560582,"{9, 10, 19, 20, 21, 22, 29, 31, 32, 33, 34, 35, 42, 60, 61, 62, 64, 81, 86, 92, 93, 98, 104, 108, 116, 117, 122, 123, 124, 127, 128, 134, 135, 139, 140, 141, 143, 144, 145, 146, 147, 150, 151, 152, 157, 159, 164, 166, 167, 170, 189, 191, 192, 193}"
ref_Arbor,C4.4,WcD0A251711081530_01.ce,44,0.23563455980730852,"{14, 17, 18, 19, 20, 21, 22, 23, 26, 49, 50, 51, 56, 57, 58, 60, 68, 69, 70, 71, 73, 74, 75, 77, 78, 80, 81, 82, 104, 108, 109, 124, 129, 133, 134, 136, 153, 165, 170, 171, 178, 179, 182, 193}"
ref_Arbor,C4.4,WcD0A251711081545_01.ce,32,0.23332674258411437,"{1, 6, 7, 8, 13, 14, 22, 23, 37, 62, 74, 76, 81, 83, 86, 88, 89, 103, 104, 105, 107, 108, 113, 123, 124, 127, 131, 132, 133, 137, 159, 194}"
ref_Arbor,C4.5,WcD0A001711081500_03.ce,60,0.23814602014762157,"{1, 2, 3, 6, 15, 24, 26, 28, 34, 35, 45, 46, 54, 55, 61, 64, 65, 66, 67, 74, 75, 76, 77, 79, 106, 119, 120, 121, 122, 123, 125, 126, 127, 128, 132, 133, 136, 138, 139, 140, 141, 147, 148, 154, 155, 156, 157, 160, 161, 166, 168, 169, 170, 171, 172, 173, 174, 175, 176, 191}"
ref_Arbor,C4.5,WcD0A001711081515_03.ce,55,0.25553155635237107,"{10, 11, 19, 20, 21, 22, 31, 32, 33, 34, 35, 38, 60, 61, 62, 63, 64, 81, 86, 87, 88, 93, 98, 102, 106, 109, 116, 117, 118, 119, 121, 123, 124, 128, 131, 133, 135, 140, 141, 143, 144, 145, 146, 147, 150, 151, 152, 159, 161, 164, 165, 167, 171, 191, 193}"
ref_Arbor,C4.5,WcD0A001711081530_03.ce,38,0.23840780205214904,"{3, 15, 17, 18, 19, 22, 23, 27, 50, 51, 56, 57, 58, 60, 61, 67, 69, 70, 71, 72, 74, 75, 77, 78, 81, 82, 104, 109, 130, 133, 134, 136, 153, 171, 178, 179, 180, 182}"
ref_Arbor,C4.5,WcD0A001711081545_03.ce,32,0.23003712589266206,"{6, 12, 22, 23, 25, 50, 51, 55, 65, 69, 73, 74, 76, 80, 85, 88, 89, 102, 103, 104, 105, 106, 108, 113, 121, 123, 124, 131, 132, 158, 162, 193}"
ref_Arbor,C4.4,WcD0A251711081600_01.ce,23,0.21820512304067333,"{1, 2, 3, 4, 18, 19, 29, 38, 50, 56, 63, 70, 80, 88, 94, 95, 97, 99, 105, 114, 118, 131, 193}"
ref_Arbor,C4.4,WcD0A251711081615_01.ce,31,0.22040187259811786,"{7, 40, 60, 96, 100, 113, 114, 115, 124, 132, 134, 135, 136, 141, 143, 144, 145, 146, 148, 152, 164, 165, 170, 171, 172, 173, 174, 175, 176, 190, 193}"
ref_Arbor,C4.4,WcD0A251711081630_01.ce,34,0.22908975945920215,"{8, 20, 25, 36, 37, 39, 40, 42, 43, 44, 46, 48, 49, 50, 62, 68, 73, 85, 101, 103, 107, 108, 109, 110, 112, 113, 128, 177, 180, 183, 184, 185, 187, 189}"
ref_Arbor,C4.4,WcD0A251711081645_01.ce,23,0.2250677429684347,"{5, 9, 14, 25, 28, 30, 31, 33, 35, 36, 53, 54, 87, 88, 91, 92, 129, 130, 131, 133, 161, 162, 184}"
ref_Arbor,C4.5,WcD0A001711081600_03.ce,16,0.22391768484980576,"{1, 2, 3, 4, 18, 19, 29, 51, 60, 70, 76, 78, 104, 114, 132, 193}"
ref_Arbor,C4.5,WcD0A001711081615_03.ce,17,0.22444324883061068,"{24, 40, 60, 89, 95, 100, 115, 116, 134, 136, 144, 172, 173, 174, 175, 176, 191}"
ref_Arbor,C4.5,WcD0A001711081630_03.ce,31,0.23224081426684878,"{7, 19, 23, 27, 33, 36, 37, 38, 41, 42, 43, 45, 53, 67, 99, 101, 102, 103, 107, 108, 109, 110, 112, 118, 119, 128, 151, 177, 182, 184, 185}"
ref_Arbor,C4.5,WcD0A001711081645_03.ce,22,0.2256021639043419,"{3, 9, 13, 22, 25, 30, 31, 54, 57, 60, 89, 92, 93, 98, 120, 130, 131, 132, 133, 162, 183, 185}"
ref_Arbor,C4.4,WcD0A251711081700_01.ce,22,0.21766670992432993,"{1, 2, 3, 4, 11, 12, 13, 26, 28, 31, 51, 66, 88, 89, 93, 94, 99, 102, 118, 123, 139, 153}"
ref_Arbor,C4.4,WcD0A251711081715_01.ce,58,0.22484827495504875,"{19, 25, 38, 47, 48, 51, 58, 59, 60, 61, 63, 78, 80, 81, 83, 85, 86, 87, 88, 90, 92, 99, 103, 107, 110, 119, 125, 126, 137, 138, 139, 141, 144, 145, 146, 148, 150, 153, 165, 166, 177, 178, 179, 180, 181, 182, 183, 184, 185, 186, 187, 188, 189, 190, 191, 192, 193, 194}"
ref_Arbor,C4.4,WcD0A251711081730_01.ce,31,0.21603714990087794,"{7, 8, 16, 21, 22, 26, 27, 29, 35, 40, 41, 42, 68, 81, 92, 93, 96, 100, 101, 119, 127, 132, 136, 137, 163, 174, 175, 184, 185, 186, 187}"
ref_Arbor,C4.4,WcD0A251711081745_01.ce,66,0.2469111588634997,"{7, 8, 23, 24, 25, 27, 36, 40, 42, 50, 51, 52, 54, 56, 72, 76, 86, 87, 88, 89, 90, 91, 92, 93, 96, 98, 99, 100, 101, 102, 103, 105, 106, 107, 109, 111, 114, 121, 122, 123, 124, 125, 127, 128, 131, 133, 134, 141, 142, 143, 144, 145, 146, 147, 148, 150, 151, 153, 158, 163, 168, 176, 177, 186, 188, 190}"
ref_Arbor,C4.5,WcD0A001711081700_03.ce,19,0.21521773973767125,"{1, 2, 3, 4, 12, 13, 51, 52, 70, 89, 92, 93, 94, 99, 101, 110, 117, 131, 140}"
ref_Arbor,C4.5,WcD0A001711081715_03.ce,54,0.2289472372172215,"{4, 18, 23, 35, 47, 57, 58, 59, 60, 62, 63, 77, 79, 82, 84, 85, 86, 87, 89, 92, 103, 107, 109, 110, 125, 126, 138, 142, 144, 145, 146, 149, 150, 151, 160, 163, 164, 177, 178, 179, 180, 181, 182, 183, 184, 185, 186, 187, 188, 189, 190, 191, 192, 193}"
ref_Arbor,C4.5,WcD0A001711081730_03.ce,27,0.22080897605888708,"{7, 8, 16, 19, 22, 26, 27, 41, 42, 43, 67, 82, 84, 94, 100, 101, 102, 132, 133, 137, 150, 165, 168, 174, 185, 186, 187}"
ref_Arbor,C4.5,WcD0A001711081745_03.ce,67,0.25045020746232977,"{6, 7, 18, 22, 23, 24, 26, 27, 35, 36, 48, 50, 51, 53, 54, 74, 78, 86, 87, 88, 89, 90, 91, 95, 97, 98, 99, 100, 101, 102, 103, 105, 106, 107, 108, 110, 113, 114, 118, 121, 122, 123, 124, 125, 126, 127, 128, 131, 133, 137, 139, 141, 142, 143, 144, 145, 146, 147, 157, 163, 165, 168, 169, 176, 188, 190, 191}"
ref_Arbor,C4.4,WcD0A251711081800_01.ce,67,0.24517384887272067,"{1, 2, 3, 4, 13, 14, 24, 26, 29, 30, 40, 42, 46, 47, 48, 49, 51, 53, 56, 57, 58, 59, 64, 66, 70, 71, 72, 73, 74, 75, 76, 77, 78, 79, 80, 81, 83, 84, 85, 86, 88, 96, 97, 98, 99, 100, 101, 102, 103, 104, 106, 109, 110, 114, 116, 117, 119, 120, 135, 141, 142, 145, 146, 147, 149, 159, 189}"
ref_Arbor,C4.4,WcD0A251711081815_01.ce,36,0.2291273718879468,"{19, 21, 22, 41, 50, 51, 52, 53, 54, 60, 70, 71, 73, 76, 77, 78, 96, 97, 100, 101, 103, 115, 116, 118, 131, 133, 134, 135, 136, 137, 138, 139, 140, 141, 142, 152}"
ref_Arbor,C4.4,WcD0A251711081830_01.ce,9,0.19309272048844142,"{63, 81, 103, 130, 131, 140, 142, 143, 174}"
ref_Arbor,C4.4,WcD0A251711081845_01.ce,19,0.20370768618118473,"{15, 38, 47, 50, 55, 59, 65, 72, 89, 100, 109, 116, 149, 155, 161, 165, 167, 176, 189}"
ref_Arbor,C4.5,WcD0A001711081800_03.ce,61,0.251008752968011,"{1, 2, 3, 4, 13, 24, 28, 29, 30, 39, 41, 42, 46, 47, 56, 57, 58, 64, 65, 69, 70, 71, 72, 73, 74, 76, 77, 78, 79, 80, 81, 83, 84, 85, 86, 87, 88, 95, 96, 98, 99, 100, 101, 102, 103, 106, 108, 109, 115, 116, 118, 119, 135, 139, 141, 143, 145, 146, 148, 156, 189}"
ref_Arbor,C4.5,WcD0A001711081815_03.ce,35,0.2308588797403869,"{21, 22, 50, 51, 52, 53, 54, 55, 68, 70, 71, 72, 77, 78, 96, 97, 100, 101, 103, 116, 130, 132, 134, 135, 136, 137, 138, 139, 140, 141, 142, 143, 148, 152, 158}"
ref_Arbor,C4.5,WcD0A001711081830_03.ce,8,0.19180974035576517,"{137, 141, 142, 64, 82, 92, 95, 107}"
ref_Arbor,C4.5,WcD0A001711081845_03.ce,16,0.20460639378079437,"{15, 48, 55, 72, 95, 100, 117, 120, 130, 149, 150, 161, 162, 165, 168, 181}"
ref_Arbor,C4.4,WcD0A251711081900_01.ce,30,0.22185397518047947,"{1, 2, 3, 24, 34, 37, 38, 39, 41, 42, 43, 53, 82, 83, 84, 85, 86, 87, 88, 89, 90, 91, 94, 128, 137, 155, 171, 172, 176, 181}"
ref_Arbor,C4.4,WcD0A251711081915_01.ce,10,0.21884261980433617,"{6, 9, 28, 79, 97, 108, 114, 116, 150, 188}"
ref_Arbor,C4.4,WcD0A251711081930_01.ce,32,0.2145844878257679,"{12, 14, 15, 16, 17, 18, 19, 42, 45, 68, 70, 84, 88, 89, 90, 91, 92, 93, 98, 111, 113, 117, 121, 124, 125, 149, 150, 154, 161, 162, 165, 169}"
ref_Arbor,C4.4,WcD0A251711081945_01.ce,26,0.22647016286022853,"{8, 17, 22, 23, 25, 37, 43, 55, 63, 83, 84, 85, 92, 96, 99, 127, 151, 152, 178, 181, 183, 184, 185, 186, 187, 188}"
ref_Arbor,C4.5,WcD0A001711081900_03.ce,31,0.22341793877990693,"{1, 2, 3, 4, 8, 18, 30, 34, 39, 40, 48, 51, 79, 80, 82, 83, 84, 85, 86, 87, 88, 89, 90, 91, 118, 156, 164, 173, 181, 182, 192}"
ref_Arbor,C4.5,WcD0A001711081915_03.ce,14,0.2153043835220089,"{5, 8, 28, 36, 47, 79, 82, 96, 107, 108, 116, 119, 150, 187}"
ref_Arbor,C4.5,WcD0A001711081930_03.ce,30,0.21466896899727247,"{14, 15, 16, 17, 18, 19, 21, 42, 68, 84, 85, 89, 90, 91, 92, 96, 98, 109, 111, 112, 114, 122, 125, 128, 135, 150, 154, 159, 162, 171}"
ref_Arbor,C4.5,WcD0A001711081945_03.ce,22,0.22339913186510327,"{17, 23, 50, 83, 97, 103, 105, 124, 127, 139, 150, 151, 152, 180, 181, 182, 183, 184, 185, 186, 187, 188}"
ref_Arbor,C4.4,WcD0A251711082000_01.ce,29,0.2303765560957769,"{1, 2, 3, 4, 16, 27, 34, 40, 61, 95, 101, 109, 111, 121, 133, 136, 139, 140, 141, 143, 145, 148, 149, 150, 151, 153, 154, 158, 160}"
ref_Arbor,C4.4,WcD0A251711082015_01.ce,53,0.21617257257398678,"{36, 39, 40, 79, 82, 83, 84, 85, 86, 88, 89, 90, 92, 96, 97, 98, 102, 104, 105, 107, 108, 109, 110, 112, 114, 117, 124, 125, 126, 129, 130, 132, 133, 135, 142, 143, 144, 152, 154, 155, 157, 159, 160, 161, 166, 167, 169, 172, 184, 186, 187, 189, 193}"
ref_Arbor,C4.4,WcD0A251711082030_01.ce,58,0.23360064625355279,"{7, 15, 19, 20, 21, 23, 25, 26, 27, 32, 46, 47, 51, 52, 54, 55, 59, 60, 61, 62, 66, 67, 68, 69, 70, 71, 72, 74, 75, 84, 89, 92, 93, 95, 97, 100, 103, 107, 109, 111, 113, 114, 115, 133, 135, 145, 154, 156, 157, 161, 171, 174, 179, 182, 183, 184, 185, 188}"
ref_Arbor,C4.4,WcD0A251711082045_01.ce,48,0.23409102691308054,"{6, 7, 8, 49, 59, 60, 61, 62, 67, 78, 80, 83, 84, 100, 102, 103, 104, 105, 106, 109, 110, 112, 113, 114, 115, 116, 125, 126, 132, 133, 141, 145, 146, 148, 153, 154, 155, 157, 158, 159, 166, 171, 173, 176, 178, 181, 182, 183}"
ref_Arbor,C4.5,WcD0A001711082000_03.ce,31,0.22719407110113268,"{1, 2, 3, 8, 14, 23, 27, 52, 60, 61, 98, 101, 102, 104, 108, 138, 139, 140, 141, 142, 143, 148, 149, 150, 151, 152, 153, 157, 158, 175, 182}"
ref_Arbor,C4.5,WcD0A001711082015_03.ce,53,0.21656005925049074,"{13, 36, 37, 39, 40, 41, 44, 45, 46, 83, 84, 85, 86, 87, 89, 90, 92, 93, 98, 104, 105, 106, 107, 108, 109, 110, 111, 113, 116, 125, 126, 128, 130, 131, 134, 135, 136, 141, 155, 156, 157, 158, 159, 160, 166, 168, 175, 177, 181, 184, 188, 191, 193}"
ref_Arbor,C4.5,WcD0A001711082030_03.ce,56,0.2385287034709446,"{2, 6, 10, 13, 15, 20, 21, 23, 26, 41, 42, 45, 47, 48, 52, 53, 55, 59, 60, 61, 62, 63, 67, 69, 70, 73, 74, 75, 78, 89, 93, 95, 97, 100, 103, 104, 105, 107, 108, 112, 113, 117, 118, 119, 123, 132, 134, 135, 157, 172, 182, 183, 185, 187, 188, 190}"
ref_Arbor,C4.5,WcD0A001711082045_03.ce,51,0.23529681771986818,"{6, 8, 10, 18, 29, 33, 34, 43, 47, 49, 58, 59, 60, 61, 77, 83, 84, 99, 102, 103, 104, 105, 108, 112, 113, 114, 115, 116, 125, 126, 131, 132, 140, 142, 145, 146, 147, 153, 154, 155, 156, 157, 158, 161, 170, 172, 175, 177, 180, 181, 182}"
ref_Arbor,C4.4,WcD0A251711082100_01.ce,58,0.25796071344082566,"{1, 2, 3, 9, 10, 33, 34, 46, 48, 51, 54, 57, 59, 60, 61, 62, 63, 64, 65, 66, 74, 76, 83, 84, 90, 92, 93, 94, 97, 102, 105, 106, 107, 110, 111, 112, 113, 117, 128, 129, 133, 134, 135, 136, 137, 138, 139, 143, 165, 167, 168, 169, 174, 175, 183, 185, 188, 193}"
ref_Arbor,C4.4,WcD0A251711082115_01.ce,72,0.25717959874214996,"{1, 2, 3, 4, 5, 6, 7, 8, 9, 10, 23, 24, 25, 26, 27, 37, 38, 39, 40, 41, 43, 58, 59, 63, 64, 70, 71, 72, 73, 74, 76, 77, 78, 79, 81, 82, 83, 84, 85, 86, 87, 88, 89, 98, 99, 101, 103, 104, 105, 106, 107, 108, 109, 110, 126, 131, 132, 133, 153, 155, 157, 163, 165, 172, 173, 174, 184, 186, 187, 188, 189, 190}"
ref_Arbor,C4.4,WcD0A251711082130_01.ce,94,0.250253801250928,"{6, 9, 10, 14, 18, 32, 33, 34, 35, 36, 37, 38, 39, 40, 41, 43, 44, 45, 46, 47, 48, 49, 51, 52, 53, 54, 55, 56, 57, 58, 59, 60, 61, 62, 63, 64, 65, 66, 68, 71, 73, 75, 76, 78, 81, 82, 83, 84, 87, 88, 89, 92, 93, 94, 95, 96, 97, 98, 99, 100, 101, 102, 103, 104, 105, 107, 108, 110, 112, 113, 114, 115, 122, 123, 128, 139, 143, 144, 145, 146, 158, 160, 161, 163, 164, 165, 166, 172, 173, 177, 182, 183, 193, 194}"
ref_Arbor,C4.4,WcD0A251711082145_01.ce,26,0.22177812538048747,"{7, 8, 17, 18, 19, 20, 21, 28, 33, 35, 36, 37, 38, 39, 40, 48, 49, 56, 68, 93, 117, 128, 174, 175, 176, 177}"
ref_Arbor,C4.5,WcD0A001711082100_03.ce,60,0.2569967269604234,"{1, 2, 3, 4, 10, 34, 39, 46, 47, 51, 58, 60, 61, 62, 63, 64, 65, 68, 75, 77, 79, 82, 83, 84, 88, 90, 91, 93, 94, 98, 100, 102, 103, 104, 105, 106, 111, 113, 118, 119, 125, 128, 129, 130, 133, 134, 135, 136, 137, 138, 139, 140, 144, 160, 164, 166, 175, 185, 193, 194}"
ref_Arbor,C4.5,WcD0A001711082115_03.ce,68,0.2564264701802889,"{1, 2, 3, 4, 5, 6, 7, 8, 9, 10, 22, 23, 24, 25, 26, 37, 38, 39, 40, 58, 62, 70, 71, 73, 75, 76, 78, 79, 80, 81, 83, 84, 85, 86, 87, 88, 92, 98, 100, 101, 103, 104, 105, 106, 107, 108, 117, 130, 132, 133, 134, 144, 157, 160, 161, 163, 165, 171, 172, 173, 174, 176, 183, 184, 186, 187, 188, 189}"
ref_Arbor,C4.5,WcD0A001711082130_03.ce,87,0.2531848926621208,"{5, 6, 7, 13, 18, 23, 28, 31, 32, 33, 34, 35, 37, 38, 39, 40, 43, 44, 45, 46, 47, 48, 49, 51, 52, 53, 54, 55, 56, 57, 58, 59, 60, 61, 62, 63, 64, 65, 66, 68, 71, 75, 76, 81, 83, 84, 87, 91, 93, 94, 95, 96, 97, 98, 99, 100, 101, 102, 103, 104, 105, 106, 107, 108, 110, 112, 113, 116, 122, 123, 126, 143, 144, 153, 157, 162, 163, 164, 165, 166, 167, 168, 169, 172, 177, 179, 193}"
ref_Arbor,C4.5,WcD0A001711082145_03.ce,25,0.22246908693614117,"{6, 7, 18, 19, 20, 21, 24, 34, 36, 37, 38, 39, 40, 42, 49, 56, 86, 117, 118, 127, 133, 169, 175, 176, 178}"
ref_Arbor,C4.4,WcD0A251711082200_01.ce,18,0.21001527829150912,"{1, 2, 3, 4, 56, 86, 102, 104, 107, 108, 109, 112, 113, 114, 115, 116, 117, 118}"
ref_Arbor,C4.4,WcD0A251711082215_01.ce,33,0.24212413644633118,"{21, 30, 31, 32, 33, 34, 35, 36, 37, 38, 39, 40, 41, 57, 60, 61, 65, 66, 72, 73, 77, 94, 100, 103, 105, 115, 121, 142, 144, 145, 157, 158, 188}"
ref_Arbor,C4.4,WcD0A251711082230_01.ce,36,0.237738132153703,"{1, 9, 15, 16, 17, 18, 19, 21, 23, 24, 25, 26, 28, 31, 40, 41, 42, 43, 44, 46, 47, 55, 76, 84, 93, 103, 105, 106, 107, 108, 118, 119, 120, 121, 127, 160}"
ref_Arbor,C4.4,WcD0A251711082245_01.ce,35,0.23294556763650304,"{18, 19, 20, 21, 22, 23, 24, 30, 31, 32, 33, 34, 36, 37, 38, 43, 55, 56, 57, 72, 73, 77, 79, 84, 86, 88, 105, 106, 117, 124, 125, 132, 133, 134, 150}"
ref_Arbor,C4.5,WcD0A001711082200_03.ce,18,0.2134646959925304,"{1, 2, 3, 4, 101, 105, 107, 108, 109, 111, 112, 113, 114, 115, 116, 117, 128, 139}"
ref_Arbor,C4.5,WcD0A001711082215_03.ce,38,0.24123016811635697,"{30, 32, 33, 34, 35, 36, 37, 38, 39, 40, 41, 42, 57, 60, 61, 62, 63, 65, 66, 67, 72, 73, 74, 75, 78, 85, 90, 94, 102, 111, 121, 144, 148, 157, 167, 182, 185, 189}"
ref_Arbor,C4.5,WcD0A001711082230_03.ce,37,0.2362516425591787,"{9, 16, 17, 18, 19, 20, 21, 22, 24, 25, 26, 28, 36, 40, 41, 42, 43, 44, 46, 47, 84, 86, 94, 106, 107, 108, 109, 118, 119, 120, 121, 122, 128, 132, 136, 138, 176}"
ref_Arbor,C4.5,WcD0A001711082245_03.ce,31,0.24056008313327282,"{17, 18, 19, 20, 21, 22, 23, 30, 31, 32, 33, 34, 36, 37, 38, 44, 55, 56, 71, 75, 77, 78, 93, 105, 109, 117, 123, 124, 131, 132, 133}"
ref_Arbor,C4.4,WcD0A251711082300_01.ce,15,0.21113711537385282,"{1, 2, 3, 44, 92, 93, 98, 101, 102, 103, 109, 111, 148, 149, 151}"
ref_Arbor,C4.4,WcD0A251711082315_01.ce,8,0.2095143087360724,"{3, 57, 58, 90, 113, 120, 127, 158}"
ref_Arbor,C4.4,WcD0A251711082330_01.ce,45,0.2359027754725412,"{8, 16, 20, 25, 26, 27, 56, 79, 85, 95, 114, 115, 134, 135, 143, 144, 145, 146, 149, 151, 154, 155, 156, 157, 158, 159, 160, 163, 164, 165, 166, 167, 168, 169, 172, 173, 174, 179, 183, 187, 188, 189, 190, 191, 192}"
ref_Arbor,C4.4,WcD0A251711082345_01.ce,91,0.2355095763090888,"{7, 8, 9, 10, 11, 12, 18, 19, 22, 24, 26, 28, 32, 33, 42, 43, 44, 45, 46, 54, 57, 60, 64, 71, 72, 73, 74, 77, 81, 82, 83, 84, 85, 86, 88, 89, 90, 94, 98, 99, 101, 102, 105, 112, 113, 115, 116, 117, 118, 119, 120, 121, 122, 123, 124, 125, 126, 127, 128, 129, 132, 133, 134, 138, 139, 140, 141, 142, 143, 144, 150, 151, 155, 157, 159, 160, 161, 162, 163, 164, 165, 166, 167, 174, 181, 186, 187, 188, 191, 192, 193}"
ref_Arbor,C4.5,WcD0A001711082300_03.ce,15,0.20963646992029508,"{1, 2, 3, 4, 92, 94, 95, 99, 101, 102, 103, 104, 109, 148, 172}"
ref_Arbor,C4.5,WcD0A001711082315_03.ce,11,0.2069129559413207,"{4, 6, 57, 88, 111, 114, 120, 127, 155, 182, 189}"
ref_Arbor,C4.5,WcD0A001711082330_03.ce,38,0.23594344362638506,"{8, 13, 16, 19, 33, 79, 94, 114, 133, 134, 141, 142, 143, 144, 145, 146, 150, 151, 154, 155, 156, 157, 158, 159, 162, 163, 164, 165, 166, 167, 168, 186, 187, 188, 189, 190, 191, 193}"
ref_Arbor,C4.5,WcD0A001711082345_03.ce,92,0.2373862265256423,"{4, 7, 8, 9, 10, 11, 13, 19, 22, 23, 29, 30, 31, 32, 33, 36, 43, 44, 45, 46, 47, 54, 55, 59, 62, 64, 73, 74, 77, 82, 83, 84, 85, 86, 88, 89, 90, 95, 99, 102, 105, 109, 112, 113, 114, 116, 117, 118, 119, 120, 121, 122, 123, 124, 125, 126, 127, 128, 129, 130, 133, 134, 137, 139, 140, 141, 142, 143, 144, 150, 151, 152, 153, 156, 159, 160, 161, 162, 163, 164, 165, 166, 167, 170, 174, 182, 186, 188, 189, 192, 193, 194}"
