Ref4.5,C4.4,WcD0A251710290000_01.ce,25,0.2001954218443337,"{1, 2, 3, 20, 38, 72, 73, 74, 75, 76, 77, 78, 80, 82, 86, 87, 88, 89, 94, 95, 122, 123, 129, 167, 189}"
Ref4.5,C4.4,WcD0A251710290015_01.ce,12,0.1977229346305574,"{7, 32, 42, 77, 130, 135, 153, 154, 161, 173, 174, 190}"
Ref4.5,C4.4,WcD0A251710290030_01.ce,58,0.21541420015168022,"{4, 6, 12, 13, 25, 26, 27, 28, 29, 58, 61, 62, 76, 77, 85, 86, 90, 92, 93, 95, 97, 101, 102, 103, 104, 110, 111, 116, 128, 129, 130, 135, 143, 144, 145, 146, 147, 148, 150, 151, 152, 153, 155, 156, 157, 158, 159, 160, 162, 163, 164, 166, 167, 171, 172, 173, 174, 184}"
Ref4.5,C4.4,WcD0A251710290045_01.ce,39,0.23275049734497158,"{10, 16, 17, 18, 20, 23, 24, 25, 26, 27, 34, 46, 47, 60, 86, 87, 94, 95, 96, 100, 101, 104, 106, 107, 108, 113, 116, 135, 138, 142, 143, 153, 157, 169, 170, 183, 189, 190, 191}"
Ref4.5,C4.5,WcD0A001710290000_03.ce,21,0.19379853369443112,"{1, 2, 3, 20, 72, 74, 75, 76, 77, 78, 79, 82, 86, 87, 95, 117, 122, 123, 129, 167, 189}"
Ref4.5,C4.5,WcD0A001710290015_03.ce,12,0.17861179530758653,"{7, 32, 42, 113, 131, 135, 142, 153, 154, 168, 175, 182}"
Ref4.5,C4.5,WcD0A001710290030_03.ce,56,0.2069047398685084,"{4, 6, 12, 13, 25, 26, 27, 28, 29, 58, 61, 76, 77, 80, 85, 86, 90, 92, 93, 95, 97, 103, 104, 110, 111, 116, 128, 130, 135, 143, 144, 145, 146, 147, 148, 150, 151, 152, 153, 154, 155, 156, 157, 158, 159, 160, 162, 163, 164, 165, 166, 167, 171, 172, 173, 184}"
Ref4.5,C4.5,WcD0A001710290045_03.ce,34,0.2246277131203751,"{7, 16, 17, 19, 20, 23, 24, 25, 26, 27, 41, 46, 47, 86, 94, 95, 96, 100, 101, 104, 106, 107, 108, 120, 127, 135, 138, 139, 148, 157, 169, 183, 189, 191}"
Ref4.5,C4.4,WcD0A251710290100_01.ce,32,0.21148888396230622,"{1, 2, 3, 9, 16, 32, 34, 37, 38, 46, 57, 61, 62, 63, 88, 91, 97, 101, 109, 113, 119, 131, 157, 158, 159, 160, 163, 178, 179, 181, 190, 191}"
Ref4.5,C4.4,WcD0A251710290115_01.ce,27,0.20788678337127944,"{4, 5, 21, 22, 23, 27, 28, 30, 33, 107, 113, 114, 115, 135, 148, 149, 150, 151, 152, 153, 166, 168, 169, 172, 173, 176, 191}"
Ref4.5,C4.4,WcD0A251710290130_01.ce,19,0.19288131532093286,"{5, 6, 37, 38, 43, 50, 56, 57, 58, 59, 64, 67, 68, 69, 73, 169, 170, 171, 172}"
Ref4.5,C4.4,WcD0A251710290145_01.ce,32,0.20717115475786368,"{12, 46, 49, 51, 52, 53, 65, 68, 69, 70, 71, 72, 73, 88, 89, 91, 94, 142, 156, 157, 168, 176, 177, 178, 179, 180, 181, 186, 188, 189, 190, 191}"
Ref4.5,C4.5,WcD0A001710290100_03.ce,28,0.19788303872486412,"{1, 2, 3, 4, 9, 16, 31, 32, 34, 37, 38, 61, 62, 63, 91, 97, 101, 109, 114, 118, 119, 160, 162, 163, 179, 181, 190, 191}"
Ref4.5,C4.5,WcD0A001710290115_03.ce,25,0.19491094336648432,"{5, 21, 22, 23, 24, 25, 27, 28, 30, 33, 52, 107, 113, 114, 115, 123, 135, 149, 150, 151, 152, 153, 168, 169, 173}"
Ref4.5,C4.5,WcD0A001710290130_03.ce,14,0.18562643428682649,"{5, 6, 38, 43, 56, 58, 59, 68, 69, 163, 169, 170, 171, 172}"
Ref4.5,C4.5,WcD0A001710290145_03.ce,32,0.19755653266997092,"{11, 12, 46, 47, 51, 52, 53, 68, 69, 70, 71, 72, 73, 88, 89, 142, 156, 157, 168, 176, 177, 178, 179, 180, 181, 182, 183, 187, 188, 189, 190, 191}"
Ref4.5,C4.4,WcD0A251710290200_01.ce,38,0.2097985343664666,"{1, 2, 3, 4, 12, 38, 47, 48, 49, 77, 84, 85, 86, 87, 88, 100, 104, 109, 112, 113, 117, 120, 150, 152, 153, 154, 157, 158, 159, 160, 161, 164, 165, 166, 167, 171, 179, 185}"
Ref4.5,C4.4,WcD0A251710290215_01.ce,15,0.16033332247150295,"{2, 3, 4, 30, 32, 33, 34, 35, 42, 44, 45, 55, 56, 177, 182}"
Ref4.5,C4.4,WcD0A251710290230_01.ce,11,0.16553418347612028,"{58, 79, 80, 82, 83, 85, 89, 100, 101, 145, 163}"
Ref4.5,C4.4,WcD0A251710290245_01.ce,4,0.16058953995027453,"{43, 52, 94, 97}"
Ref4.5,C4.5,WcD0A001710290200_03.ce,34,0.206300150874963,"{1, 2, 3, 4, 12, 38, 47, 48, 84, 85, 86, 87, 100, 104, 109, 112, 113, 114, 120, 129, 145, 148, 150, 152, 153, 160, 161, 164, 165, 166, 167, 171, 179, 185}"
Ref4.5,C4.5,WcD0A001710290215_03.ce,13,0.15339676936180066,"{2, 3, 4, 30, 31, 32, 33, 36, 42, 44, 45, 55, 177}"
Ref4.5,C4.5,WcD0A001710290230_03.ce,7,0.1652907169072602,"{79, 80, 82, 83, 89, 100, 101}"
Ref4.5,C4.5,WcD0A001710290245_03.ce,3,0.1504108946357318,"{43, 94, 97}"
Ref4.5,C4.4,WcD0A251710290300_01.ce,194,-1,"{1, 2, 3, 4, 5, 6, 7, 8, 9, 10, 11, 12, 13, 14, 15, 16, 17, 18, 19, 20, 21, 22, 23, 24, 25, 26, 27, 28, 29, 30, 31, 32, 33, 34, 35, 36, 37, 38, 39, 40, 41, 42, 43, 44, 45, 46, 47, 48, 49, 50, 51, 52, 53, 54, 55, 56, 57, 58, 59, 60, 61, 62, 63, 64, 65, 66, 67, 68, 69, 70, 71, 72, 73, 74, 75, 76, 77, 78, 79, 80, 81, 82, 83, 84, 85, 86, 87, 88, 89, 90, 91, 92, 93, 94, 95, 96, 97, 98, 99, 100, 101, 102, 103, 104, 105, 106, 107, 108, 109, 110, 111, 112, 113, 114, 115, 116, 117, 118, 119, 120, 121, 122, 123, 124, 125, 126, 127, 128, 129, 130, 131, 132, 133, 134, 135, 136, 137, 138, 139, 140, 141, 142, 143, 144, 145, 146, 147, 148, 149, 150, 151, 152, 153, 154, 155, 156, 157, 158, 159, 160, 161, 162, 163, 164, 165, 166, 167, 168, 169, 170, 171, 172, 173, 174, 175, 176, 177, 178, 179, 180, 181, 182, 183, 184, 185, 186, 187, 188, 189, 190, 191, 192, 193, 194}"
Ref4.5,C4.4,WcD0A251710290315_01.ce,193,-1,"{1, 2, 3, 4, 5, 6, 7, 8, 9, 10, 11, 12, 13, 14, 15, 16, 17, 18, 19, 20, 21, 22, 23, 24, 25, 26, 27, 28, 29, 30, 31, 32, 33, 34, 35, 36, 37, 38, 39, 40, 41, 42, 43, 44, 45, 46, 47, 48, 49, 50, 51, 52, 53, 54, 55, 56, 57, 58, 59, 60, 61, 62, 63, 64, 65, 66, 67, 68, 69, 70, 71, 72, 73, 74, 75, 76, 77, 78, 79, 80, 81, 82, 83, 84, 85, 86, 87, 88, 89, 90, 91, 92, 93, 94, 95, 96, 97, 98, 99, 100, 101, 102, 103, 104, 105, 106, 107, 108, 109, 110, 111, 112, 113, 114, 115, 116, 117, 118, 119, 120, 121, 122, 123, 124, 125, 126, 127, 128, 129, 130, 131, 132, 133, 134, 135, 136, 137, 138, 139, 140, 141, 142, 143, 144, 145, 146, 147, 148, 149, 150, 151, 152, 153, 154, 155, 156, 157, 158, 159, 160, 161, 162, 163, 164, 165, 166, 167, 168, 169, 170, 171, 172, 173, 174, 175, 176, 177, 178, 179, 180, 181, 182, 183, 184, 185, 186, 187, 188, 189, 190, 191, 192, 193}"
Ref4.5,C4.4,WcD0A251710290330_01.ce,194,-1,"{1, 2, 3, 4, 5, 6, 7, 8, 9, 10, 11, 12, 13, 14, 15, 16, 17, 18, 19, 20, 21, 22, 23, 24, 25, 26, 27, 28, 29, 30, 31, 32, 33, 34, 35, 36, 37, 38, 39, 40, 41, 42, 43, 44, 45, 46, 47, 48, 49, 50, 51, 52, 53, 54, 55, 56, 57, 58, 59, 60, 61, 62, 63, 64, 65, 66, 67, 68, 69, 70, 71, 72, 73, 74, 75, 76, 77, 78, 79, 80, 81, 82, 83, 84, 85, 86, 87, 88, 89, 90, 91, 92, 93, 94, 95, 96, 97, 98, 99, 100, 101, 102, 103, 104, 105, 106, 107, 108, 109, 110, 111, 112, 113, 114, 115, 116, 117, 118, 119, 120, 121, 122, 123, 124, 125, 126, 127, 128, 129, 130, 131, 132, 133, 134, 135, 136, 137, 138, 139, 140, 141, 142, 143, 144, 145, 146, 147, 148, 149, 150, 151, 152, 153, 154, 155, 156, 157, 158, 159, 160, 161, 162, 163, 164, 165, 166, 167, 168, 169, 170, 171, 172, 173, 174, 175, 176, 177, 178, 179, 180, 181, 182, 183, 184, 185, 186, 187, 188, 189, 190, 191, 192, 193, 194}"
Ref4.5,C4.4,WcD0A251710290345_01.ce,193,-1,"{1, 2, 3, 4, 5, 6, 7, 8, 9, 10, 11, 12, 13, 14, 15, 16, 17, 18, 19, 20, 21, 22, 23, 24, 25, 26, 27, 28, 29, 30, 31, 32, 33, 34, 35, 36, 37, 38, 39, 40, 41, 42, 43, 44, 45, 46, 47, 48, 49, 50, 51, 52, 53, 54, 55, 56, 57, 58, 59, 60, 61, 62, 63, 64, 65, 66, 67, 68, 69, 70, 71, 72, 73, 74, 75, 76, 77, 78, 79, 80, 81, 82, 83, 84, 85, 86, 87, 88, 89, 90, 91, 92, 93, 94, 95, 96, 97, 98, 99, 100, 101, 102, 103, 104, 105, 106, 107, 108, 109, 110, 111, 112, 113, 114, 115, 116, 117, 118, 119, 120, 121, 122, 123, 124, 125, 126, 127, 128, 129, 130, 131, 132, 133, 134, 135, 136, 137, 138, 139, 140, 141, 142, 143, 144, 145, 146, 147, 148, 149, 150, 151, 152, 153, 154, 155, 156, 157, 158, 159, 160, 161, 162, 163, 164, 165, 166, 167, 168, 169, 170, 171, 172, 173, 174, 175, 176, 177, 178, 179, 180, 181, 182, 183, 184, 185, 186, 187, 188, 189, 190, 191, 192, 193}"
Ref4.5,C4.5,WcD0A001710290300_03.ce,194,-1,"{1, 2, 3, 4, 5, 6, 7, 8, 9, 10, 11, 12, 13, 14, 15, 16, 17, 18, 19, 20, 21, 22, 23, 24, 25, 26, 27, 28, 29, 30, 31, 32, 33, 34, 35, 36, 37, 38, 39, 40, 41, 42, 43, 44, 45, 46, 47, 48, 49, 50, 51, 52, 53, 54, 55, 56, 57, 58, 59, 60, 61, 62, 63, 64, 65, 66, 67, 68, 69, 70, 71, 72, 73, 74, 75, 76, 77, 78, 79, 80, 81, 82, 83, 84, 85, 86, 87, 88, 89, 90, 91, 92, 93, 94, 95, 96, 97, 98, 99, 100, 101, 102, 103, 104, 105, 106, 107, 108, 109, 110, 111, 112, 113, 114, 115, 116, 117, 118, 119, 120, 121, 122, 123, 124, 125, 126, 127, 128, 129, 130, 131, 132, 133, 134, 135, 136, 137, 138, 139, 140, 141, 142, 143, 144, 145, 146, 147, 148, 149, 150, 151, 152, 153, 154, 155, 156, 157, 158, 159, 160, 161, 162, 163, 164, 165, 166, 167, 168, 169, 170, 171, 172, 173, 174, 175, 176, 177, 178, 179, 180, 181, 182, 183, 184, 185, 186, 187, 188, 189, 190, 191, 192, 193, 194}"
Ref4.5,C4.5,WcD0A001710290315_03.ce,193,-1,"{1, 2, 3, 4, 5, 6, 7, 8, 9, 10, 11, 12, 13, 14, 15, 16, 17, 18, 19, 20, 21, 22, 23, 24, 25, 26, 27, 28, 29, 30, 31, 32, 33, 34, 35, 36, 37, 38, 39, 40, 41, 42, 43, 44, 45, 46, 47, 48, 49, 50, 51, 52, 53, 54, 55, 56, 57, 58, 59, 60, 61, 62, 63, 64, 65, 66, 67, 68, 69, 70, 71, 72, 73, 74, 75, 76, 77, 78, 79, 80, 81, 82, 83, 84, 85, 86, 87, 88, 89, 90, 91, 92, 93, 94, 95, 96, 97, 98, 99, 100, 101, 102, 103, 104, 105, 106, 107, 108, 109, 110, 111, 112, 113, 114, 115, 116, 117, 118, 119, 120, 121, 122, 123, 124, 125, 126, 127, 128, 129, 130, 131, 132, 133, 134, 135, 136, 137, 138, 139, 140, 141, 142, 143, 144, 145, 146, 147, 148, 149, 150, 151, 152, 153, 154, 155, 156, 157, 158, 159, 160, 161, 162, 163, 164, 165, 166, 167, 168, 169, 170, 171, 172, 173, 174, 175, 176, 177, 178, 179, 180, 181, 182, 183, 184, 185, 186, 187, 188, 189, 190, 191, 192, 193}"
Ref4.5,C4.5,WcD0A001710290330_03.ce,194,-1,"{1, 2, 3, 4, 5, 6, 7, 8, 9, 10, 11, 12, 13, 14, 15, 16, 17, 18, 19, 20, 21, 22, 23, 24, 25, 26, 27, 28, 29, 30, 31, 32, 33, 34, 35, 36, 37, 38, 39, 40, 41, 42, 43, 44, 45, 46, 47, 48, 49, 50, 51, 52, 53, 54, 55, 56, 57, 58, 59, 60, 61, 62, 63, 64, 65, 66, 67, 68, 69, 70, 71, 72, 73, 74, 75, 76, 77, 78, 79, 80, 81, 82, 83, 84, 85, 86, 87, 88, 89, 90, 91, 92, 93, 94, 95, 96, 97, 98, 99, 100, 101, 102, 103, 104, 105, 106, 107, 108, 109, 110, 111, 112, 113, 114, 115, 116, 117, 118, 119, 120, 121, 122, 123, 124, 125, 126, 127, 128, 129, 130, 131, 132, 133, 134, 135, 136, 137, 138, 139, 140, 141, 142, 143, 144, 145, 146, 147, 148, 149, 150, 151, 152, 153, 154, 155, 156, 157, 158, 159, 160, 161, 162, 163, 164, 165, 166, 167, 168, 169, 170, 171, 172, 173, 174, 175, 176, 177, 178, 179, 180, 181, 182, 183, 184, 185, 186, 187, 188, 189, 190, 191, 192, 193, 194}"
Ref4.5,C4.5,WcD0A001710290345_03.ce,193,-1,"{1, 2, 3, 4, 5, 6, 7, 8, 9, 10, 11, 12, 13, 14, 15, 16, 17, 18, 19, 20, 21, 22, 23, 24, 25, 26, 27, 28, 29, 30, 31, 32, 33, 34, 35, 36, 37, 38, 39, 40, 41, 42, 43, 44, 45, 46, 47, 48, 49, 50, 51, 52, 53, 54, 55, 56, 57, 58, 59, 60, 61, 62, 63, 64, 65, 66, 67, 68, 69, 70, 71, 72, 73, 74, 75, 76, 77, 78, 79, 80, 81, 82, 83, 84, 85, 86, 87, 88, 89, 90, 91, 92, 93, 94, 95, 96, 97, 98, 99, 100, 101, 102, 103, 104, 105, 106, 107, 108, 109, 110, 111, 112, 113, 114, 115, 116, 117, 118, 119, 120, 121, 122, 123, 124, 125, 126, 127, 128, 129, 130, 131, 132, 133, 134, 135, 136, 137, 138, 139, 140, 141, 142, 143, 144, 145, 146, 147, 148, 149, 150, 151, 152, 153, 154, 155, 156, 157, 158, 159, 160, 161, 162, 163, 164, 165, 166, 167, 168, 169, 170, 171, 172, 173, 174, 175, 176, 177, 178, 179, 180, 181, 182, 183, 184, 185, 186, 187, 188, 189, 190, 191, 192, 193}"
Ref4.5,C4.4,WcD0A251710290400_01.ce,19,0.16318423999490714,"{1, 2, 3, 4, 5, 6, 7, 8, 9, 10, 11, 12, 13, 14, 15, 16, 17, 152, 155}"
Ref4.5,C4.4,WcD0A251710290415_01.ce,7,0.16090058919209135,"{100, 109, 111, 121, 122, 137, 154}"
Ref4.5,C4.4,WcD0A251710290430_01.ce,10,0.182203620368032,"{78, 80, 81, 128, 129, 130, 131, 168, 169, 174}"
Ref4.5,C4.4,WcD0A251710290445_01.ce,9,0.16628427611212246,"{8, 9, 10, 11, 12, 13, 61, 62, 179}"
Ref4.5,C4.5,WcD0A001710290400_03.ce,21,0.16310686043557174,"{1, 2, 3, 4, 5, 6, 7, 8, 9, 10, 11, 12, 13, 14, 15, 16, 17, 117, 152, 155, 180}"
Ref4.5,C4.5,WcD0A001710290415_03.ce,5,0.15694798432374893,"{111, 121, 122, 137, 154}"
Ref4.5,C4.5,WcD0A001710290430_03.ce,10,0.17418244853717904,"{26, 78, 80, 81, 86, 88, 129, 131, 168, 174}"
Ref4.5,C4.5,WcD0A001710290445_03.ce,8,0.15783383025075506,"{8, 9, 10, 11, 12, 13, 62, 179}"
Ref4.5,C4.4,WcD0A251710290500_01.ce,5,0.14843776230263764,"{1, 2, 3, 4, 12}"
Ref4.5,C4.4,WcD0A251710290515_01.ce,2,0.14290965612852455,"{38, 180}"
Ref4.5,C4.4,WcD0A251710290530_01.ce,26,0.2025696057436473,"{54, 56, 60, 61, 62, 89, 96, 97, 98, 99, 100, 113, 114, 115, 116, 118, 119, 120, 123, 139, 145, 146, 177, 178, 183, 190}"
Ref4.5,C4.4,WcD0A251710290545_01.ce,24,0.18523138901836225,"{3, 4, 5, 6, 14, 15, 16, 67, 68, 69, 110, 116, 117, 118, 119, 132, 153, 174, 182, 187, 191, 192, 193, 194}"
Ref4.5,C4.5,WcD0A001710290500_03.ce,4,0.13905758131884682,"{1, 2, 3, 4}"
Ref4.5,C4.5,WcD0A001710290515_03.ce,3,0.14233792839147252,"{38, 179, 180}"
Ref4.5,C4.5,WcD0A001710290530_03.ce,21,0.19572064569885575,"{45, 54, 56, 60, 61, 82, 88, 96, 113, 115, 116, 118, 119, 120, 123, 145, 146, 177, 178, 183, 190}"
Ref4.5,C4.5,WcD0A001710290545_03.ce,24,0.1853511540522812,"{3, 4, 5, 6, 14, 15, 16, 27, 67, 69, 110, 116, 117, 118, 119, 153, 186, 187, 188, 190, 191, 192, 193, 194}"
Ref4.5,C4.4,WcD0A251710290600_01.ce,33,0.2185015580327118,"{1, 2, 3, 15, 16, 17, 18, 19, 20, 34, 36, 60, 88, 89, 103, 104, 111, 123, 124, 125, 126, 127, 128, 130, 133, 134, 135, 138, 144, 159, 187, 188, 190}"
Ref4.5,C4.4,WcD0A251710290615_01.ce,45,0.2135448666495837,"{1, 19, 26, 27, 28, 29, 30, 42, 46, 51, 54, 55, 62, 88, 92, 93, 94, 95, 96, 97, 99, 100, 102, 103, 106, 107, 108, 109, 113, 117, 137, 138, 139, 164, 165, 166, 167, 168, 171, 177, 179, 180, 184, 190, 191}"
Ref4.5,C4.4,WcD0A251710290630_01.ce,4,0.187967822204919,"{21, 55, 189, 190}"
Ref4.5,C4.4,WcD0A251710290645_01.ce,17,0.19776174097140373,"{9, 10, 52, 79, 97, 131, 133, 134, 135, 136, 137, 141, 145, 156, 184, 185, 191}"
Ref4.5,C4.5,WcD0A001710290600_03.ce,31,0.2051736417101895,"{1, 2, 3, 8, 15, 16, 17, 18, 19, 35, 36, 40, 89, 103, 104, 111, 123, 125, 126, 127, 128, 129, 133, 134, 135, 138, 144, 152, 159, 187, 188}"
Ref4.5,C4.5,WcD0A001710290615_03.ce,38,0.20134260886434024,"{26, 27, 28, 29, 30, 42, 51, 54, 55, 56, 71, 92, 93, 94, 95, 96, 100, 101, 102, 103, 106, 107, 108, 109, 113, 117, 137, 138, 139, 165, 166, 167, 168, 177, 179, 180, 190, 191}"
Ref4.5,C4.5,WcD0A001710290630_03.ce,3,0.18255489084482165,"{43, 79, 190}"
Ref4.5,C4.5,WcD0A001710290645_03.ce,17,0.19763754803420855,"{9, 10, 79, 97, 130, 131, 134, 135, 136, 137, 141, 145, 156, 159, 184, 185, 191}"
Ref4.5,C4.4,WcD0A251710290700_01.ce,18,0.1944186258050003,"{1, 2, 3, 4, 36, 50, 57, 70, 96, 97, 98, 99, 100, 170, 171, 188, 189, 193}"
Ref4.5,C4.4,WcD0A251710290715_01.ce,43,0.23750901289003376,"{6, 17, 37, 38, 61, 63, 69, 70, 90, 91, 92, 93, 94, 95, 111, 112, 117, 118, 119, 120, 122, 136, 141, 144, 145, 146, 147, 149, 150, 152, 155, 159, 160, 161, 162, 163, 167, 172, 177, 187, 189, 190, 193}"
Ref4.5,C4.4,WcD0A251710290730_01.ce,39,0.22474800795964203,"{1, 2, 3, 16, 52, 53, 54, 55, 56, 57, 58, 59, 69, 76, 79, 80, 81, 83, 84, 87, 88, 97, 102, 105, 106, 112, 117, 119, 124, 125, 127, 132, 168, 171, 175, 177, 181, 182, 185}"
Ref4.5,C4.4,WcD0A251710290745_01.ce,29,0.19965917371701628,"{1, 2, 6, 11, 36, 37, 38, 49, 50, 51, 52, 54, 90, 91, 109, 112, 113, 117, 118, 119, 120, 121, 130, 131, 153, 162, 166, 167, 168}"
Ref4.5,C4.5,WcD0A001710290700_03.ce,14,0.18485605232405422,"{1, 2, 3, 36, 38, 54, 57, 96, 97, 98, 99, 170, 189, 193}"
Ref4.5,C4.5,WcD0A001710290715_03.ce,33,0.22495641448806905,"{6, 17, 37, 61, 70, 90, 91, 93, 94, 95, 112, 117, 118, 119, 120, 122, 130, 144, 145, 146, 147, 149, 150, 155, 159, 160, 161, 162, 163, 172, 177, 186, 189}"
Ref4.5,C4.5,WcD0A001710290730_03.ce,33,0.21223556168958702,"{1, 3, 52, 53, 54, 55, 56, 57, 58, 59, 69, 77, 78, 79, 80, 81, 84, 87, 88, 97, 102, 105, 106, 112, 119, 124, 125, 132, 168, 171, 177, 181, 182}"
Ref4.5,C4.5,WcD0A001710290745_03.ce,28,0.19356392142490828,"{1, 2, 6, 11, 36, 37, 38, 47, 49, 50, 51, 52, 54, 76, 91, 109, 112, 113, 114, 119, 120, 121, 130, 162, 163, 166, 167, 168}"
Ref4.5,C4.4,WcD0A251710290800_01.ce,13,0.16055747171262127,"{1, 2, 3, 10, 11, 85, 111, 146, 154, 155, 156, 167, 188}"
Ref4.5,C4.4,WcD0A251710290815_01.ce,3,0.15105615759838362,"{21, 24, 25}"
Ref4.5,C4.4,WcD0A251710290830_01.ce,11,0.18817457545474767,"{21, 22, 63, 69, 72, 75, 85, 100, 151, 167, 177}"
Ref4.5,C4.4,WcD0A251710290845_01.ce,7,0.15840588240283457,"{23, 24, 154, 27, 30, 165, 114}"
Ref4.5,C4.5,WcD0A001710290800_03.ce,12,0.1524566493617718,"{1, 2, 3, 10, 11, 85, 111, 137, 146, 154, 167, 188}"
Ref4.5,C4.5,WcD0A001710290815_03.ce,3,0.14969498789687838,"{21, 24, 146}"
Ref4.5,C4.5,WcD0A001710290830_03.ce,5,0.18183825053529107,"{69, 72, 21, 22, 63}"
Ref4.5,C4.5,WcD0A001710290845_03.ce,4,0.15314019488022737,"{23, 24, 27, 30}"
Ref4.5,C4.4,WcD0A251710290900_01.ce,12,0.15165066203352498,"{1, 2, 3, 13, 22, 27, 36, 37, 38, 121, 125, 151}"
Ref4.5,C4.4,WcD0A251710290915_01.ce,9,0.15489670400623046,"{24, 26, 27, 28, 30, 32, 33, 35, 73}"
Ref4.5,C4.4,WcD0A251710290930_01.ce,14,0.195723168926061,"{15, 16, 17, 18, 19, 144, 145, 147, 148, 149, 150, 151, 152, 153}"
Ref4.5,C4.4,WcD0A251710290945_01.ce,41,0.2054651237543349,"{2, 12, 22, 23, 25, 26, 49, 60, 67, 70, 71, 72, 73, 75, 83, 84, 85, 86, 89, 95, 123, 126, 127, 130, 131, 156, 165, 166, 168, 176, 177, 183, 184, 185, 186, 187, 188, 189, 190, 191, 192}"
Ref4.5,C4.5,WcD0A001710290900_03.ce,10,0.15732236732557492,"{1, 2, 3, 22, 37, 38, 104, 121, 151, 167}"
Ref4.5,C4.5,WcD0A001710290915_03.ce,8,0.14522589841195735,"{26, 27, 28, 30, 32, 33, 35, 73}"
Ref4.5,C4.5,WcD0A001710290930_03.ce,14,0.18116056435171188,"{14, 15, 16, 17, 18, 144, 145, 147, 148, 150, 151, 152, 157, 160}"
Ref4.5,C4.5,WcD0A001710290945_03.ce,39,0.20041974532673487,"{22, 23, 25, 26, 49, 67, 70, 71, 73, 75, 83, 84, 85, 86, 87, 89, 123, 126, 127, 130, 131, 147, 151, 156, 165, 166, 168, 176, 177, 180, 183, 184, 185, 186, 187, 188, 189, 190, 192}"
Ref4.5,C4.4,WcD0A251710291000_01.ce,41,0.203911389489013,"{1, 2, 3, 4, 11, 19, 23, 24, 31, 38, 39, 54, 55, 56, 57, 58, 59, 60, 73, 83, 84, 85, 86, 87, 88, 90, 91, 96, 105, 116, 117, 118, 140, 158, 159, 160, 176, 183, 189, 191, 194}"
Ref4.5,C4.4,WcD0A251710291015_01.ce,52,0.22727955163278554,"{5, 15, 16, 17, 20, 21, 22, 25, 26, 27, 29, 33, 41, 45, 46, 47, 50, 51, 53, 76, 77, 78, 79, 80, 81, 83, 84, 85, 86, 87, 90, 92, 93, 95, 101, 104, 121, 122, 123, 124, 146, 147, 148, 158, 159, 161, 162, 172, 173, 180, 183, 188}"
Ref4.5,C4.4,WcD0A251710291030_01.ce,27,0.19574811756076724,"{8, 9, 22, 23, 24, 25, 26, 27, 28, 30, 38, 67, 68, 69, 83, 84, 92, 105, 111, 120, 121, 122, 123, 126, 127, 169, 172}"
Ref4.5,C4.4,WcD0A251710291045_01.ce,16,0.196280280057677,"{24, 31, 39, 118, 144, 148, 156, 177, 178, 179, 180, 181, 182, 184, 185, 187}"
Ref4.5,C4.5,WcD0A001710291000_03.ce,42,0.2067106364711158,"{1, 2, 3, 4, 18, 24, 31, 33, 38, 39, 54, 55, 56, 57, 58, 59, 60, 73, 75, 83, 84, 85, 86, 87, 88, 90, 91, 96, 105, 107, 108, 116, 117, 118, 140, 158, 159, 160, 176, 183, 189, 191}"
Ref4.5,C4.5,WcD0A001710291015_03.ce,53,0.2241368977750379,"{5, 11, 15, 16, 17, 18, 20, 21, 22, 25, 26, 27, 28, 31, 32, 33, 44, 45, 46, 47, 52, 62, 76, 77, 78, 79, 80, 81, 83, 84, 85, 86, 87, 90, 92, 93, 95, 101, 104, 121, 122, 123, 124, 146, 147, 156, 158, 161, 162, 163, 173, 180, 188}"
Ref4.5,C4.5,WcD0A001710291030_03.ce,25,0.19762228361613438,"{8, 9, 23, 24, 25, 26, 27, 30, 38, 67, 69, 79, 83, 84, 88, 92, 111, 120, 121, 122, 123, 126, 127, 169, 172}"
Ref4.5,C4.5,WcD0A001710291045_03.ce,12,0.18019261275869702,"{22, 23, 30, 117, 147, 155, 176, 180, 181, 183, 184, 186}"
Ref4.5,C4.4,WcD0A251710291100_01.ce,37,0.19188408264988782,"{1, 2, 3, 4, 5, 9, 10, 11, 12, 31, 54, 55, 56, 58, 59, 61, 64, 65, 66, 123, 124, 125, 126, 132, 136, 141, 142, 143, 144, 145, 146, 147, 148, 152, 153, 157, 187}"
Ref4.5,C4.4,WcD0A251710291115_01.ce,27,0.2022765548068648,"{2, 6, 7, 8, 10, 13, 15, 33, 35, 36, 42, 44, 45, 49, 64, 65, 75, 98, 99, 108, 137, 152, 156, 175, 179, 183, 187}"
Ref4.5,C4.4,WcD0A251710291130_01.ce,27,0.20833716734861277,"{23, 24, 25, 32, 52, 56, 61, 62, 66, 83, 84, 85, 101, 104, 106, 133, 134, 135, 136, 137, 139, 147, 150, 165, 174, 178, 185}"
Ref4.5,C4.4,WcD0A251710291145_01.ce,15,0.17776678382955782,"{6, 7, 21, 24, 54, 61, 70, 86, 91, 97, 98, 114, 115, 119, 133}"
Ref4.5,C4.5,WcD0A001710291100_03.ce,27,0.19132174560448426,"{1, 2, 3, 4, 5, 10, 11, 12, 31, 54, 55, 56, 61, 64, 65, 66, 70, 124, 125, 126, 141, 142, 144, 147, 152, 153, 187}"
Ref4.5,C4.5,WcD0A001710291115_03.ce,19,0.19355368750873522,"{2, 7, 8, 10, 13, 15, 35, 37, 42, 45, 49, 65, 98, 99, 108, 114, 137, 152, 175}"
Ref4.5,C4.5,WcD0A001710291130_03.ce,25,0.2113883942547678,"{23, 24, 25, 32, 52, 62, 65, 77, 83, 84, 85, 101, 106, 133, 134, 135, 136, 137, 139, 147, 150, 151, 165, 174, 178}"
Ref4.5,C4.5,WcD0A001710291145_03.ce,15,0.17056093118392096,"{6, 8, 21, 35, 36, 61, 70, 86, 98, 114, 115, 116, 119, 120, 133}"
Ref4.5,C4.4,WcD0A251710291200_01.ce,15,0.1518882150082168,"{1, 2, 3, 4, 42, 43, 44, 45, 50, 84, 119, 120, 121, 132, 151}"
Ref4.5,C4.4,WcD0A251710291215_01.ce,29,0.18082954432769952,"{97, 119, 121, 124, 138, 139, 144, 145, 149, 150, 151, 152, 153, 161, 162, 163, 164, 167, 169, 170, 171, 182, 183, 184, 185, 188, 190, 191, 193}"
Ref4.5,C4.4,WcD0A251710291230_01.ce,87,0.22945168624923012,"{3, 4, 5, 10, 15, 16, 21, 22, 23, 27, 28, 31, 37, 38, 39, 40, 43, 44, 45, 47, 48, 51, 55, 56, 60, 64, 65, 66, 67, 68, 69, 71, 72, 73, 75, 76, 77, 78, 79, 80, 81, 82, 83, 84, 85, 86, 88, 92, 93, 94, 98, 99, 100, 103, 106, 107, 108, 109, 110, 111, 112, 113, 114, 115, 116, 117, 118, 119, 120, 124, 125, 127, 130, 134, 140, 145, 160, 162, 163, 164, 165, 166, 167, 177, 183, 192, 193}"
Ref4.5,C4.4,WcD0A251710291245_01.ce,52,0.18869515644901028,"{1, 3, 6, 7, 8, 17, 32, 33, 36, 38, 41, 42, 43, 47, 55, 67, 68, 70, 79, 84, 85, 86, 87, 88, 89, 90, 91, 92, 93, 94, 95, 96, 97, 98, 101, 102, 103, 107, 109, 111, 150, 153, 154, 160, 161, 165, 166, 167, 168, 169, 170, 171}"
Ref4.5,C4.5,WcD0A001710291200_03.ce,11,0.15466242292881105,"{1, 2, 3, 4, 43, 44, 45, 84, 120, 121, 132}"
Ref4.5,C4.5,WcD0A001710291215_03.ce,21,0.19134480041148308,"{119, 120, 121, 138, 139, 140, 145, 150, 151, 152, 153, 155, 161, 167, 170, 182, 183, 184, 190, 191, 193}"
Ref4.5,C4.5,WcD0A001710291230_03.ce,77,0.23636483243708672,"{3, 4, 5, 10, 16, 21, 22, 23, 27, 28, 30, 32, 38, 40, 43, 44, 45, 47, 51, 55, 56, 60, 64, 66, 67, 68, 69, 71, 72, 73, 75, 76, 78, 79, 80, 81, 82, 83, 86, 88, 92, 93, 94, 96, 98, 99, 103, 106, 107, 108, 109, 110, 111, 112, 113, 114, 115, 116, 117, 118, 119, 120, 123, 124, 125, 127, 130, 135, 145, 162, 163, 164, 165, 166, 167, 184, 193}"
Ref4.5,C4.5,WcD0A001710291245_03.ce,39,0.19712428168131554,"{3, 7, 8, 17, 33, 36, 42, 43, 65, 68, 70, 84, 85, 86, 87, 88, 89, 90, 91, 92, 93, 94, 95, 97, 98, 100, 101, 102, 103, 111, 150, 153, 165, 166, 167, 168, 169, 170, 171}"
Ref4.5,C4.4,WcD0A251710291300_01.ce,10,0.16857629446054825,"{1, 2, 3, 32, 45, 50, 51, 56, 86, 177}"
Ref4.5,C4.4,WcD0A251710291315_01.ce,12,0.19569291951489973,"{4, 36, 58, 59, 74, 97, 115, 118, 134, 142, 143, 175}"
Ref4.5,C4.4,WcD0A251710291330_01.ce,8,0.16996864807444376,"{30, 31, 79, 80, 141, 192, 193, 194}"
Ref4.5,C4.4,WcD0A251710291345_01.ce,7,0.1502663490399764,"{1, 2, 4, 98, 101, 109, 146}"
Ref4.5,C4.5,WcD0A001710291300_03.ce,9,0.1490957325027262,"{1, 2, 3, 32, 33, 45, 50, 51, 177}"
Ref4.5,C4.5,WcD0A001710291315_03.ce,8,0.19595854025363607,"{36, 58, 59, 115, 142, 143, 175, 183}"
Ref4.5,C4.5,WcD0A001710291330_03.ce,6,0.17133894994691265,"{30, 31, 79, 80, 192, 194}"
Ref4.5,C4.5,WcD0A001710291345_03.ce,9,0.14303460734113793,"{1, 2, 3, 4, 99, 103, 109, 112, 146}"
Ref4.5,C4.4,WcD0A251710291400_01.ce,16,0.1803718327305982,"{1, 2, 3, 6, 10, 45, 49, 50, 86, 89, 91, 106, 151, 185, 186, 193}"
Ref4.5,C4.4,WcD0A251710291415_01.ce,10,0.11956568400227484,"{16, 58, 77, 78, 108, 110, 161, 169, 170, 171}"
Ref4.5,C4.4,WcD0A251710291430_01.ce,8,0.14831505842156995,"{34, 87, 117, 118, 130, 137, 166, 168}"
Ref4.5,C4.4,WcD0A251710291445_01.ce,11,0.15774089705153352,"{22, 23, 71, 96, 106, 107, 108, 109, 110, 111, 139}"
Ref4.5,C4.5,WcD0A001710291400_03.ce,17,0.17000880026806978,"{1, 2, 3, 10, 14, 45, 48, 49, 50, 56, 91, 106, 142, 181, 185, 186, 187}"
Ref4.5,C4.5,WcD0A001710291415_03.ce,7,0.13494292073780345,"{57, 76, 107, 109, 160, 169, 170}"
Ref4.5,C4.5,WcD0A001710291430_03.ce,9,0.14001328540602365,"{30, 34, 87, 117, 118, 130, 137, 166, 168}"
Ref4.5,C4.5,WcD0A001710291445_03.ce,13,0.1532067456823018,"{7, 23, 24, 26, 47, 68, 96, 106, 107, 108, 109, 110, 111}"
Ref4.5,C4.4,WcD0A251710291500_01.ce,9,0.1533174074513363,"{1, 2, 3, 70, 71, 14, 116, 117, 118}"
Ref4.5,C4.4,WcD0A251710291515_01.ce,28,0.17546607878539053,"{19, 31, 32, 44, 46, 47, 48, 49, 50, 52, 130, 131, 132, 135, 136, 142, 165, 166, 167, 168, 169, 170, 174, 176, 177, 179, 180, 192}"
Ref4.5,C4.4,WcD0A251710291530_01.ce,9,0.15679587685411092,"{145, 18, 76, 81, 82, 96, 125, 126, 127}"
Ref4.5,C4.4,WcD0A251710291545_01.ce,25,0.18251281911148207,"{55, 67, 68, 75, 77, 82, 93, 95, 96, 101, 102, 131, 134, 135, 136, 137, 138, 139, 140, 141, 142, 143, 144, 145, 146}"
Ref4.5,C4.5,WcD0A001710291500_03.ce,12,0.1579688192533369,"{1, 2, 3, 29, 31, 70, 71, 102, 116, 117, 118, 151}"
Ref4.5,C4.5,WcD0A001710291515_03.ce,23,0.1660377617210932,"{32, 45, 46, 47, 48, 49, 50, 52, 130, 131, 132, 135, 136, 152, 165, 166, 167, 168, 169, 170, 174, 176, 177}"
Ref4.5,C4.5,WcD0A001710291530_03.ce,8,0.16151869430961768,"{18, 81, 82, 96, 125, 126, 127, 145}"
Ref4.5,C4.5,WcD0A001710291545_03.ce,26,0.17966780484751052,"{55, 67, 68, 75, 77, 82, 93, 94, 95, 96, 97, 102, 131, 134, 135, 136, 137, 138, 139, 140, 141, 142, 143, 144, 145, 146}"
Ref4.5,C4.4,WcD0A251710291600_01.ce,40,0.18607446150733006,"{1, 2, 3, 4, 21, 32, 33, 34, 35, 36, 37, 38, 39, 69, 70, 71, 72, 92, 100, 103, 123, 130, 132, 136, 142, 154, 155, 157, 170, 179, 180, 181, 182, 183, 184, 185, 186, 187, 188, 189}"
Ref4.5,C4.4,WcD0A251710291615_01.ce,15,0.164593874910488,"{4, 15, 25, 27, 63, 84, 91, 119, 130, 141, 142, 145, 179, 188, 192}"
Ref4.5,C4.4,WcD0A251710291630_01.ce,41,0.19443879808960537,"{2, 3, 4, 5, 6, 7, 8, 9, 10, 11, 12, 15, 16, 17, 18, 21, 29, 43, 48, 49, 52, 54, 58, 67, 77, 107, 109, 123, 124, 153, 154, 155, 157, 158, 159, 160, 161, 162, 163, 168, 175}"
Ref4.5,C4.4,WcD0A251710291645_01.ce,8,0.19622673464917947,"{12, 158, 161, 164, 165, 166, 171, 178}"
Ref4.5,C4.5,WcD0A001710291600_03.ce,33,0.19700753117813022,"{1, 2, 3, 4, 23, 31, 32, 33, 34, 36, 37, 38, 39, 70, 71, 72, 103, 109, 129, 142, 154, 155, 157, 158, 180, 182, 183, 184, 185, 186, 187, 188, 189}"
Ref4.5,C4.5,WcD0A001710291615_03.ce,14,0.1561581627811152,"{4, 15, 16, 25, 27, 59, 63, 119, 128, 130, 142, 179, 188, 192}"
Ref4.5,C4.5,WcD0A001710291630_03.ce,36,0.18191647198570396,"{2, 3, 4, 5, 6, 8, 9, 10, 11, 12, 13, 14, 15, 16, 17, 18, 21, 52, 55, 67, 77, 109, 127, 145, 153, 154, 155, 157, 158, 159, 160, 161, 162, 163, 168, 175}"
Ref4.5,C4.5,WcD0A001710291645_03.ce,7,0.1954117558855749,"{12, 158, 160, 165, 171, 178, 75}"
Ref4.5,C4.4,WcD0A251710291700_01.ce,16,0.17559592670933669,"{1, 2, 3, 4, 28, 29, 36, 39, 41, 43, 44, 45, 46, 52, 58, 69}"
Ref4.5,C4.4,WcD0A251710291715_01.ce,3,0.16119261181741573,"{145, 147, 148}"
Ref4.5,C4.4,WcD0A251710291730_01.ce,2,0.17252558640292012,"{85, 87}"
Ref4.5,C4.4,WcD0A251710291745_01.ce,10,0.17768563534351825,"{42, 49, 92, 100, 118, 174, 179, 180, 184, 186}"
Ref4.5,C4.5,WcD0A001710291700_03.ce,15,0.17776042887773466,"{1, 2, 3, 4, 27, 29, 39, 40, 41, 43, 44, 45, 47, 58, 69}"
Ref4.5,C4.5,WcD0A001710291715_03.ce,2,0.15477383297443714,"{145, 148}"
Ref4.5,C4.5,WcD0A001710291730_03.ce,3,0.17698786395090071,"{85, 97, 113}"
Ref4.5,C4.5,WcD0A001710291745_03.ce,8,0.1702995606233258,"{42, 178, 179, 183, 185, 186, 91, 118}"
Ref4.5,C4.4,WcD0A251710291800_01.ce,15,0.18293554534860137,"{1, 2, 3, 36, 37, 74, 83, 113, 118, 135, 136, 137, 151, 156, 157}"
Ref4.5,C4.4,WcD0A251710291815_01.ce,9,0.1899986553794039,"{38, 39, 42, 75, 76, 83, 160, 161, 185}"
Ref4.5,C4.4,WcD0A251710291830_01.ce,24,0.1673776966800281,"{106, 107, 112, 114, 115, 116, 117, 118, 119, 120, 121, 131, 143, 145, 146, 147, 148, 150, 154, 158, 163, 169, 173, 178}"
Ref4.5,C4.4,WcD0A251710291845_01.ce,27,0.17411026722999587,"{5, 7, 8, 35, 36, 47, 48, 49, 57, 63, 64, 65, 69, 71, 72, 73, 74, 76, 83, 91, 92, 98, 102, 139, 166, 174, 175}"
Ref4.5,C4.5,WcD0A001710291800_03.ce,12,0.17878978014671598,"{1, 2, 3, 36, 37, 74, 83, 135, 137, 148, 149, 154}"
Ref4.5,C4.5,WcD0A001710291815_03.ce,6,0.1854215671417698,"{38, 39, 75, 83, 160, 161}"
Ref4.5,C4.5,WcD0A001710291830_03.ce,17,0.15723200077319147,"{105, 106, 113, 114, 115, 116, 117, 118, 119, 121, 130, 144, 145, 162, 172, 173, 177}"
Ref4.5,C4.5,WcD0A001710291845_03.ce,23,0.17538296654808283,"{7, 8, 33, 35, 36, 48, 49, 63, 64, 65, 71, 72, 73, 74, 82, 83, 88, 89, 91, 92, 97, 102, 126}"
Ref4.5,C4.4,WcD0A251710291900_01.ce,63,0.19045910846061834,"{1, 2, 3, 4, 7, 8, 9, 10, 11, 13, 28, 32, 34, 35, 50, 58, 59, 60, 61, 62, 63, 74, 83, 84, 90, 96, 97, 99, 107, 108, 112, 113, 114, 115, 116, 117, 118, 119, 120, 121, 122, 123, 124, 127, 128, 129, 138, 145, 146, 151, 152, 157, 158, 159, 160, 164, 166, 173, 174, 177, 178, 180, 181}"
Ref4.5,C4.4,WcD0A251710291915_01.ce,41,0.17550950024978879,"{1, 5, 6, 13, 22, 23, 27, 28, 29, 30, 31, 40, 41, 42, 43, 44, 49, 53, 55, 63, 66, 72, 74, 80, 87, 88, 110, 111, 123, 136, 137, 138, 139, 140, 141, 149, 152, 159, 165, 169, 192}"
Ref4.5,C4.4,WcD0A251710291930_01.ce,70,0.20396400460507036,"{3, 4, 8, 9, 10, 11, 12, 16, 17, 19, 20, 21, 24, 25, 26, 36, 37, 40, 46, 48, 60, 61, 62, 63, 64, 65, 82, 83, 88, 94, 95, 96, 109, 110, 116, 117, 118, 119, 120, 121, 122, 123, 124, 125, 126, 129, 130, 132, 133, 138, 149, 150, 151, 152, 153, 154, 155, 157, 160, 162, 164, 165, 169, 175, 176, 177, 179, 182, 183, 184}"
Ref4.5,C4.4,WcD0A251710291945_01.ce,32,0.20257877021582174,"{10, 14, 16, 17, 18, 19, 24, 27, 28, 29, 31, 36, 55, 65, 98, 105, 113, 116, 117, 127, 134, 138, 142, 173, 174, 175, 177, 179, 180, 181, 184, 193}"
Ref4.5,C4.5,WcD0A001710291900_03.ce,45,0.17654748531513642,"{1, 2, 3, 4, 7, 8, 10, 11, 28, 32, 50, 58, 60, 62, 63, 74, 79, 83, 84, 94, 96, 97, 98, 107, 108, 112, 113, 114, 116, 118, 119, 120, 123, 124, 127, 128, 129, 130, 142, 144, 146, 152, 153, 157, 174}"
Ref4.5,C4.5,WcD0A001710291915_03.ce,37,0.16878998989537433,"{1, 5, 13, 17, 23, 24, 27, 28, 29, 32, 41, 42, 43, 44, 49, 53, 63, 72, 74, 80, 87, 88, 94, 110, 111, 123, 136, 137, 138, 139, 140, 149, 159, 166, 167, 169, 192}"
Ref4.5,C4.5,WcD0A001710291930_03.ce,50,0.1908368760627593,"{3, 4, 9, 10, 14, 17, 18, 20, 24, 36, 37, 40, 46, 48, 60, 61, 62, 63, 64, 65, 82, 83, 88, 92, 94, 95, 96, 109, 117, 118, 119, 121, 123, 124, 126, 129, 130, 138, 150, 151, 152, 153, 155, 157, 160, 176, 178, 179, 182, 184}"
Ref4.5,C4.5,WcD0A001710291945_03.ce,32,0.19527757517451685,"{10, 11, 14, 15, 17, 18, 20, 24, 27, 28, 31, 36, 55, 64, 65, 96, 98, 105, 113, 114, 117, 121, 138, 142, 173, 174, 175, 179, 180, 181, 183, 188}"
Ref4.5,C4.4,WcD0A251710292000_01.ce,53,0.1932094180068083,"{1, 2, 3, 17, 18, 25, 30, 31, 33, 34, 43, 44, 46, 56, 57, 59, 62, 65, 67, 68, 74, 79, 80, 83, 89, 90, 94, 95, 96, 116, 118, 119, 122, 125, 131, 133, 135, 136, 137, 138, 140, 146, 152, 169, 170, 171, 172, 177, 178, 186, 187, 188, 189}"
Ref4.5,C4.4,WcD0A251710292015_01.ce,44,0.16965908571787808,"{4, 11, 39, 69, 70, 73, 75, 76, 77, 80, 88, 89, 90, 100, 101, 102, 112, 113, 114, 120, 122, 123, 124, 125, 126, 128, 129, 131, 132, 133, 139, 141, 143, 145, 146, 147, 149, 154, 155, 162, 178, 182, 190, 191}"
Ref4.5,C4.4,WcD0A251710292030_01.ce,42,0.17647813009835397,"{9, 10, 19, 49, 53, 58, 72, 73, 83, 84, 89, 96, 101, 102, 105, 106, 109, 117, 118, 123, 129, 130, 131, 145, 149, 150, 151, 163, 165, 168, 169, 173, 174, 175, 176, 177, 178, 180, 186, 187, 190, 191}"
Ref4.5,C4.4,WcD0A251710292045_01.ce,75,0.21596250942870795,"{4, 13, 14, 17, 18, 19, 27, 28, 31, 35, 42, 43, 44, 59, 62, 66, 67, 68, 70, 74, 79, 85, 86, 87, 91, 95, 96, 99, 101, 102, 103, 104, 106, 107, 109, 111, 112, 113, 116, 117, 120, 121, 122, 123, 124, 125, 127, 128, 131, 132, 141, 144, 148, 149, 155, 164, 167, 168, 173, 174, 178, 179, 180, 182, 183, 184, 185, 186, 187, 188, 189, 190, 191, 192, 193}"
Ref4.5,C4.5,WcD0A001710292000_03.ce,48,0.19311311866920625,"{1, 2, 3, 17, 18, 25, 30, 32, 43, 44, 46, 56, 57, 59, 65, 67, 68, 69, 74, 80, 90, 94, 96, 107, 117, 121, 131, 133, 135, 137, 140, 144, 145, 146, 150, 151, 152, 155, 169, 170, 172, 173, 176, 178, 186, 187, 188, 189}"
Ref4.5,C4.5,WcD0A001710292015_03.ce,30,0.17772870314815117,"{11, 68, 69, 70, 73, 74, 76, 77, 80, 88, 91, 113, 114, 121, 122, 124, 125, 126, 128, 131, 139, 141, 143, 146, 149, 155, 162, 178, 190, 191}"
Ref4.5,C4.5,WcD0A001710292030_03.ce,35,0.1702713554695293,"{10, 11, 49, 58, 71, 72, 83, 84, 88, 89, 90, 96, 100, 102, 106, 109, 113, 117, 118, 119, 129, 130, 131, 145, 150, 151, 154, 163, 169, 173, 175, 176, 178, 187, 188}"
Ref4.5,C4.5,WcD0A001710292045_03.ce,67,0.20576029672848112,"{13, 14, 16, 17, 18, 19, 27, 31, 41, 42, 43, 44, 62, 68, 70, 74, 79, 85, 86, 87, 88, 91, 94, 95, 96, 99, 101, 102, 104, 105, 107, 111, 113, 114, 115, 117, 119, 120, 122, 123, 124, 125, 127, 128, 129, 132, 144, 149, 155, 158, 167, 168, 174, 178, 179, 182, 183, 184, 185, 186, 187, 188, 189, 190, 191, 192, 193}"
Ref4.5,C4.4,WcD0A251710292100_01.ce,89,0.18688076381063182,"{1, 2, 3, 4, 5, 6, 34, 35, 36, 37, 38, 39, 40, 46, 47, 53, 54, 55, 56, 57, 58, 60, 61, 63, 64, 65, 66, 74, 75, 76, 77, 78, 79, 86, 87, 88, 89, 90, 91, 101, 102, 103, 105, 109, 111, 112, 113, 114, 115, 120, 121, 122, 123, 124, 126, 128, 129, 130, 131, 140, 142, 143, 144, 145, 146, 147, 148, 151, 152, 153, 154, 158, 159, 160, 161, 162, 163, 164, 165, 166, 167, 168, 170, 172, 173, 175, 176, 177, 187}"
Ref4.5,C4.4,WcD0A251710292115_01.ce,108,0.21210163397630055,"{7, 8, 9, 10, 11, 12, 13, 21, 22, 26, 27, 28, 29, 30, 34, 35, 36, 37, 39, 40, 42, 43, 44, 45, 46, 48, 54, 55, 56, 59, 61, 65, 66, 68, 71, 72, 73, 74, 75, 76, 77, 78, 79, 80, 81, 83, 84, 85, 86, 89, 90, 91, 92, 93, 94, 95, 99, 101, 102, 103, 104, 105, 110, 115, 116, 117, 120, 121, 123, 124, 125, 134, 142, 146, 148, 149, 150, 152, 153, 154, 155, 157, 158, 159, 160, 161, 162, 163, 165, 166, 167, 168, 169, 170, 171, 172, 175, 176, 177, 178, 182, 185, 186, 188, 189, 190, 191, 194}"
Ref4.5,C4.4,WcD0A251710292130_01.ce,90,0.21851808894495464,"{1, 3, 4, 5, 6, 9, 14, 15, 17, 18, 19, 21, 38, 39, 40, 41, 42, 43, 45, 46, 47, 48, 49, 53, 55, 57, 58, 60, 61, 62, 63, 65, 66, 67, 68, 69, 73, 74, 75, 80, 81, 82, 83, 92, 97, 102, 103, 104, 105, 106, 107, 108, 112, 115, 119, 120, 121, 128, 129, 130, 131, 132, 135, 138, 139, 140, 141, 142, 143, 145, 146, 151, 152, 153, 155, 157, 158, 164, 168, 173, 174, 179, 180, 184, 186, 187, 188, 189, 190, 193}"
Ref4.5,C4.4,WcD0A251710292145_01.ce,38,0.18795774144989427,"{1, 2, 3, 4, 5, 6, 7, 8, 9, 10, 15, 16, 18, 20, 21, 22, 25, 27, 31, 32, 34, 35, 36, 38, 39, 41, 42, 43, 45, 46, 49, 50, 51, 52, 53, 92, 164, 170}"
Ref4.5,C4.5,WcD0A001710292100_03.ce,79,0.18571304704923886,"{1, 2, 3, 4, 5, 6, 35, 36, 37, 38, 39, 40, 41, 42, 47, 54, 55, 56, 57, 58, 61, 64, 65, 74, 75, 76, 78, 79, 86, 87, 88, 89, 91, 100, 101, 102, 103, 105, 110, 111, 112, 113, 114, 115, 116, 119, 120, 122, 123, 124, 126, 128, 129, 130, 131, 140, 142, 144, 145, 146, 147, 148, 152, 159, 160, 161, 162, 163, 164, 165, 166, 167, 168, 169, 170, 172, 173, 176, 177}"
Ref4.5,C4.5,WcD0A001710292115_03.ce,95,0.21427152545909012,"{6, 7, 8, 9, 10, 12, 13, 21, 22, 25, 26, 27, 28, 29, 34, 35, 36, 38, 39, 41, 42, 43, 56, 58, 60, 65, 67, 68, 70, 71, 72, 74, 75, 76, 77, 78, 79, 80, 82, 84, 85, 86, 88, 89, 90, 91, 92, 93, 94, 96, 98, 100, 102, 103, 104, 111, 112, 115, 116, 119, 120, 123, 124, 126, 133, 141, 142, 143, 145, 147, 149, 151, 152, 153, 154, 156, 157, 158, 159, 160, 161, 163, 164, 166, 167, 171, 174, 175, 176, 177, 181, 185, 188, 190, 193}"
Ref4.5,C4.5,WcD0A001710292130_03.ce,86,0.211386154047506,"{1, 3, 4, 5, 6, 9, 11, 14, 15, 17, 18, 19, 21, 38, 39, 40, 41, 42, 43, 44, 46, 47, 48, 49, 53, 54, 55, 58, 61, 62, 63, 65, 66, 67, 68, 69, 72, 73, 75, 80, 81, 82, 83, 84, 102, 103, 104, 105, 106, 107, 108, 112, 115, 119, 120, 121, 125, 128, 129, 130, 132, 135, 138, 139, 140, 141, 142, 143, 146, 151, 152, 153, 155, 158, 163, 164, 168, 173, 179, 182, 184, 186, 187, 188, 189, 193}"
Ref4.5,C4.5,WcD0A001710292145_03.ce,36,0.1789871261831212,"{1, 2, 3, 4, 5, 8, 9, 10, 16, 18, 20, 21, 22, 27, 30, 31, 32, 35, 36, 37, 38, 39, 41, 42, 43, 44, 45, 46, 49, 50, 53, 87, 127, 133, 164, 170}"
Ref4.5,C4.4,WcD0A251710292200_01.ce,80,0.21235479999539683,"{1, 2, 3, 4, 7, 8, 9, 34, 43, 46, 64, 65, 67, 68, 70, 71, 72, 73, 74, 75, 76, 77, 79, 80, 81, 82, 83, 84, 86, 87, 88, 90, 93, 94, 95, 96, 101, 102, 105, 106, 107, 108, 109, 112, 113, 114, 116, 119, 120, 121, 133, 135, 137, 140, 141, 142, 145, 146, 147, 149, 150, 151, 152, 157, 158, 159, 161, 162, 163, 169, 171, 177, 178, 179, 180, 185, 186, 187, 188, 194}"
Ref4.5,C4.4,WcD0A251710292215_01.ce,86,0.18253540437107016,"{10, 12, 13, 14, 15, 16, 22, 23, 24, 25, 26, 27, 28, 29, 30, 31, 33, 36, 37, 38, 39, 40, 41, 42, 43, 44, 45, 46, 47, 58, 60, 66, 67, 69, 70, 73, 74, 75, 76, 77, 78, 79, 81, 82, 83, 84, 85, 86, 87, 92, 93, 98, 99, 100, 102, 103, 104, 108, 120, 121, 122, 123, 124, 125, 138, 139, 140, 143, 144, 151, 152, 154, 156, 158, 160, 165, 166, 172, 173, 182, 183, 184, 185, 187, 188, 189}"
Ref4.5,C4.4,WcD0A251710292230_01.ce,88,0.22548943774961167,"{5, 8, 9, 10, 14, 15, 16, 20, 21, 22, 23, 24, 27, 28, 33, 35, 36, 37, 38, 39, 40, 43, 44, 45, 50, 51, 52, 55, 56, 57, 58, 59, 60, 61, 62, 65, 70, 72, 73, 74, 78, 79, 80, 81, 82, 83, 84, 87, 88, 89, 90, 91, 92, 93, 94, 95, 99, 100, 101, 102, 111, 112, 116, 121, 122, 128, 129, 130, 131, 137, 138, 139, 140, 141, 144, 152, 157, 164, 168, 169, 174, 175, 176, 179, 180, 185, 189, 194}"
Ref4.5,C4.4,WcD0A251710292245_01.ce,64,0.1879684983275057,"{1, 2, 3, 4, 6, 12, 13, 14, 15, 18, 32, 34, 35, 42, 46, 52, 53, 54, 55, 56, 57, 61, 62, 65, 69, 70, 80, 82, 83, 85, 86, 87, 88, 92, 93, 94, 98, 99, 100, 101, 103, 109, 116, 119, 120, 126, 129, 130, 131, 135, 136, 137, 173, 181, 182, 183, 184, 185, 186, 187, 188, 189, 190, 191}"
Ref4.5,C4.5,WcD0A001710292200_03.ce,74,0.207404204748223,"{1, 2, 3, 6, 7, 8, 33, 42, 46, 64, 67, 69, 70, 71, 72, 73, 74, 75, 76, 78, 79, 80, 81, 82, 83, 85, 86, 87, 89, 92, 93, 94, 95, 100, 101, 104, 105, 106, 107, 108, 109, 110, 111, 112, 113, 115, 118, 119, 132, 134, 135, 136, 137, 140, 141, 144, 145, 148, 149, 150, 151, 156, 158, 160, 161, 162, 168, 177, 178, 179, 180, 185, 186, 187}"
Ref4.5,C4.5,WcD0A001710292215_03.ce,76,0.19052651941457235,"{2, 12, 14, 15, 16, 22, 24, 25, 26, 27, 28, 29, 30, 33, 37, 38, 39, 40, 41, 42, 43, 44, 46, 47, 58, 60, 66, 67, 69, 70, 74, 76, 77, 78, 79, 81, 82, 83, 84, 85, 86, 87, 93, 94, 98, 99, 100, 102, 103, 104, 120, 121, 122, 123, 124, 126, 138, 139, 140, 141, 143, 144, 152, 154, 156, 159, 160, 165, 172, 173, 182, 183, 184, 185, 187, 189}"
Ref4.5,C4.5,WcD0A001710292230_03.ce,87,0.2202830912622632,"{3, 5, 8, 9, 10, 14, 15, 20, 21, 22, 23, 26, 33, 34, 35, 36, 37, 38, 39, 40, 42, 51, 52, 54, 55, 56, 57, 58, 60, 61, 64, 65, 70, 71, 72, 73, 74, 75, 76, 78, 79, 80, 81, 82, 83, 84, 87, 88, 89, 90, 91, 92, 93, 94, 95, 96, 98, 99, 100, 101, 102, 109, 111, 113, 114, 116, 119, 121, 122, 128, 129, 133, 138, 139, 140, 141, 142, 149, 157, 168, 169, 174, 175, 180, 185, 189, 194}"
Ref4.5,C4.5,WcD0A001710292245_03.ce,56,0.19441153189397717,"{2, 3, 6, 14, 15, 18, 32, 33, 34, 39, 46, 53, 54, 55, 57, 58, 61, 62, 65, 70, 80, 82, 83, 86, 87, 88, 92, 94, 98, 99, 100, 101, 103, 116, 118, 125, 126, 129, 130, 131, 132, 136, 137, 169, 180, 181, 182, 183, 184, 185, 186, 187, 188, 189, 190, 191}"
Ref4.5,C4.4,WcD0A251710292300_01.ce,29,0.20552778012943368,"{1, 2, 3, 17, 20, 21, 47, 84, 107, 108, 109, 110, 111, 112, 115, 117, 129, 133, 134, 142, 143, 144, 145, 150, 166, 168, 169, 172, 193}"
Ref4.5,C4.4,WcD0A251710292315_01.ce,40,0.2197497058309884,"{7, 23, 27, 40, 47, 58, 59, 67, 68, 70, 71, 79, 80, 81, 83, 84, 85, 86, 87, 88, 89, 90, 92, 96, 97, 105, 107, 113, 115, 116, 118, 124, 126, 133, 136, 143, 146, 148, 154, 155}"
Ref4.5,C4.4,WcD0A251710292330_01.ce,2,0.1518866206270493,"{138, 140}"
Ref4.5,C4.4,WcD0A251710292345_01.ce,2,0.15826558602176705,"{102, 31}"
Ref4.5,C4.5,WcD0A001710292300_03.ce,24,0.20000915917881745,"{1, 2, 3, 20, 21, 47, 67, 95, 106, 107, 108, 109, 110, 111, 118, 129, 133, 140, 144, 145, 150, 167, 169, 173}"
Ref4.5,C4.5,WcD0A001710292315_03.ce,30,0.21511410274617637,"{7, 27, 30, 40, 58, 59, 66, 68, 70, 71, 79, 84, 85, 86, 87, 90, 92, 93, 96, 97, 105, 115, 116, 124, 126, 136, 137, 143, 148, 165}"
Ref4.5,C4.5,WcD0A001710292330_03.ce,3,0.14938846355344193,"{138, 140, 179}"
Ref4.5,C4.5,WcD0A001710292345_03.ce,2,0.14977106910180776,"{188, 189}"
