ref_4.5,C4.4,WcD0A251711080000_01.ce,65,0.2075916119665114,"{1, 2, 3, 7, 8, 9, 10, 20, 21, 23, 25, 30, 41, 42, 43, 44, 45, 46, 59, 60, 62, 63, 64, 65, 66, 67, 68, 69, 70, 71, 75, 79, 83, 84, 92, 93, 101, 102, 103, 104, 123, 124, 125, 137, 140, 141, 143, 144, 145, 146, 147, 148, 150, 151, 158, 160, 162, 164, 165, 167, 172, 173, 176, 183, 184}"
ref_4.5,C4.4,WcD0A251711080015_01.ce,71,0.23901775569565784,"{3, 4, 7, 9, 10, 12, 18, 19, 24, 28, 35, 38, 41, 44, 45, 48, 52, 62, 66, 67, 78, 99, 108, 109, 110, 111, 115, 116, 117, 119, 120, 121, 122, 123, 124, 125, 131, 132, 136, 137, 138, 139, 140, 141, 142, 161, 164, 165, 166, 167, 170, 171, 172, 173, 174, 175, 176, 177, 178, 179, 180, 181, 184, 186, 187, 188, 189, 190, 191, 192, 193}"
ref_4.5,C4.4,WcD0A251711080030_01.ce,24,0.19198874272689395,"{1, 2, 3, 6, 7, 55, 63, 64, 65, 71, 74, 85, 86, 87, 88, 94, 95, 96, 97, 98, 100, 101, 102, 132}"
ref_4.5,C4.4,WcD0A251711080045_01.ce,6,0.17193663133787562,"{14, 16, 81, 83, 136, 161}"
ref_4.5,C4.5,WcD0A001711080000_03.ce,56,0.2089882744694646,"{1, 2, 3, 4, 8, 9, 10, 20, 21, 23, 30, 31, 41, 42, 43, 44, 45, 46, 47, 61, 62, 63, 64, 65, 66, 67, 68, 69, 70, 71, 72, 75, 92, 93, 102, 103, 104, 137, 142, 144, 145, 146, 147, 148, 149, 151, 152, 155, 157, 162, 164, 167, 172, 173, 184, 192}"
ref_4.5,C4.5,WcD0A001711080015_03.ce,72,0.2348366918197972,"{7, 12, 15, 19, 28, 32, 36, 38, 39, 40, 44, 45, 48, 52, 53, 57, 61, 63, 64, 66, 67, 78, 99, 101, 108, 109, 110, 111, 112, 114, 116, 117, 119, 120, 121, 122, 124, 125, 130, 132, 133, 134, 137, 138, 139, 140, 141, 142, 144, 161, 164, 166, 170, 171, 172, 173, 174, 175, 176, 177, 178, 179, 180, 181, 184, 186, 187, 190, 191, 192, 193, 194}"
ref_4.5,C4.5,WcD0A001711080030_03.ce,23,0.19572513506348857,"{1, 2, 6, 17, 50, 54, 62, 63, 65, 70, 71, 84, 85, 87, 93, 94, 95, 96, 97, 98, 100, 101, 144}"
ref_4.5,C4.5,WcD0A001711080045_03.ce,4,0.15849320472253287,"{56, 81, 136, 161}"
ref_4.5,C4.4,WcD0A251711080100_01.ce,7,0.16320384078467018,"{128, 1, 2, 3, 17, 59, 60}"
ref_4.5,C4.4,WcD0A251711080115_01.ce,5,0.17250928097427,"{7, 13, 14, 21, 24}"
ref_4.5,C4.4,WcD0A251711080130_01.ce,49,0.22312558009848577,"{6, 10, 20, 21, 27, 30, 33, 45, 47, 63, 64, 67, 89, 94, 105, 106, 107, 108, 109, 110, 112, 114, 115, 116, 118, 120, 121, 122, 124, 126, 127, 128, 130, 132, 133, 135, 136, 149, 150, 154, 160, 161, 183, 184, 185, 186, 187, 188, 189}"
ref_4.5,C4.4,WcD0A251711080145_01.ce,52,0.20795991019774185,"{6, 9, 10, 13, 15, 16, 17, 18, 19, 21, 22, 23, 24, 25, 27, 28, 29, 40, 44, 45, 47, 48, 50, 51, 53, 54, 55, 56, 57, 58, 59, 62, 63, 64, 70, 71, 79, 80, 85, 87, 103, 104, 110, 145, 146, 149, 150, 151, 167, 185, 186, 187}"
ref_4.5,C4.5,WcD0A001711080100_03.ce,7,0.159418361193074,"{1, 2, 3, 4, 17, 20, 60}"
ref_4.5,C4.5,WcD0A001711080115_03.ce,5,0.17776920506894514,"{6, 20, 23, 135, 193}"
ref_4.5,C4.5,WcD0A001711080130_03.ce,41,0.2123135607600458,"{6, 10, 13, 26, 27, 47, 48, 64, 94, 105, 106, 107, 108, 109, 110, 111, 115, 118, 120, 124, 126, 127, 128, 130, 133, 135, 136, 149, 150, 154, 160, 161, 173, 175, 184, 185, 186, 187, 188, 189, 190}"
ref_4.5,C4.5,WcD0A001711080145_03.ce,41,0.20548777518910105,"{13, 14, 16, 17, 18, 19, 21, 22, 23, 24, 25, 26, 28, 29, 40, 41, 48, 49, 51, 52, 59, 63, 64, 69, 76, 79, 80, 85, 87, 104, 120, 146, 150, 151, 167, 168, 173, 182, 186, 192, 193}"
ref_4.5,C4.4,WcD0A251711080200_01.ce,35,0.2007854259534948,"{1, 2, 3, 4, 30, 31, 38, 39, 63, 66, 73, 86, 91, 97, 99, 100, 102, 103, 104, 105, 106, 110, 111, 119, 120, 121, 122, 123, 135, 136, 166, 170, 171, 172, 173}"
ref_4.5,C4.4,WcD0A251711080215_01.ce,9,0.1754350031218668,"{47, 48, 51, 70, 72, 120, 121, 124, 162}"
ref_4.5,C4.4,WcD0A251711080230_01.ce,11,0.17191924564858657,"{15, 16, 18, 19, 25, 27, 98, 120, 136, 160, 177}"
ref_4.5,C4.4,WcD0A251711080245_01.ce,10,0.18399492923406313,"{39, 50, 58, 59, 60, 61, 64, 67, 69, 75}"
ref_4.5,C4.5,WcD0A001711080200_03.ce,35,0.19138927641401862,"{1, 2, 3, 17, 25, 29, 30, 34, 38, 64, 72, 85, 93, 96, 99, 101, 102, 103, 104, 105, 109, 110, 118, 119, 120, 121, 122, 135, 165, 166, 169, 170, 171, 172, 178}"
ref_4.5,C4.5,WcD0A001711080215_03.ce,8,0.15995512353535882,"{17, 163, 47, 48, 52, 70, 72, 121}"
ref_4.5,C4.5,WcD0A001711080230_03.ce,10,0.16853851268497444,"{16, 17, 18, 19, 22, 25, 27, 98, 120, 136}"
ref_4.5,C4.5,WcD0A001711080245_03.ce,6,0.17784122706857883,"{40, 59, 60, 61, 69, 82}"
ref_4.5,C4.4,WcD0A251711080300_01.ce,14,0.1753255562694195,"{1, 2, 3, 131, 146, 34, 35, 36, 191, 193, 68, 69, 114, 115}"
ref_4.5,C4.4,WcD0A251711080315_01.ce,21,0.18468457320920562,"{128, 5, 14, 15, 16, 19, 20, 158, 165, 166, 167, 170, 171, 172, 187, 61, 62, 63, 88, 117, 118}"
ref_4.5,C4.4,WcD0A251711080330_01.ce,10,0.1889679241260822,"{40, 53, 54, 76, 98, 125, 148, 152, 155, 188}"
ref_4.5,C4.4,WcD0A251711080345_01.ce,8,0.17219142800910991,"{20, 21, 40, 122, 162, 182, 183, 184}"
ref_4.5,C4.5,WcD0A001711080300_03.ce,13,0.17615047660683522,"{1, 2, 3, 34, 35, 36, 68, 69, 70, 72, 115, 146, 194}"
ref_4.5,C4.5,WcD0A001711080315_03.ce,21,0.19075217512266923,"{1, 13, 15, 19, 47, 50, 61, 62, 66, 87, 117, 118, 127, 157, 165, 166, 168, 170, 171, 172, 176}"
ref_4.5,C4.5,WcD0A001711080330_03.ce,10,0.1780282585442911,"{22, 29, 53, 54, 76, 125, 148, 152, 153, 155}"
ref_4.5,C4.5,WcD0A001711080345_03.ce,7,0.17242009976449363,"{21, 40, 41, 183, 184, 57, 87}"
ref_4.5,C4.4,WcD0A251711080400_01.ce,194,-1,"{1, 2, 3, 4, 5, 6, 7, 8, 9, 10, 11, 12, 13, 14, 15, 16, 17, 18, 19, 20, 21, 22, 23, 24, 25, 26, 27, 28, 29, 30, 31, 32, 33, 34, 35, 36, 37, 38, 39, 40, 41, 42, 43, 44, 45, 46, 47, 48, 49, 50, 51, 52, 53, 54, 55, 56, 57, 58, 59, 60, 61, 62, 63, 64, 65, 66, 67, 68, 69, 70, 71, 72, 73, 74, 75, 76, 77, 78, 79, 80, 81, 82, 83, 84, 85, 86, 87, 88, 89, 90, 91, 92, 93, 94, 95, 96, 97, 98, 99, 100, 101, 102, 103, 104, 105, 106, 107, 108, 109, 110, 111, 112, 113, 114, 115, 116, 117, 118, 119, 120, 121, 122, 123, 124, 125, 126, 127, 128, 129, 130, 131, 132, 133, 134, 135, 136, 137, 138, 139, 140, 141, 142, 143, 144, 145, 146, 147, 148, 149, 150, 151, 152, 153, 154, 155, 156, 157, 158, 159, 160, 161, 162, 163, 164, 165, 166, 167, 168, 169, 170, 171, 172, 173, 174, 175, 176, 177, 178, 179, 180, 181, 182, 183, 184, 185, 186, 187, 188, 189, 190, 191, 192, 193, 194}"
ref_4.5,C4.4,WcD0A251711080415_01.ce,193,-1,"{1, 2, 3, 4, 5, 6, 7, 8, 9, 10, 11, 12, 13, 14, 15, 16, 17, 18, 19, 20, 21, 22, 23, 24, 25, 26, 27, 28, 29, 30, 31, 32, 33, 34, 35, 36, 37, 38, 39, 40, 41, 42, 43, 44, 45, 46, 47, 48, 49, 50, 51, 52, 53, 54, 55, 56, 57, 58, 59, 60, 61, 62, 63, 64, 65, 66, 67, 68, 69, 70, 71, 72, 73, 74, 75, 76, 77, 78, 79, 80, 81, 82, 83, 84, 85, 86, 87, 88, 89, 90, 91, 92, 93, 94, 95, 96, 97, 98, 99, 100, 101, 102, 103, 104, 105, 106, 107, 108, 109, 110, 111, 112, 113, 114, 115, 116, 117, 118, 119, 120, 121, 122, 123, 124, 125, 126, 127, 128, 129, 130, 131, 132, 133, 134, 135, 136, 137, 138, 139, 140, 141, 142, 143, 144, 145, 146, 147, 148, 149, 150, 151, 152, 153, 154, 155, 156, 157, 158, 159, 160, 161, 162, 163, 164, 165, 166, 167, 168, 169, 170, 171, 172, 173, 174, 175, 176, 177, 178, 179, 180, 181, 182, 183, 184, 185, 186, 187, 188, 189, 190, 191, 192, 193}"
ref_4.5,C4.4,WcD0A251711080430_01.ce,193,-1,"{1, 2, 3, 4, 5, 6, 7, 8, 9, 10, 11, 12, 13, 14, 15, 16, 17, 18, 19, 20, 21, 22, 23, 24, 25, 26, 27, 28, 29, 30, 31, 32, 33, 34, 35, 36, 37, 38, 39, 40, 41, 42, 43, 44, 45, 46, 47, 48, 49, 50, 51, 52, 53, 54, 55, 56, 57, 58, 59, 60, 61, 62, 63, 64, 65, 66, 67, 68, 69, 70, 71, 72, 73, 74, 75, 76, 77, 78, 79, 80, 81, 82, 83, 84, 85, 86, 87, 88, 89, 90, 91, 92, 93, 94, 95, 96, 97, 98, 99, 100, 101, 102, 103, 104, 105, 106, 107, 108, 109, 110, 111, 112, 113, 114, 115, 116, 117, 118, 119, 120, 121, 122, 123, 124, 125, 126, 127, 128, 129, 130, 131, 132, 133, 134, 135, 136, 137, 138, 139, 140, 141, 142, 143, 144, 145, 146, 147, 148, 149, 150, 151, 152, 153, 154, 155, 156, 157, 158, 159, 160, 161, 162, 163, 164, 165, 166, 167, 168, 169, 170, 171, 172, 173, 174, 175, 176, 177, 178, 179, 180, 181, 182, 183, 184, 185, 186, 187, 188, 189, 190, 191, 192, 193}"
ref_4.5,C4.4,WcD0A251711080445_01.ce,194,-1,"{1, 2, 3, 4, 5, 6, 7, 8, 9, 10, 11, 12, 13, 14, 15, 16, 17, 18, 19, 20, 21, 22, 23, 24, 25, 26, 27, 28, 29, 30, 31, 32, 33, 34, 35, 36, 37, 38, 39, 40, 41, 42, 43, 44, 45, 46, 47, 48, 49, 50, 51, 52, 53, 54, 55, 56, 57, 58, 59, 60, 61, 62, 63, 64, 65, 66, 67, 68, 69, 70, 71, 72, 73, 74, 75, 76, 77, 78, 79, 80, 81, 82, 83, 84, 85, 86, 87, 88, 89, 90, 91, 92, 93, 94, 95, 96, 97, 98, 99, 100, 101, 102, 103, 104, 105, 106, 107, 108, 109, 110, 111, 112, 113, 114, 115, 116, 117, 118, 119, 120, 121, 122, 123, 124, 125, 126, 127, 128, 129, 130, 131, 132, 133, 134, 135, 136, 137, 138, 139, 140, 141, 142, 143, 144, 145, 146, 147, 148, 149, 150, 151, 152, 153, 154, 155, 156, 157, 158, 159, 160, 161, 162, 163, 164, 165, 166, 167, 168, 169, 170, 171, 172, 173, 174, 175, 176, 177, 178, 179, 180, 181, 182, 183, 184, 185, 186, 187, 188, 189, 190, 191, 192, 193, 194}"
ref_4.5,C4.5,WcD0A001711080400_03.ce,193,-1,"{1, 2, 3, 4, 5, 6, 7, 8, 9, 10, 11, 12, 13, 14, 15, 16, 17, 18, 19, 20, 21, 22, 23, 24, 25, 26, 27, 28, 29, 30, 31, 32, 33, 34, 35, 36, 37, 38, 39, 40, 41, 42, 43, 44, 45, 46, 47, 48, 49, 50, 51, 52, 53, 54, 55, 56, 57, 58, 59, 60, 61, 62, 63, 64, 65, 66, 67, 68, 69, 70, 71, 72, 73, 74, 75, 76, 77, 78, 79, 80, 81, 82, 83, 84, 85, 86, 87, 88, 89, 90, 91, 92, 93, 94, 95, 96, 97, 98, 99, 100, 101, 102, 103, 104, 105, 106, 107, 108, 109, 110, 111, 112, 113, 114, 115, 116, 117, 118, 119, 120, 121, 122, 123, 124, 125, 126, 127, 128, 129, 130, 131, 132, 133, 134, 135, 136, 137, 138, 139, 140, 141, 142, 143, 144, 145, 146, 147, 148, 149, 150, 151, 152, 153, 154, 155, 156, 157, 158, 159, 160, 161, 162, 163, 164, 165, 166, 167, 168, 169, 170, 171, 172, 173, 174, 175, 176, 177, 178, 179, 180, 181, 182, 183, 184, 185, 186, 187, 188, 189, 190, 191, 192, 193}"
ref_4.5,C4.5,WcD0A001711080415_03.ce,193,-1,"{1, 2, 3, 4, 5, 6, 7, 8, 9, 10, 11, 12, 13, 14, 15, 16, 17, 18, 19, 20, 21, 22, 23, 24, 25, 26, 27, 28, 29, 30, 31, 32, 33, 34, 35, 36, 37, 38, 39, 40, 41, 42, 43, 44, 45, 46, 47, 48, 49, 50, 51, 52, 53, 54, 55, 56, 57, 58, 59, 60, 61, 62, 63, 64, 65, 66, 67, 68, 69, 70, 71, 72, 73, 74, 75, 76, 77, 78, 79, 80, 81, 82, 83, 84, 85, 86, 87, 88, 89, 90, 91, 92, 93, 94, 95, 96, 97, 98, 99, 100, 101, 102, 103, 104, 105, 106, 107, 108, 109, 110, 111, 112, 113, 114, 115, 116, 117, 118, 119, 120, 121, 122, 123, 124, 125, 126, 127, 128, 129, 130, 131, 132, 133, 134, 135, 136, 137, 138, 139, 140, 141, 142, 143, 144, 145, 146, 147, 148, 149, 150, 151, 152, 153, 154, 155, 156, 157, 158, 159, 160, 161, 162, 163, 164, 165, 166, 167, 168, 169, 170, 171, 172, 173, 174, 175, 176, 177, 178, 179, 180, 181, 182, 183, 184, 185, 186, 187, 188, 189, 190, 191, 192, 193}"
ref_4.5,C4.5,WcD0A001711080430_03.ce,194,-1,"{1, 2, 3, 4, 5, 6, 7, 8, 9, 10, 11, 12, 13, 14, 15, 16, 17, 18, 19, 20, 21, 22, 23, 24, 25, 26, 27, 28, 29, 30, 31, 32, 33, 34, 35, 36, 37, 38, 39, 40, 41, 42, 43, 44, 45, 46, 47, 48, 49, 50, 51, 52, 53, 54, 55, 56, 57, 58, 59, 60, 61, 62, 63, 64, 65, 66, 67, 68, 69, 70, 71, 72, 73, 74, 75, 76, 77, 78, 79, 80, 81, 82, 83, 84, 85, 86, 87, 88, 89, 90, 91, 92, 93, 94, 95, 96, 97, 98, 99, 100, 101, 102, 103, 104, 105, 106, 107, 108, 109, 110, 111, 112, 113, 114, 115, 116, 117, 118, 119, 120, 121, 122, 123, 124, 125, 126, 127, 128, 129, 130, 131, 132, 133, 134, 135, 136, 137, 138, 139, 140, 141, 142, 143, 144, 145, 146, 147, 148, 149, 150, 151, 152, 153, 154, 155, 156, 157, 158, 159, 160, 161, 162, 163, 164, 165, 166, 167, 168, 169, 170, 171, 172, 173, 174, 175, 176, 177, 178, 179, 180, 181, 182, 183, 184, 185, 186, 187, 188, 189, 190, 191, 192, 193, 194}"
ref_4.5,C4.5,WcD0A001711080445_03.ce,193,-1,"{1, 2, 3, 4, 5, 6, 7, 8, 9, 10, 11, 12, 13, 14, 15, 16, 17, 18, 19, 20, 21, 22, 23, 24, 25, 26, 27, 28, 29, 30, 31, 32, 33, 34, 35, 36, 37, 38, 39, 40, 41, 42, 43, 44, 45, 46, 47, 48, 49, 50, 51, 52, 53, 54, 55, 56, 57, 58, 59, 60, 61, 62, 63, 64, 65, 66, 67, 68, 69, 70, 71, 72, 73, 74, 75, 76, 77, 78, 79, 80, 81, 82, 83, 84, 85, 86, 87, 88, 89, 90, 91, 92, 93, 94, 95, 96, 97, 98, 99, 100, 101, 102, 103, 104, 105, 106, 107, 108, 109, 110, 111, 112, 113, 114, 115, 116, 117, 118, 119, 120, 121, 122, 123, 124, 125, 126, 127, 128, 129, 130, 131, 132, 133, 134, 135, 136, 137, 138, 139, 140, 141, 142, 143, 144, 145, 146, 147, 148, 149, 150, 151, 152, 153, 154, 155, 156, 157, 158, 159, 160, 161, 162, 163, 164, 165, 166, 167, 168, 169, 170, 171, 172, 173, 174, 175, 176, 177, 178, 179, 180, 181, 182, 183, 184, 185, 186, 187, 188, 189, 190, 191, 192, 193}"
ref_4.5,C4.4,WcD0A251711080500_01.ce,70,0.22403380176325263,"{1, 2, 3, 4, 5, 6, 7, 8, 9, 10, 11, 12, 13, 14, 15, 16, 17, 33, 34, 35, 43, 48, 49, 50, 52, 55, 57, 61, 63, 73, 74, 75, 77, 79, 80, 81, 82, 84, 85, 86, 87, 88, 89, 90, 91, 92, 98, 103, 104, 111, 113, 114, 122, 132, 137, 141, 146, 147, 148, 149, 150, 151, 156, 158, 161, 162, 163, 167, 171, 186}"
ref_4.5,C4.4,WcD0A251711080515_01.ce,62,0.21960645277873478,"{9, 10, 11, 14, 15, 16, 17, 18, 19, 20, 21, 22, 25, 28, 30, 31, 32, 33, 34, 35, 36, 39, 41, 42, 43, 44, 45, 47, 48, 49, 50, 51, 57, 68, 71, 72, 78, 92, 93, 95, 97, 103, 104, 105, 106, 107, 122, 123, 128, 129, 130, 131, 132, 134, 136, 137, 138, 139, 151, 157, 163, 164}"
ref_4.5,C4.4,WcD0A251711080530_01.ce,19,0.20952444047225124,"{4, 37, 42, 43, 50, 58, 59, 60, 64, 66, 70, 76, 77, 78, 94, 124, 127, 132, 191}"
ref_4.5,C4.4,WcD0A251711080545_01.ce,10,0.1885726205459875,"{2, 48, 62, 84, 94, 95, 165, 178, 192, 193}"
ref_4.5,C4.5,WcD0A001711080500_03.ce,67,0.21858341558021543,"{1, 2, 3, 4, 5, 6, 7, 8, 9, 10, 11, 12, 13, 14, 15, 16, 17, 34, 35, 43, 47, 57, 60, 61, 65, 70, 73, 74, 75, 78, 79, 80, 81, 82, 83, 85, 86, 87, 89, 90, 91, 92, 104, 107, 111, 114, 138, 141, 143, 147, 148, 149, 150, 151, 154, 155, 157, 162, 163, 164, 165, 166, 167, 168, 169, 170, 172}"
ref_4.5,C4.5,WcD0A001711080515_03.ce,59,0.2067415892588693,"{7, 11, 15, 16, 17, 18, 21, 22, 27, 28, 29, 31, 32, 33, 34, 35, 36, 39, 40, 43, 44, 45, 46, 47, 48, 49, 50, 51, 52, 57, 71, 72, 90, 92, 93, 95, 100, 104, 105, 106, 107, 108, 110, 122, 123, 124, 129, 130, 131, 132, 134, 136, 137, 138, 139, 151, 157, 163, 194}"
ref_4.5,C4.5,WcD0A001711080530_03.ce,14,0.1937813652637073,"{42, 49, 50, 58, 59, 61, 66, 69, 75, 76, 77, 83, 95, 129}"
ref_4.5,C4.5,WcD0A001711080545_03.ce,6,0.1931202956629717,"{3, 49, 140, 165, 167, 193}"
ref_4.5,C4.4,WcD0A251711080600_01.ce,21,0.20427640422055943,"{1, 2, 3, 4, 6, 7, 11, 12, 15, 16, 40, 43, 44, 45, 60, 61, 64, 120, 121, 123, 130}"
ref_4.5,C4.4,WcD0A251711080615_01.ce,14,0.17565083170239768,"{13, 46, 57, 93, 94, 134, 135, 180, 181, 182, 183, 184, 190, 192}"
ref_4.5,C4.4,WcD0A251711080630_01.ce,5,0.17422648277418099,"{29, 74, 90, 131, 187}"
ref_4.5,C4.4,WcD0A251711080645_01.ce,21,0.18055892802506843,"{5, 6, 7, 8, 9, 10, 11, 12, 13, 14, 15, 16, 19, 22, 24, 30, 99, 100, 175, 176, 177}"
ref_4.5,C4.5,WcD0A001711080600_03.ce,17,0.19259297196766142,"{1, 2, 3, 4, 7, 8, 12, 24, 25, 40, 44, 60, 61, 65, 121, 123, 124}"
ref_4.5,C4.5,WcD0A001711080615_03.ce,13,0.1717619258806791,"{29, 43, 47, 94, 97, 135, 180, 181, 183, 184, 187, 189, 192}"
ref_4.5,C4.5,WcD0A001711080630_03.ce,3,0.17583931288901733,"{188, 52, 74}"
ref_4.5,C4.5,WcD0A001711080645_03.ce,18,0.1829300975098078,"{4, 5, 6, 7, 8, 9, 10, 11, 12, 13, 14, 15, 23, 174, 175, 176, 180, 99}"
ref_4.5,C4.4,WcD0A251711080700_01.ce,19,0.18662465437397413,"{1, 2, 3, 15, 16, 17, 62, 83, 93, 106, 127, 128, 129, 130, 136, 170, 171, 174, 175}"
ref_4.5,C4.4,WcD0A251711080715_01.ce,13,0.1880108063116893,"{10, 13, 14, 16, 24, 25, 50, 80, 81, 91, 113, 114, 152}"
ref_4.5,C4.4,WcD0A251711080730_01.ce,9,0.16866255502461638,"{23, 130, 155, 156, 45, 46, 47, 60, 75}"
ref_4.5,C4.4,WcD0A251711080745_01.ce,6,0.15886187078095382,"{10, 11, 13, 52, 56, 60}"
ref_4.5,C4.5,WcD0A001711080700_03.ce,19,0.18729490137069107,"{1, 2, 3, 16, 17, 62, 91, 127, 128, 129, 130, 131, 148, 156, 157, 171, 172, 175, 176}"
ref_4.5,C4.5,WcD0A001711080715_03.ce,8,0.18629621743312932,"{13, 17, 24, 25, 80, 81, 139, 148}"
ref_4.5,C4.5,WcD0A001711080730_03.ce,6,0.17480415748340472,"{44, 45, 46, 129, 130, 155}"
ref_4.5,C4.5,WcD0A001711080745_03.ce,3,0.15897294311182547,"{13, 56, 58}"
ref_4.5,C4.4,WcD0A251711080800_01.ce,9,0.17234126539056005,"{1, 2, 3, 51, 127, 152, 167, 188, 190}"
ref_4.5,C4.4,WcD0A251711080815_01.ce,34,0.2145481661127011,"{8, 9, 10, 11, 12, 16, 17, 20, 22, 23, 24, 26, 27, 41, 42, 70, 99, 103, 104, 120, 139, 145, 173, 174, 175, 176, 178, 181, 183, 186, 191, 192, 193, 194}"
ref_4.5,C4.4,WcD0A251711080830_01.ce,20,0.2048936926066194,"{1, 6, 8, 12, 17, 60, 61, 64, 65, 66, 101, 109, 157, 158, 159, 176, 177, 190, 191, 192}"
ref_4.5,C4.4,WcD0A251711080845_01.ce,36,0.20167446620831966,"{7, 10, 11, 12, 13, 20, 21, 22, 23, 24, 26, 28, 41, 48, 51, 66, 78, 89, 91, 94, 95, 103, 104, 105, 106, 112, 113, 116, 117, 118, 119, 120, 121, 122, 123, 127}"
ref_4.5,C4.5,WcD0A001711080800_03.ce,5,0.1723895478757428,"{1, 2, 3, 4, 167}"
ref_4.5,C4.5,WcD0A001711080815_03.ce,29,0.21889424041413655,"{7, 8, 9, 10, 11, 15, 16, 19, 20, 21, 22, 23, 24, 26, 41, 84, 103, 144, 172, 173, 174, 175, 177, 184, 185, 186, 191, 192, 193}"
ref_4.5,C4.5,WcD0A001711080830_03.ce,18,0.19427584173082732,"{1, 12, 18, 28, 31, 61, 65, 66, 100, 102, 158, 159, 160, 176, 177, 190, 191, 192}"
ref_4.5,C4.5,WcD0A001711080845_03.ce,31,0.20086221044223967,"{5, 10, 11, 12, 13, 20, 22, 23, 24, 25, 41, 51, 52, 66, 88, 95, 103, 104, 106, 107, 108, 112, 115, 117, 118, 119, 120, 121, 122, 123, 124}"
ref_4.5,C4.4,WcD0A251711080900_01.ce,19,0.15959001928067842,"{1, 2, 3, 4, 18, 20, 21, 22, 23, 24, 25, 27, 31, 46, 51, 75, 76, 165, 179}"
ref_4.5,C4.4,WcD0A251711080915_01.ce,17,0.17929589335905907,"{39, 40, 56, 76, 78, 79, 80, 81, 82, 113, 114, 132, 133, 168, 169, 170, 188}"
ref_4.5,C4.4,WcD0A251711080930_01.ce,32,0.18831824011556564,"{1, 2, 3, 14, 55, 56, 57, 58, 59, 83, 93, 129, 130, 131, 132, 135, 137, 140, 142, 144, 145, 146, 148, 151, 152, 153, 162, 163, 164, 166, 186, 187}"
ref_4.5,C4.4,WcD0A251711080945_01.ce,6,0.18188681487116137,"{10, 17, 131, 169, 177, 70}"
ref_4.5,C4.5,WcD0A001711080900_03.ce,14,0.15765111360383696,"{1, 2, 3, 18, 20, 21, 22, 23, 25, 27, 134, 50, 178, 75}"
ref_4.5,C4.5,WcD0A001711080915_03.ce,17,0.16587277246480367,"{23, 40, 56, 57, 76, 79, 80, 81, 82, 114, 123, 133, 134, 168, 188, 189, 193}"
ref_4.5,C4.5,WcD0A001711080930_03.ce,29,0.1909111641012588,"{1, 3, 13, 14, 56, 57, 58, 84, 129, 130, 131, 132, 135, 137, 140, 141, 145, 146, 150, 151, 152, 153, 161, 162, 163, 164, 171, 179, 190}"
ref_4.5,C4.5,WcD0A001711080945_03.ce,4,0.18246683760503288,"{76, 125, 176, 190}"
ref_4.5,C4.4,WcD0A251711081000_01.ce,21,0.2134057487795302,"{1, 2, 3, 28, 30, 80, 99, 100, 101, 124, 127, 129, 135, 139, 142, 143, 152, 167, 169, 170, 171}"
ref_4.5,C4.4,WcD0A251711081015_01.ce,0,-1,set()
ref_4.5,C4.4,WcD0A251711081030_01.ce,15,0.18073093368229437,"{12, 17, 18, 19, 20, 52, 57, 58, 147, 150, 151, 152, 153, 154, 159}"
ref_4.5,C4.4,WcD0A251711081045_01.ce,12,0.17815218562720667,"{136, 194, 78, 80, 81, 85, 87, 92, 93, 94, 120, 121}"
ref_4.5,C4.5,WcD0A001711081000_03.ce,15,0.20546906207108825,"{1, 2, 3, 4, 19, 30, 101, 127, 128, 134, 139, 143, 173, 189, 192}"
ref_4.5,C4.5,WcD0A001711081015_03.ce,1,0.1396624064426962,{30}
ref_4.5,C4.5,WcD0A001711081030_03.ce,11,0.16912815056157474,"{12, 17, 18, 19, 20, 32, 35, 58, 152, 153, 154}"
ref_4.5,C4.5,WcD0A001711081045_03.ce,9,0.1740699407717822,"{40, 74, 77, 80, 87, 92, 93, 120, 135}"
ref_4.5,C4.4,WcD0A251711081100_01.ce,13,0.19777139330006205,"{1, 2, 3, 44, 60, 82, 83, 84, 96, 97, 98, 99, 113}"
ref_4.5,C4.4,WcD0A251711081115_01.ce,22,0.1728759098015995,"{23, 37, 39, 41, 42, 47, 48, 51, 52, 61, 62, 63, 72, 73, 74, 115, 116, 117, 139, 140, 145, 147}"
ref_4.5,C4.4,WcD0A251711081130_01.ce,49,0.2189537301790472,"{9, 19, 20, 26, 32, 37, 38, 39, 40, 42, 44, 46, 48, 50, 51, 52, 54, 55, 57, 58, 59, 69, 70, 71, 77, 78, 79, 80, 81, 95, 96, 97, 98, 99, 100, 101, 125, 126, 127, 140, 141, 142, 144, 145, 146, 161, 171, 172, 177}"
ref_4.5,C4.4,WcD0A251711081145_01.ce,43,0.22466141771965728,"{11, 24, 65, 66, 67, 71, 74, 79, 83, 84, 85, 92, 100, 101, 102, 103, 104, 109, 110, 112, 113, 114, 115, 116, 117, 118, 119, 120, 121, 122, 124, 127, 141, 158, 161, 165, 166, 167, 168, 169, 173, 180, 181}"
ref_4.5,C4.5,WcD0A001711081100_03.ce,10,0.19791947083920078,"{1, 2, 3, 97, 98, 102, 113, 118, 147, 168}"
ref_4.5,C4.5,WcD0A001711081115_03.ce,16,0.17915492697947843,"{37, 38, 42, 48, 49, 59, 62, 63, 73, 74, 99, 116, 117, 118, 140, 148}"
ref_4.5,C4.5,WcD0A001711081130_03.ce,49,0.19832879858495886,"{9, 19, 24, 31, 36, 38, 39, 40, 43, 45, 50, 51, 53, 54, 56, 57, 58, 68, 74, 76, 77, 78, 79, 80, 83, 94, 95, 96, 99, 100, 101, 116, 122, 125, 126, 134, 136, 139, 140, 141, 142, 144, 145, 160, 167, 174, 178, 186, 193}"
ref_4.5,C4.5,WcD0A001711081145_03.ce,37,0.21603985542555082,"{48, 50, 64, 70, 75, 80, 84, 86, 87, 100, 101, 102, 103, 104, 109, 110, 112, 114, 115, 116, 117, 118, 120, 122, 125, 158, 165, 166, 167, 168, 169, 172, 173, 179, 180, 181, 186}"
ref_4.5,C4.4,WcD0A251711081200_01.ce,54,0.24041488477378042,"{1, 2, 3, 5, 17, 18, 23, 24, 25, 28, 29, 30, 31, 34, 37, 38, 39, 40, 41, 47, 48, 49, 50, 54, 58, 59, 60, 62, 63, 64, 68, 76, 95, 97, 98, 100, 101, 103, 105, 106, 107, 110, 112, 114, 116, 157, 164, 172, 174, 176, 178, 181, 191, 192}"
ref_4.5,C4.4,WcD0A251711081215_01.ce,46,0.22258432997318,"{1, 2, 3, 9, 10, 11, 12, 13, 17, 18, 21, 23, 24, 25, 27, 28, 29, 30, 32, 37, 44, 45, 50, 52, 54, 56, 59, 60, 105, 111, 112, 113, 115, 125, 135, 136, 156, 178, 179, 180, 181, 183, 184, 187, 190, 191}"
ref_4.5,C4.4,WcD0A251711081230_01.ce,40,0.22616340628525314,"{20, 21, 32, 34, 35, 36, 37, 38, 39, 40, 43, 44, 45, 50, 51, 53, 59, 70, 71, 72, 81, 82, 84, 85, 86, 91, 94, 95, 102, 108, 132, 156, 157, 159, 160, 161, 163, 165, 166, 174}"
ref_4.5,C4.4,WcD0A251711081245_01.ce,64,0.2321395478988675,"{1, 7, 8, 10, 11, 19, 37, 42, 43, 44, 46, 47, 51, 54, 55, 60, 62, 63, 64, 67, 68, 69, 70, 76, 77, 89, 108, 109, 110, 111, 112, 113, 127, 128, 130, 131, 132, 134, 135, 136, 137, 138, 139, 140, 141, 142, 145, 146, 147, 148, 153, 155, 156, 158, 159, 160, 162, 163, 164, 165, 176, 177, 178, 179}"
ref_4.5,C4.5,WcD0A001711081200_03.ce,63,0.23220572457015987,"{1, 2, 3, 4, 18, 19, 23, 24, 25, 28, 29, 30, 31, 36, 38, 39, 40, 41, 43, 47, 48, 49, 50, 51, 54, 57, 58, 59, 60, 61, 62, 63, 64, 65, 76, 92, 96, 97, 98, 103, 104, 105, 106, 107, 110, 111, 112, 114, 115, 117, 140, 156, 157, 165, 172, 174, 175, 177, 181, 183, 191, 192, 193}"
ref_4.5,C4.5,WcD0A001711081215_03.ce,38,0.21317319107178334,"{2, 9, 11, 12, 13, 16, 17, 21, 22, 24, 26, 27, 28, 29, 31, 32, 42, 51, 55, 56, 58, 59, 60, 109, 110, 111, 113, 125, 129, 134, 135, 155, 156, 177, 178, 179, 180, 190}"
ref_4.5,C4.5,WcD0A001711081230_03.ce,39,0.2202117865169235,"{20, 21, 32, 36, 37, 38, 39, 40, 43, 44, 45, 50, 51, 54, 70, 71, 72, 82, 84, 85, 86, 90, 92, 95, 133, 152, 156, 158, 159, 160, 161, 162, 163, 165, 166, 167, 171, 172, 184}"
ref_4.5,C4.5,WcD0A001711081245_03.ce,50,0.2312833595038655,"{5, 7, 8, 10, 11, 43, 44, 54, 55, 56, 59, 60, 61, 63, 64, 68, 69, 77, 78, 109, 110, 111, 113, 128, 131, 132, 135, 136, 137, 138, 139, 140, 143, 145, 146, 147, 148, 149, 153, 154, 156, 159, 161, 163, 164, 166, 170, 176, 177, 178}"
ref_4.5,C4.4,WcD0A251711081300_01.ce,44,0.1956525832067515,"{1, 2, 3, 4, 5, 6, 10, 12, 17, 20, 21, 23, 24, 25, 28, 29, 30, 36, 40, 41, 42, 43, 51, 52, 58, 60, 61, 67, 76, 84, 105, 110, 111, 113, 141, 142, 163, 165, 170, 171, 172, 179, 183, 192}"
ref_4.5,C4.4,WcD0A251711081315_01.ce,36,0.20864587982902214,"{8, 23, 24, 25, 26, 35, 44, 45, 56, 58, 60, 86, 89, 93, 95, 97, 98, 101, 102, 104, 130, 131, 132, 133, 134, 135, 136, 137, 139, 140, 160, 176, 177, 178, 180, 183}"
ref_4.5,C4.4,WcD0A251711081330_01.ce,26,0.18864555086882032,"{4, 5, 6, 7, 14, 23, 26, 80, 88, 98, 103, 104, 109, 110, 111, 112, 113, 114, 133, 136, 143, 144, 145, 180, 192, 193}"
ref_4.5,C4.4,WcD0A251711081345_01.ce,29,0.2200266463876471,"{1, 15, 18, 21, 22, 49, 52, 55, 79, 81, 82, 89, 90, 91, 94, 95, 97, 113, 122, 134, 135, 136, 137, 138, 139, 140, 165, 182, 184}"
ref_4.5,C4.5,WcD0A001711081300_03.ce,43,0.1982451691700361,"{1, 2, 3, 4, 5, 10, 15, 17, 19, 22, 23, 24, 27, 28, 30, 34, 35, 40, 41, 42, 43, 50, 51, 57, 59, 60, 76, 83, 104, 105, 110, 112, 113, 129, 140, 141, 163, 170, 171, 177, 178, 182, 189}"
ref_4.5,C4.5,WcD0A001711081315_03.ce,30,0.2018060404402035,"{8, 23, 24, 25, 44, 45, 46, 86, 88, 94, 100, 102, 103, 130, 131, 133, 134, 135, 136, 137, 138, 139, 142, 160, 161, 177, 178, 180, 183, 185}"
ref_4.5,C4.5,WcD0A001711081330_03.ce,30,0.19035823877615743,"{3, 5, 6, 18, 24, 50, 52, 69, 81, 82, 88, 97, 99, 103, 104, 105, 109, 110, 111, 112, 113, 114, 115, 131, 134, 145, 155, 192, 193, 194}"
ref_4.5,C4.5,WcD0A001711081345_03.ce,28,0.20925193599251216,"{48, 50, 51, 53, 54, 55, 78, 81, 89, 90, 91, 93, 94, 95, 96, 113, 116, 134, 135, 136, 137, 138, 139, 156, 164, 181, 182, 183}"
ref_4.5,C4.4,WcD0A251711081400_01.ce,42,0.20998364178227708,"{1, 2, 3, 19, 20, 21, 23, 38, 58, 63, 65, 66, 69, 74, 82, 83, 84, 87, 97, 101, 110, 115, 116, 117, 118, 119, 120, 126, 138, 139, 143, 154, 155, 158, 159, 161, 166, 170, 171, 184, 187, 191}"
ref_4.5,C4.4,WcD0A251711081415_01.ce,32,0.21349618892727512,"{7, 10, 18, 25, 30, 38, 41, 42, 43, 44, 78, 80, 81, 100, 102, 104, 108, 111, 115, 116, 117, 127, 134, 142, 152, 153, 154, 174, 176, 179, 183, 187}"
ref_4.5,C4.4,WcD0A251711081430_01.ce,7,0.17912290176023402,"{51, 57, 86, 176, 188, 189, 192}"
ref_4.5,C4.4,WcD0A251711081445_01.ce,30,0.18588616405902736,"{1, 3, 4, 5, 8, 13, 14, 22, 24, 28, 60, 64, 65, 124, 136, 137, 138, 139, 144, 158, 171, 177, 178, 179, 180, 185, 186, 187, 188, 189}"
ref_4.5,C4.5,WcD0A001711081400_03.ce,36,0.21011527224254214,"{1, 2, 3, 10, 19, 20, 21, 23, 31, 38, 51, 63, 66, 69, 72, 75, 82, 83, 84, 85, 88, 95, 98, 101, 102, 115, 116, 117, 118, 119, 120, 139, 146, 155, 159, 170}"
ref_4.5,C4.5,WcD0A001711081415_03.ce,29,0.22112010792141945,"{6, 9, 10, 24, 37, 40, 41, 42, 43, 68, 78, 79, 80, 83, 99, 101, 103, 106, 107, 115, 116, 126, 133, 141, 151, 153, 158, 176, 191}"
ref_4.5,C4.5,WcD0A001711081430_03.ce,10,0.16085136804510738,"{4, 24, 50, 85, 102, 174, 187, 188, 189, 191}"
ref_4.5,C4.5,WcD0A001711081445_03.ce,28,0.1776431411857047,"{1, 2, 4, 5, 7, 14, 15, 23, 28, 60, 63, 101, 120, 136, 137, 138, 139, 140, 158, 171, 175, 177, 178, 179, 180, 187, 188, 189}"
ref_4.5,C4.4,WcD0A251711081500_01.ce,36,0.21283845539998691,"{1, 2, 3, 4, 7, 16, 25, 28, 29, 35, 46, 64, 75, 76, 77, 106, 121, 122, 123, 124, 126, 127, 128, 129, 136, 137, 139, 140, 141, 148, 155, 156, 157, 169, 170, 171}"
ref_4.5,C4.4,WcD0A251711081515_01.ce,38,0.21884925926822327,"{10, 19, 20, 22, 29, 42, 60, 61, 62, 64, 81, 86, 88, 92, 93, 98, 108, 116, 117, 122, 123, 124, 134, 141, 143, 144, 145, 146, 150, 151, 152, 159, 164, 166, 167, 189, 192, 193}"
ref_4.5,C4.4,WcD0A251711081530_01.ce,29,0.20071520358916556,"{11, 14, 17, 18, 19, 20, 22, 23, 24, 26, 49, 50, 51, 56, 57, 58, 60, 68, 69, 70, 71, 74, 76, 108, 109, 124, 136, 178, 179}"
ref_4.5,C4.4,WcD0A251711081545_01.ce,21,0.1911479404255142,"{6, 13, 15, 23, 26, 62, 74, 81, 83, 84, 85, 86, 89, 103, 104, 105, 107, 108, 121, 136, 137}"
ref_4.5,C4.5,WcD0A001711081500_03.ce,29,0.20534714945680327,"{1, 2, 3, 15, 28, 34, 67, 76, 77, 121, 123, 125, 126, 127, 128, 133, 136, 138, 139, 140, 147, 154, 155, 156, 160, 169, 171, 176, 191}"
ref_4.5,C4.5,WcD0A001711081515_03.ce,25,0.2233330696053458,"{34, 38, 61, 62, 81, 86, 87, 93, 98, 117, 123, 124, 133, 134, 135, 143, 144, 145, 146, 147, 150, 151, 152, 167, 171}"
ref_4.5,C4.5,WcD0A001711081530_03.ce,22,0.1862705708672852,"{15, 18, 19, 22, 23, 50, 51, 57, 58, 61, 69, 70, 71, 72, 74, 75, 109, 130, 134, 171, 178, 179}"
ref_4.5,C4.5,WcD0A001711081545_03.ce,11,0.17839521290878252,"{6, 22, 73, 74, 80, 85, 89, 103, 104, 113, 124}"
ref_4.5,C4.4,WcD0A251711081600_01.ce,10,0.17731209522266514,"{1, 2, 3, 18, 29, 74, 80, 114, 131, 193}"
ref_4.5,C4.4,WcD0A251711081615_01.ce,14,0.17455912877232763,"{7, 40, 60, 134, 135, 136, 145, 170, 171, 172, 173, 174, 175, 176}"
ref_4.5,C4.4,WcD0A251711081630_01.ce,18,0.18746584486064852,"{19, 20, 36, 37, 38, 39, 40, 42, 43, 44, 46, 62, 68, 85, 102, 110, 112, 183}"
ref_4.5,C4.4,WcD0A251711081645_01.ce,11,0.18888601460844776,"{14, 25, 36, 54, 88, 92, 93, 130, 161, 162, 184}"
ref_4.5,C4.5,WcD0A001711081600_03.ce,7,0.17241477666494676,"{1, 2, 3, 19, 60, 78, 132}"
ref_4.5,C4.5,WcD0A001711081615_03.ce,12,0.15909019889750775,"{40, 89, 95, 129, 136, 171, 172, 173, 174, 175, 176, 185}"
ref_4.5,C4.5,WcD0A001711081630_03.ce,13,0.1922734874637736,"{38, 41, 43, 45, 67, 101, 102, 103, 118, 121, 182, 184, 185}"
ref_4.5,C4.5,WcD0A001711081645_03.ce,10,0.18048682837651747,"{18, 25, 53, 54, 92, 93, 120, 130, 162, 185}"
ref_4.5,C4.4,WcD0A251711081700_01.ce,6,0.17657692545639322,"{1, 2, 3, 89, 93, 99}"
ref_4.5,C4.4,WcD0A251711081715_01.ce,39,0.18679388170286815,"{36, 47, 48, 58, 59, 60, 61, 78, 83, 85, 86, 87, 88, 90, 99, 103, 110, 126, 137, 138, 139, 153, 177, 178, 179, 180, 181, 182, 183, 184, 185, 186, 187, 188, 189, 190, 191, 192, 193}"
ref_4.5,C4.4,WcD0A251711081730_01.ce,24,0.17690987232242603,"{6, 7, 8, 16, 26, 27, 40, 41, 42, 66, 82, 92, 93, 95, 96, 101, 132, 136, 137, 164, 166, 185, 186, 187}"
ref_4.5,C4.4,WcD0A251711081745_01.ce,58,0.21248059434410993,"{7, 8, 23, 24, 25, 27, 36, 39, 40, 41, 48, 50, 51, 52, 54, 56, 76, 83, 86, 87, 88, 89, 90, 91, 92, 93, 98, 99, 100, 101, 102, 103, 105, 106, 107, 111, 113, 121, 122, 123, 124, 125, 127, 131, 141, 142, 143, 144, 145, 146, 147, 148, 151, 158, 163, 177, 188, 190}"
ref_4.5,C4.5,WcD0A001711081700_03.ce,6,0.16330725072796912,"{1, 2, 3, 4, 99, 110}"
ref_4.5,C4.5,WcD0A001711081715_03.ce,36,0.1738421275755761,"{18, 35, 47, 57, 58, 59, 60, 77, 82, 84, 85, 86, 87, 107, 109, 110, 126, 136, 138, 177, 178, 179, 180, 181, 182, 183, 184, 185, 186, 187, 188, 189, 190, 191, 192, 193}"
ref_4.5,C4.5,WcD0A001711081730_03.ce,20,0.1651097567098494,"{8, 16, 19, 26, 41, 42, 94, 95, 96, 100, 102, 132, 133, 137, 160, 162, 165, 185, 186, 187}"
ref_4.5,C4.5,WcD0A001711081745_03.ce,47,0.21091094344228417,"{6, 7, 13, 15, 23, 24, 36, 39, 40, 50, 51, 82, 86, 87, 88, 90, 91, 98, 99, 100, 101, 102, 103, 105, 106, 110, 112, 113, 121, 122, 123, 124, 126, 131, 141, 142, 143, 144, 145, 146, 147, 157, 163, 165, 186, 187, 191}"
ref_4.5,C4.4,WcD0A251711081800_01.ce,59,0.2103281255331482,"{1, 2, 3, 4, 13, 14, 24, 28, 29, 30, 42, 46, 48, 57, 58, 59, 66, 70, 71, 72, 73, 74, 76, 77, 78, 79, 80, 81, 83, 84, 85, 86, 88, 96, 97, 98, 99, 100, 101, 102, 103, 104, 106, 107, 109, 110, 113, 119, 120, 137, 138, 139, 140, 142, 143, 145, 147, 148, 149}"
ref_4.5,C4.4,WcD0A251711081815_01.ce,20,0.18770509205224098,"{19, 50, 51, 54, 56, 71, 76, 96, 100, 115, 116, 133, 134, 135, 136, 138, 139, 140, 141, 142}"
ref_4.5,C4.4,WcD0A251711081830_01.ce,5,0.15576235888795395,"{111, 130, 142, 143, 183}"
ref_4.5,C4.4,WcD0A251711081845_01.ce,13,0.15473728768817743,"{5, 10, 32, 161, 165, 167, 47, 189, 65, 72, 89, 113, 116}"
ref_4.5,C4.5,WcD0A001711081800_03.ce,50,0.20116835918535583,"{1, 2, 3, 13, 28, 42, 46, 51, 56, 57, 58, 65, 69, 71, 72, 73, 74, 76, 77, 78, 79, 80, 81, 83, 84, 85, 86, 95, 96, 98, 99, 100, 101, 102, 103, 106, 108, 109, 118, 119, 137, 138, 141, 142, 143, 144, 146, 147, 148, 190}"
ref_4.5,C4.5,WcD0A001711081815_03.ce,22,0.16985235048793657,"{20, 21, 22, 50, 51, 54, 55, 61, 72, 77, 97, 100, 106, 116, 134, 135, 136, 137, 138, 140, 141, 142}"
ref_4.5,C4.5,WcD0A001711081830_03.ce,7,0.14128108074313217,"{60, 109, 110, 137, 141, 142, 182}"
ref_4.5,C4.5,WcD0A001711081845_03.ce,9,0.15683856163667662,"{130, 11, 32, 162, 167, 48, 55, 72, 117}"
ref_4.5,C4.4,WcD0A251711081900_01.ce,25,0.17964064915983052,"{1, 2, 3, 24, 37, 38, 39, 41, 43, 66, 82, 83, 84, 85, 86, 87, 88, 89, 90, 91, 155, 171, 172, 176, 193}"
ref_4.5,C4.4,WcD0A251711081915_01.ce,5,0.17954374156749472,"{6, 79, 97, 108, 114}"
ref_4.5,C4.4,WcD0A251711081930_01.ce,25,0.16767125741141745,"{13, 14, 15, 16, 17, 18, 19, 66, 67, 70, 84, 88, 89, 91, 92, 93, 111, 121, 124, 125, 137, 150, 161, 168, 171}"
ref_4.5,C4.4,WcD0A251711081945_01.ce,25,0.18893311341784752,"{8, 17, 25, 40, 60, 68, 83, 106, 127, 128, 131, 139, 140, 151, 152, 154, 178, 181, 182, 183, 184, 185, 186, 187, 188}"
ref_4.5,C4.5,WcD0A001711081900_03.ce,17,0.17439122527543185,"{1, 2, 3, 35, 40, 82, 83, 84, 85, 86, 87, 88, 89, 90, 91, 156, 164}"
ref_4.5,C4.5,WcD0A001711081915_03.ce,4,0.16272885659686123,"{5, 96, 108, 119}"
ref_4.5,C4.5,WcD0A001711081930_03.ce,26,0.17675977101255455,"{13, 14, 15, 16, 17, 18, 19, 20, 42, 68, 70, 74, 88, 89, 91, 92, 109, 111, 112, 113, 125, 154, 160, 162, 169, 171}"
ref_4.5,C4.5,WcD0A001711081945_03.ce,28,0.180111756742738,"{17, 23, 54, 63, 68, 83, 86, 89, 100, 126, 127, 128, 130, 132, 139, 140, 151, 152, 160, 180, 181, 182, 183, 184, 185, 186, 187, 188}"
ref_4.5,C4.4,WcD0A251711082000_01.ce,24,0.1812317913986196,"{1, 2, 3, 27, 101, 104, 105, 109, 110, 113, 121, 138, 139, 141, 145, 146, 147, 148, 152, 153, 158, 175, 182, 184}"
ref_4.5,C4.4,WcD0A251711082015_01.ce,24,0.17598130436344614,"{37, 83, 84, 85, 86, 89, 92, 97, 101, 104, 106, 107, 108, 109, 110, 116, 124, 127, 129, 130, 160, 166, 168, 169}"
ref_4.5,C4.4,WcD0A251711082030_01.ce,31,0.19203573926074985,"{7, 19, 20, 21, 43, 44, 45, 46, 47, 51, 52, 59, 60, 61, 69, 70, 72, 74, 75, 92, 93, 105, 108, 109, 110, 111, 112, 113, 157, 172, 185}"
ref_4.5,C4.4,WcD0A251711082045_01.ce,34,0.19858727259085632,"{59, 60, 61, 62, 67, 74, 83, 84, 100, 102, 103, 104, 105, 106, 109, 113, 114, 115, 116, 133, 140, 148, 155, 157, 158, 159, 160, 169, 173, 176, 178, 181, 182, 183}"
ref_4.5,C4.5,WcD0A001711082000_03.ce,29,0.18112800416208769,"{1, 2, 3, 14, 52, 97, 98, 102, 103, 104, 110, 118, 120, 121, 137, 138, 139, 142, 145, 146, 147, 148, 150, 151, 157, 158, 159, 181, 182}"
ref_4.5,C4.5,WcD0A001711082015_03.ce,20,0.16994522002834497,"{83, 84, 85, 86, 87, 89, 90, 93, 102, 105, 106, 108, 109, 124, 125, 127, 135, 151, 157, 169}"
ref_4.5,C4.5,WcD0A001711082030_03.ce,28,0.18288459411170258,"{20, 21, 43, 44, 45, 46, 47, 52, 53, 55, 59, 60, 61, 69, 70, 74, 75, 92, 93, 106, 107, 109, 110, 111, 112, 113, 157, 182}"
ref_4.5,C4.5,WcD0A001711082045_03.ce,24,0.18186078813309578,"{58, 59, 60, 61, 83, 99, 102, 103, 104, 105, 112, 113, 114, 115, 116, 132, 140, 156, 157, 158, 165, 180, 181, 182}"
ref_4.5,C4.4,WcD0A251711082100_01.ce,36,0.2210862648853211,"{1, 2, 3, 10, 48, 51, 59, 60, 61, 62, 63, 78, 92, 93, 94, 97, 102, 103, 113, 117, 128, 129, 133, 134, 135, 136, 137, 138, 139, 141, 143, 174, 175, 185, 188, 193}"
ref_4.5,C4.4,WcD0A251711082115_01.ce,43,0.2180052705527519,"{1, 3, 6, 7, 9, 21, 25, 26, 27, 37, 38, 39, 40, 41, 58, 59, 70, 71, 72, 73, 74, 76, 78, 79, 81, 82, 83, 84, 85, 86, 87, 88, 89, 103, 104, 106, 107, 108, 172, 184, 187, 188, 189}"
ref_4.5,C4.4,WcD0A251711082130_01.ce,69,0.21918412018810576,"{6, 14, 18, 32, 33, 34, 35, 36, 38, 40, 41, 43, 44, 45, 46, 47, 48, 49, 51, 52, 53, 54, 55, 56, 57, 59, 60, 61, 62, 63, 64, 66, 73, 75, 76, 88, 92, 93, 94, 95, 96, 97, 98, 99, 100, 101, 102, 103, 104, 105, 106, 107, 108, 109, 110, 112, 113, 114, 115, 117, 119, 123, 144, 145, 161, 163, 164, 166, 193}"
ref_4.5,C4.4,WcD0A251711082145_01.ce,15,0.1810508298729176,"{6, 17, 18, 19, 20, 21, 35, 36, 37, 38, 40, 48, 49, 117, 175}"
ref_4.5,C4.5,WcD0A001711082100_03.ce,28,0.2105972426416787,"{1, 2, 3, 4, 51, 60, 61, 62, 63, 65, 82, 94, 103, 111, 113, 129, 130, 134, 135, 136, 137, 138, 139, 144, 164, 175, 185, 194}"
ref_4.5,C4.5,WcD0A001711082115_03.ce,38,0.2084127539894113,"{2, 5, 6, 8, 24, 25, 37, 38, 39, 40, 58, 70, 71, 73, 75, 76, 78, 79, 80, 81, 83, 84, 85, 86, 87, 88, 98, 101, 103, 105, 106, 107, 171, 183, 186, 187, 188, 189}"
ref_4.5,C4.5,WcD0A001711082130_03.ce,56,0.20712237439508818,"{5, 6, 9, 13, 28, 32, 33, 34, 37, 38, 43, 44, 45, 46, 48, 51, 52, 53, 54, 55, 57, 58, 59, 60, 62, 63, 64, 65, 66, 71, 75, 76, 93, 95, 96, 97, 98, 99, 100, 101, 102, 104, 105, 107, 108, 109, 110, 112, 113, 114, 118, 119, 122, 123, 163, 165}"
ref_4.5,C4.5,WcD0A001711082145_03.ce,12,0.16639125109269476,"{6, 8, 18, 19, 20, 21, 36, 39, 49, 86, 117, 178}"
ref_4.5,C4.4,WcD0A251711082200_01.ce,18,0.17764271071047433,"{1, 2, 3, 56, 86, 101, 104, 107, 108, 109, 112, 113, 114, 115, 116, 117, 118, 142}"
ref_4.5,C4.4,WcD0A251711082215_01.ce,25,0.21266486313086355,"{29, 30, 31, 33, 35, 36, 37, 38, 40, 41, 60, 61, 62, 65, 66, 77, 81, 85, 88, 100, 107, 109, 121, 185, 188}"
ref_4.5,C4.4,WcD0A251711082230_01.ce,29,0.20987563428252543,"{1, 16, 17, 18, 19, 20, 21, 23, 24, 25, 26, 40, 41, 42, 43, 46, 47, 55, 76, 93, 105, 106, 108, 118, 119, 120, 127, 159, 160}"
ref_4.5,C4.4,WcD0A251711082245_01.ce,31,0.19475388533118881,"{18, 19, 20, 21, 22, 24, 30, 31, 33, 37, 38, 55, 56, 73, 78, 79, 84, 86, 88, 94, 95, 109, 117, 118, 124, 125, 126, 132, 133, 134, 150}"
ref_4.5,C4.5,WcD0A001711082200_03.ce,14,0.15739743757273808,"{1, 2, 3, 85, 107, 109, 111, 112, 113, 114, 115, 116, 117, 139}"
ref_4.5,C4.5,WcD0A001711082215_03.ce,19,0.19914382283073004,"{31, 33, 34, 35, 38, 40, 41, 42, 60, 61, 63, 65, 66, 85, 121, 144, 145, 185, 189}"
ref_4.5,C4.5,WcD0A001711082230_03.ce,27,0.1866137565104599,"{16, 17, 18, 19, 20, 21, 22, 24, 25, 26, 36, 41, 42, 43, 44, 76, 86, 94, 105, 106, 107, 108, 119, 120, 128, 136, 160}"
ref_4.5,C4.5,WcD0A001711082245_03.ce,22,0.186670789244097,"{17, 18, 19, 20, 21, 22, 23, 30, 31, 32, 33, 36, 37, 56, 78, 94, 109, 117, 123, 124, 132, 133}"
ref_4.5,C4.4,WcD0A251711082300_01.ce,8,0.17054833525607507,"{1, 2, 3, 92, 93, 98, 102, 111}"
ref_4.5,C4.4,WcD0A251711082315_01.ce,6,0.1699875389411278,"{1, 3, 47, 57, 90, 127}"
ref_4.5,C4.4,WcD0A251711082330_01.ce,32,0.19073673283716877,"{20, 33, 67, 85, 114, 115, 134, 135, 143, 144, 145, 146, 151, 154, 155, 156, 158, 159, 160, 163, 164, 165, 166, 167, 168, 169, 187, 188, 189, 190, 191, 192}"
ref_4.5,C4.4,WcD0A251711082345_01.ce,35,0.18373271757947598,"{7, 8, 9, 10, 18, 28, 45, 72, 73, 74, 81, 82, 83, 86, 101, 112, 120, 121, 122, 124, 128, 129, 132, 138, 139, 140, 141, 143, 155, 161, 165, 166, 167, 181, 193}"
ref_4.5,C4.5,WcD0A001711082300_03.ce,6,0.15423657989829748,"{1, 2, 3, 103, 135, 192}"
ref_4.5,C4.5,WcD0A001711082315_03.ce,1,0.14921187226665486,{36}
ref_4.5,C4.5,WcD0A001711082330_03.ce,26,0.18708132024684548,"{13, 24, 114, 133, 134, 135, 143, 144, 145, 150, 151, 154, 157, 158, 159, 162, 164, 166, 167, 168, 186, 187, 188, 189, 190, 191}"
ref_4.5,C4.5,WcD0A001711082345_03.ce,28,0.17708686003557358,"{7, 8, 10, 11, 23, 36, 43, 54, 62, 73, 74, 84, 95, 102, 113, 121, 122, 124, 129, 133, 140, 142, 150, 162, 166, 187, 192, 194}"
