ref_4.5,C4.4,WcD0D211711090000_02.ce,88,0.21138418119779206,"{1, 2, 3, 4, 5, 7, 8, 11, 12, 13, 14, 15, 16, 24, 25, 26, 30, 34, 35, 36, 37, 38, 39, 71, 72, 73, 74, 75, 76, 77, 78, 79, 83, 84, 86, 87, 90, 91, 92, 94, 95, 101, 105, 106, 107, 108, 109, 110, 111, 112, 113, 114, 122, 123, 124, 125, 126, 127, 129, 131, 136, 137, 138, 139, 140, 141, 142, 143, 144, 145, 146, 147, 149, 150, 151, 152, 159, 160, 161, 162, 165, 171, 172, 173, 174, 175, 176, 188}" 
ref_4.5,C4.4,WcD0D211711090015_02.ce,63,0.22824136055353894,"{13, 14, 15, 16, 20, 21, 22, 23, 24, 25, 28, 37, 38, 40, 41, 51, 52, 53, 54, 55, 56, 57, 58, 59, 60, 61, 62, 63, 69, 70, 76, 77, 81, 85, 88, 90, 91, 92, 98, 99, 100, 113, 116, 120, 127, 139, 152, 153, 157, 158, 159, 160, 161, 170, 171, 172, 176, 177, 180, 182, 183, 184, 185}" 
ref_4.5,C4.4,WcD0D211711090030_02.ce,18,0.21693387414094117,"{14, 21, 34, 47, 50, 54, 57, 58, 73, 83, 102, 110, 140, 172, 176, 187, 189, 190}" 
ref_4.5,C4.4,WcD0D211711090045_02.ce,20,0.19976410314111345,"{4, 31, 35, 36, 37, 38, 49, 58, 103, 123, 125, 133, 145, 146, 157, 158, 174, 177, 179, 188}" 
ref_4.5,C4.5,WcD0C231711090000_04.ce,82,0.20104052302406408,"{1, 2, 3, 4, 5, 6, 7, 8, 10, 11, 12, 13, 14, 15, 23, 24, 25, 29, 33, 34, 35, 36, 37, 38, 39, 70, 71, 72, 73, 74, 75, 76, 77, 78, 82, 86, 89, 90, 91, 105, 106, 107, 108, 109, 110, 111, 112, 113, 121, 122, 123, 124, 125, 126, 128, 130, 136, 137, 138, 139, 140, 141, 143, 144, 145, 146, 148, 149, 150, 151, 152, 159, 160, 161, 164, 170, 171, 172, 173, 174, 175, 176}" 
ref_4.5,C4.5,WcD0C231711090015_04.ce,64,0.2150444901460423,"{14, 15, 16, 17, 21, 22, 23, 24, 25, 29, 37, 38, 40, 41, 48, 52, 53, 54, 55, 56, 57, 58, 59, 60, 61, 62, 63, 64, 69, 76, 78, 81, 85, 88, 91, 92, 93, 94, 98, 99, 104, 109, 113, 116, 126, 127, 139, 153, 159, 160, 161, 170, 171, 172, 173, 174, 176, 177, 179, 182, 183, 184, 186, 191}" 
ref_4.5,C4.5,WcD0C231711090030_04.ce,22,0.201940275669423,"{7, 14, 37, 47, 52, 55, 57, 58, 59, 73, 86, 102, 103, 110, 115, 122, 140, 172, 173, 187, 188, 190}" 
ref_4.5,C4.5,WcD0C231711090045_04.ce,20,0.18448455816381273,"{31, 34, 35, 36, 37, 49, 57, 115, 122, 124, 125, 129, 132, 144, 145, 157, 173, 177, 178, 184}" 
ref_4.5,C4.4,WcD0D211711090100_02.ce,90,0.19246833165239313,"{2, 3, 4, 5, 6, 8, 10, 11, 12, 13, 14, 15, 23, 24, 25, 26, 29, 33, 34, 35, 36, 37, 38, 39, 71, 72, 73, 74, 75, 76, 77, 78, 82, 85, 86, 89, 90, 91, 92, 100, 101, 105, 106, 107, 108, 109, 110, 111, 112, 113, 117, 118, 119, 121, 122, 123, 124, 125, 126, 127, 128, 130, 135, 136, 137, 138, 139, 140, 141, 143, 144, 145, 146, 148, 149, 150, 151, 152, 159, 160, 161, 164, 165, 170, 171, 172, 173, 174, 175, 176}" 
ref_4.5,C4.4,WcD0D211711090115_02.ce,101,0.20343472831490342,"{10, 14, 15, 18, 20, 21, 22, 23, 24, 25, 29, 33, 37, 38, 40, 41, 50, 52, 53, 54, 55, 56, 57, 60, 61, 62, 63, 72, 73, 74, 75, 76, 77, 82, 104, 105, 106, 107, 108, 109, 116, 127, 132, 133, 134, 135, 136, 137, 138, 139, 140, 141, 142, 143, 144, 145, 146, 147, 148, 149, 150, 151, 152, 153, 154, 155, 156, 157, 158, 159, 160, 161, 162, 163, 164, 165, 166, 167, 168, 169, 170, 171, 172, 173, 174, 175, 176, 177, 178, 179, 180, 182, 183, 184, 185, 186, 187, 188, 189, 190, 191}" 
ref_4.5,C4.4,WcD0D211711090130_02.ce,54,0.20812325463020845,"{7, 56, 57, 58, 59, 60, 61, 63, 68, 69, 84, 85, 86, 89, 90, 91, 92, 93, 94, 95, 96, 99, 100, 101, 112, 115, 118, 119, 120, 121, 122, 123, 127, 128, 129, 130, 136, 137, 138, 142, 143, 144, 145, 146, 147, 156, 166, 167, 168, 169, 175, 177, 180, 193}" 
ref_4.5,C4.4,WcD0D211711090145_02.ce,36,0.22118798816604932,"{5, 6, 7, 8, 9, 25, 27, 30, 31, 38, 60, 66, 67, 70, 71, 74, 75, 86, 107, 128, 131, 139, 141, 144, 145, 147, 149, 153, 154, 157, 158, 159, 160, 163, 164, 181}" 
ref_4.5,C4.5,WcD0C231711090100_04.ce,87,0.20480254891978078,"{2, 3, 4, 5, 6, 8, 10, 11, 12, 13, 14, 15, 24, 25, 26, 29, 33, 34, 35, 36, 37, 38, 39, 41, 43, 71, 72, 73, 74, 75, 76, 77, 78, 82, 83, 85, 86, 89, 90, 91, 92, 101, 105, 106, 107, 108, 109, 110, 111, 112, 113, 117, 118, 119, 121, 122, 123, 124, 127, 128, 130, 136, 137, 138, 139, 140, 141, 143, 144, 145, 146, 148, 149, 150, 151, 152, 159, 160, 161, 165, 170, 171, 172, 173, 174, 175, 176}" 
ref_4.5,C4.5,WcD0C231711090115_04.ce,102,0.20069857914815012,"{14, 15, 16, 21, 22, 23, 24, 25, 29, 33, 38, 39, 41, 42, 48, 50, 52, 53, 54, 55, 56, 57, 58, 59, 60, 61, 62, 63, 72, 73, 74, 75, 76, 77, 82, 104, 105, 106, 107, 108, 109, 115, 116, 132, 133, 134, 135, 136, 137, 138, 139, 140, 142, 143, 144, 145, 146, 147, 148, 149, 150, 151, 152, 153, 154, 155, 156, 157, 158, 159, 160, 161, 162, 163, 164, 165, 166, 167, 168, 169, 170, 171, 172, 173, 174, 175, 176, 177, 178, 179, 180, 181, 182, 183, 184, 185, 186, 187, 188, 189, 190, 191}" 
ref_4.5,C4.5,WcD0C231711090130_04.ce,58,0.21389736529101727,"{31, 33, 56, 57, 58, 59, 60, 61, 68, 69, 71, 84, 85, 86, 88, 89, 90, 91, 92, 93, 94, 95, 99, 100, 112, 114, 115, 119, 120, 121, 122, 123, 124, 127, 128, 129, 130, 137, 138, 141, 142, 143, 144, 145, 146, 147, 153, 156, 157, 159, 166, 167, 168, 169, 170, 175, 177, 180}" 
ref_4.5,C4.5,WcD0C231711090145_04.ce,35,0.2230452773115218,"{5, 6, 7, 8, 9, 10, 20, 30, 31, 45, 47, 60, 61, 70, 71, 74, 75, 76, 86, 99, 131, 141, 143, 144, 145, 149, 152, 154, 157, 158, 159, 160, 163, 164, 188}" 
ref_4.5,C4.4,WcD0D211711090200_02.ce,38,0.1749001293659771,"{1, 2, 3, 4, 5, 7, 8, 9, 10, 12, 14, 24, 25, 26, 28, 34, 35, 36, 37, 59, 86, 87, 88, 89, 116, 118, 119, 121, 147, 148, 162, 175, 189, 190, 191, 192, 193, 194}" 
ref_4.5,C4.4,WcD0D211711090215_02.ce,48,0.1781950745423766,"{1, 4, 5, 13, 14, 15, 18, 21, 22, 23, 24, 34, 37, 39, 41, 43, 44, 45, 46, 47, 49, 51, 52, 53, 54, 55, 57, 63, 93, 95, 96, 97, 105, 106, 111, 112, 114, 115, 121, 128, 129, 133, 144, 145, 146, 147, 149, 150}" 
ref_4.5,C4.4,WcD0D211711090230_02.ce,50,0.21064847582138954,"{12, 26, 39, 45, 48, 61, 62, 63, 64, 78, 85, 86, 87, 88, 89, 98, 99, 102, 103, 105, 117, 118, 123, 125, 129, 131, 132, 134, 138, 141, 146, 147, 148, 150, 152, 157, 158, 159, 160, 161, 176, 180, 181, 182, 183, 184, 185, 186, 189, 191}" 
ref_4.5,C4.4,WcD0D211711090245_02.ce,75,0.20933514944777268,"{2, 3, 5, 6, 7, 8, 9, 10, 11, 12, 13, 14, 15, 16, 17, 18, 38, 40, 41, 42, 43, 44, 54, 56, 57, 58, 59, 81, 82, 83, 84, 85, 86, 87, 95, 96, 97, 98, 99, 109, 110, 111, 112, 123, 124, 133, 134, 135, 136, 137, 138, 140, 147, 167, 168, 169, 170, 171, 172, 173, 174, 175, 176, 177, 179, 180, 181, 182, 184, 185, 188, 189, 190, 191, 192}" 
ref_4.5,C4.5,WcD0C231711090200_04.ce,40,0.17539147761063206,"{1, 2, 3, 4, 6, 8, 9, 10, 11, 14, 23, 24, 25, 26, 33, 34, 35, 36, 47, 63, 77, 85, 86, 87, 88, 115, 117, 118, 120, 121, 146, 147, 162, 174, 188, 189, 190, 191, 192, 193}" 
ref_4.5,C4.5,WcD0C231711090215_04.ce,52,0.18117915516229469,"{1, 5, 14, 15, 21, 22, 23, 24, 25, 27, 35, 37, 38, 39, 41, 42, 43, 44, 45, 46, 47, 51, 52, 53, 54, 55, 56, 58, 59, 60, 63, 93, 94, 95, 96, 97, 106, 112, 114, 115, 122, 128, 129, 133, 144, 145, 146, 147, 148, 149, 150, 151}" 
ref_4.5,C4.5,WcD0C231711090230_04.ce,60,0.20866385692438247,"{12, 13, 14, 26, 45, 47, 48, 50, 62, 63, 64, 74, 78, 82, 83, 85, 86, 87, 88, 89, 103, 105, 115, 117, 118, 126, 129, 131, 132, 134, 135, 136, 138, 139, 141, 142, 145, 146, 147, 148, 149, 150, 152, 157, 158, 159, 160, 161, 165, 178, 179, 181, 182, 183, 184, 185, 186, 191, 192, 193}" 
ref_4.5,C4.5,WcD0C231711090245_04.ce,77,0.19713165568315658,"{2, 3, 4, 5, 6, 7, 8, 9, 10, 11, 12, 13, 14, 15, 16, 17, 18, 38, 40, 41, 42, 43, 44, 45, 54, 55, 56, 57, 58, 59, 65, 82, 83, 84, 85, 86, 87, 96, 97, 98, 99, 109, 110, 111, 112, 115, 124, 132, 134, 135, 136, 137, 138, 139, 140, 146, 147, 168, 169, 170, 171, 172, 173, 174, 175, 176, 177, 178, 179, 180, 181, 182, 185, 188, 189, 190, 192}" 
ref_4.5,C4.4,WcD0D211711090300_02.ce,69,0.21788020592811913,"{1, 2, 3, 4, 5, 8, 9, 10, 11, 14, 23, 24, 36, 44, 45, 49, 54, 55, 56, 57, 58, 59, 83, 94, 106, 107, 108, 109, 110, 111, 112, 114, 115, 124, 129, 130, 134, 135, 136, 139, 140, 145, 146, 149, 150, 153, 155, 157, 158, 159, 160, 161, 162, 163, 164, 174, 175, 176, 177, 178, 179, 181, 182, 183, 184, 185, 191, 192, 193}" 
ref_4.5,C4.4,WcD0D211711090315_02.ce,51,0.18469401258241683,"{2, 3, 4, 16, 26, 27, 28, 29, 37, 38, 39, 40, 42, 53, 62, 63, 77, 80, 81, 82, 84, 85, 86, 87, 88, 97, 98, 99, 100, 103, 106, 113, 115, 116, 117, 118, 119, 120, 121, 122, 123, 124, 125, 130, 133, 140, 154, 155, 156, 157, 158}" 
ref_4.5,C4.4,WcD0D211711090330_02.ce,26,0.20429082071296872,"{6, 7, 8, 10, 26, 30, 31, 38, 39, 40, 61, 62, 63, 68, 69, 84, 90, 92, 99, 145, 156, 157, 158, 159, 189, 193}" 
ref_4.5,C4.4,WcD0D211711090345_02.ce,58,0.18503190310016895,"{3, 6, 7, 8, 9, 10, 11, 12, 13, 14, 17, 21, 22, 28, 29, 30, 31, 32, 33, 34, 35, 36, 37, 38, 39, 53, 54, 55, 56, 57, 58, 59, 60, 61, 62, 67, 70, 77, 78, 79, 81, 82, 83, 84, 89, 90, 91, 92, 93, 94, 95, 96, 102, 103, 141, 142, 152, 182}" 
ref_4.5,C4.5,WcD0C231711090300_04.ce,72,0.2200185622112942,"{1, 2, 3, 4, 5, 8, 9, 10, 11, 12, 14, 24, 36, 45, 49, 54, 55, 56, 57, 58, 59, 60, 83, 92, 93, 105, 107, 108, 109, 110, 111, 114, 115, 116, 124, 129, 130, 134, 135, 136, 138, 139, 140, 146, 148, 150, 152, 153, 155, 157, 158, 159, 160, 161, 162, 163, 164, 170, 174, 175, 176, 177, 178, 179, 181, 182, 183, 184, 185, 191, 192, 193}" 
ref_4.5,C4.5,WcD0C231711090315_04.ce,46,0.1958918627312199,"{3, 4, 16, 26, 27, 28, 29, 37, 38, 39, 40, 42, 53, 62, 63, 80, 81, 82, 84, 85, 86, 87, 88, 97, 98, 99, 100, 103, 113, 114, 115, 116, 117, 118, 119, 120, 121, 122, 123, 124, 125, 130, 155, 156, 157, 158}" 
ref_4.5,C4.5,WcD0C231711090330_04.ce,25,0.2087380127844701,"{5, 6, 7, 8, 9, 25, 30, 37, 54, 60, 61, 62, 67, 68, 83, 91, 98, 99, 120, 143, 144, 155, 156, 158, 188}" 
ref_4.5,C4.5,WcD0C231711090345_04.ce,58,0.18635543172601687,"{3, 6, 7, 8, 9, 10, 11, 12, 13, 14, 17, 22, 28, 29, 30, 31, 32, 33, 34, 35, 36, 37, 38, 39, 53, 54, 55, 56, 57, 58, 59, 60, 61, 62, 63, 70, 76, 78, 79, 80, 81, 82, 83, 84, 90, 91, 92, 93, 94, 95, 96, 102, 103, 141, 142, 143, 152, 182}" 
ref_4.5,C4.4,WcD0D211711090400_02.ce,59,0.19013153905889227,"{1, 2, 3, 4, 5, 7, 9, 11, 12, 13, 14, 18, 23, 24, 25, 26, 27, 31, 35, 36, 37, 38, 39, 45, 47, 48, 49, 50, 64, 67, 68, 70, 71, 72, 82, 83, 84, 85, 86, 87, 119, 138, 139, 140, 141, 142, 143, 144, 145, 146, 147, 149, 150, 153, 160, 161, 162, 163, 164}" 
ref_4.5,C4.4,WcD0D211711090415_02.ce,37,0.1785368958183191,"{4, 12, 13, 15, 16, 17, 18, 68, 82, 83, 84, 89, 101, 110, 111, 112, 113, 114, 115, 116, 117, 118, 124, 125, 126, 132, 133, 134, 135, 136, 139, 141, 181, 182, 183, 189, 191}" 
ref_4.5,C4.4,WcD0D211711090430_02.ce,49,0.2005798606473873,"{2, 10, 15, 16, 36, 38, 39, 40, 49, 50, 51, 52, 53, 54, 55, 56, 57, 58, 59, 60, 61, 62, 63, 64, 65, 66, 67, 68, 69, 80, 81, 82, 102, 103, 107, 108, 111, 112, 113, 122, 123, 124, 125, 126, 127, 134, 170, 175, 177}" 
ref_4.5,C4.4,WcD0D211711090445_02.ce,45,0.154668075667516,"{4, 9, 12, 13, 14, 23, 24, 25, 27, 30, 31, 34, 36, 44, 45, 46, 47, 48, 80, 81, 84, 112, 113, 114, 115, 116, 117, 125, 126, 141, 142, 143, 144, 145, 146, 152, 153, 169, 170, 171, 172, 173, 174, 175, 191}" 
ref_4.5,C4.5,WcD0C231711090400_04.ce,58,0.20483400024456455,"{1, 2, 3, 4, 5, 7, 10, 12, 13, 14, 18, 24, 25, 26, 27, 28, 31, 36, 37, 38, 39, 45, 46, 47, 48, 49, 50, 51, 67, 68, 70, 71, 72, 77, 83, 84, 85, 87, 119, 138, 139, 140, 141, 142, 143, 144, 145, 146, 147, 149, 150, 153, 160, 161, 162, 163, 164, 174}" 
ref_4.5,C4.5,WcD0C231711090415_04.ce,40,0.18948184126777468,"{4, 12, 13, 14, 15, 16, 17, 18, 68, 71, 82, 83, 84, 89, 90, 91, 101, 110, 111, 112, 113, 114, 115, 116, 117, 118, 125, 126, 132, 133, 134, 135, 136, 139, 141, 179, 181, 182, 183, 191}" 
ref_4.5,C4.5,WcD0C231711090430_04.ce,54,0.20866374886855774,"{2, 9, 10, 15, 16, 17, 37, 39, 40, 48, 50, 52, 53, 54, 55, 56, 57, 58, 59, 60, 61, 62, 63, 64, 65, 66, 67, 68, 69, 72, 81, 82, 86, 92, 102, 103, 107, 108, 111, 112, 113, 114, 122, 123, 124, 125, 126, 127, 134, 164, 168, 170, 171, 178}" 
ref_4.5,C4.5,WcD0C231711090445_04.ce,48,0.17472180315232277,"{4, 9, 10, 12, 13, 14, 23, 24, 25, 30, 31, 32, 35, 36, 37, 44, 45, 46, 47, 48, 80, 81, 82, 83, 84, 112, 113, 114, 115, 116, 117, 126, 141, 142, 143, 144, 145, 146, 147, 153, 170, 171, 172, 173, 174, 175, 176, 191}" 
ref_4.5,C4.4,WcD0D211711090500_02.ce,43,0.21433419205796242,"{1, 2, 3, 4, 13, 15, 16, 17, 24, 25, 30, 31, 36, 51, 57, 66, 69, 72, 77, 78, 81, 82, 84, 85, 86, 87, 89, 93, 94, 98, 100, 103, 111, 116, 121, 125, 146, 151, 153, 161, 169, 178, 185}" 
ref_4.5,C4.4,WcD0D211711090515_02.ce,55,0.21233054004170632,"{4, 8, 10, 13, 14, 15, 23, 24, 28, 31, 32, 47, 49, 50, 51, 52, 53, 57, 63, 80, 84, 85, 86, 87, 88, 89, 90, 91, 92, 100, 101, 102, 107, 108, 109, 111, 112, 114, 123, 124, 125, 126, 127, 128, 129, 138, 139, 144, 145, 146, 150, 177, 189, 191, 193}" 
ref_4.5,C4.4,WcD0D211711090530_02.ce,42,0.20566899547381856,"{1, 2, 3, 12, 15, 16, 17, 22, 23, 28, 33, 48, 53, 56, 62, 65, 66, 67, 68, 69, 70, 71, 72, 73, 74, 75, 76, 77, 78, 80, 87, 91, 100, 109, 115, 126, 127, 130, 147, 182, 186, 194}" 
ref_4.5,C4.4,WcD0D211711090545_02.ce,34,0.19610525864394998,"{11, 12, 21, 22, 33, 47, 48, 63, 69, 74, 78, 81, 82, 110, 111, 112, 113, 114, 123, 139, 140, 141, 142, 143, 144, 150, 151, 167, 168, 169, 175, 178, 180, 181}" 
ref_4.5,C4.5,WcD0C231711090500_04.ce,37,0.20869297838909345,"{1, 2, 3, 4, 5, 14, 16, 17, 25, 30, 31, 59, 66, 70, 71, 78, 81, 82, 84, 85, 86, 87, 89, 93, 94, 98, 100, 104, 121, 125, 146, 151, 153, 161, 162, 178, 185}" 
ref_4.5,C4.5,WcD0C231711090515_04.ce,52,0.20094868445547162,"{4, 8, 10, 11, 13, 14, 15, 23, 24, 32, 46, 47, 49, 50, 51, 52, 53, 54, 58, 61, 80, 84, 85, 86, 87, 88, 89, 90, 91, 92, 100, 101, 102, 107, 109, 112, 114, 123, 124, 125, 126, 127, 128, 129, 135, 138, 139, 145, 146, 189, 192, 193}" 
ref_4.5,C4.5,WcD0C231711090530_04.ce,42,0.19163139586933262,"{1, 2, 3, 12, 14, 16, 18, 22, 23, 24, 48, 49, 52, 53, 57, 64, 66, 68, 69, 70, 71, 72, 73, 74, 75, 76, 77, 78, 79, 80, 87, 91, 100, 109, 115, 126, 127, 130, 147, 177, 184, 186}" 
ref_4.5,C4.5,WcD0C231711090545_04.ce,38,0.18102765886485966,"{1, 11, 12, 22, 47, 48, 57, 58, 63, 66, 69, 74, 78, 79, 80, 81, 82, 110, 111, 112, 113, 114, 123, 139, 140, 141, 142, 143, 144, 150, 151, 167, 168, 169, 170, 175, 180, 181}" 
ref_4.5,C4.4,WcD0D211711090600_02.ce,61,0.22613663178054097,"{1, 2, 3, 4, 8, 9, 10, 11, 15, 21, 22, 25, 26, 31, 41, 43, 50, 52, 53, 54, 55, 56, 57, 58, 59, 60, 61, 62, 63, 64, 65, 66, 67, 68, 69, 70, 71, 72, 73, 75, 80, 83, 84, 89, 97, 102, 106, 122, 125, 126, 128, 135, 136, 137, 139, 140, 166, 167, 168, 180, 187}" 
ref_4.5,C4.4,WcD0D211711090615_02.ce,69,0.2292261791291035,"{2, 11, 12, 19, 20, 21, 23, 31, 32, 33, 40, 46, 49, 50, 57, 60, 65, 66, 67, 68, 71, 74, 75, 76, 78, 79, 80, 82, 83, 84, 88, 90, 91, 93, 94, 95, 96, 97, 106, 107, 108, 110, 113, 114, 117, 119, 128, 129, 130, 131, 132, 133, 134, 143, 144, 145, 153, 154, 155, 158, 173, 176, 177, 178, 188, 189, 191, 192, 193}" 
ref_4.5,C4.4,WcD0D211711090630_02.ce,49,0.20486839287436917,"{4, 5, 6, 25, 30, 32, 36, 37, 38, 39, 40, 41, 42, 43, 44, 45, 46, 47, 48, 49, 50, 51, 52, 53, 54, 55, 56, 57, 58, 59, 60, 61, 63, 64, 65, 66, 74, 78, 84, 97, 105, 115, 161, 162, 176, 177, 178, 187, 192}" 
ref_4.5,C4.4,WcD0D211711090645_02.ce,53,0.21508275692480897,"{2, 21, 42, 43, 44, 45, 46, 49, 50, 51, 57, 58, 62, 63, 64, 65, 66, 67, 68, 73, 74, 75, 76, 77, 78, 79, 89, 90, 91, 92, 93, 101, 102, 109, 110, 111, 112, 113, 122, 138, 139, 140, 141, 142, 143, 149, 150, 166, 167, 168, 169, 189, 190}" 
ref_4.5,C4.5,WcD0C231711090600_04.ce,65,0.21411340925333272,"{1, 2, 3, 4, 8, 9, 11, 13, 15, 16, 21, 22, 23, 26, 31, 41, 43, 52, 53, 54, 55, 56, 57, 58, 59, 60, 61, 62, 63, 64, 65, 66, 67, 68, 69, 70, 71, 72, 73, 75, 80, 84, 89, 97, 102, 106, 122, 125, 126, 128, 129, 135, 136, 137, 139, 140, 141, 151, 154, 166, 167, 168, 169, 180, 187}" 
ref_4.5,C4.5,WcD0C231711090615_04.ce,67,0.2256920879341926,"{2, 10, 11, 14, 18, 19, 20, 21, 22, 23, 30, 31, 32, 43, 45, 48, 49, 56, 57, 58, 65, 66, 67, 75, 77, 78, 79, 81, 83, 87, 89, 92, 93, 94, 95, 96, 97, 105, 106, 107, 112, 113, 114, 116, 118, 119, 128, 129, 130, 131, 132, 133, 134, 142, 143, 144, 153, 154, 158, 172, 176, 177, 178, 187, 190, 191, 192}" 
ref_4.5,C4.5,WcD0C231711090630_04.ce,44,0.20241256481059003,"{5, 6, 25, 30, 32, 37, 38, 39, 40, 41, 42, 43, 44, 45, 46, 47, 48, 49, 50, 51, 52, 53, 54, 55, 56, 57, 58, 59, 60, 61, 63, 64, 66, 75, 84, 85, 89, 105, 114, 161, 162, 177, 178, 192}" 
ref_4.5,C4.5,WcD0C231711090645_04.ce,55,0.1964410358357577,"{2, 21, 43, 44, 45, 46, 48, 50, 51, 52, 58, 63, 64, 65, 66, 67, 68, 73, 74, 75, 76, 77, 78, 79, 83, 89, 90, 91, 92, 93, 102, 109, 110, 111, 112, 113, 114, 122, 123, 138, 139, 140, 141, 142, 143, 144, 150, 166, 167, 168, 169, 176, 185, 189, 190}" 
ref_4.5,C4.4,WcD0D211711090700_02.ce,45,0.2067911863896291,"{1, 2, 3, 4, 5, 8, 10, 11, 16, 18, 24, 30, 34, 44, 49, 50, 51, 53, 54, 55, 58, 62, 63, 64, 66, 67, 70, 75, 76, 80, 82, 83, 84, 85, 86, 88, 89, 90, 91, 93, 99, 102, 106, 153, 186}" 
ref_4.5,C4.4,WcD0D211711090715_02.ce,41,0.1807986274117399,"{25, 27, 53, 61, 66, 67, 68, 69, 70, 71, 72, 73, 82, 83, 84, 86, 90, 93, 95, 104, 105, 106, 107, 108, 109, 110, 111, 120, 121, 130, 131, 135, 174, 176, 178, 179, 180, 182, 185, 190, 193}" 
ref_4.5,C4.4,WcD0D211711090730_02.ce,48,0.20948761931526894,"{1, 2, 3, 4, 10, 11, 16, 22, 37, 39, 40, 41, 42, 43, 51, 54, 55, 56, 57, 58, 59, 61, 62, 66, 68, 71, 72, 73, 77, 78, 79, 83, 97, 102, 111, 123, 134, 146, 154, 155, 163, 164, 165, 166, 172, 177, 178, 190}" 
ref_4.5,C4.4,WcD0D211711090745_02.ce,63,0.22008577300397553,"{1, 2, 3, 9, 10, 14, 16, 24, 35, 37, 41, 42, 70, 71, 72, 75, 77, 80, 81, 89, 90, 93, 94, 95, 96, 97, 98, 100, 111, 115, 118, 120, 122, 123, 124, 125, 127, 128, 129, 130, 131, 133, 135, 137, 138, 139, 145, 151, 152, 153, 156, 157, 162, 163, 164, 167, 168, 176, 177, 180, 181, 182, 183}" 
ref_4.5,C4.5,WcD0C231711090700_04.ce,45,0.2196525989974141,"{1, 2, 3, 4, 7, 10, 15, 16, 18, 23, 29, 30, 33, 34, 43, 48, 50, 52, 53, 54, 62, 63, 64, 65, 66, 67, 74, 75, 77, 79, 81, 82, 83, 84, 85, 87, 88, 89, 90, 98, 114, 148, 152, 161, 185}" 
ref_4.5,C4.5,WcD0C231711090715_04.ce,43,0.19224741699980324,"{61, 66, 67, 68, 69, 70, 71, 72, 73, 82, 83, 84, 86, 89, 90, 93, 95, 104, 105, 106, 107, 108, 109, 110, 111, 117, 120, 121, 130, 131, 135, 175, 176, 178, 179, 180, 181, 182, 183, 184, 185, 190, 193}" 
ref_4.5,C4.5,WcD0C231711090730_04.ce,46,0.21823567872167043,"{1, 2, 3, 4, 5, 10, 11, 16, 22, 38, 40, 41, 42, 43, 47, 51, 54, 55, 56, 57, 58, 59, 61, 62, 66, 68, 70, 72, 73, 76, 78, 82, 98, 113, 120, 123, 146, 154, 155, 156, 163, 165, 166, 167, 178, 179}" 
ref_4.5,C4.5,WcD0C231711090745_04.ce,62,0.23370486175041744,"{1, 2, 3, 8, 9, 10, 30, 31, 32, 41, 42, 70, 71, 72, 75, 77, 80, 81, 82, 84, 86, 90, 91, 92, 93, 94, 95, 96, 97, 98, 101, 112, 118, 119, 123, 124, 126, 127, 128, 129, 130, 131, 133, 134, 139, 151, 152, 153, 156, 157, 162, 163, 164, 166, 167, 168, 169, 176, 177, 180, 181, 183}" 
ref_4.5,C4.4,WcD0D211711090800_02.ce,83,0.21627446610626896,"{3, 4, 7, 8, 9, 10, 11, 12, 13, 14, 22, 23, 24, 25, 26, 27, 28, 30, 31, 34, 35, 40, 41, 42, 45, 46, 47, 48, 49, 50, 51, 52, 53, 54, 55, 56, 57, 58, 59, 60, 61, 62, 63, 64, 65, 66, 68, 69, 70, 73, 74, 84, 85, 86, 88, 89, 90, 98, 100, 101, 102, 103, 104, 105, 120, 121, 127, 128, 137, 138, 143, 144, 145, 146, 147, 148, 149, 164, 166, 169, 171, 186, 187}" 
ref_4.5,C4.4,WcD0D211711090815_02.ce,61,0.2098997237063853,"{5, 6, 7, 16, 17, 18, 19, 20, 21, 22, 26, 30, 31, 36, 44, 46, 47, 48, 49, 50, 51, 52, 53, 54, 66, 95, 96, 97, 98, 99, 114, 115, 117, 118, 132, 143, 144, 145, 146, 147, 148, 149, 153, 154, 155, 156, 162, 166, 168, 169, 171, 172, 173, 174, 180, 182, 183, 184, 186, 191, 192}" 
ref_4.5,C4.4,WcD0D211711090830_02.ce,42,0.21329819564837152,"{5, 6, 9, 10, 18, 20, 21, 26, 28, 29, 32, 37, 41, 55, 67, 80, 82, 84, 87, 88, 89, 92, 98, 99, 100, 101, 102, 104, 105, 107, 108, 109, 111, 112, 113, 135, 142, 155, 164, 175, 178, 179}" 
ref_4.5,C4.4,WcD0D211711090845_02.ce,21,0.18936240953398598,"{1, 14, 30, 38, 40, 68, 100, 105, 114, 115, 116, 118, 125, 152, 153, 156, 157, 158, 159, 170, 176}" 
ref_4.5,C4.5,WcD0C231711090800_04.ce,84,0.21977993103335053,"{3, 4, 5, 7, 8, 9, 10, 11, 12, 13, 14, 22, 23, 24, 25, 26, 27, 28, 31, 34, 35, 36, 40, 41, 42, 45, 46, 47, 48, 49, 50, 51, 52, 53, 54, 55, 56, 57, 58, 59, 60, 61, 62, 63, 64, 65, 66, 68, 69, 74, 75, 79, 85, 89, 90, 93, 100, 101, 102, 103, 104, 105, 106, 120, 121, 124, 125, 127, 128, 137, 138, 144, 145, 146, 147, 148, 149, 164, 165, 169, 171, 172, 186, 187}" 
ref_4.5,C4.5,WcD0C231711090815_04.ce,66,0.2054174117097719,"{5, 6, 7, 11, 16, 17, 18, 19, 20, 21, 25, 26, 29, 30, 31, 36, 44, 46, 47, 48, 49, 50, 51, 52, 53, 54, 71, 87, 90, 95, 96, 97, 98, 99, 114, 115, 117, 118, 133, 143, 144, 145, 146, 147, 148, 149, 150, 154, 155, 156, 162, 166, 168, 169, 171, 172, 173, 174, 178, 181, 182, 183, 184, 186, 191, 192}" 
ref_4.5,C4.5,WcD0C231711090830_04.ce,51,0.21230595494166987,"{5, 6, 9, 12, 13, 16, 18, 19, 20, 21, 24, 26, 29, 33, 37, 41, 44, 54, 55, 67, 75, 81, 86, 87, 88, 89, 99, 100, 101, 102, 104, 105, 107, 108, 109, 110, 113, 114, 117, 119, 128, 135, 146, 155, 158, 163, 173, 176, 178, 179, 180}" 
ref_4.5,C4.5,WcD0C231711090845_04.ce,22,0.19278506484300864,"{1, 14, 15, 30, 31, 68, 86, 87, 100, 101, 105, 114, 115, 116, 117, 132, 153, 156, 157, 158, 159, 177}" 
ref_4.5,C4.4,WcD0D211711090900_02.ce,84,0.2129167137540841,"{1, 2, 3, 4, 5, 9, 10, 11, 12, 13, 14, 23, 24, 25, 26, 28, 29, 30, 31, 32, 34, 35, 36, 40, 41, 44, 45, 46, 47, 48, 49, 50, 51, 52, 53, 54, 55, 56, 57, 58, 59, 60, 61, 62, 63, 65, 66, 67, 68, 70, 71, 75, 76, 77, 78, 79, 80, 94, 95, 96, 101, 102, 107, 108, 112, 118, 119, 120, 121, 122, 123, 124, 125, 126, 129, 167, 168, 169, 170, 171, 186, 187, 189, 190}" 
ref_4.5,C4.4,WcD0D211711090915_02.ce,36,0.20645832778285853,"{21, 22, 23, 24, 25, 26, 27, 28, 32, 33, 34, 40, 64, 66, 67, 70, 71, 87, 101, 104, 115, 116, 117, 131, 150, 151, 179, 180, 181, 185, 187, 188, 190, 191, 192, 193}" 
ref_4.5,C4.4,WcD0D211711090930_02.ce,17,0.17199713808833247,"{4, 6, 8, 9, 24, 33, 43, 55, 56, 59, 97, 98, 109, 110, 132, 134, 138}" 
ref_4.5,C4.4,WcD0D211711090945_02.ce,15,0.1723489386202468,"{79, 80, 81, 82, 83, 88, 89, 110, 111, 112, 113, 165, 188, 189, 194}" 
ref_4.5,C4.5,WcD0C231711090900_04.ce,80,0.2012153106920209,"{1, 2, 4, 8, 9, 10, 11, 12, 13, 14, 20, 22, 23, 24, 25, 26, 27, 29, 30, 31, 33, 34, 35, 39, 40, 44, 45, 46, 47, 48, 49, 50, 51, 52, 53, 54, 55, 56, 57, 58, 59, 60, 61, 62, 64, 65, 66, 67, 69, 70, 71, 74, 75, 76, 77, 78, 79, 94, 95, 101, 102, 111, 117, 118, 119, 120, 121, 122, 123, 124, 125, 148, 160, 166, 167, 168, 169, 170, 186, 189}" 
ref_4.5,C4.5,WcD0C231711090915_04.ce,37,0.19266521723678898,"{19, 21, 22, 23, 24, 25, 26, 27, 28, 32, 33, 34, 40, 66, 67, 68, 71, 73, 104, 115, 116, 117, 123, 125, 150, 151, 165, 168, 180, 181, 185, 187, 188, 190, 191, 192, 193}" 
ref_4.5,C4.5,WcD0C231711090930_04.ce,15,0.16164805138366706,"{4, 6, 7, 8, 9, 43, 55, 56, 62, 98, 110, 132, 134, 135, 139}" 
ref_4.5,C4.5,WcD0C231711090945_04.ce,18,0.15656105595879247,"{78, 79, 81, 82, 87, 88, 89, 109, 110, 111, 112, 113, 162, 164, 168, 176, 187, 193}" 
ref_4.5,C4.4,WcD0D211711091000_02.ce,110,0.23982766697224617,"{1, 2, 3, 4, 6, 9, 10, 12, 13, 14, 15, 23, 24, 25, 26, 27, 28, 30, 31, 32, 34, 35, 36, 40, 41, 44, 45, 46, 47, 48, 49, 50, 51, 52, 53, 54, 55, 56, 57, 58, 59, 60, 61, 62, 63, 65, 66, 67, 68, 70, 71, 72, 74, 75, 76, 77, 78, 79, 80, 90, 92, 95, 100, 104, 105, 108, 109, 110, 112, 113, 115, 116, 117, 119, 122, 124, 126, 127, 128, 130, 131, 132, 133, 134, 135, 137, 140, 142, 144, 146, 147, 149, 152, 156, 160, 161, 163, 164, 166, 167, 168, 169, 172, 173, 174, 176, 178, 179, 180, 181}" 
ref_4.5,C4.4,WcD0D211711091015_02.ce,50,0.18389851337385543,"{13, 14, 15, 29, 30, 31, 32, 33, 41, 53, 54, 55, 56, 57, 84, 85, 86, 87, 88, 89, 105, 106, 107, 108, 109, 110, 111, 112, 127, 129, 132, 134, 149, 150, 161, 162, 163, 172, 173, 174, 175, 176, 177, 178, 182, 185, 186, 187, 189, 192}" 
ref_4.5,C4.4,WcD0D211711091030_02.ce,89,0.21930243332289448,"{7, 9, 13, 14, 16, 17, 19, 20, 21, 22, 23, 26, 28, 29, 30, 31, 32, 33, 47, 48, 49, 51, 54, 55, 64, 65, 70, 71, 74, 75, 76, 77, 79, 80, 82, 85, 86, 87, 89, 90, 91, 92, 93, 94, 96, 100, 101, 102, 107, 108, 109, 110, 115, 116, 117, 118, 120, 121, 123, 126, 127, 129, 130, 131, 133, 134, 135, 136, 137, 138, 139, 140, 141, 142, 143, 144, 145, 147, 158, 159, 160, 161, 162, 163, 164, 165, 166, 167, 168}" 
ref_4.5,C4.4,WcD0D211711091045_02.ce,59,0.19071128521428793,"{12, 36, 37, 38, 39, 42, 43, 44, 57, 59, 74, 76, 86, 87, 88, 91, 103, 111, 112, 121, 139, 151, 152, 153, 154, 155, 156, 157, 158, 159, 160, 161, 165, 166, 167, 168, 169, 170, 171, 172, 173, 174, 175, 176, 177, 178, 179, 180, 181, 184, 185, 186, 187, 188, 189, 190, 191, 192, 193}" 
ref_4.5,C4.5,WcD0C231711091000_04.ce,110,0.24491669107081443,"{1, 2, 3, 4, 7, 9, 10, 11, 13, 14, 15, 23, 24, 25, 26, 27, 28, 29, 30, 31, 33, 34, 35, 36, 40, 41, 45, 46, 47, 48, 49, 50, 51, 52, 53, 54, 55, 56, 57, 58, 59, 60, 61, 62, 63, 65, 66, 67, 68, 70, 71, 72, 75, 76, 77, 78, 79, 80, 81, 90, 91, 92, 95, 104, 105, 109, 110, 113, 115, 116, 117, 119, 120, 122, 123, 124, 125, 126, 127, 128, 130, 131, 132, 133, 134, 135, 137, 142, 143, 146, 147, 148, 149, 151, 156, 161, 162, 163, 164, 166, 167, 168, 169, 172, 173, 176, 178, 179, 180, 181}" 
ref_4.5,C4.5,WcD0C231711091015_04.ce,55,0.185287853349016,"{13, 14, 15, 16, 26, 30, 31, 32, 33, 34, 41, 52, 53, 54, 55, 56, 57, 84, 85, 86, 87, 88, 89, 105, 107, 108, 109, 110, 111, 112, 119, 127, 128, 129, 132, 134, 135, 149, 150, 161, 162, 163, 167, 172, 173, 174, 175, 176, 177, 181, 182, 185, 186, 187, 192}" 
ref_4.5,C4.5,WcD0C231711091030_04.ce,88,0.21926215179406797,"{6, 8, 12, 13, 15, 16, 17, 18, 19, 20, 21, 22, 25, 27, 28, 29, 30, 31, 32, 47, 48, 51, 53, 54, 63, 64, 69, 70, 71, 72, 73, 74, 75, 76, 78, 79, 81, 83, 84, 85, 86, 87, 88, 89, 91, 93, 95, 97, 100, 101, 102, 106, 108, 109, 115, 116, 117, 119, 120, 122, 124, 125, 126, 127, 129, 132, 133, 134, 135, 136, 137, 138, 139, 140, 141, 142, 146, 157, 158, 159, 160, 161, 163, 164, 165, 166, 167, 168}" 
ref_4.5,C4.5,WcD0C231711091045_04.ce,57,0.2053842638404025,"{12, 36, 38, 39, 41, 42, 43, 57, 59, 73, 86, 87, 88, 91, 103, 122, 123, 139, 151, 152, 153, 154, 155, 156, 157, 158, 159, 160, 161, 162, 165, 166, 167, 168, 169, 170, 171, 172, 173, 174, 175, 176, 177, 178, 179, 180, 181, 184, 185, 186, 187, 188, 189, 190, 191, 192, 193}" 
ref_4.5,C4.4,WcD0D211711091100_02.ce,91,0.24155138185158226,"{1, 2, 3, 4, 5, 6, 9, 11, 12, 13, 14, 15, 35, 36, 37, 38, 39, 40, 47, 48, 49, 50, 51, 52, 60, 61, 62, 63, 64, 66, 67, 68, 69, 70, 71, 72, 74, 75, 76, 78, 81, 82, 83, 84, 88, 89, 90, 91, 92, 94, 95, 96, 97, 98, 99, 100, 115, 117, 118, 119, 120, 126, 134, 137, 140, 143, 144, 145, 146, 148, 151, 152, 155, 156, 161, 163, 164, 165, 166, 167, 168, 169, 171, 184, 186, 187, 188, 189, 190, 193, 194}" 
ref_4.5,C4.4,WcD0D211711091115_02.ce,89,0.20117988734344155,"{1, 4, 5, 6, 8, 9, 10, 11, 12, 13, 14, 15, 16, 17, 18, 19, 20, 21, 22, 23, 25, 27, 28, 29, 30, 31, 32, 39, 43, 45, 53, 57, 58, 62, 63, 65, 66, 67, 68, 69, 70, 71, 72, 73, 75, 76, 78, 79, 80, 82, 83, 86, 87, 89, 90, 91, 92, 97, 98, 101, 104, 106, 107, 108, 109, 110, 111, 115, 117, 118, 119, 120, 121, 122, 123, 124, 149, 150, 151, 161, 165, 166, 167, 168, 169, 189, 190, 191, 192}" 
ref_4.5,C4.4,WcD0D211711091130_02.ce,81,0.2052426751362296,"{22, 26, 27, 28, 29, 30, 31, 49, 53, 56, 57, 60, 61, 65, 67, 69, 70, 71, 72, 73, 74, 89, 90, 95, 96, 105, 106, 111, 112, 113, 115, 116, 117, 118, 120, 121, 124, 126, 127, 128, 131, 132, 133, 134, 135, 136, 137, 140, 141, 145, 147, 148, 149, 150, 151, 152, 153, 154, 156, 157, 159, 160, 161, 162, 163, 164, 165, 167, 168, 169, 170, 171, 172, 179, 180, 181, 182, 183, 184, 192, 193}" 
ref_4.5,C4.4,WcD0D211711091145_02.ce,62,0.19421014066336595,"{1, 2, 3, 4, 6, 7, 8, 9, 11, 12, 14, 15, 18, 19, 22, 24, 25, 28, 29, 30, 31, 32, 33, 34, 35, 36, 37, 38, 39, 40, 41, 57, 78, 80, 81, 82, 83, 84, 85, 86, 87, 95, 100, 128, 129, 130, 131, 132, 148, 151, 166, 176, 177, 178, 179, 180, 181, 182, 183, 187, 188, 189}" 
ref_4.5,C4.5,WcD0C231711091100_04.ce,101,0.235375363668481,"{1, 2, 3, 4, 5, 6, 10, 11, 12, 13, 14, 15, 16, 22, 23, 35, 36, 37, 38, 39, 40, 48, 49, 50, 51, 52, 53, 60, 61, 62, 63, 64, 66, 67, 68, 69, 71, 72, 75, 76, 78, 81, 82, 84, 85, 86, 89, 90, 91, 92, 94, 95, 96, 97, 98, 99, 100, 101, 115, 117, 118, 119, 120, 121, 125, 126, 131, 132, 134, 136, 140, 141, 143, 144, 145, 146, 148, 149, 151, 152, 153, 154, 155, 156, 161, 162, 164, 165, 166, 167, 168, 169, 179, 186, 187, 188, 189, 190, 191, 193, 194}" 
ref_4.5,C4.5,WcD0C231711091115_04.ce,90,0.20410231777662455,"{1, 2, 4, 5, 6, 8, 9, 10, 11, 12, 13, 14, 15, 16, 17, 18, 19, 20, 21, 22, 25, 27, 28, 29, 30, 31, 32, 33, 39, 43, 45, 48, 57, 58, 62, 63, 64, 66, 69, 70, 71, 72, 73, 74, 75, 76, 77, 78, 79, 80, 83, 87, 89, 90, 91, 92, 93, 94, 100, 101, 102, 104, 106, 107, 110, 111, 112, 114, 115, 116, 117, 119, 121, 122, 123, 124, 149, 150, 151, 162, 165, 166, 167, 168, 169, 177, 189, 190, 191, 192}" 
ref_4.5,C4.5,WcD0C231711091130_04.ce,83,0.20661175074974233,"{22, 27, 28, 29, 30, 31, 32, 48, 54, 56, 57, 60, 61, 67, 70, 71, 72, 73, 74, 75, 89, 90, 95, 96, 97, 106, 112, 113, 114, 115, 116, 117, 118, 119, 121, 124, 125, 126, 128, 129, 130, 131, 132, 133, 134, 135, 136, 137, 138, 140, 141, 142, 143, 144, 146, 147, 148, 149, 151, 154, 157, 159, 161, 162, 163, 164, 165, 166, 167, 168, 169, 170, 171, 172, 180, 181, 182, 183, 184, 185, 192, 193, 194}" 
ref_4.5,C4.5,WcD0C231711091145_04.ce,58,0.19837276204643903,"{1, 2, 3, 5, 6, 7, 8, 10, 11, 14, 15, 17, 18, 20, 21, 22, 23, 27, 28, 29, 30, 31, 32, 33, 34, 35, 36, 37, 38, 39, 40, 77, 79, 80, 81, 82, 83, 84, 85, 86, 99, 128, 129, 130, 131, 132, 147, 150, 176, 177, 178, 179, 180, 181, 182, 186, 187, 188}" 
ref_4.5,C4.4,WcD0D211711091200_02.ce,56,0.22289967323333676,"{1, 2, 3, 8, 9, 17, 18, 19, 21, 26, 27, 30, 33, 35, 36, 46, 51, 53, 54, 56, 58, 59, 60, 65, 68, 75, 94, 125, 126, 128, 129, 130, 131, 132, 133, 134, 148, 150, 160, 161, 165, 168, 170, 171, 175, 176, 177, 178, 179, 184, 185, 186, 187, 190, 191, 192}" 
ref_4.5,C4.4,WcD0D211711091215_02.ce,49,0.21148648101144193,"{3, 4, 8, 9, 10, 11, 13, 14, 15, 16, 17, 19, 20, 21, 22, 24, 45, 51, 52, 57, 63, 65, 66, 67, 68, 69, 70, 71, 75, 76, 77, 78, 79, 80, 81, 82, 83, 109, 115, 116, 127, 132, 133, 138, 140, 141, 143, 144, 183}" 
ref_4.5,C4.4,WcD0D211711091230_02.ce,41,0.20445162193598332,"{3, 5, 6, 7, 11, 12, 16, 17, 18, 19, 20, 23, 27, 31, 32, 33, 34, 38, 44, 45, 46, 47, 48, 54, 65, 79, 95, 109, 110, 111, 114, 116, 121, 124, 125, 126, 140, 152, 153, 155, 156}" 
ref_4.5,C4.4,WcD0D211711091245_02.ce,34,0.1904050694737802,"{28, 44, 45, 55, 68, 69, 86, 87, 88, 89, 90, 91, 96, 97, 101, 131, 139, 140, 141, 143, 144, 147, 151, 153, 154, 156, 157, 158, 159, 163, 164, 169, 177, 183}" 
ref_4.5,C4.5,WcD0C231711091200_04.ce,58,0.21208272855002686,"{1, 2, 3, 4, 9, 18, 19, 21, 22, 26, 27, 30, 36, 46, 53, 54, 58, 59, 60, 69, 75, 76, 96, 126, 127, 129, 130, 131, 132, 133, 134, 135, 136, 149, 151, 161, 162, 163, 166, 169, 170, 171, 172, 174, 176, 177, 178, 179, 180, 185, 186, 187, 188, 189, 190, 191, 192, 193}" 
ref_4.5,C4.5,WcD0C231711091215_04.ce,46,0.20209934279456054,"{2, 3, 4, 6, 8, 9, 10, 11, 13, 14, 15, 16, 19, 20, 21, 22, 23, 24, 41, 52, 66, 67, 68, 69, 70, 71, 76, 77, 78, 79, 80, 81, 82, 83, 110, 127, 128, 130, 131, 132, 138, 140, 141, 143, 144, 182}" 
ref_4.5,C4.5,WcD0C231711091230_04.ce,41,0.18907730822606564,"{2, 4, 5, 6, 9, 11, 15, 16, 17, 18, 19, 22, 23, 26, 31, 32, 33, 37, 38, 43, 44, 45, 47, 53, 54, 58, 78, 94, 110, 113, 115, 120, 123, 124, 125, 126, 151, 152, 153, 154, 155}" 
ref_4.5,C4.5,WcD0C231711091245_04.ce,26,0.1795893619637705,"{28, 44, 45, 55, 69, 87, 88, 89, 90, 91, 96, 97, 98, 101, 140, 141, 144, 147, 151, 153, 156, 157, 163, 164, 169, 177}" 
ref_4.5,C4.4,WcD0D211711091300_02.ce,96,0.23376741674264348,"{1, 2, 3, 4, 5, 9, 11, 12, 13, 14, 15, 22, 23, 24, 25, 26, 27, 34, 35, 36, 37, 38, 39, 42, 46, 47, 58, 59, 60, 61, 62, 63, 64, 65, 67, 68, 69, 70, 71, 74, 80, 88, 89, 90, 91, 92, 93, 94, 95, 96, 101, 102, 106, 107, 108, 109, 110, 111, 112, 119, 120, 123, 133, 137, 138, 142, 143, 146, 147, 150, 152, 156, 157, 158, 159, 160, 161, 162, 164, 166, 167, 168, 173, 176, 177, 178, 179, 180, 181, 182, 183, 184, 189, 191, 192, 193}" 
ref_4.5,C4.4,WcD0D211711091315_02.ce,49,0.177407508126495,"{3, 4, 7, 8, 9, 12, 13, 16, 18, 19, 20, 21, 47, 48, 49, 59, 63, 64, 65, 66, 74, 86, 87, 88, 89, 90, 117, 118, 119, 120, 121, 122, 138, 140, 141, 142, 143, 144, 145, 160, 161, 162, 163, 165, 167, 168, 182, 183, 194}" 
ref_4.5,C4.4,WcD0D211711091330_02.ce,97,0.22410371712143626,"{1, 2, 6, 11, 12, 13, 14, 15, 16, 20, 24, 25, 26, 31, 39, 41, 49, 52, 53, 59, 62, 63, 64, 65, 66, 67, 81, 82, 87, 88, 89, 97, 98, 104, 105, 106, 107, 108, 109, 110, 111, 113, 115, 116, 117, 120, 121, 122, 123, 124, 125, 126, 127, 128, 129, 130, 131, 133, 134, 135, 136, 138, 140, 141, 142, 143, 144, 146, 149, 151, 153, 154, 155, 156, 157, 159, 160, 161, 162, 163, 164, 171, 172, 173, 174, 175, 176, 184, 185, 186, 187, 188, 189, 190, 191, 192, 193}" 
ref_4.5,C4.4,WcD0D211711091345_02.ce,35,0.1878756201763487,"{1, 2, 3, 4, 5, 6, 7, 9, 10, 11, 12, 13, 39, 76, 77, 78, 81, 83, 111, 124, 125, 126, 127, 133, 135, 151, 160, 161, 175, 176, 178, 190, 191, 192, 193}" 
ref_4.5,C4.5,WcD0C231711091300_04.ce,104,0.22500801077954435,"{1, 2, 3, 4, 5, 6, 9, 10, 11, 12, 13, 14, 15, 22, 23, 24, 25, 26, 27, 35, 36, 37, 38, 39, 42, 46, 47, 58, 59, 60, 61, 62, 63, 64, 65, 67, 68, 69, 70, 71, 74, 75, 80, 81, 88, 89, 90, 91, 92, 93, 94, 95, 96, 97, 101, 102, 105, 107, 108, 109, 110, 111, 112, 121, 123, 125, 128, 133, 137, 138, 142, 143, 145, 146, 147, 148, 151, 152, 153, 156, 157, 158, 160, 162, 163, 164, 166, 167, 171, 172, 173, 174, 175, 178, 179, 180, 181, 182, 183, 184, 190, 191, 192, 193}" 
ref_4.5,C4.5,WcD0C231711091315_04.ce,52,0.17327881462056258,"{1, 2, 3, 4, 5, 6, 7, 8, 9, 11, 12, 14, 15, 16, 17, 18, 19, 20, 21, 46, 47, 48, 58, 62, 63, 64, 65, 85, 86, 87, 88, 89, 116, 117, 118, 119, 120, 121, 139, 140, 141, 142, 143, 144, 160, 161, 162, 164, 167, 175, 182, 193}" 
ref_4.5,C4.5,WcD0C231711091330_04.ce,98,0.2188381657103411,"{1, 2, 3, 11, 12, 13, 14, 15, 16, 17, 20, 24, 25, 26, 29, 31, 39, 40, 48, 49, 52, 53, 59, 62, 63, 64, 65, 66, 67, 80, 81, 82, 83, 88, 89, 98, 104, 105, 107, 108, 109, 110, 113, 114, 115, 117, 120, 121, 122, 123, 124, 125, 126, 127, 128, 129, 130, 133, 134, 135, 136, 137, 138, 140, 141, 144, 146, 147, 148, 149, 151, 154, 155, 156, 157, 158, 159, 160, 161, 162, 163, 164, 172, 173, 174, 175, 176, 177, 184, 185, 186, 187, 188, 189, 190, 191, 192, 193}" 
ref_4.5,C4.5,WcD0C231711091345_04.ce,42,0.19503513545262927,"{1, 2, 3, 4, 5, 6, 7, 9, 10, 11, 12, 13, 40, 51, 75, 77, 78, 81, 83, 96, 98, 122, 125, 126, 127, 130, 135, 142, 150, 151, 153, 160, 162, 170, 175, 176, 178, 190, 191, 192, 193, 194}" 
ref_4.5,C4.4,WcD0D211711091400_02.ce,95,0.2320281366097497,"{1, 2, 3, 4, 5, 6, 9, 11, 12, 13, 14, 15, 16, 23, 24, 25, 26, 27, 28, 36, 37, 38, 39, 40, 43, 59, 60, 61, 62, 63, 64, 65, 66, 67, 79, 80, 84, 89, 90, 93, 94, 95, 96, 97, 98, 99, 100, 101, 102, 103, 104, 105, 106, 107, 108, 109, 110, 111, 113, 115, 116, 117, 118, 119, 120, 121, 124, 130, 131, 133, 138, 139, 140, 141, 144, 150, 153, 154, 155, 157, 158, 159, 160, 163, 167, 168, 169, 171, 172, 173, 178, 180, 181, 182, 189}" 
ref_4.5,C4.4,WcD0D211711091415_02.ce,55,0.19511293724052967,"{1, 2, 3, 4, 6, 8, 9, 10, 11, 15, 16, 17, 18, 19, 20, 21, 34, 54, 55, 60, 80, 83, 91, 101, 102, 103, 104, 122, 123, 132, 133, 134, 135, 136, 137, 138, 152, 153, 155, 156, 157, 166, 167, 169, 170, 171, 176, 177, 178, 179, 180, 187, 191, 192, 193}" 
ref_4.5,C4.4,WcD0D211711091430_02.ce,117,0.2075491939881226,"{1, 2, 3, 17, 18, 19, 21, 22, 24, 25, 30, 34, 35, 47, 50, 51, 52, 53, 54, 58, 59, 60, 61, 62, 63, 64, 77, 78, 79, 80, 82, 83, 84, 85, 86, 87, 88, 89, 90, 91, 92, 93, 94, 95, 96, 97, 98, 99, 100, 101, 102, 103, 104, 105, 106, 107, 108, 109, 111, 114, 115, 116, 117, 118, 120, 121, 122, 125, 126, 127, 128, 129, 130, 131, 132, 134, 135, 137, 138, 139, 140, 141, 142, 143, 144, 145, 146, 147, 148, 149, 152, 153, 154, 155, 156, 157, 165, 166, 167, 168, 169, 170, 177, 178, 179, 180, 181, 182, 183, 184, 185, 186, 187, 188, 189, 191, 192}" 
ref_4.5,C4.4,WcD0D211711091445_02.ce,81,0.20931110784056828,"{1, 2, 4, 5, 12, 13, 16, 19, 20, 21, 22, 23, 24, 25, 26, 27, 28, 29, 30, 31, 33, 40, 43, 48, 49, 50, 51, 52, 53, 55, 56, 57, 58, 59, 60, 61, 62, 63, 64, 65, 66, 67, 68, 69, 70, 71, 79, 84, 104, 112, 113, 114, 115, 116, 132, 135, 158, 160, 161, 162, 163, 164, 165, 166, 167, 171, 172, 173, 179, 180, 181, 182, 183, 184, 185, 188, 189, 190, 191, 192, 193}" 
ref_4.5,C4.5,WcD0C231711091400_04.ce,89,0.23540333969704147,"{1, 2, 3, 4, 10, 11, 12, 13, 14, 15, 23, 24, 25, 26, 27, 28, 35, 36, 37, 38, 39, 40, 42, 58, 59, 60, 61, 62, 63, 64, 65, 78, 79, 83, 88, 89, 92, 93, 94, 95, 96, 97, 98, 99, 100, 101, 102, 103, 104, 105, 106, 107, 108, 109, 110, 111, 115, 116, 117, 118, 119, 120, 123, 124, 129, 130, 132, 137, 138, 139, 140, 149, 152, 153, 154, 156, 157, 158, 162, 167, 168, 169, 172, 179, 180, 181, 183, 188, 191}" 
ref_4.5,C4.5,WcD0C231711091415_04.ce,51,0.20792732999272664,"{4, 6, 7, 8, 9, 11, 14, 16, 17, 18, 19, 20, 21, 22, 34, 54, 55, 57, 80, 83, 84, 91, 101, 102, 103, 104, 122, 123, 132, 133, 134, 135, 136, 137, 138, 153, 155, 156, 157, 158, 167, 169, 170, 171, 178, 179, 187, 188, 191, 192, 193}" 
ref_4.5,C4.5,WcD0C231711091430_04.ce,112,0.2216260895937288,"{1, 2, 3, 17, 18, 19, 21, 22, 24, 25, 34, 35, 48, 50, 51, 52, 53, 54, 55, 59, 60, 61, 62, 63, 64, 77, 78, 79, 80, 84, 85, 86, 87, 88, 89, 90, 91, 94, 95, 97, 98, 99, 100, 101, 102, 103, 104, 105, 106, 107, 108, 109, 111, 114, 115, 116, 117, 118, 119, 121, 122, 123, 125, 126, 127, 128, 129, 130, 131, 132, 134, 135, 137, 138, 139, 140, 142, 143, 144, 145, 146, 147, 148, 149, 152, 153, 154, 155, 156, 157, 165, 166, 167, 168, 169, 170, 177, 178, 179, 180, 181, 182, 183, 184, 185, 186, 187, 188, 189, 190, 191, 192}" 
ref_4.5,C4.5,WcD0C231711091445_04.ce,78,0.21195151569987344,"{1, 2, 4, 5, 6, 9, 11, 13, 16, 19, 20, 21, 22, 23, 24, 25, 26, 27, 28, 29, 30, 31, 41, 48, 49, 50, 51, 52, 53, 54, 55, 56, 57, 58, 59, 60, 61, 62, 64, 65, 66, 67, 68, 69, 70, 71, 84, 113, 114, 115, 116, 117, 132, 133, 135, 150, 161, 162, 163, 164, 165, 166, 167, 171, 172, 173, 179, 180, 181, 182, 183, 184, 185, 186, 190, 191, 192, 193}" 
ref_4.5,C4.4,WcD0D211711091500_02.ce,94,0.23847199542726635,"{1, 2, 3, 4, 5, 9, 10, 11, 12, 13, 14, 15, 16, 24, 25, 26, 27, 28, 36, 37, 38, 39, 40, 42, 43, 44, 45, 46, 47, 52, 55, 65, 66, 67, 68, 69, 70, 71, 84, 85, 89, 90, 91, 92, 93, 94, 96, 98, 100, 101, 102, 103, 104, 105, 109, 114, 115, 123, 124, 125, 126, 128, 130, 133, 134, 135, 138, 139, 140, 142, 143, 145, 146, 148, 151, 152, 153, 154, 156, 160, 161, 166, 167, 168, 169, 170, 173, 176, 177, 180, 184, 185, 187, 188}" 
ref_4.5,C4.4,WcD0D211711091515_02.ce,47,0.1967297754885165,"{1, 2, 3, 4, 5, 6, 7, 19, 40, 42, 65, 66, 69, 76, 86, 87, 88, 105, 107, 116, 117, 118, 119, 120, 121, 122, 123, 139, 140, 141, 142, 151, 152, 154, 155, 162, 163, 171, 177, 178, 185, 186, 187, 188, 189, 190, 194}" 
ref_4.5,C4.4,WcD0D211711091530_02.ce,116,0.22432451962253946,"{1, 2, 3, 4, 5, 6, 19, 20, 21, 22, 24, 25, 26, 28, 29, 30, 31, 32, 33, 34, 35, 36, 37, 38, 39, 40, 41, 42, 43, 44, 45, 46, 47, 48, 49, 50, 51, 52, 53, 55, 56, 57, 58, 60, 62, 63, 64, 66, 67, 68, 69, 70, 71, 72, 73, 74, 76, 78, 79, 80, 81, 82, 83, 84, 85, 86, 87, 88, 89, 92, 93, 94, 95, 96, 97, 111, 112, 115, 116, 118, 119, 128, 136, 137, 138, 139, 140, 149, 150, 151, 152, 153, 157, 160, 161, 162, 163, 164, 165, 166, 167, 168, 169, 170, 171, 172, 173, 175, 176, 182, 188, 189, 190, 191, 192, 193}" 
ref_4.5,C4.4,WcD0D211711091545_02.ce,56,0.19892933932322965,"{1, 2, 3, 4, 5, 6, 16, 23, 24, 25, 26, 27, 28, 29, 30, 31, 32, 33, 34, 35, 36, 37, 61, 62, 63, 64, 66, 67, 68, 84, 101, 111, 112, 113, 114, 116, 128, 138, 147, 148, 164, 176, 177, 178, 179, 180, 181, 182, 183, 184, 185, 186, 187, 189, 192, 193}" 
ref_4.5,C4.5,WcD0C231711091500_04.ce,92,0.23736665962710374,"{1, 2, 3, 4, 5, 6, 9, 11, 12, 13, 14, 15, 16, 24, 25, 26, 27, 28, 29, 36, 37, 38, 39, 40, 41, 42, 43, 44, 45, 46, 47, 52, 55, 66, 67, 68, 69, 70, 71, 85, 89, 90, 91, 92, 93, 94, 96, 100, 101, 102, 103, 104, 105, 106, 109, 115, 118, 123, 124, 125, 126, 128, 129, 130, 133, 134, 135, 138, 140, 142, 143, 146, 151, 154, 156, 157, 160, 161, 166, 167, 168, 169, 170, 171, 173, 174, 177, 180, 182, 185, 188, 190}" 
ref_4.5,C4.5,WcD0C231711091515_04.ce,46,0.19675144226394528,"{1, 2, 3, 4, 5, 6, 7, 15, 40, 42, 66, 69, 70, 76, 86, 87, 88, 93, 107, 116, 117, 118, 119, 120, 121, 122, 123, 139, 140, 141, 151, 152, 154, 160, 161, 162, 163, 176, 177, 184, 185, 186, 187, 188, 189, 193}" 
ref_4.5,C4.5,WcD0C231711091530_04.ce,115,0.2265581614996291,"{1, 2, 3, 4, 5, 6, 19, 20, 22, 24, 25, 26, 27, 28, 29, 30, 31, 32, 33, 34, 35, 36, 37, 38, 39, 40, 41, 42, 43, 44, 45, 46, 47, 48, 49, 50, 51, 53, 56, 57, 58, 59, 60, 61, 62, 63, 64, 66, 67, 68, 69, 70, 71, 72, 73, 74, 76, 78, 79, 80, 81, 82, 83, 84, 85, 86, 87, 88, 89, 92, 93, 94, 95, 96, 97, 111, 112, 113, 118, 119, 128, 129, 137, 138, 139, 140, 141, 149, 150, 151, 152, 153, 154, 161, 162, 163, 164, 165, 166, 167, 168, 169, 170, 171, 172, 173, 175, 176, 182, 184, 189, 190, 191, 192, 193}" 
ref_4.5,C4.5,WcD0C231711091545_04.ce,54,0.20904821645748062,"{1, 2, 3, 4, 5, 6, 7, 9, 16, 21, 24, 25, 26, 27, 28, 29, 30, 31, 32, 33, 34, 35, 36, 37, 63, 64, 65, 68, 70, 101, 112, 113, 114, 122, 128, 147, 148, 153, 176, 177, 178, 179, 180, 181, 182, 183, 184, 185, 186, 187, 188, 189, 192, 193}" 
ref_4.5,C4.4,WcD0D211711081600_02.ce,78,0.21083653180655001,"{1, 2, 3, 4, 5, 9, 10, 11, 12, 13, 14, 15, 24, 25, 34, 35, 36, 37, 38, 39, 40, 48, 49, 50, 55, 59, 60, 61, 62, 63, 64, 66, 67, 68, 69, 75, 78, 79, 80, 88, 89, 90, 91, 92, 93, 94, 119, 120, 126, 128, 129, 130, 131, 133, 136, 137, 138, 148, 150, 151, 157, 158, 159, 160, 161, 179, 180, 181, 183, 185, 186, 187, 188, 189, 190, 191, 192, 193}" 
ref_4.5,C4.4,WcD0D211711081615_02.ce,93,0.1992648424954566,"{1, 4, 5, 6, 7, 8, 9, 10, 11, 12, 13, 14, 15, 16, 17, 18, 19, 20, 21, 22, 26, 27, 28, 29, 30, 31, 32, 41, 42, 45, 46, 47, 52, 55, 57, 58, 59, 61, 62, 63, 64, 66, 68, 69, 70, 71, 72, 73, 75, 77, 78, 79, 80, 81, 82, 87, 88, 89, 90, 91, 93, 97, 100, 105, 107, 108, 109, 110, 111, 115, 116, 117, 118, 119, 123, 129, 130, 131, 132, 133, 134, 154, 155, 156, 157, 158, 172, 173, 174, 175, 182, 187, 193}" 
ref_4.5,C4.4,WcD0D211711081630_02.ce,97,0.23767994021729635,"{7, 8, 15, 16, 23, 24, 25, 27, 28, 29, 30, 31, 32, 33, 34, 36, 37, 46, 54, 57, 60, 61, 62, 64, 72, 73, 74, 75, 76, 77, 78, 79, 81, 84, 86, 87, 88, 89, 90, 92, 93, 94, 95, 96, 97, 100, 104, 105, 106, 107, 108, 109, 110, 111, 112, 113, 116, 117, 118, 120, 123, 124, 125, 130, 131, 132, 136, 137, 138, 139, 140, 149, 150, 151, 160, 161, 163, 165, 168, 169, 170, 171, 172, 177, 178, 180, 181, 182, 183, 184, 185, 186, 187, 188, 189, 190, 191}" 
ref_4.5,C4.4,WcD0D211711081645_02.ce,44,0.19614527681161784,"{5, 6, 14, 15, 16, 17, 18, 19, 20, 21, 22, 23, 24, 25, 26, 27, 28, 29, 31, 32, 33, 34, 51, 52, 56, 60, 61, 66, 96, 97, 128, 132, 147, 148, 164, 174, 186, 187, 188, 189, 190, 191, 192, 193}" 
ref_4.5,C4.5,WcD0C231711081600_04.ce,77,0.2140208531328252,"{1, 2, 3, 4, 5, 9, 10, 11, 12, 13, 14, 15, 24, 25, 34, 35, 36, 37, 39, 40, 45, 48, 49, 50, 59, 60, 61, 62, 63, 64, 66, 67, 68, 69, 70, 78, 79, 80, 81, 85, 88, 89, 90, 91, 92, 93, 94, 119, 120, 122, 128, 129, 130, 133, 134, 136, 137, 138, 148, 151, 157, 158, 159, 160, 161, 180, 181, 183, 185, 186, 187, 188, 189, 190, 191, 192, 193}" 
ref_4.5,C4.5,WcD0C231711081615_04.ce,91,0.1968073559441571,"{1, 4, 5, 6, 7, 8, 9, 10, 11, 12, 13, 14, 15, 16, 17, 18, 19, 20, 21, 22, 24, 27, 28, 29, 30, 31, 32, 41, 42, 43, 47, 51, 52, 55, 57, 58, 59, 61, 62, 63, 64, 66, 68, 69, 70, 71, 72, 73, 77, 78, 79, 80, 81, 85, 87, 88, 90, 91, 94, 95, 100, 101, 107, 108, 109, 110, 111, 112, 115, 116, 117, 118, 119, 123, 130, 131, 132, 133, 134, 136, 154, 155, 156, 157, 158, 172, 173, 174, 175, 176, 187}" 
ref_4.5,C4.5,WcD0C231711081630_04.ce,107,0.236831340969731,"{2, 5, 8, 15, 16, 17, 21, 24, 25, 27, 28, 29, 30, 31, 32, 33, 34, 36, 37, 38, 46, 54, 60, 61, 62, 63, 65, 72, 73, 74, 75, 77, 78, 79, 81, 84, 85, 86, 87, 88, 89, 90, 92, 93, 94, 95, 96, 98, 99, 100, 101, 102, 104, 105, 106, 107, 108, 109, 110, 111, 112, 113, 114, 116, 117, 118, 119, 120, 122, 123, 124, 125, 126, 127, 130, 131, 132, 135, 136, 137, 138, 139, 140, 146, 150, 151, 152, 154, 161, 163, 165, 169, 170, 171, 172, 177, 178, 180, 181, 183, 185, 186, 187, 188, 189, 190, 191}" 
ref_4.5,C4.5,WcD0C231711081645_04.ce,44,0.19869195950937893,"{5, 6, 7, 14, 15, 16, 17, 18, 19, 20, 21, 22, 23, 24, 25, 26, 27, 28, 29, 32, 33, 34, 51, 52, 61, 62, 75, 96, 97, 128, 132, 147, 148, 164, 174, 175, 186, 187, 188, 189, 190, 191, 192, 193}" 
ref_4.5,C4.4,WcD0D211711081700_02.ce,80,0.22135259333940469,"{1, 2, 3, 4, 5, 7, 9, 10, 11, 12, 13, 23, 24, 28, 29, 30, 33, 35, 36, 38, 39, 47, 48, 49, 59, 60, 61, 62, 63, 65, 66, 67, 68, 77, 78, 79, 83, 84, 86, 87, 88, 89, 90, 91, 92, 107, 112, 117, 118, 119, 120, 124, 129, 132, 138, 139, 140, 141, 142, 143, 161, 162, 163, 169, 170, 171, 173, 177, 178, 179, 182, 183, 184, 185, 187, 189, 190, 191, 192, 193}" 
ref_4.5,C4.4,WcD0D211711081715_02.ce,71,0.21152594680854783,"{4, 5, 6, 7, 8, 9, 10, 19, 20, 25, 26, 29, 30, 35, 36, 37, 38, 39, 40, 42, 43, 44, 46, 47, 49, 50, 51, 53, 54, 56, 58, 59, 60, 61, 65, 66, 68, 69, 70, 73, 85, 86, 87, 88, 90, 94, 95, 96, 97, 107, 108, 109, 110, 111, 112, 132, 133, 134, 135, 136, 150, 151, 152, 153, 165, 171, 177, 180, 188, 189, 190}" 
ref_4.5,C4.4,WcD0D211711081730_02.ce,72,0.23692878503920886,"{4, 5, 9, 10, 15, 16, 17, 18, 19, 21, 22, 23, 25, 27, 28, 29, 30, 32, 33, 35, 36, 39, 40, 41, 42, 43, 44, 45, 46, 48, 53, 54, 56, 62, 67, 78, 79, 80, 81, 82, 88, 92, 93, 94, 99, 111, 112, 127, 130, 131, 145, 146, 147, 148, 149, 155, 159, 160, 161, 170, 174, 177, 178, 179, 180, 181, 186, 187, 189, 190, 191, 192}" 
ref_4.5,C4.4,WcD0D211711081745_02.ce,52,0.20476592555509576,"{1, 2, 3, 4, 5, 6, 7, 14, 15, 16, 21, 23, 24, 25, 26, 27, 28, 29, 30, 31, 32, 33, 34, 35, 36, 37, 38, 40, 41, 42, 43, 59, 60, 70, 75, 89, 103, 104, 105, 109, 111, 134, 136, 140, 144, 145, 155, 172, 182, 183, 184, 194}" 
ref_4.5,C4.5,WcD0C231711081700_04.ce,72,0.215293587901504,"{1, 2, 3, 4, 5, 9, 10, 11, 12, 13, 14, 23, 24, 28, 29, 33, 35, 36, 38, 39, 45, 48, 49, 59, 60, 61, 62, 63, 65, 66, 67, 68, 77, 78, 79, 84, 87, 88, 89, 90, 91, 92, 112, 117, 118, 119, 120, 130, 132, 139, 140, 141, 142, 143, 161, 162, 163, 168, 170, 171, 177, 178, 179, 181, 183, 184, 185, 189, 190, 191, 192, 193}" 
ref_4.5,C4.5,WcD0C231711081715_04.ce,70,0.20542157581609727,"{4, 5, 6, 7, 8, 9, 10, 19, 20, 21, 25, 26, 29, 30, 33, 34, 35, 36, 38, 39, 40, 44, 47, 49, 50, 51, 53, 58, 61, 63, 65, 66, 68, 70, 71, 73, 76, 85, 86, 87, 88, 89, 90, 93, 94, 95, 96, 97, 108, 109, 110, 111, 112, 133, 134, 135, 136, 150, 151, 152, 153, 154, 165, 166, 174, 177, 180, 188, 189, 190}" 
ref_4.5,C4.5,WcD0C231711081730_04.ce,73,0.2285854889945555,"{4, 5, 9, 10, 15, 16, 17, 18, 19, 21, 22, 23, 27, 28, 29, 30, 33, 35, 39, 40, 42, 43, 45, 46, 49, 53, 54, 56, 57, 60, 62, 63, 64, 67, 70, 71, 79, 80, 81, 82, 83, 88, 92, 94, 99, 112, 113, 127, 131, 132, 144, 146, 147, 148, 149, 159, 160, 161, 163, 170, 171, 173, 174, 178, 179, 180, 181, 186, 187, 189, 190, 191, 192}" 
ref_4.5,C4.5,WcD0C231711081745_04.ce,46,0.19263239339717264,"{1, 2, 3, 4, 5, 6, 13, 14, 15, 20, 23, 24, 25, 26, 27, 28, 29, 30, 31, 32, 33, 34, 35, 36, 37, 39, 40, 41, 42, 58, 59, 62, 64, 74, 75, 90, 102, 104, 108, 110, 136, 139, 171, 172, 182, 193}" 
ref_4.5,C4.4,WcD0D211711081800_02.ce,81,0.21497210077442458,"{1, 2, 3, 4, 5, 9, 10, 11, 12, 13, 22, 23, 24, 28, 29, 32, 33, 34, 35, 37, 38, 43, 46, 47, 48, 57, 58, 59, 60, 61, 63, 64, 65, 66, 67, 75, 76, 77, 78, 82, 85, 86, 87, 88, 89, 90, 91, 116, 117, 118, 119, 120, 138, 139, 140, 141, 142, 145, 146, 147, 148, 149, 150, 154, 162, 163, 164, 165, 168, 169, 170, 171, 172, 175, 176, 177, 178, 179, 183, 184, 185}" 
ref_4.5,C4.4,WcD0D211711081815_02.ce,29,0.18569834742293012,"{3, 29, 30, 38, 55, 63, 73, 74, 76, 83, 85, 96, 97, 128, 129, 130, 131, 132, 133, 137, 142, 143, 144, 145, 146, 147, 150, 151, 185}" 
ref_4.5,C4.4,WcD0D211711081830_02.ce,17,0.16970093145452675,"{39, 46, 49, 50, 51, 95, 104, 105, 117, 134, 139, 143, 144, 145, 150, 152, 194}" 
ref_4.5,C4.4,WcD0D211711081845_02.ce,22,0.16530337684357674,"{7, 19, 20, 35, 44, 45, 63, 80, 92, 104, 117, 122, 124, 127, 128, 132, 151, 170, 172, 173, 174, 175}" 
ref_4.5,C4.5,WcD0C231711081800_04.ce,85,0.2229137805819091,"{1, 2, 3, 4, 5, 9, 10, 11, 12, 13, 23, 24, 27, 30, 33, 34, 35, 37, 38, 46, 47, 48, 50, 57, 58, 59, 60, 61, 62, 64, 65, 66, 67, 76, 77, 78, 82, 83, 85, 86, 87, 88, 89, 90, 91, 106, 116, 117, 118, 119, 120, 138, 139, 140, 141, 142, 145, 146, 147, 148, 149, 150, 154, 155, 156, 158, 163, 164, 165, 166, 167, 170, 171, 172, 175, 176, 177, 178, 179, 180, 181, 183, 184, 185, 186}" 
ref_4.5,C4.5,WcD0C231711081815_04.ce,28,0.1792048465933207,"{25, 29, 30, 31, 32, 55, 63, 74, 76, 83, 97, 128, 129, 130, 131, 132, 133, 137, 138, 142, 144, 145, 146, 147, 148, 150, 151, 182}" 
ref_4.5,C4.5,WcD0C231711081830_04.ce,16,0.17598700717819316,"{41, 43, 45, 46, 48, 49, 50, 97, 104, 116, 138, 142, 144, 149, 150, 193}" 
ref_4.5,C4.5,WcD0C231711081845_04.ce,27,0.1672441599476183,"{7, 8, 19, 20, 33, 35, 36, 44, 45, 49, 63, 80, 92, 104, 117, 122, 124, 125, 131, 132, 151, 170, 171, 172, 173, 174, 175}" 
ref_4.5,C4.4,WcD0D211711081900_02.ce,89,0.216788529514752,"{1, 2, 3, 4, 5, 9, 10, 11, 12, 13, 14, 15, 16, 20, 22, 24, 25, 26, 27, 28, 29, 30, 33, 40, 41, 42, 43, 45, 46, 55, 56, 60, 68, 69, 70, 71, 72, 73, 74, 75, 76, 77, 78, 79, 101, 102, 103, 104, 105, 106, 112, 115, 116, 117, 121, 125, 127, 129, 130, 131, 132, 133, 135, 136, 137, 138, 143, 144, 149, 150, 151, 152, 153, 154, 159, 160, 161, 162, 163, 182, 183, 184, 185, 186, 188, 191, 192, 193, 194}" 
ref_4.5,C4.4,WcD0D211711081915_02.ce,25,0.17887010160706793,"{1, 2, 3, 6, 7, 130, 172, 173, 179, 180, 181, 182, 183, 184, 85, 86, 87, 88, 89, 90, 91, 92, 111, 112, 113}" 
ref_4.5,C4.4,WcD0D211711081930_02.ce,31,0.15828945709698214,"{18, 19, 28, 47, 50, 51, 52, 72, 81, 82, 83, 84, 85, 86, 87, 88, 89, 134, 135, 150, 161, 175, 176, 177, 184, 186, 187, 189, 190, 191, 192}" 
ref_4.5,C4.4,WcD0D211711081945_02.ce,27,0.19185017099885568,"{21, 22, 23, 24, 25, 34, 36, 37, 40, 52, 79, 80, 81, 89, 90, 91, 97, 98, 100, 101, 105, 106, 111, 122, 123, 137, 138}" 
ref_4.5,C4.5,WcD0C231711081900_04.ce,93,0.22286963934044132,"{1, 2, 3, 4, 5, 6, 10, 11, 12, 13, 14, 15, 16, 20, 21, 24, 25, 26, 27, 29, 30, 33, 40, 41, 42, 43, 45, 46, 55, 56, 57, 59, 69, 70, 71, 72, 73, 74, 75, 76, 77, 78, 79, 101, 102, 103, 104, 105, 106, 107, 115, 116, 117, 118, 121, 127, 129, 130, 131, 132, 133, 134, 135, 136, 137, 138, 139, 143, 144, 148, 149, 150, 151, 152, 153, 154, 157, 159, 160, 161, 162, 163, 182, 183, 184, 185, 186, 187, 189, 191, 192, 193, 194}" 
ref_4.5,C4.5,WcD0C231711081915_04.ce,30,0.18025728984196301,"{1, 2, 3, 6, 7, 34, 35, 39, 85, 86, 87, 88, 89, 90, 91, 92, 111, 112, 113, 130, 164, 165, 173, 174, 179, 180, 181, 182, 183, 184}" 
ref_4.5,C4.5,WcD0C231711081930_04.ce,25,0.16838434341173453,"{17, 18, 28, 50, 52, 66, 72, 82, 83, 84, 85, 86, 87, 88, 89, 150, 154, 176, 177, 183, 186, 187, 190, 191, 192}" 
ref_4.5,C4.5,WcD0C231711081945_04.ce,26,0.19471969771731132,"{22, 23, 24, 36, 37, 38, 40, 52, 55, 67, 81, 89, 90, 91, 92, 98, 100, 101, 102, 106, 112, 122, 123, 125, 137, 138}" 
ref_4.5,C4.4,WcD0D211711082000_02.ce,41,0.1961150484004486,"{1, 2, 3, 10, 11, 15, 17, 18, 19, 20, 23, 24, 29, 35, 36, 42, 43, 44, 45, 56, 57, 58, 59, 61, 62, 63, 64, 73, 79, 80, 86, 87, 93, 94, 151, 160, 162, 166, 173, 180, 181}" 
ref_4.5,C4.4,WcD0D211711082015_02.ce,37,0.21128023506903484,"{2, 3, 4, 5, 6, 9, 19, 27, 28, 29, 30, 31, 35, 36, 43, 44, 45, 46, 47, 48, 49, 50, 51, 52, 66, 83, 90, 95, 102, 103, 108, 121, 139, 142, 151, 162, 190}" 
ref_4.5,C4.4,WcD0D211711082030_02.ce,44,0.21372052937892433,"{20, 22, 23, 25, 26, 28, 29, 30, 31, 32, 33, 34, 35, 36, 37, 40, 41, 42, 43, 47, 89, 90, 112, 120, 127, 128, 135, 136, 137, 138, 139, 145, 157, 158, 160, 161, 174, 175, 177, 182, 187, 190, 191, 192}" 
ref_4.5,C4.4,WcD0D211711082045_02.ce,23,0.20026137511235426,"{2, 12, 16, 43, 47, 57, 58, 66, 75, 76, 77, 83, 95, 96, 99, 100, 109, 111, 125, 126, 148, 186, 193}" 
ref_4.5,C4.5,WcD0C231711082000_04.ce,39,0.18676507995651748,"{1, 2, 3, 4, 11, 15, 16, 18, 19, 20, 23, 24, 29, 36, 43, 44, 45, 56, 57, 58, 59, 60, 61, 62, 63, 64, 65, 73, 79, 80, 86, 87, 90, 93, 94, 147, 151, 160, 161}" 
ref_4.5,C4.5,WcD0C231711082015_04.ce,33,0.20408944480927754,"{3, 4, 5, 6, 9, 19, 27, 28, 30, 31, 35, 43, 44, 45, 46, 47, 48, 49, 50, 51, 52, 66, 73, 90, 93, 96, 102, 103, 108, 112, 121, 151, 191}" 
ref_4.5,C4.5,WcD0C231711082030_04.ce,43,0.20545910567009645,"{17, 19, 21, 22, 23, 24, 25, 27, 28, 29, 30, 31, 32, 33, 34, 35, 36, 37, 39, 40, 41, 42, 43, 46, 47, 88, 89, 119, 127, 130, 131, 134, 135, 136, 137, 147, 160, 173, 174, 181, 186, 189, 190}" 
ref_4.5,C4.5,WcD0C231711082045_04.ce,20,0.19968375527910504,"{2, 16, 47, 58, 76, 77, 83, 84, 89, 94, 101, 103, 111, 125, 126, 128, 139, 148, 169, 186}" 
ref_4.5,C4.4,WcD0D211711082100_02.ce,51,0.22863876621683793,"{1, 2, 3, 4, 5, 11, 12, 14, 21, 30, 31, 32, 40, 41, 42, 44, 48, 50, 51, 52, 53, 54, 55, 56, 68, 69, 78, 83, 94, 95, 112, 113, 114, 115, 116, 117, 119, 127, 128, 133, 141, 147, 152, 157, 158, 159, 160, 172, 183, 185, 191}" 
ref_4.5,C4.4,WcD0D211711082115_02.ce,57,0.17932258526256026,"{5, 6, 7, 8, 9, 10, 11, 12, 13, 16, 22, 23, 27, 28, 29, 48, 52, 53, 54, 55, 56, 57, 67, 68, 69, 75, 77, 78, 79, 81, 82, 83, 88, 89, 90, 91, 92, 93, 94, 95, 96, 97, 98, 111, 112, 113, 114, 121, 125, 160, 161, 165, 182, 183, 192, 193, 194}" 
ref_4.5,C4.4,WcD0D211711082130_02.ce,20,0.17694745080062202,"{6, 18, 38, 39, 43, 67, 68, 73, 74, 75, 79, 80, 84, 93, 118, 119, 179, 180, 181, 182}" 
ref_4.5,C4.4,WcD0D211711082145_02.ce,33,0.19864840555231028,"{13, 14, 20, 21, 22, 35, 36, 37, 38, 39, 40, 41, 43, 44, 46, 47, 81, 96, 98, 99, 106, 130, 132, 141, 142, 148, 150, 161, 163, 167, 174, 187, 188}" 
ref_4.5,C4.5,WcD0C231711082100_04.ce,55,0.22449660355203463,"{1, 2, 3, 4, 5, 11, 12, 14, 18, 21, 30, 31, 32, 40, 41, 42, 48, 49, 51, 52, 54, 55, 56, 57, 68, 69, 78, 79, 83, 88, 95, 96, 112, 113, 114, 115, 116, 117, 125, 127, 128, 133, 140, 146, 152, 157, 158, 159, 160, 164, 172, 183, 185, 186, 191}" 
ref_4.5,C4.5,WcD0C231711082115_04.ce,52,0.17720223468815843,"{4, 5, 6, 7, 8, 9, 10, 11, 12, 14, 15, 21, 22, 27, 28, 29, 47, 51, 52, 53, 54, 55, 56, 66, 67, 68, 77, 78, 81, 82, 83, 87, 88, 89, 90, 91, 92, 93, 94, 95, 96, 97, 111, 112, 113, 120, 159, 160, 181, 182, 192, 193}" 
ref_4.5,C4.5,WcD0C231711082130_04.ce,19,0.16808057441988009,"{6, 17, 38, 39, 40, 43, 68, 69, 74, 75, 76, 80, 84, 109, 119, 179, 180, 181, 182}" 
ref_4.5,C4.5,WcD0C231711082145_04.ce,35,0.1862732423244612,"{14, 20, 22, 35, 36, 37, 38, 39, 40, 41, 42, 44, 46, 47, 48, 68, 81, 89, 96, 97, 98, 99, 133, 141, 142, 148, 150, 151, 161, 163, 167, 174, 187, 188, 189}" 
ref_4.5,C4.4,WcD0D211711082200_02.ce,73,0.20537962989511993,"{1, 2, 3, 4, 6, 15, 16, 17, 19, 20, 23, 26, 27, 28, 29, 30, 33, 46, 47, 48, 56, 57, 58, 67, 68, 74, 75, 77, 78, 80, 81, 82, 86, 87, 89, 93, 94, 95, 96, 97, 98, 99, 100, 101, 114, 115, 116, 121, 122, 123, 132, 138, 139, 140, 141, 142, 143, 144, 145, 152, 153, 160, 164, 177, 180, 181, 185, 186, 187, 188, 190, 191, 192}" 
ref_4.5,C4.4,WcD0D211711082215_02.ce,89,0.22857492992793021,"{2, 3, 4, 5, 7, 8, 9, 10, 11, 12, 13, 14, 15, 16, 17, 21, 22, 25, 26, 27, 32, 33, 34, 37, 38, 39, 43, 44, 45, 49, 50, 51, 52, 53, 54, 55, 56, 57, 58, 59, 64, 75, 76, 77, 80, 81, 82, 83, 96, 97, 112, 113, 115, 116, 118, 119, 120, 125, 126, 127, 128, 129, 130, 132, 133, 136, 142, 143, 144, 145, 146, 147, 148, 149, 151, 152, 153, 154, 155, 159, 167, 168, 170, 171, 179, 180, 182, 183, 184}" 
ref_4.5,C4.4,WcD0D211711082230_02.ce,45,0.19300943429883324,"{5, 14, 16, 17, 22, 23, 29, 30, 31, 32, 51, 54, 55, 56, 59, 73, 76, 92, 93, 94, 99, 102, 103, 104, 105, 106, 108, 109, 110, 111, 112, 126, 127, 147, 148, 157, 162, 166, 168, 172, 183, 184, 185, 186, 187}" 
ref_4.5,C4.4,WcD0D211711082245_02.ce,23,0.15866100241525835,"{26, 28, 63, 65, 66, 67, 68, 69, 98, 106, 107, 108, 109, 129, 136, 137, 138, 139, 140, 148, 149, 165, 184}" 
ref_4.5,C4.5,WcD0C231711082200_04.ce,70,0.2132681649350651,"{1, 2, 3, 4, 7, 15, 16, 17, 18, 20, 26, 27, 28, 29, 30, 37, 48, 56, 57, 58, 59, 67, 68, 74, 75, 78, 80, 81, 82, 84, 86, 87, 88, 93, 94, 95, 96, 97, 98, 99, 100, 115, 116, 122, 123, 133, 138, 139, 140, 141, 142, 143, 144, 145, 152, 153, 154, 160, 161, 164, 169, 177, 180, 181, 183, 185, 186, 187, 188, 192}" 
ref_4.5,C4.5,WcD0C231711082215_04.ce,93,0.23037591951631517,"{1, 2, 3, 4, 5, 6, 10, 11, 12, 14, 15, 16, 17, 21, 22, 26, 27, 28, 32, 33, 34, 35, 37, 38, 39, 40, 41, 43, 44, 45, 49, 50, 51, 52, 53, 54, 55, 56, 57, 58, 59, 64, 75, 76, 77, 79, 81, 82, 83, 96, 97, 112, 113, 114, 115, 116, 118, 119, 120, 121, 125, 126, 127, 128, 129, 130, 132, 133, 136, 142, 143, 144, 145, 146, 147, 148, 149, 151, 152, 153, 154, 155, 159, 163, 165, 168, 171, 172, 180, 182, 183, 184, 185}" 
ref_4.5,C4.5,WcD0C231711082230_04.ce,50,0.1939872116726545,"{5, 14, 15, 16, 17, 22, 23, 25, 29, 30, 31, 54, 55, 56, 76, 81, 83, 92, 93, 94, 95, 100, 103, 104, 105, 106, 109, 110, 111, 112, 126, 127, 147, 148, 149, 157, 159, 162, 163, 165, 166, 169, 172, 173, 183, 184, 185, 186, 187, 188}" 
ref_4.5,C4.5,WcD0C231711082245_04.ce,29,0.15954191476245044,"{26, 29, 63, 65, 66, 67, 68, 69, 98, 99, 104, 106, 107, 108, 109, 129, 136, 137, 138, 139, 140, 148, 149, 150, 165, 170, 183, 184, 186}" 
ref_4.5,C4.4,WcD0D211711082300_02.ce,53,0.1985232897898862,"{1, 2, 3, 4, 10, 12, 22, 23, 24, 26, 27, 29, 30, 31, 32, 33, 34, 35, 36, 37, 38, 39, 40, 41, 43, 44, 51, 52, 57, 58, 61, 62, 68, 78, 79, 82, 85, 86, 87, 88, 89, 90, 102, 138, 139, 140, 147, 150, 166, 167, 180, 186, 193}" 
ref_4.5,C4.4,WcD0D211711082315_02.ce,12,0.13917646892262442,"{1, 47, 49, 50, 51, 52, 64, 65, 79, 80, 81, 82}" 
ref_4.5,C4.4,WcD0D211711082330_02.ce,15,0.173899087600502,"{81, 82, 92, 93, 94, 96, 98, 121, 122, 127, 135, 159, 160, 190, 191}" 
ref_4.5,C4.4,WcD0D211711082345_02.ce,43,0.18844116001881392,"{15, 16, 17, 18, 19, 20, 21, 22, 25, 32, 37, 45, 90, 91, 94, 95, 96, 97, 106, 107, 108, 109, 116, 124, 125, 126, 128, 133, 139, 140, 141, 143, 144, 145, 152, 160, 161, 164, 166, 169, 171, 187, 188}" 
ref_4.5,C4.5,WcD0C231711082300_04.ce,51,0.1902144226253873,"{1, 2, 3, 4, 10, 11, 12, 13, 23, 24, 27, 29, 30, 31, 32, 33, 34, 35, 36, 37, 38, 39, 40, 41, 43, 44, 51, 52, 55, 57, 58, 59, 61, 66, 68, 78, 79, 82, 84, 86, 87, 88, 89, 90, 139, 140, 150, 167, 180, 193, 194}" 
ref_4.5,C4.5,WcD0C231711082315_04.ce,11,0.1208652337900125,"{46, 48, 49, 50, 51, 63, 64, 78, 79, 80, 81}" 
ref_4.5,C4.5,WcD0C231711082330_04.ce,17,0.16159477987330387,"{9, 81, 82, 92, 94, 96, 110, 119, 120, 121, 122, 127, 128, 135, 148, 191, 192}" 
ref_4.5,C4.5,WcD0C231711082345_04.ce,42,0.17597045065405292,"{15, 16, 17, 18, 19, 20, 21, 22, 25, 32, 45, 91, 95, 96, 97, 99, 106, 107, 108, 109, 116, 125, 126, 128, 129, 139, 140, 141, 144, 145, 152, 153, 160, 161, 164, 166, 169, 171, 173, 174, 187, 188}" 
