ref_4.5,C4.4,WcD0D211711090000_02.ce,80,0.19807080353731518,"{1, 2, 3, 4, 5, 7, 9, 10, 11, 12, 13, 14, 15, 16, 24, 25, 26, 30, 34, 35, 36, 37, 38, 39, 71, 72, 73, 74, 75, 76, 77, 78, 79, 83, 87, 90, 91, 92, 101, 105, 106, 107, 108, 109, 110, 111, 112, 113, 114, 119, 122, 123, 124, 126, 127, 129, 137, 138, 139, 140, 141, 142, 144, 145, 146, 147, 149, 150, 151, 152, 159, 160, 161, 165, 171, 172, 173, 174, 175, 176}" 
ref_4.5,C4.4,WcD0D211711090015_02.ce,40,0.21724641989103569,"{14, 21, 22, 23, 24, 37, 40, 41, 51, 52, 53, 54, 55, 56, 57, 58, 59, 60, 61, 69, 81, 84, 88, 92, 93, 99, 113, 116, 127, 139, 152, 157, 158, 159, 171, 172, 176, 183, 185, 186}" 
ref_4.5,C4.4,WcD0D211711090030_02.ce,15,0.19941671163383218,"{10, 14, 21, 34, 43, 50, 54, 57, 73, 83, 102, 110, 140, 172, 187}" 
ref_4.5,C4.4,WcD0D211711090045_02.ce,13,0.1806140235255537,"{1, 31, 35, 36, 37, 38, 125, 133, 145, 146, 157, 158, 178}" 
ref_4.5,C4.5,WcD0C231711090000_04.ce,78,0.18434132130048161,"{1, 2, 3, 4, 6, 8, 10, 11, 12, 13, 14, 15, 23, 24, 25, 29, 33, 34, 35, 36, 37, 38, 70, 71, 72, 73, 74, 75, 76, 77, 78, 82, 89, 90, 91, 94, 105, 106, 107, 108, 109, 110, 111, 112, 113, 121, 122, 123, 124, 125, 126, 128, 136, 137, 138, 139, 140, 141, 143, 144, 145, 146, 148, 149, 150, 151, 152, 159, 160, 161, 164, 170, 171, 172, 173, 174, 175, 176}" 
ref_4.5,C4.5,WcD0C231711090015_04.ce,41,0.20426508082406367,"{14, 21, 22, 23, 24, 37, 40, 41, 52, 53, 54, 55, 56, 57, 58, 59, 60, 61, 62, 63, 64, 70, 78, 81, 84, 85, 91, 92, 93, 120, 159, 164, 171, 172, 173, 176, 177, 180, 184, 186, 191}" 
ref_4.5,C4.5,WcD0C231711090030_04.ce,16,0.18410913124918066,"{7, 14, 52, 55, 57, 58, 59, 88, 102, 103, 115, 122, 140, 172, 173, 187}" 
ref_4.5,C4.5,WcD0C231711090045_04.ce,14,0.16458440343456984,"{31, 35, 36, 37, 57, 115, 122, 129, 132, 144, 145, 157, 177, 184}" 
ref_4.5,C4.4,WcD0D211711090100_02.ce,74,0.18852544288542317,"{2, 3, 4, 5, 10, 11, 12, 13, 14, 15, 23, 24, 25, 26, 33, 34, 35, 36, 37, 38, 71, 72, 73, 74, 75, 76, 77, 78, 82, 89, 90, 91, 105, 106, 107, 108, 109, 110, 111, 112, 113, 121, 122, 123, 124, 125, 127, 128, 136, 137, 138, 139, 140, 141, 143, 144, 145, 146, 148, 149, 150, 151, 152, 159, 160, 161, 164, 170, 171, 172, 173, 174, 175, 176}" 
ref_4.5,C4.4,WcD0D211711090115_02.ce,87,0.1962805741363512,"{14, 15, 20, 21, 22, 23, 24, 25, 29, 37, 41, 50, 52, 53, 54, 55, 56, 57, 60, 61, 62, 72, 73, 74, 75, 76, 77, 104, 105, 106, 107, 108, 109, 116, 132, 133, 134, 135, 136, 137, 138, 143, 144, 145, 146, 147, 148, 149, 150, 151, 152, 153, 154, 155, 157, 158, 159, 160, 161, 162, 163, 164, 165, 166, 167, 168, 169, 170, 171, 172, 173, 174, 175, 176, 177, 178, 179, 180, 182, 184, 185, 186, 187, 188, 189, 190, 191}" 
ref_4.5,C4.4,WcD0D211711090130_02.ce,50,0.19042659377095966,"{32, 56, 57, 58, 59, 60, 61, 68, 69, 84, 85, 86, 89, 90, 91, 92, 93, 94, 95, 96, 99, 100, 101, 112, 115, 119, 120, 121, 122, 123, 127, 129, 130, 137, 138, 139, 142, 143, 144, 145, 146, 147, 156, 166, 167, 168, 169, 175, 180, 193}" 
ref_4.5,C4.4,WcD0D211711090145_02.ce,28,0.19564542582455555,"{5, 6, 7, 8, 9, 27, 30, 31, 38, 60, 66, 70, 71, 74, 75, 86, 131, 140, 145, 147, 153, 157, 158, 159, 160, 162, 163, 164}" 
ref_4.5,C4.5,WcD0C231711090100_04.ce,74,0.19868136963970773,"{2, 3, 4, 5, 10, 11, 12, 13, 14, 15, 24, 25, 26, 29, 33, 34, 35, 36, 37, 38, 71, 72, 73, 74, 75, 76, 77, 78, 83, 85, 89, 90, 91, 92, 105, 106, 107, 108, 109, 110, 111, 112, 113, 122, 123, 124, 126, 128, 136, 137, 138, 139, 140, 141, 143, 144, 145, 146, 148, 149, 150, 151, 152, 159, 160, 161, 165, 170, 171, 172, 173, 174, 175, 176}" 
ref_4.5,C4.5,WcD0C231711090115_04.ce,89,0.19496913271286834,"{14, 15, 20, 21, 22, 23, 24, 25, 41, 48, 52, 53, 54, 55, 56, 57, 58, 59, 60, 61, 62, 63, 72, 73, 74, 75, 76, 77, 82, 104, 105, 106, 107, 108, 109, 132, 133, 134, 135, 136, 137, 138, 139, 144, 145, 146, 147, 148, 149, 150, 151, 152, 153, 154, 155, 156, 157, 158, 159, 160, 161, 162, 163, 164, 165, 166, 167, 168, 169, 170, 171, 172, 173, 174, 175, 176, 177, 178, 179, 180, 182, 183, 184, 186, 187, 188, 189, 190, 191}" 
ref_4.5,C4.5,WcD0C231711090130_04.ce,50,0.19774245849160513,"{32, 56, 57, 58, 59, 60, 61, 68, 69, 84, 85, 86, 89, 90, 91, 92, 93, 94, 95, 99, 100, 115, 119, 120, 121, 122, 124, 127, 129, 130, 137, 138, 139, 142, 143, 144, 145, 146, 147, 153, 156, 157, 159, 166, 167, 168, 169, 170, 175, 180}" 
ref_4.5,C4.5,WcD0C231711090145_04.ce,27,0.20099845320612897,"{5, 6, 7, 8, 9, 10, 26, 30, 31, 45, 60, 61, 71, 74, 75, 76, 86, 128, 131, 140, 157, 158, 159, 160, 162, 164, 181}" 
ref_4.5,C4.4,WcD0D211711090200_02.ce,33,0.1615371913148245,"{1, 2, 3, 4, 5, 7, 9, 10, 14, 24, 25, 26, 34, 35, 36, 37, 47, 48, 59, 87, 89, 116, 118, 119, 121, 162, 175, 189, 190, 191, 192, 193, 194}" 
ref_4.5,C4.4,WcD0D211711090215_02.ce,41,0.166733890315589,"{1, 4, 5, 13, 14, 15, 21, 22, 23, 36, 38, 39, 41, 43, 44, 45, 46, 47, 51, 52, 53, 54, 55, 56, 57, 59, 63, 93, 97, 105, 106, 111, 112, 114, 128, 129, 133, 144, 145, 146, 147}" 
ref_4.5,C4.4,WcD0D211711090230_02.ce,31,0.20163507126309946,"{14, 16, 26, 39, 62, 63, 78, 85, 89, 105, 117, 118, 129, 131, 132, 134, 136, 146, 147, 151, 157, 158, 159, 160, 161, 180, 181, 183, 185, 186, 191}" 
ref_4.5,C4.4,WcD0D211711090245_02.ce,66,0.20204966006114486,"{1, 2, 3, 4, 6, 7, 8, 9, 10, 11, 12, 13, 14, 15, 16, 17, 18, 40, 41, 42, 43, 44, 55, 56, 57, 58, 81, 82, 83, 84, 85, 86, 87, 96, 97, 98, 99, 109, 110, 111, 112, 124, 134, 135, 136, 138, 140, 167, 168, 169, 170, 171, 172, 173, 174, 175, 176, 177, 179, 181, 182, 188, 189, 190, 191, 192}" 
ref_4.5,C4.5,WcD0C231711090200_04.ce,31,0.16586821274958918,"{1, 2, 3, 4, 6, 8, 9, 11, 14, 23, 24, 25, 35, 36, 47, 86, 87, 88, 115, 117, 118, 121, 147, 162, 174, 188, 189, 190, 191, 192, 193}" 
ref_4.5,C4.5,WcD0C231711090215_04.ce,39,0.1741061986391211,"{1, 5, 14, 15, 23, 25, 26, 38, 39, 41, 42, 43, 44, 45, 46, 47, 51, 52, 53, 54, 55, 56, 59, 60, 93, 94, 96, 106, 112, 114, 123, 128, 129, 133, 144, 145, 146, 147, 151}" 
ref_4.5,C4.5,WcD0C231711090230_04.ce,40,0.20120042034685623,"{14, 48, 50, 62, 63, 78, 82, 85, 86, 88, 89, 105, 115, 118, 129, 131, 132, 134, 136, 138, 141, 147, 149, 150, 155, 157, 158, 159, 160, 161, 165, 179, 181, 182, 183, 184, 185, 186, 191, 193}" 
ref_4.5,C4.5,WcD0C231711090245_04.ce,67,0.19087941692378763,"{2, 3, 4, 6, 7, 8, 9, 10, 11, 12, 13, 14, 15, 16, 17, 18, 40, 41, 42, 43, 44, 45, 56, 57, 59, 65, 82, 83, 84, 85, 87, 96, 97, 98, 99, 109, 110, 112, 115, 124, 132, 134, 135, 136, 137, 140, 146, 167, 168, 169, 170, 171, 172, 173, 174, 175, 176, 177, 178, 179, 180, 181, 182, 188, 189, 190, 192}" 
ref_4.5,C4.4,WcD0D211711090300_02.ce,62,0.2062201562791215,"{1, 2, 3, 4, 5, 8, 9, 11, 14, 23, 24, 36, 45, 49, 54, 55, 56, 57, 58, 59, 83, 94, 107, 108, 109, 110, 111, 114, 124, 129, 130, 132, 133, 134, 135, 136, 145, 146, 147, 153, 155, 156, 157, 158, 159, 161, 162, 163, 170, 174, 175, 176, 177, 179, 181, 182, 183, 184, 185, 191, 192, 193}" 
ref_4.5,C4.4,WcD0D211711090315_02.ce,41,0.17944651701170625,"{2, 3, 4, 26, 27, 28, 29, 37, 38, 39, 53, 62, 63, 80, 81, 82, 83, 84, 86, 87, 88, 97, 98, 99, 100, 113, 115, 116, 117, 118, 121, 122, 123, 124, 130, 133, 140, 154, 155, 156, 157}" 
ref_4.5,C4.4,WcD0D211711090330_02.ce,21,0.18779247280681585,"{6, 7, 8, 30, 31, 38, 53, 61, 62, 63, 68, 69, 84, 95, 99, 100, 145, 156, 158, 165, 193}" 
ref_4.5,C4.4,WcD0D211711090345_02.ce,53,0.17057176994490944,"{6, 7, 8, 9, 10, 11, 12, 13, 14, 17, 21, 22, 28, 29, 30, 31, 32, 33, 34, 35, 36, 37, 38, 39, 53, 54, 55, 56, 57, 58, 59, 60, 61, 62, 67, 78, 81, 82, 83, 84, 89, 90, 91, 92, 93, 94, 95, 102, 103, 141, 142, 152, 182}" 
ref_4.5,C4.5,WcD0C231711090300_04.ce,65,0.20945820401544293,"{1, 2, 3, 4, 5, 8, 9, 10, 14, 24, 36, 45, 54, 55, 56, 57, 58, 59, 105, 106, 107, 108, 109, 110, 111, 114, 115, 116, 120, 122, 124, 129, 132, 133, 134, 135, 136, 140, 143, 145, 146, 147, 152, 153, 155, 157, 158, 159, 162, 163, 164, 170, 174, 175, 176, 178, 179, 181, 182, 183, 184, 185, 191, 192, 193}" 
ref_4.5,C4.5,WcD0C231711090315_04.ce,38,0.18853807132127243,"{2, 3, 4, 27, 28, 29, 37, 38, 39, 42, 53, 62, 63, 80, 82, 84, 86, 87, 88, 97, 98, 99, 100, 103, 113, 114, 115, 116, 117, 118, 121, 122, 123, 124, 125, 130, 156, 157}" 
ref_4.5,C4.5,WcD0C231711090330_04.ce,19,0.19448492054583708,"{5, 6, 7, 29, 30, 60, 61, 62, 67, 68, 91, 98, 99, 120, 144, 155, 156, 158, 165}" 
ref_4.5,C4.5,WcD0C231711090345_04.ce,52,0.17233854699706946,"{6, 7, 8, 9, 10, 11, 12, 13, 14, 17, 22, 28, 29, 30, 31, 32, 33, 34, 35, 36, 37, 38, 39, 53, 54, 55, 56, 57, 58, 59, 60, 61, 62, 78, 80, 81, 82, 83, 84, 90, 91, 93, 94, 95, 96, 102, 103, 141, 142, 143, 152, 182}" 
ref_4.5,C4.4,WcD0D211711090400_02.ce,46,0.18105867953520657,"{1, 2, 3, 4, 5, 11, 12, 18, 23, 24, 27, 31, 35, 37, 38, 39, 45, 49, 50, 51, 64, 67, 68, 70, 71, 72, 82, 86, 87, 119, 138, 139, 140, 141, 142, 143, 145, 146, 147, 149, 153, 160, 161, 162, 163, 164}" 
ref_4.5,C4.4,WcD0D211711090415_02.ce,34,0.16118072897758629,"{4, 12, 13, 15, 16, 17, 18, 68, 83, 84, 89, 91, 101, 110, 111, 112, 113, 114, 115, 116, 117, 118, 123, 124, 125, 126, 132, 133, 134, 135, 136, 183, 189, 191}" 
ref_4.5,C4.4,WcD0D211711090430_02.ce,41,0.18173444183387585,"{10, 15, 16, 36, 39, 50, 51, 52, 53, 54, 55, 56, 57, 58, 59, 60, 61, 62, 63, 64, 65, 66, 67, 68, 69, 81, 82, 85, 102, 103, 108, 111, 122, 123, 124, 125, 126, 127, 170, 171, 175}" 
ref_4.5,C4.4,WcD0D211711090445_02.ce,41,0.13577223100971197,"{4, 9, 10, 13, 14, 23, 24, 25, 27, 30, 31, 34, 36, 44, 45, 46, 48, 80, 81, 84, 112, 114, 115, 116, 125, 141, 142, 143, 144, 145, 146, 152, 153, 169, 170, 171, 172, 173, 174, 175, 191}" 
ref_4.5,C4.5,WcD0C231711090400_04.ce,47,0.19598326155785886,"{1, 2, 3, 4, 5, 7, 12, 13, 18, 24, 25, 26, 27, 31, 36, 37, 38, 39, 49, 50, 51, 67, 68, 70, 71, 72, 83, 85, 87, 119, 138, 139, 140, 141, 142, 143, 145, 146, 147, 149, 150, 153, 160, 161, 162, 163, 164}" 
ref_4.5,C4.5,WcD0C231711090415_04.ce,32,0.17932431154570444,"{4, 12, 13, 17, 18, 68, 82, 83, 84, 89, 90, 91, 92, 101, 111, 112, 113, 114, 115, 116, 117, 118, 124, 125, 126, 132, 133, 134, 135, 136, 183, 191}" 
ref_4.5,C4.5,WcD0C231711090430_04.ce,41,0.1983138355783576,"{10, 15, 16, 17, 40, 50, 52, 53, 54, 55, 56, 57, 58, 59, 60, 61, 62, 63, 64, 65, 66, 67, 68, 69, 81, 82, 86, 102, 103, 107, 108, 111, 122, 123, 124, 125, 126, 127, 169, 170, 171}" 
ref_4.5,C4.5,WcD0C231711090445_04.ce,43,0.1633454413901541,"{4, 9, 12, 13, 14, 23, 24, 25, 30, 31, 32, 35, 37, 45, 46, 47, 48, 80, 81, 84, 112, 113, 114, 115, 116, 117, 126, 141, 142, 143, 144, 145, 146, 147, 153, 170, 171, 172, 173, 174, 175, 176, 191}" 
ref_4.5,C4.4,WcD0D211711090500_02.ce,24,0.2054106482301055,"{1, 2, 3, 15, 16, 17, 30, 31, 36, 69, 72, 77, 78, 84, 85, 86, 89, 93, 94, 125, 146, 161, 169, 178}" 
ref_4.5,C4.4,WcD0D211711090515_02.ce,47,0.1974119707767969,"{4, 7, 13, 14, 15, 23, 47, 49, 50, 51, 52, 53, 79, 84, 85, 86, 87, 88, 89, 90, 91, 100, 101, 102, 107, 108, 109, 111, 113, 114, 123, 124, 125, 126, 127, 128, 129, 135, 138, 139, 144, 145, 146, 150, 191, 192, 193}" 
ref_4.5,C4.4,WcD0D211711090530_02.ce,30,0.1901200011486999,"{2, 3, 16, 18, 22, 23, 28, 48, 53, 56, 65, 67, 69, 70, 71, 72, 73, 74, 75, 76, 77, 78, 80, 87, 100, 109, 116, 127, 186, 194}" 
ref_4.5,C4.4,WcD0D211711090545_02.ce,28,0.1787569494124418,"{11, 12, 21, 22, 47, 69, 78, 81, 82, 110, 111, 112, 113, 114, 123, 139, 140, 141, 142, 143, 144, 150, 151, 167, 168, 175, 180, 181}" 
ref_4.5,C4.5,WcD0C231711090500_04.ce,23,0.19295297327299665,"{1, 2, 3, 4, 16, 30, 31, 59, 72, 76, 78, 84, 86, 87, 89, 93, 94, 104, 125, 146, 161, 162, 185}" 
ref_4.5,C4.5,WcD0C231711090515_04.ce,45,0.18100741097179784,"{4, 10, 13, 14, 15, 23, 24, 32, 50, 51, 52, 53, 61, 80, 84, 85, 86, 87, 88, 89, 90, 91, 92, 101, 102, 107, 109, 112, 114, 123, 124, 125, 126, 127, 128, 129, 135, 138, 139, 145, 146, 189, 191, 192, 193}" 
ref_4.5,C4.5,WcD0C231711090530_04.ce,25,0.18095360541218508,"{2, 3, 16, 18, 22, 23, 24, 53, 57, 64, 69, 70, 71, 72, 73, 74, 75, 76, 78, 87, 100, 109, 115, 126, 182}" 
ref_4.5,C4.5,WcD0C231711090545_04.ce,26,0.16589141935351365,"{11, 12, 22, 58, 78, 81, 82, 110, 111, 112, 113, 114, 123, 139, 140, 141, 142, 143, 144, 150, 151, 167, 168, 175, 180, 181}" 
ref_4.5,C4.4,WcD0D211711090600_02.ce,54,0.21297587966673343,"{1, 2, 3, 4, 8, 9, 10, 11, 15, 21, 22, 26, 43, 50, 52, 53, 54, 55, 56, 57, 58, 59, 60, 61, 62, 63, 64, 65, 66, 67, 68, 69, 71, 72, 75, 80, 81, 83, 84, 89, 101, 106, 122, 125, 126, 127, 128, 136, 137, 139, 166, 167, 168, 180}" 
ref_4.5,C4.4,WcD0D211711090615_02.ce,53,0.21664684333772422,"{11, 12, 19, 20, 21, 31, 32, 41, 43, 44, 46, 50, 62, 66, 67, 71, 76, 77, 78, 82, 83, 88, 93, 94, 95, 96, 97, 106, 107, 108, 110, 113, 114, 117, 119, 128, 130, 131, 132, 133, 134, 143, 144, 145, 154, 155, 158, 176, 177, 178, 191, 192, 193}" 
ref_4.5,C4.4,WcD0D211711090630_02.ce,32,0.19514975451818373,"{4, 5, 25, 30, 37, 38, 39, 40, 41, 42, 43, 44, 45, 46, 47, 48, 49, 50, 51, 52, 53, 54, 55, 56, 57, 58, 61, 63, 64, 74, 115, 192}" 
ref_4.5,C4.4,WcD0D211711090645_02.ce,47,0.19627228318657022,"{2, 21, 43, 49, 50, 51, 57, 58, 62, 63, 64, 65, 66, 67, 68, 73, 74, 75, 76, 77, 78, 79, 89, 90, 91, 92, 102, 109, 110, 111, 112, 113, 122, 138, 139, 140, 141, 142, 143, 149, 150, 166, 167, 168, 169, 189, 190}" 
ref_4.5,C4.5,WcD0C231711090600_04.ce,56,0.19789061854246037,"{1, 2, 3, 4, 8, 9, 10, 11, 13, 15, 21, 22, 26, 31, 41, 50, 52, 53, 54, 55, 56, 57, 58, 59, 60, 61, 62, 63, 64, 65, 66, 67, 68, 69, 70, 72, 73, 75, 80, 84, 89, 97, 106, 122, 125, 126, 128, 136, 137, 151, 156, 166, 167, 168, 169, 180}" 
ref_4.5,C4.5,WcD0C231711090615_04.ce,50,0.21420083131049683,"{10, 11, 18, 19, 20, 22, 31, 42, 43, 45, 49, 65, 66, 67, 75, 80, 81, 83, 87, 92, 93, 94, 95, 96, 105, 106, 107, 109, 113, 114, 116, 118, 119, 128, 129, 130, 131, 132, 133, 134, 143, 144, 153, 154, 158, 172, 176, 177, 190, 191}" 
ref_4.5,C4.5,WcD0C231711090630_04.ce,34,0.18727988405893764,"{5, 6, 25, 38, 39, 40, 41, 42, 43, 44, 45, 46, 47, 48, 49, 50, 51, 52, 53, 54, 55, 56, 57, 58, 59, 60, 63, 66, 89, 98, 114, 115, 177, 192}" 
ref_4.5,C4.5,WcD0C231711090645_04.ce,48,0.17784196454366863,"{2, 21, 43, 50, 51, 52, 58, 63, 65, 66, 67, 68, 73, 74, 75, 76, 77, 78, 79, 89, 90, 91, 92, 93, 102, 109, 110, 111, 112, 113, 114, 122, 123, 138, 139, 140, 141, 142, 143, 144, 149, 150, 166, 167, 168, 169, 189, 190}" 
ref_4.5,C4.4,WcD0D211711090700_02.ce,30,0.19376912559950313,"{1, 2, 3, 4, 8, 10, 16, 18, 24, 30, 34, 44, 53, 54, 62, 63, 67, 70, 80, 81, 82, 83, 84, 85, 86, 88, 89, 90, 91, 96}" 
ref_4.5,C4.4,WcD0D211711090715_02.ce,31,0.16028335203315847,"{25, 27, 53, 68, 69, 70, 71, 72, 73, 82, 83, 90, 93, 95, 104, 105, 106, 107, 108, 109, 110, 111, 120, 121, 130, 131, 135, 178, 179, 180, 193}" 
ref_4.5,C4.4,WcD0D211711090730_02.ce,32,0.19330988009523992,"{1, 2, 4, 10, 11, 16, 22, 37, 40, 41, 42, 47, 51, 54, 55, 56, 57, 58, 59, 69, 71, 72, 77, 102, 111, 123, 146, 154, 155, 163, 165, 177}" 
ref_4.5,C4.4,WcD0D211711090745_02.ce,43,0.20851716562895276,"{9, 10, 14, 31, 35, 37, 41, 42, 70, 71, 72, 75, 77, 80, 81, 90, 93, 94, 95, 96, 97, 98, 100, 123, 125, 127, 128, 129, 131, 133, 139, 151, 152, 153, 156, 158, 162, 163, 164, 167, 168, 176, 182}" 
ref_4.5,C4.5,WcD0C231711090700_04.ce,27,0.20898661647378242,"{1, 2, 3, 10, 23, 29, 30, 34, 43, 50, 52, 54, 57, 62, 69, 80, 81, 82, 83, 84, 85, 87, 88, 89, 98, 152, 161}" 
ref_4.5,C4.5,WcD0C231711090715_04.ce,29,0.1779052057827266,"{69, 70, 71, 72, 73, 82, 83, 84, 89, 90, 93, 95, 104, 105, 106, 107, 108, 109, 110, 111, 117, 120, 121, 130, 131, 135, 175, 178, 179}" 
ref_4.5,C4.5,WcD0C231711090730_04.ce,33,0.20277580666941203,"{1, 2, 3, 4, 5, 10, 11, 22, 38, 40, 41, 42, 52, 54, 55, 56, 57, 58, 59, 61, 68, 69, 72, 76, 111, 123, 146, 154, 155, 156, 165, 167, 179}" 
ref_4.5,C4.5,WcD0C231711090745_04.ce,44,0.2232419002093321,"{2, 9, 10, 31, 32, 42, 71, 72, 75, 77, 80, 81, 82, 84, 86, 90, 93, 95, 96, 97, 98, 124, 126, 127, 128, 129, 134, 139, 141, 151, 152, 153, 156, 157, 162, 163, 164, 167, 168, 169, 176, 177, 180, 184}" 
ref_4.5,C4.4,WcD0D211711090800_02.ce,71,0.20461024473665573,"{3, 4, 7, 8, 9, 10, 11, 12, 13, 22, 23, 24, 25, 26, 27, 28, 34, 35, 40, 41, 42, 46, 47, 48, 49, 50, 51, 52, 53, 54, 55, 56, 57, 58, 59, 60, 61, 63, 64, 66, 68, 69, 75, 89, 90, 96, 100, 101, 102, 103, 104, 105, 120, 121, 124, 125, 127, 128, 138, 144, 145, 146, 147, 148, 149, 164, 166, 169, 171, 186, 187}" 
ref_4.5,C4.4,WcD0D211711090815_02.ce,49,0.1995841216284201,"{5, 6, 7, 16, 17, 18, 19, 20, 21, 22, 30, 31, 46, 47, 48, 49, 50, 51, 52, 53, 54, 95, 96, 97, 98, 99, 114, 115, 117, 118, 143, 144, 145, 146, 148, 149, 154, 155, 156, 162, 168, 171, 172, 174, 178, 180, 182, 183, 186}" 
ref_4.5,C4.4,WcD0D211711090830_02.ce,26,0.20141932989689268,"{9, 14, 16, 18, 21, 29, 37, 55, 80, 87, 88, 101, 102, 104, 105, 108, 110, 111, 113, 135, 142, 164, 167, 175, 178, 179}" 
ref_4.5,C4.4,WcD0D211711090845_02.ce,13,0.1705561340240542,"{14, 30, 68, 100, 105, 114, 115, 116, 117, 153, 157, 158, 159}" 
ref_4.5,C4.5,WcD0C231711090800_04.ce,77,0.20411222682220795,"{4, 5, 7, 8, 9, 10, 11, 12, 13, 14, 20, 21, 22, 23, 24, 25, 26, 27, 28, 31, 34, 35, 36, 40, 41, 42, 45, 46, 47, 48, 49, 50, 51, 52, 53, 54, 55, 56, 57, 58, 59, 60, 64, 65, 66, 68, 69, 74, 89, 90, 100, 101, 102, 103, 104, 105, 106, 120, 121, 127, 128, 133, 137, 144, 145, 146, 147, 148, 149, 164, 165, 166, 169, 171, 172, 186, 187}" 
ref_4.5,C4.5,WcD0C231711090815_04.ce,58,0.19343739327208306,"{5, 6, 7, 11, 16, 17, 18, 19, 20, 21, 29, 31, 32, 36, 44, 46, 47, 48, 49, 50, 51, 52, 53, 54, 90, 95, 96, 97, 98, 99, 114, 115, 117, 118, 133, 143, 144, 145, 146, 148, 149, 150, 154, 155, 156, 162, 168, 171, 172, 173, 174, 178, 181, 182, 183, 184, 186, 191}" 
ref_4.5,C4.5,WcD0C231711090830_04.ce,32,0.20177190909713574,"{9, 13, 14, 16, 18, 19, 20, 21, 24, 26, 29, 44, 55, 81, 86, 88, 99, 100, 102, 104, 105, 107, 108, 110, 113, 114, 135, 173, 176, 178, 179, 180}" 
ref_4.5,C4.5,WcD0C231711090845_04.ce,13,0.17432600868907447,"{30, 31, 68, 100, 101, 115, 117, 153, 156, 157, 158, 159, 171}" 
ref_4.5,C4.4,WcD0D211711090900_02.ce,80,0.19682703134974333,"{1, 2, 3, 5, 9, 10, 11, 12, 13, 14, 23, 24, 25, 26, 28, 29, 30, 31, 32, 34, 35, 36, 40, 44, 45, 46, 47, 48, 49, 50, 51, 52, 53, 54, 55, 56, 57, 58, 60, 61, 62, 63, 65, 66, 67, 68, 70, 71, 75, 76, 77, 78, 79, 80, 94, 95, 96, 101, 102, 111, 112, 118, 119, 120, 121, 122, 123, 124, 125, 126, 143, 167, 168, 169, 170, 171, 186, 187, 189, 190}" 
ref_4.5,C4.4,WcD0D211711090915_02.ce,27,0.1967205295333293,"{21, 22, 23, 24, 26, 27, 28, 32, 33, 34, 40, 67, 71, 101, 115, 116, 150, 151, 159, 165, 179, 180, 181, 187, 190, 191, 193}" 
ref_4.5,C4.4,WcD0D211711090930_02.ce,13,0.15555796103231595,"{4, 6, 8, 9, 24, 33, 43, 55, 56, 97, 98, 134, 138}" 
ref_4.5,C4.4,WcD0D211711090945_02.ce,13,0.1531196663142052,"{17, 79, 80, 82, 83, 88, 89, 110, 111, 112, 113, 188, 194}" 
ref_4.5,C4.5,WcD0C231711090900_04.ce,77,0.1801922309489987,"{1, 2, 4, 8, 9, 10, 11, 12, 13, 14, 22, 23, 24, 25, 26, 27, 29, 30, 31, 33, 34, 35, 39, 40, 44, 45, 46, 47, 48, 49, 50, 51, 52, 53, 54, 55, 56, 57, 59, 60, 61, 62, 64, 65, 66, 67, 69, 70, 71, 74, 75, 76, 77, 78, 79, 94, 95, 98, 101, 102, 111, 117, 118, 119, 120, 121, 122, 123, 124, 125, 166, 167, 168, 169, 170, 186, 189}" 
ref_4.5,C4.5,WcD0C231711090915_04.ce,32,0.1742650263332393,"{19, 21, 22, 23, 24, 25, 26, 27, 28, 32, 33, 34, 40, 67, 68, 71, 73, 101, 104, 115, 116, 117, 125, 150, 151, 180, 181, 187, 190, 191, 192, 193}" 
ref_4.5,C4.5,WcD0C231711090930_04.ce,11,0.14125563049712034,"{4, 6, 8, 9, 43, 56, 62, 98, 110, 134, 135}" 
ref_4.5,C4.5,WcD0C231711090945_04.ce,14,0.13530672097852126,"{15, 78, 79, 81, 82, 87, 88, 89, 109, 110, 111, 112, 187, 193}" 
ref_4.5,C4.4,WcD0D211711091000_02.ce,83,0.2340662913835375,"{1, 2, 3, 4, 9, 10, 13, 14, 15, 23, 24, 25, 26, 28, 30, 31, 32, 34, 35, 36, 40, 41, 44, 45, 46, 47, 48, 49, 50, 51, 52, 53, 54, 55, 56, 57, 58, 60, 61, 62, 63, 66, 67, 68, 70, 71, 72, 75, 76, 77, 78, 79, 80, 90, 92, 104, 105, 109, 110, 112, 113, 117, 122, 127, 132, 133, 134, 136, 137, 143, 144, 146, 147, 149, 163, 164, 173, 174, 176, 178, 179, 180, 181}" 
ref_4.5,C4.4,WcD0D211711091015_02.ce,45,0.16835877837307994,"{13, 14, 15, 26, 29, 30, 31, 32, 33, 41, 53, 54, 55, 56, 57, 84, 85, 86, 87, 88, 89, 105, 107, 108, 109, 110, 111, 112, 127, 129, 132, 134, 149, 150, 161, 162, 163, 172, 173, 174, 175, 176, 177, 186, 187}" 
ref_4.5,C4.4,WcD0D211711091030_02.ce,74,0.21355620030176173,"{7, 9, 13, 16, 17, 19, 20, 21, 26, 28, 29, 30, 31, 32, 33, 47, 48, 49, 54, 55, 64, 65, 70, 71, 73, 75, 76, 77, 79, 80, 85, 86, 87, 89, 90, 92, 93, 94, 96, 101, 104, 107, 115, 116, 118, 120, 121, 122, 123, 126, 127, 130, 131, 134, 135, 136, 137, 138, 139, 140, 141, 142, 143, 147, 158, 159, 160, 161, 162, 164, 165, 166, 167, 168}" 
ref_4.5,C4.4,WcD0D211711091045_02.ce,48,0.17831740041823638,"{38, 39, 44, 59, 76, 86, 87, 88, 91, 112, 121, 139, 151, 152, 153, 154, 155, 156, 157, 158, 159, 160, 161, 165, 166, 167, 168, 169, 170, 171, 172, 173, 174, 175, 176, 177, 178, 179, 184, 185, 186, 187, 188, 189, 190, 191, 192, 193}" 
ref_4.5,C4.5,WcD0C231711091000_04.ce,90,0.23269870567869755,"{1, 2, 3, 4, 9, 10, 15, 23, 24, 25, 26, 27, 28, 30, 31, 32, 35, 36, 40, 41, 45, 46, 47, 48, 49, 50, 51, 52, 53, 54, 55, 56, 57, 58, 60, 61, 62, 63, 65, 66, 67, 68, 70, 71, 72, 75, 76, 77, 78, 79, 80, 81, 90, 91, 92, 95, 104, 105, 109, 110, 112, 113, 116, 117, 118, 122, 123, 124, 127, 133, 134, 136, 137, 143, 144, 146, 147, 148, 149, 158, 161, 162, 164, 166, 172, 176, 178, 179, 180, 181}" 
ref_4.5,C4.5,WcD0C231711091015_04.ce,48,0.17250342670396024,"{13, 14, 15, 16, 30, 31, 32, 33, 41, 53, 54, 55, 56, 57, 84, 85, 86, 87, 88, 89, 105, 107, 108, 109, 110, 111, 112, 127, 128, 129, 132, 134, 149, 150, 161, 162, 163, 167, 172, 173, 174, 175, 176, 177, 185, 187, 188, 192}" 
ref_4.5,C4.5,WcD0C231711091030_04.ce,77,0.20845974340519405,"{6, 12, 16, 17, 18, 19, 20, 21, 22, 25, 27, 28, 29, 30, 31, 32, 47, 48, 52, 53, 54, 64, 69, 70, 71, 72, 74, 75, 76, 78, 79, 83, 84, 85, 86, 88, 89, 90, 92, 93, 95, 97, 104, 106, 114, 115, 117, 119, 120, 121, 122, 125, 126, 129, 133, 134, 135, 136, 137, 138, 139, 140, 141, 142, 145, 146, 157, 158, 159, 160, 161, 163, 164, 165, 166, 167, 168}" 
ref_4.5,C4.5,WcD0C231711091045_04.ce,45,0.19831975607363514,"{12, 39, 43, 57, 76, 87, 88, 122, 139, 151, 152, 153, 154, 155, 156, 157, 158, 159, 160, 161, 165, 166, 167, 168, 169, 170, 171, 172, 173, 174, 175, 176, 177, 178, 179, 184, 185, 186, 187, 188, 189, 190, 191, 192, 193}" 
ref_4.5,C4.4,WcD0D211711091100_02.ce,81,0.22525950013987614,"{1, 2, 3, 4, 5, 6, 11, 12, 13, 14, 15, 23, 35, 36, 37, 38, 39, 40, 48, 49, 50, 51, 52, 60, 61, 62, 63, 66, 67, 68, 70, 71, 74, 75, 78, 80, 81, 82, 84, 88, 89, 90, 91, 92, 94, 95, 96, 97, 98, 99, 100, 115, 117, 118, 119, 120, 126, 133, 143, 144, 145, 146, 148, 152, 155, 156, 157, 164, 165, 166, 167, 168, 169, 184, 186, 187, 188, 189, 190, 193, 194}" 
ref_4.5,C4.4,WcD0D211711091115_02.ce,71,0.1906008825177357,"{1, 4, 5, 6, 8, 9, 10, 11, 12, 13, 14, 15, 16, 17, 18, 19, 22, 24, 25, 27, 28, 29, 30, 31, 32, 43, 45, 53, 57, 58, 62, 63, 65, 66, 68, 70, 73, 75, 76, 78, 79, 80, 86, 87, 89, 90, 91, 98, 104, 106, 108, 110, 115, 117, 118, 120, 121, 122, 123, 124, 149, 150, 151, 165, 166, 167, 168, 189, 190, 191, 192}" 
ref_4.5,C4.4,WcD0D211711091130_02.ce,68,0.1942628714380408,"{26, 27, 28, 29, 30, 31, 49, 53, 56, 57, 60, 61, 67, 69, 70, 71, 72, 73, 74, 89, 90, 95, 96, 105, 106, 112, 113, 114, 117, 118, 119, 121, 125, 128, 129, 132, 133, 134, 136, 137, 140, 141, 143, 144, 148, 150, 152, 153, 154, 159, 161, 162, 163, 164, 165, 167, 168, 169, 170, 171, 172, 180, 181, 182, 183, 184, 192, 193}" 
ref_4.5,C4.4,WcD0D211711091145_02.ce,56,0.1798250878676323,"{1, 2, 3, 4, 6, 7, 8, 9, 11, 12, 19, 22, 23, 28, 30, 31, 32, 33, 34, 35, 36, 37, 38, 39, 40, 57, 78, 80, 81, 82, 83, 84, 85, 86, 87, 91, 104, 122, 129, 130, 131, 132, 148, 151, 174, 176, 177, 178, 179, 180, 181, 182, 183, 187, 188, 189}" 
ref_4.5,C4.5,WcD0C231711091100_04.ce,85,0.22442763207375072,"{1, 2, 3, 4, 5, 6, 11, 12, 13, 14, 15, 16, 23, 35, 36, 37, 38, 39, 40, 48, 49, 50, 51, 52, 53, 60, 61, 62, 63, 64, 66, 67, 68, 69, 71, 75, 76, 81, 86, 89, 90, 91, 92, 94, 95, 96, 97, 98, 99, 100, 101, 105, 107, 115, 117, 118, 119, 120, 121, 125, 131, 133, 143, 144, 145, 146, 148, 154, 155, 156, 157, 161, 164, 165, 166, 167, 168, 169, 186, 187, 188, 189, 190, 193, 194}" 
ref_4.5,C4.5,WcD0C231711091115_04.ce,68,0.19458638940855846,"{1, 2, 4, 5, 6, 7, 8, 9, 10, 11, 12, 13, 14, 15, 16, 17, 18, 19, 20, 25, 27, 28, 29, 30, 31, 32, 43, 45, 48, 57, 58, 62, 63, 64, 66, 69, 70, 73, 76, 78, 79, 80, 87, 89, 90, 106, 107, 110, 112, 115, 117, 119, 121, 122, 123, 124, 149, 150, 151, 165, 166, 167, 168, 169, 189, 190, 191, 192}" 
ref_4.5,C4.5,WcD0C231711091130_04.ce,65,0.19737791276765068,"{27, 28, 29, 30, 31, 32, 54, 60, 61, 70, 71, 72, 73, 74, 75, 89, 90, 96, 97, 106, 112, 113, 114, 117, 118, 121, 124, 128, 129, 131, 132, 133, 134, 136, 137, 138, 139, 141, 142, 143, 144, 149, 157, 158, 159, 162, 163, 164, 165, 166, 167, 168, 169, 170, 171, 172, 180, 181, 182, 183, 184, 185, 192, 193, 194}" 
ref_4.5,C4.5,WcD0C231711091145_04.ce,57,0.1798660538883127,"{1, 2, 3, 4, 5, 6, 7, 8, 10, 11, 18, 20, 22, 23, 24, 27, 29, 30, 31, 32, 33, 34, 35, 36, 37, 38, 39, 40, 56, 77, 79, 80, 81, 82, 83, 84, 85, 86, 99, 128, 129, 130, 131, 132, 147, 150, 151, 176, 177, 178, 179, 180, 181, 182, 186, 187, 188}" 
ref_4.5,C4.4,WcD0D211711091200_02.ce,43,0.21287361190377577,"{1, 2, 3, 9, 17, 18, 19, 21, 26, 30, 33, 36, 46, 51, 56, 58, 59, 60, 75, 94, 125, 128, 129, 130, 131, 133, 134, 148, 150, 160, 162, 168, 170, 174, 176, 177, 178, 179, 183, 185, 186, 190, 191}" 
ref_4.5,C4.4,WcD0D211711091215_02.ce,37,0.19297913375230893,"{8, 9, 10, 13, 14, 15, 16, 19, 20, 21, 22, 24, 54, 63, 66, 67, 68, 69, 70, 71, 77, 78, 79, 80, 81, 82, 83, 115, 129, 132, 138, 140, 141, 142, 143, 144, 191}" 
ref_4.5,C4.4,WcD0D211711091230_02.ce,30,0.19379473964708893,"{3, 5, 6, 7, 9, 12, 16, 17, 18, 19, 23, 27, 31, 32, 33, 34, 38, 44, 45, 52, 111, 114, 116, 124, 125, 126, 140, 152, 153, 156}" 
ref_4.5,C4.4,WcD0D211711091245_02.ce,26,0.17962105291326153,"{28, 44, 45, 69, 87, 89, 90, 96, 97, 101, 140, 141, 143, 144, 145, 147, 153, 156, 157, 158, 159, 163, 164, 168, 169, 183}" 
ref_4.5,C4.5,WcD0C231711091200_04.ce,43,0.20274989335277094,"{1, 2, 3, 4, 9, 18, 21, 22, 26, 27, 30, 36, 38, 46, 54, 58, 60, 75, 76, 127, 129, 130, 132, 134, 135, 136, 149, 161, 162, 163, 166, 169, 171, 175, 177, 178, 179, 180, 187, 188, 189, 190, 191}" 
ref_4.5,C4.5,WcD0C231711091215_04.ce,38,0.1788544838186178,"{2, 3, 8, 9, 10, 11, 13, 14, 15, 16, 19, 21, 22, 23, 24, 52, 57, 62, 66, 67, 68, 69, 70, 71, 76, 78, 79, 80, 81, 82, 83, 130, 132, 140, 141, 142, 143, 144}" 
ref_4.5,C4.5,WcD0C231711091230_04.ce,28,0.17573581878951886,"{2, 4, 6, 11, 15, 16, 17, 18, 19, 22, 23, 26, 31, 32, 33, 37, 38, 43, 44, 53, 54, 113, 123, 124, 125, 151, 152, 153}" 
ref_4.5,C4.5,WcD0C231711091245_04.ce,18,0.16595512932484158,"{16, 28, 45, 69, 90, 96, 97, 98, 101, 102, 144, 151, 153, 156, 157, 163, 164, 169}" 
ref_4.5,C4.4,WcD0D211711091300_02.ce,83,0.21225154185830872,"{1, 2, 3, 4, 5, 9, 11, 12, 13, 14, 15, 22, 23, 24, 25, 26, 27, 34, 35, 36, 37, 38, 39, 46, 47, 58, 59, 60, 61, 62, 63, 64, 65, 67, 68, 69, 70, 71, 74, 80, 88, 90, 91, 92, 93, 94, 95, 96, 101, 102, 106, 107, 108, 109, 110, 111, 112, 123, 133, 137, 138, 142, 143, 145, 146, 148, 151, 152, 156, 157, 159, 160, 161, 164, 167, 168, 177, 180, 181, 182, 183, 184, 189}" 
ref_4.5,C4.4,WcD0D211711091315_02.ce,44,0.1622136233391444,"{4, 9, 12, 13, 16, 18, 19, 20, 21, 47, 48, 49, 63, 64, 65, 66, 67, 74, 86, 87, 88, 89, 90, 117, 118, 119, 120, 121, 122, 138, 140, 141, 142, 143, 144, 145, 160, 161, 162, 165, 167, 182, 183, 194}" 
ref_4.5,C4.4,WcD0D211711091330_02.ce,79,0.21517989660615455,"{1, 11, 12, 13, 14, 15, 16, 24, 26, 31, 39, 41, 47, 49, 59, 61, 62, 63, 64, 65, 66, 81, 82, 87, 88, 97, 98, 104, 105, 108, 109, 111, 113, 115, 117, 118, 120, 121, 122, 124, 125, 126, 127, 128, 129, 135, 136, 138, 140, 141, 142, 143, 144, 151, 154, 155, 156, 157, 159, 160, 161, 162, 163, 164, 172, 173, 174, 175, 176, 184, 185, 186, 187, 188, 189, 190, 191, 192, 193}" 
ref_4.5,C4.4,WcD0D211711091345_02.ce,25,0.17382361723304568,"{1, 3, 4, 5, 6, 7, 9, 10, 11, 12, 13, 78, 81, 83, 125, 126, 127, 133, 135, 160, 176, 190, 191, 192, 193}" 
ref_4.5,C4.5,WcD0C231711091300_04.ce,80,0.21021389228689016,"{1, 2, 3, 4, 5, 9, 11, 12, 13, 14, 15, 22, 23, 24, 25, 26, 27, 35, 36, 37, 38, 39, 46, 47, 59, 60, 61, 62, 63, 64, 65, 67, 68, 69, 70, 71, 74, 75, 80, 81, 88, 90, 91, 92, 93, 94, 95, 97, 101, 102, 105, 107, 108, 109, 110, 111, 112, 123, 125, 128, 137, 138, 142, 143, 146, 151, 156, 157, 158, 160, 165, 166, 167, 173, 178, 180, 181, 182, 184, 189}" 
ref_4.5,C4.5,WcD0C231711091315_04.ce,42,0.16194964500174813,"{1, 3, 4, 8, 11, 12, 14, 15, 17, 18, 19, 20, 21, 46, 47, 48, 62, 63, 64, 65, 86, 87, 88, 89, 116, 117, 118, 119, 120, 121, 139, 140, 141, 142, 143, 144, 160, 162, 164, 167, 182, 193}" 
ref_4.5,C4.5,WcD0C231711091330_04.ce,82,0.21086917901351643,"{1, 2, 11, 12, 13, 14, 15, 16, 17, 26, 29, 31, 39, 49, 59, 62, 63, 64, 65, 66, 67, 81, 82, 83, 88, 89, 98, 99, 104, 105, 107, 109, 110, 111, 113, 115, 116, 117, 118, 120, 121, 124, 125, 126, 127, 128, 130, 132, 133, 134, 135, 136, 137, 142, 143, 149, 151, 155, 156, 157, 158, 159, 161, 162, 163, 164, 172, 173, 174, 175, 176, 177, 184, 185, 186, 187, 188, 189, 190, 191, 192, 193}" 
ref_4.5,C4.5,WcD0C231711091345_04.ce,28,0.18629673480579828,"{1, 3, 4, 5, 6, 7, 9, 10, 11, 12, 13, 83, 98, 125, 126, 127, 130, 135, 151, 160, 162, 175, 178, 190, 191, 192, 193, 194}" 
ref_4.5,C4.4,WcD0D211711091400_02.ce,72,0.22541078766084546,"{1, 2, 3, 4, 5, 11, 12, 13, 14, 15, 16, 24, 25, 26, 27, 28, 36, 37, 38, 39, 40, 60, 61, 62, 63, 64, 65, 66, 79, 84, 89, 90, 93, 94, 95, 96, 97, 98, 99, 100, 101, 102, 103, 104, 106, 107, 108, 110, 116, 117, 118, 119, 120, 121, 124, 130, 138, 139, 140, 141, 155, 157, 158, 168, 170, 171, 172, 173, 180, 181, 182, 189}" 
ref_4.5,C4.4,WcD0D211711091415_02.ce,36,0.18614741200800766,"{4, 6, 16, 17, 18, 19, 20, 21, 34, 80, 83, 91, 101, 102, 103, 122, 132, 133, 134, 135, 136, 137, 138, 151, 155, 156, 157, 169, 170, 171, 176, 177, 178, 191, 192, 193}" 
ref_4.5,C4.4,WcD0D211711091430_02.ce,93,0.21063050615308201,"{1, 2, 3, 17, 18, 21, 24, 25, 34, 50, 51, 53, 54, 58, 59, 60, 61, 62, 63, 64, 77, 78, 79, 80, 83, 84, 85, 86, 88, 91, 92, 94, 95, 98, 99, 100, 101, 103, 104, 105, 106, 107, 108, 111, 114, 116, 117, 118, 121, 122, 127, 128, 129, 130, 131, 132, 134, 137, 138, 139, 142, 143, 144, 145, 146, 147, 148, 149, 152, 153, 154, 155, 156, 165, 166, 167, 168, 169, 177, 178, 179, 180, 181, 182, 183, 184, 185, 186, 187, 188, 189, 191, 192}" 
ref_4.5,C4.4,WcD0D211711091445_02.ce,67,0.19796660387785295,"{13, 20, 21, 22, 23, 24, 25, 26, 27, 28, 29, 30, 31, 33, 48, 49, 50, 51, 52, 53, 55, 56, 57, 58, 59, 60, 61, 63, 64, 65, 66, 67, 68, 69, 70, 71, 112, 113, 114, 115, 116, 131, 132, 135, 158, 160, 161, 162, 163, 164, 165, 166, 167, 171, 172, 173, 179, 180, 181, 182, 183, 184, 189, 190, 191, 192, 193}" 
ref_4.5,C4.5,WcD0C231711091400_04.ce,81,0.2126213162244942,"{1, 2, 3, 4, 10, 11, 12, 13, 14, 15, 23, 24, 25, 26, 27, 28, 35, 36, 37, 38, 39, 40, 42, 59, 60, 61, 62, 63, 64, 65, 78, 79, 83, 88, 89, 92, 93, 94, 95, 96, 97, 98, 99, 100, 101, 102, 103, 104, 105, 106, 107, 108, 109, 110, 112, 115, 116, 117, 118, 119, 120, 124, 129, 130, 137, 138, 139, 140, 143, 154, 155, 156, 157, 158, 167, 171, 172, 179, 182, 188, 191}" 
ref_4.5,C4.5,WcD0C231711091415_04.ce,43,0.19173232750927918,"{3, 4, 6, 7, 14, 16, 17, 18, 19, 20, 21, 22, 34, 57, 80, 83, 84, 91, 101, 102, 103, 104, 122, 123, 132, 133, 134, 135, 136, 137, 138, 155, 157, 158, 169, 170, 171, 177, 178, 188, 191, 192, 193}" 
ref_4.5,C4.5,WcD0C231711091430_04.ce,99,0.2164946748185689,"{1, 2, 3, 18, 19, 21, 24, 25, 34, 48, 50, 51, 52, 53, 54, 55, 59, 60, 61, 62, 63, 64, 77, 78, 79, 82, 83, 84, 86, 87, 88, 92, 93, 94, 95, 98, 99, 100, 101, 103, 104, 105, 106, 107, 108, 111, 112, 114, 115, 116, 117, 118, 121, 122, 125, 127, 128, 129, 130, 131, 132, 135, 137, 138, 139, 142, 143, 144, 145, 146, 147, 148, 149, 152, 153, 154, 155, 156, 157, 165, 166, 167, 168, 169, 170, 177, 178, 179, 180, 181, 182, 184, 185, 186, 187, 188, 189, 191, 192}" 
ref_4.5,C4.5,WcD0C231711091445_04.ce,72,0.1937956247435501,"{3, 11, 14, 16, 17, 20, 21, 22, 23, 24, 25, 26, 27, 28, 29, 30, 31, 48, 49, 50, 51, 52, 53, 54, 55, 56, 57, 58, 59, 60, 61, 62, 64, 65, 66, 67, 68, 69, 70, 71, 79, 84, 113, 114, 115, 116, 117, 132, 133, 135, 150, 161, 162, 163, 164, 165, 166, 167, 171, 172, 173, 179, 180, 181, 182, 183, 184, 185, 190, 191, 192, 193}" 
ref_4.5,C4.4,WcD0D211711091500_02.ce,66,0.23017644183825953,"{1, 2, 3, 4, 9, 11, 12, 13, 14, 15, 24, 25, 26, 27, 28, 36, 37, 38, 39, 40, 42, 43, 44, 45, 46, 47, 52, 65, 66, 67, 68, 69, 70, 71, 85, 89, 90, 91, 92, 93, 94, 100, 101, 102, 103, 104, 105, 109, 115, 124, 125, 133, 139, 142, 143, 151, 152, 155, 163, 164, 166, 167, 173, 179, 180, 185}" 
ref_4.5,C4.4,WcD0D211711091515_02.ce,40,0.18764259364861807,"{1, 2, 3, 4, 5, 6, 7, 40, 45, 63, 66, 68, 69, 76, 86, 87, 88, 107, 116, 117, 118, 119, 120, 121, 122, 139, 140, 141, 142, 155, 163, 177, 178, 185, 186, 187, 188, 189, 190, 194}" 
ref_4.5,C4.4,WcD0D211711091530_02.ce,94,0.21899853554986778,"{1, 2, 3, 4, 5, 19, 20, 21, 28, 31, 32, 35, 36, 39, 40, 41, 42, 44, 45, 46, 47, 48, 49, 51, 53, 55, 56, 57, 58, 59, 60, 62, 63, 64, 66, 67, 68, 69, 70, 71, 72, 73, 74, 76, 78, 79, 80, 81, 84, 85, 86, 87, 88, 90, 92, 93, 94, 95, 96, 111, 112, 115, 118, 119, 128, 136, 137, 138, 139, 140, 149, 150, 151, 152, 153, 160, 161, 162, 163, 164, 165, 167, 168, 169, 170, 171, 172, 173, 175, 189, 190, 191, 192, 193}" 
ref_4.5,C4.4,WcD0D211711091545_02.ce,46,0.18830543171567857,"{1, 2, 3, 4, 5, 6, 23, 24, 25, 26, 27, 28, 29, 30, 31, 32, 33, 34, 35, 36, 37, 64, 68, 82, 98, 101, 112, 113, 138, 147, 148, 164, 176, 177, 178, 179, 180, 181, 182, 183, 184, 185, 186, 187, 192, 193}" 
ref_4.5,C4.5,WcD0C231711091500_04.ce,73,0.22254947993410967,"{1, 2, 3, 4, 5, 9, 11, 12, 13, 14, 15, 16, 24, 25, 26, 27, 28, 29, 36, 37, 38, 39, 40, 41, 43, 44, 45, 46, 47, 52, 66, 67, 68, 69, 70, 71, 85, 90, 91, 92, 93, 94, 96, 100, 101, 102, 103, 104, 105, 106, 109, 115, 123, 124, 125, 126, 130, 133, 142, 143, 151, 156, 160, 161, 163, 165, 166, 167, 169, 173, 180, 182, 185}" 
ref_4.5,C4.5,WcD0C231711091515_04.ce,40,0.18120488478932123,"{1, 2, 3, 4, 5, 6, 7, 42, 66, 69, 70, 76, 86, 87, 88, 107, 116, 117, 118, 119, 120, 121, 122, 123, 140, 141, 154, 161, 162, 163, 171, 176, 177, 184, 185, 186, 187, 188, 189, 193}" 
ref_4.5,C4.5,WcD0C231711091530_04.ce,98,0.2196029674124179,"{1, 2, 3, 4, 5, 6, 19, 20, 21, 22, 25, 28, 29, 31, 32, 33, 34, 36, 39, 40, 41, 42, 43, 44, 45, 46, 47, 48, 49, 50, 53, 56, 57, 58, 59, 60, 63, 64, 67, 69, 70, 71, 72, 74, 76, 79, 80, 81, 84, 86, 87, 88, 90, 92, 93, 94, 95, 96, 97, 111, 112, 113, 115, 116, 118, 119, 128, 129, 137, 138, 139, 140, 141, 149, 150, 151, 152, 153, 161, 162, 163, 164, 165, 166, 167, 168, 169, 170, 171, 172, 173, 175, 176, 189, 190, 191, 192, 193}" 
ref_4.5,C4.5,WcD0C231711091545_04.ce,45,0.19666015062975972,"{1, 3, 4, 5, 6, 9, 16, 24, 25, 26, 27, 28, 29, 30, 31, 32, 33, 34, 35, 36, 37, 64, 65, 68, 70, 98, 101, 112, 113, 114, 122, 147, 177, 178, 179, 180, 181, 182, 183, 184, 185, 186, 187, 192, 193}" 
ref_4.5,C4.4,WcD0D211711081600_02.ce,74,0.19511690013971,"{1, 2, 3, 4, 9, 10, 11, 12, 13, 14, 15, 24, 25, 34, 35, 36, 37, 39, 40, 45, 48, 49, 50, 59, 60, 61, 62, 63, 64, 66, 67, 68, 69, 78, 79, 80, 85, 88, 89, 90, 91, 92, 93, 94, 119, 123, 126, 128, 129, 130, 131, 133, 136, 137, 138, 143, 148, 151, 157, 158, 159, 160, 161, 179, 180, 181, 183, 185, 186, 189, 190, 191, 192, 193}" 
ref_4.5,C4.4,WcD0D211711081615_02.ce,71,0.1926515624886895,"{1, 4, 5, 6, 7, 8, 9, 10, 11, 12, 13, 14, 15, 16, 17, 18, 19, 20, 21, 22, 23, 26, 27, 28, 29, 30, 31, 41, 42, 48, 57, 61, 66, 71, 72, 73, 75, 76, 77, 78, 79, 84, 87, 88, 91, 92, 93, 107, 108, 110, 112, 116, 117, 118, 119, 123, 129, 130, 131, 132, 133, 134, 154, 155, 156, 157, 158, 172, 173, 174, 175}" 
ref_4.5,C4.4,WcD0D211711081630_02.ce,88,0.2237797176947398,"{7, 15, 16, 21, 23, 24, 25, 27, 28, 29, 30, 31, 32, 33, 34, 36, 37, 46, 54, 57, 60, 61, 62, 64, 71, 72, 73, 74, 75, 76, 77, 78, 81, 82, 83, 84, 87, 88, 89, 90, 92, 93, 94, 95, 100, 104, 105, 106, 107, 108, 109, 110, 113, 116, 117, 118, 120, 122, 123, 124, 131, 136, 137, 138, 139, 140, 149, 150, 151, 161, 163, 168, 169, 170, 171, 172, 177, 178, 181, 182, 183, 184, 186, 187, 188, 189, 190, 191}" 
ref_4.5,C4.4,WcD0D211711081645_02.ce,39,0.18359620714041075,"{5, 6, 14, 15, 16, 17, 18, 19, 20, 21, 22, 23, 24, 25, 26, 27, 28, 29, 32, 33, 34, 51, 52, 59, 60, 96, 97, 128, 132, 135, 164, 174, 186, 187, 188, 189, 190, 192, 193}" 
ref_4.5,C4.5,WcD0C231711081600_04.ce,74,0.19875363097608936,"{1, 2, 3, 4, 5, 9, 10, 11, 12, 13, 14, 15, 24, 25, 26, 34, 35, 36, 37, 39, 40, 48, 49, 50, 56, 59, 60, 61, 62, 63, 64, 66, 67, 68, 69, 70, 78, 79, 80, 81, 88, 89, 90, 91, 92, 93, 94, 122, 125, 126, 128, 129, 130, 134, 136, 137, 138, 143, 148, 151, 157, 158, 159, 160, 161, 180, 181, 185, 186, 188, 189, 190, 192, 193}" 
ref_4.5,C4.5,WcD0C231711081615_04.ce,80,0.18625606632588665,"{1, 4, 5, 6, 7, 8, 9, 10, 11, 12, 13, 14, 15, 16, 17, 18, 19, 20, 21, 22, 23, 24, 27, 28, 29, 30, 31, 32, 41, 42, 47, 48, 55, 57, 58, 61, 62, 66, 69, 71, 72, 73, 75, 76, 78, 79, 80, 87, 88, 91, 92, 93, 100, 107, 108, 109, 110, 112, 115, 116, 117, 118, 119, 129, 130, 131, 132, 133, 134, 154, 155, 156, 157, 158, 172, 173, 174, 175, 176, 187}" 
ref_4.5,C4.5,WcD0C231711081630_04.ce,89,0.23331407911555677,"{5, 8, 15, 16, 17, 21, 25, 27, 28, 29, 30, 31, 32, 33, 34, 36, 37, 54, 59, 60, 61, 62, 72, 73, 75, 77, 78, 81, 83, 84, 85, 86, 88, 89, 90, 93, 94, 95, 96, 99, 100, 101, 102, 104, 105, 106, 107, 108, 110, 113, 116, 117, 118, 119, 120, 123, 124, 125, 126, 127, 128, 130, 131, 132, 135, 136, 137, 138, 139, 140, 146, 150, 151, 152, 154, 161, 169, 170, 171, 172, 177, 182, 183, 186, 187, 188, 189, 190, 191}" 
ref_4.5,C4.5,WcD0C231711081645_04.ce,39,0.18733705263006917,"{5, 6, 14, 15, 16, 17, 18, 19, 20, 21, 22, 24, 25, 26, 27, 28, 29, 32, 33, 34, 52, 62, 75, 97, 128, 132, 135, 137, 147, 164, 174, 186, 187, 188, 189, 190, 191, 192, 193}" 
ref_4.5,C4.4,WcD0D211711081700_02.ce,69,0.21334442327159325,"{1, 2, 3, 4, 5, 9, 10, 11, 12, 13, 23, 24, 33, 35, 36, 38, 39, 48, 49, 59, 60, 61, 62, 63, 65, 66, 67, 68, 77, 78, 79, 83, 86, 87, 88, 89, 90, 91, 92, 117, 118, 119, 120, 124, 129, 132, 138, 139, 140, 141, 142, 143, 161, 162, 163, 169, 170, 171, 173, 177, 178, 179, 183, 184, 185, 189, 190, 191, 192}" 
ref_4.5,C4.4,WcD0D211711081715_02.ce,53,0.2047345352418356,"{4, 5, 6, 7, 8, 9, 10, 19, 20, 33, 35, 44, 47, 48, 49, 50, 51, 54, 55, 63, 65, 66, 70, 71, 76, 78, 85, 87, 93, 94, 95, 96, 97, 108, 109, 110, 111, 112, 132, 133, 134, 135, 136, 150, 151, 152, 153, 154, 174, 177, 180, 188, 189}" 
ref_4.5,C4.4,WcD0D211711081730_02.ce,58,0.22629755593153913,"{4, 5, 9, 10, 15, 16, 17, 18, 19, 21, 22, 23, 28, 29, 30, 32, 33, 35, 40, 41, 43, 45, 46, 48, 56, 62, 79, 80, 81, 82, 88, 92, 99, 111, 113, 127, 140, 144, 145, 146, 147, 148, 149, 159, 160, 161, 170, 172, 177, 178, 179, 180, 181, 186, 187, 190, 191, 192}" 
ref_4.5,C4.4,WcD0D211711081745_02.ce,40,0.1946078405314042,"{1, 2, 3, 4, 5, 6, 7, 15, 23, 24, 25, 26, 27, 28, 29, 30, 31, 32, 33, 34, 35, 36, 37, 38, 40, 41, 42, 43, 59, 60, 109, 134, 136, 140, 145, 155, 172, 182, 183, 184}" 
ref_4.5,C4.5,WcD0C231711081700_04.ce,71,0.1965491619578268,"{1, 2, 3, 4, 5, 9, 10, 11, 12, 13, 14, 23, 24, 29, 33, 35, 36, 38, 39, 45, 48, 49, 59, 60, 61, 62, 63, 65, 66, 67, 68, 77, 78, 79, 87, 88, 89, 90, 91, 92, 117, 118, 119, 120, 125, 130, 132, 133, 139, 140, 141, 142, 143, 161, 162, 163, 168, 170, 171, 174, 177, 178, 179, 183, 184, 185, 189, 190, 191, 192, 193}" 
ref_4.5,C4.5,WcD0C231711081715_04.ce,59,0.19033162491345104,"{4, 5, 6, 7, 8, 9, 10, 19, 20, 21, 26, 35, 36, 37, 40, 44, 47, 49, 50, 51, 55, 56, 63, 65, 66, 68, 69, 70, 71, 76, 85, 88, 89, 90, 93, 95, 96, 97, 109, 110, 111, 112, 113, 133, 134, 135, 136, 150, 151, 152, 153, 154, 165, 166, 177, 180, 188, 189, 190}" 
ref_4.5,C4.5,WcD0C231711081730_04.ce,62,0.214921154769138,"{4, 5, 9, 10, 15, 16, 17, 18, 19, 22, 23, 27, 28, 29, 30, 33, 35, 40, 41, 43, 45, 46, 49, 54, 55, 56, 57, 62, 63, 64, 67, 79, 80, 81, 82, 88, 92, 94, 112, 113, 140, 144, 146, 147, 148, 149, 159, 160, 161, 163, 170, 171, 172, 178, 179, 180, 181, 186, 190, 191, 192, 193}" 
ref_4.5,C4.5,WcD0C231711081745_04.ce,41,0.17469865612591265,"{1, 2, 3, 4, 5, 6, 13, 14, 15, 23, 24, 25, 26, 27, 28, 29, 30, 31, 32, 33, 34, 35, 36, 37, 40, 41, 42, 58, 59, 70, 102, 108, 110, 136, 139, 140, 156, 171, 172, 182, 183}" 
ref_4.5,C4.4,WcD0D211711081800_02.ce,78,0.19846339888900197,"{1, 2, 3, 4, 5, 9, 10, 11, 12, 13, 23, 24, 29, 33, 34, 35, 37, 38, 43, 46, 47, 48, 57, 58, 59, 60, 61, 63, 64, 65, 66, 67, 75, 76, 77, 78, 82, 85, 86, 87, 88, 89, 90, 91, 116, 117, 118, 119, 120, 138, 139, 140, 141, 142, 145, 146, 147, 148, 149, 150, 151, 162, 163, 164, 165, 169, 170, 171, 172, 175, 176, 177, 178, 179, 180, 183, 184, 185}" 
ref_4.5,C4.4,WcD0D211711081815_02.ce,22,0.17324823340538645,"{29, 30, 55, 63, 74, 76, 83, 85, 96, 97, 129, 130, 131, 132, 133, 137, 142, 144, 145, 146, 147, 150}" 
ref_4.5,C4.4,WcD0D211711081830_02.ce,10,0.150856470842828,"{39, 46, 49, 50, 51, 95, 104, 117, 150, 194}" 
ref_4.5,C4.4,WcD0D211711081845_02.ce,21,0.1490952918243875,"{7, 8, 19, 20, 35, 44, 45, 49, 63, 80, 92, 104, 122, 124, 132, 151, 170, 171, 172, 173, 175}" 
ref_4.5,C4.5,WcD0C231711081800_04.ce,78,0.21042017717361938,"{1, 2, 3, 4, 5, 9, 10, 11, 12, 13, 23, 24, 27, 29, 34, 35, 37, 38, 43, 46, 47, 48, 50, 58, 59, 60, 61, 62, 64, 65, 66, 67, 76, 77, 78, 82, 85, 86, 87, 88, 89, 90, 91, 116, 117, 118, 119, 120, 138, 139, 140, 141, 142, 145, 146, 147, 148, 149, 150, 155, 158, 161, 163, 164, 165, 170, 171, 172, 175, 176, 177, 178, 179, 180, 181, 183, 184, 185}" 
ref_4.5,C4.5,WcD0C231711081815_04.ce,19,0.16705596954464505,"{29, 30, 55, 63, 74, 76, 97, 129, 130, 131, 132, 133, 137, 138, 142, 144, 145, 146, 150}" 
ref_4.5,C4.5,WcD0C231711081830_04.ce,9,0.15884253262859369,"{149, 45, 46, 49, 50, 193, 97, 104, 117}" 
ref_4.5,C4.5,WcD0C231711081845_04.ce,25,0.15316281572314716,"{7, 8, 19, 20, 36, 44, 45, 49, 53, 63, 80, 92, 104, 117, 124, 125, 128, 132, 151, 170, 171, 172, 173, 174, 175}" 
ref_4.5,C4.4,WcD0D211711081900_02.ce,80,0.20160086602850216,"{1, 2, 3, 4, 5, 10, 11, 12, 13, 14, 15, 16, 20, 22, 24, 25, 26, 27, 29, 30, 31, 40, 41, 43, 45, 46, 52, 55, 56, 69, 70, 71, 72, 73, 74, 75, 76, 77, 78, 79, 101, 102, 103, 104, 105, 106, 115, 116, 117, 121, 125, 129, 130, 131, 132, 133, 134, 135, 136, 137, 138, 143, 149, 151, 152, 153, 154, 159, 160, 161, 162, 163, 182, 183, 184, 185, 186, 191, 192, 194}" 
ref_4.5,C4.4,WcD0D211711081915_02.ce,21,0.15778783488297696,"{1, 2, 162, 164, 166, 172, 179, 180, 181, 182, 183, 184, 84, 85, 86, 87, 88, 89, 90, 91, 92}" 
ref_4.5,C4.4,WcD0D211711081930_02.ce,20,0.14324814812216305,"{19, 47, 50, 51, 72, 81, 84, 85, 86, 87, 88, 89, 150, 161, 176, 186, 187, 190, 191, 192}" 
ref_4.5,C4.4,WcD0D211711081945_02.ce,22,0.16259723650536934,"{22, 23, 24, 25, 36, 37, 52, 81, 88, 89, 90, 91, 97, 98, 100, 101, 106, 111, 122, 123, 137, 138}" 
ref_4.5,C4.5,WcD0C231711081900_04.ce,85,0.2107942171138548,"{1, 2, 3, 4, 5, 10, 11, 12, 13, 14, 15, 16, 20, 25, 26, 27, 31, 40, 41, 43, 45, 46, 52, 55, 56, 57, 69, 70, 71, 72, 73, 75, 76, 77, 78, 79, 101, 102, 103, 104, 105, 106, 107, 115, 116, 117, 118, 121, 125, 128, 129, 130, 131, 132, 133, 135, 136, 137, 138, 139, 143, 144, 148, 149, 150, 151, 152, 153, 154, 157, 159, 160, 161, 162, 163, 182, 183, 184, 185, 186, 187, 191, 192, 193, 194}" 
ref_4.5,C4.5,WcD0C231711081915_04.ce,29,0.1631359276228106,"{1, 2, 3, 6, 34, 39, 85, 86, 87, 88, 89, 90, 91, 92, 112, 113, 130, 131, 162, 163, 164, 172, 173, 179, 180, 181, 182, 183, 184}" 
ref_4.5,C4.5,WcD0C231711081930_04.ce,16,0.16885011537282843,"{28, 51, 72, 84, 85, 86, 88, 89, 150, 177, 183, 186, 187, 190, 191, 192}" 
ref_4.5,C4.5,WcD0C231711081945_04.ce,23,0.17896769512327534,"{22, 23, 24, 36, 37, 40, 52, 55, 81, 89, 90, 91, 92, 98, 100, 101, 102, 106, 112, 122, 123, 137, 138}" 
ref_4.5,C4.4,WcD0D211711082000_02.ce,30,0.17955027388496653,"{1, 2, 3, 10, 15, 18, 19, 20, 23, 24, 35, 36, 42, 43, 44, 45, 56, 57, 58, 59, 61, 63, 64, 73, 80, 86, 87, 93, 147, 160}" 
ref_4.5,C4.4,WcD0D211711082015_02.ce,22,0.19632586348968523,"{3, 4, 5, 6, 9, 19, 27, 28, 29, 35, 43, 45, 46, 47, 48, 49, 50, 51, 52, 66, 102, 190}" 
ref_4.5,C4.4,WcD0D211711082030_02.ce,24,0.1930352303328475,"{24, 25, 26, 27, 28, 29, 30, 31, 32, 33, 34, 35, 36, 37, 43, 89, 138, 148, 156, 174, 175, 182, 190, 192}" 
ref_4.5,C4.4,WcD0D211711082045_02.ce,9,0.1802524258226449,"{2, 12, 47, 75, 95, 96, 125, 148, 169}" 
ref_4.5,C4.5,WcD0C231711082000_04.ce,29,0.1666829051216678,"{1, 2, 3, 4, 15, 16, 17, 18, 20, 24, 36, 43, 44, 45, 57, 59, 63, 64, 65, 73, 79, 86, 87, 93, 94, 147, 160, 161, 166}" 
ref_4.5,C4.5,WcD0C231711082015_04.ce,25,0.18285903925158026,"{3, 4, 5, 6, 9, 19, 27, 28, 30, 31, 35, 43, 44, 45, 46, 47, 48, 49, 50, 51, 52, 102, 108, 121, 151}" 
ref_4.5,C4.5,WcD0C231711082030_04.ce,25,0.18261656697429948,"{19, 21, 24, 25, 27, 28, 29, 30, 31, 32, 33, 34, 35, 36, 39, 42, 88, 131, 136, 137, 140, 173, 174, 186, 190}" 
ref_4.5,C4.5,WcD0C231711082045_04.ce,7,0.17555742804829946,"{2, 47, 96, 97, 139, 148, 169}" 
ref_4.5,C4.4,WcD0D211711082100_02.ce,37,0.20751398098096482,"{1, 2, 3, 4, 11, 12, 14, 16, 19, 30, 31, 32, 42, 50, 52, 55, 56, 68, 69, 79, 80, 94, 98, 112, 113, 114, 115, 119, 127, 128, 133, 157, 158, 159, 160, 185, 191}" 
ref_4.5,C4.4,WcD0D211711082115_02.ce,49,0.16685992033549996,"{6, 7, 8, 9, 10, 11, 12, 16, 22, 27, 28, 29, 48, 52, 53, 54, 55, 56, 57, 67, 68, 69, 79, 81, 82, 83, 88, 89, 90, 91, 92, 93, 94, 95, 96, 97, 98, 112, 113, 114, 121, 160, 161, 165, 182, 183, 192, 193, 194}" 
ref_4.5,C4.4,WcD0D211711082130_02.ce,19,0.160941383583337,"{18, 38, 39, 67, 68, 73, 74, 75, 79, 80, 84, 93, 118, 119, 124, 179, 180, 181, 182}" 
ref_4.5,C4.4,WcD0D211711082145_02.ce,26,0.18889331494114087,"{13, 14, 20, 21, 22, 35, 36, 37, 38, 39, 40, 41, 43, 44, 46, 47, 81, 96, 98, 99, 106, 141, 148, 150, 161, 174}" 
ref_4.5,C4.5,WcD0C231711082100_04.ce,31,0.21109916344231483,"{1, 2, 3, 4, 11, 12, 14, 21, 30, 31, 32, 41, 42, 50, 52, 55, 56, 68, 69, 79, 113, 114, 115, 120, 127, 128, 133, 157, 158, 159, 160}" 
ref_4.5,C4.5,WcD0C231711082115_04.ce,50,0.15525659744173098,"{4, 5, 6, 7, 8, 9, 10, 11, 12, 14, 15, 22, 27, 28, 29, 47, 51, 52, 53, 54, 55, 56, 66, 67, 68, 77, 81, 82, 83, 87, 88, 89, 90, 91, 92, 93, 94, 95, 96, 97, 111, 112, 113, 120, 159, 160, 181, 182, 192, 193}" 
ref_4.5,C4.5,WcD0C231711082130_04.ce,15,0.14977682730318184,"{17, 38, 39, 40, 68, 69, 74, 75, 80, 84, 119, 179, 180, 181, 182}" 
ref_4.5,C4.5,WcD0C231711082145_04.ce,23,0.17879054709310588,"{14, 20, 22, 35, 36, 37, 38, 39, 40, 41, 43, 44, 46, 47, 48, 81, 96, 98, 99, 142, 150, 174, 189}" 
ref_4.5,C4.4,WcD0D211711082200_02.ce,59,0.19598379083822087,"{1, 2, 3, 6, 15, 16, 17, 19, 20, 26, 27, 28, 29, 30, 47, 48, 56, 57, 58, 67, 68, 74, 81, 82, 83, 87, 88, 93, 94, 95, 96, 97, 98, 99, 100, 114, 115, 116, 122, 123, 132, 138, 139, 140, 141, 142, 143, 144, 145, 152, 153, 160, 180, 181, 182, 185, 186, 191, 192}" 
ref_4.5,C4.4,WcD0D211711082215_02.ce,74,0.21725795002541268,"{8, 11, 12, 14, 15, 16, 17, 21, 25, 26, 27, 32, 33, 34, 37, 38, 39, 40, 43, 44, 45, 49, 50, 51, 52, 53, 54, 55, 56, 57, 58, 59, 64, 75, 76, 77, 80, 81, 82, 96, 97, 112, 113, 118, 119, 120, 125, 126, 127, 128, 129, 130, 132, 133, 136, 142, 143, 144, 145, 146, 147, 148, 149, 151, 152, 153, 154, 155, 167, 170, 171, 182, 183, 184}" 
ref_4.5,C4.4,WcD0D211711082230_02.ce,36,0.18482070385830238,"{5, 16, 17, 22, 23, 31, 32, 51, 54, 55, 56, 73, 76, 92, 93, 94, 99, 103, 104, 105, 109, 111, 112, 126, 127, 147, 148, 157, 162, 165, 166, 172, 184, 185, 186, 187}" 
ref_4.5,C4.4,WcD0D211711082245_02.ce,19,0.14363277285611584,"{28, 65, 66, 67, 69, 98, 106, 107, 108, 109, 136, 137, 138, 139, 148, 149, 165, 184, 185}" 
ref_4.5,C4.5,WcD0C231711082200_04.ce,60,0.20276154610849115,"{1, 2, 3, 4, 15, 16, 17, 18, 19, 20, 23, 26, 27, 28, 29, 30, 46, 56, 57, 58, 68, 74, 75, 82, 83, 84, 87, 88, 93, 94, 95, 96, 97, 98, 99, 100, 115, 116, 122, 123, 132, 138, 139, 140, 141, 142, 143, 144, 145, 152, 153, 154, 160, 177, 180, 181, 185, 186, 191, 192}" 
ref_4.5,C4.5,WcD0C231711082215_04.ce,75,0.22295379928361841,"{6, 10, 12, 14, 15, 16, 17, 21, 22, 26, 27, 28, 32, 33, 34, 35, 37, 38, 39, 40, 43, 44, 45, 49, 50, 51, 52, 53, 54, 55, 56, 57, 58, 59, 64, 75, 76, 79, 81, 82, 83, 97, 112, 113, 114, 116, 119, 120, 121, 125, 126, 127, 128, 129, 130, 132, 133, 136, 142, 143, 144, 145, 146, 147, 148, 149, 151, 152, 153, 154, 171, 182, 183, 184, 185}" 
ref_4.5,C4.5,WcD0C231711082230_04.ce,37,0.19045332480601893,"{5, 17, 22, 25, 31, 32, 54, 55, 56, 76, 81, 92, 93, 94, 100, 103, 104, 105, 106, 109, 111, 112, 126, 127, 147, 148, 149, 157, 162, 165, 166, 172, 173, 184, 185, 186, 187}" 
ref_4.5,C4.5,WcD0C231711082245_04.ce,18,0.1521086878580494,"{29, 65, 67, 69, 98, 106, 107, 108, 109, 136, 137, 138, 139, 140, 148, 149, 150, 165}" 
ref_4.5,C4.4,WcD0D211711082300_02.ce,43,0.1864232580464818,"{1, 2, 3, 4, 10, 12, 23, 24, 27, 29, 30, 31, 32, 33, 34, 35, 36, 37, 38, 39, 40, 41, 43, 44, 51, 57, 58, 59, 85, 86, 87, 88, 89, 90, 138, 139, 140, 147, 150, 166, 167, 180, 193}" 
ref_4.5,C4.4,WcD0D211711082315_02.ce,9,0.12681305658372716,"{48, 49, 50, 51, 52, 64, 65, 79, 80}" 
ref_4.5,C4.4,WcD0D211711082330_02.ce,6,0.15860650698961679,"{26, 82, 92, 95, 121, 122}" 
ref_4.5,C4.4,WcD0D211711082345_02.ce,30,0.1792966355693424,"{15, 20, 21, 25, 37, 45, 90, 91, 97, 106, 107, 108, 109, 116, 124, 127, 128, 139, 140, 141, 144, 145, 152, 160, 161, 164, 169, 171, 187, 188}" 
ref_4.5,C4.5,WcD0C231711082300_04.ce,39,0.17665599220485934,"{1, 2, 3, 4, 10, 13, 23, 24, 27, 29, 30, 31, 32, 33, 34, 35, 36, 37, 38, 39, 40, 41, 43, 44, 51, 52, 58, 59, 61, 86, 87, 88, 89, 90, 139, 140, 167, 180, 194}" 
ref_4.5,C4.5,WcD0C231711082315_04.ce,9,0.10534762686601233,"{46, 48, 49, 51, 63, 64, 65, 66, 78}" 
ref_4.5,C4.5,WcD0C231711082330_04.ce,9,0.1434078280412099,"{26, 84, 92, 95, 120, 121, 135, 148, 192}" 
ref_4.5,C4.5,WcD0C231711082345_04.ce,30,0.16317815000269137,"{15, 17, 21, 22, 25, 45, 91, 106, 107, 108, 109, 116, 125, 127, 128, 129, 139, 140, 141, 144, 145, 152, 153, 161, 164, 166, 169, 171, 187, 188}" 
